MeStream.o,MeStreamOpen,25,11,true,false,false,false,false,false,1
MeStream.o,MeStreamOpenWithSearch,25,11,true,false,false,false,false,false,1
MeStream.o,MeStreamOpenAsMemBuffer,96,27,true,false,false,false,true,false,1
MeStream.o,MeStreamCreateFromMemBuffer,83,25,true,false,false,false,true,false,1
MeStream.o,MeStreamMemBufferFreeSlackSpace,86,20,true,false,false,false,true,false,1
MeStream.o,MeStreamMemBufferUseConservativeGrowth,36,9,true,false,false,false,false,false,0
MeStream.o,MeStreamClose,72,17,true,false,false,false,false,false,1
MeStream.o,MeStreamRead,252,38,true,false,false,false,true,false,1
MeStream.o,MeStreamReadLine,156,33,true,false,false,false,true,false,0
MeStream.o,MeStreamWrite,261,50,true,false,false,false,true,false,1
MeStream.o,MeStreamRewind,49,14,true,false,false,false,false,false,0
MeStream.o,MeStreamOpenPrefixed,626,110,true,false,false,false,true,false,1
IxBoxBox.o,__static_initialization_and_destruction_0,159,20,true,false,false,false,false,false,0
IxBoxBox.o,McdBoxBoxIntersect,1155,118,true,false,false,false,true,false,1
IxBoxBox.o,McdBoxBoxSafeTime,2598,220,true,false,false,false,true,false,0
IxBoxBox.o,McdBoxBoxRegisterInteraction,74,17,true,false,false,false,false,false,1
IxBoxBox.o,McdVanillaOverlapOBBs,2301,290,true,false,false,false,true,false,2
IxBoxBox.o,BoxBoxIntersect,382,51,true,false,false,false,true,false,0
IxBoxBox.o,McdVanillaBoxEdgeBoxIntersect,4356,354,true,false,false,false,true,false,0
IxBoxBox.o,McdVanillaSegmentCubeIntersect,496,75,true,false,false,false,true,false,0
IxBoxBox.o,_GLOBAL__I_McdBoxBoxIntersect,25,9,true,false,false,false,false,false,1
keaMemory.o,keaPushPoolFrame,30,11,true,false,false,false,false,true,2
keaMemory.o,keaPopPoolFrame,30,11,true,false,false,false,false,true,2
keaMemory.o,initPool,35,12,true,false,false,false,false,false,1
keaMemory.o,keaPoolAlloc,103,22,true,false,false,false,true,false,1
keaMemory.o,vanillaAllocateMemory,1255,197,true,false,false,false,true,true,3
keaMemory.o,allocateMemory,51,25,true,false,false,false,false,false,0
keaMemory.o,MdtKeaMemoryRequired,2226,470,true,false,false,false,true,false,0
keaMemory.o,MdtFlushCache,5,8,true,false,false,false,false,false,1
keaMemory.o,MdtSyncDCache,5,8,true,false,false,false,false,false,1
keaMemory.o,MdtInvalidDCache,5,8,true,false,false,false,false,false,1
keaIntegrate_pc.o,KeaIntegrateSystem_vanilla,1550,168,true,false,false,false,true,false,0
keaIntegrate_pc.o,MdtKeaIntegrateSystem,58,22,true,false,false,false,true,false,0
IxSphylPrimitives.o,AccumulateSphylContacts,612,73,true,false,false,false,false,false,0
IxSphylPrimitives.o,McdSphylPlaneIntersect,1037,116,true,false,false,false,true,false,0
IxSphylPrimitives.o,McdSphylPlaneRegisterInteraction,74,17,true,false,false,false,false,false,1
IxSphylPrimitives.o,McdSphylSphereIntersect,795,111,true,false,false,false,true,false,0
IxSphylPrimitives.o,McdSphylSphereRegisterInteraction,74,17,true,false,false,false,false,false,1
IxSphylPrimitives.o,McdSphylSphylIntersect,916,113,true,false,false,false,true,false,0
IxSphylPrimitives.o,McdSphylSphylRegisterInteraction,74,17,true,false,false,false,false,false,1
IxSphylPrimitives.o,McdSphylBoxIntersect,4359,477,true,false,false,false,true,false,3
IxSphylPrimitives.o,McdSphylBoxRegisterInteraction,74,17,true,false,false,false,false,false,1
IxSphylPrimitives.o,McdSphylCylinderIntersect,5627,500,true,false,false,false,true,false,0
IxSphylPrimitives.o,McdSphylCylinderRegisterInteraction,74,17,true,false,false,false,false,false,1
IxSphylPrimitives.o,McdSphylTriangleListIntersect,951,246,true,false,false,false,true,true,1
IxSphylPrimitives.o,McdSphylTriangleListRegisterInteraction,74,17,true,false,false,false,false,false,1
IxSphylPrimitives.o,LineSphere,387,57,true,false,false,false,true,false,0
IxSphylPrimitives.o,IxSphylLineSegment,1698,168,true,false,false,false,true,false,0
IxSphylPrimitives.o,McdSphylLineSegmentRegisterInteraction,29,9,true,false,false,false,false,false,1
IxSphylPrimitives.o,MeVector3Normalize,120,32,true,false,false,false,true,false,0
IxSphylPrimitives.o,GenerateTriangleContact,4857,368,true,false,false,false,true,false,1
McdContact.o,Degenerate,166,24,true,false,false,false,true,false,0
McdContact.o,initList,228,47,true,false,false,false,true,false,0
McdContact.o,newElt,35,15,true,false,false,false,true,false,0
McdContact.o,insAfter,29,14,true,false,false,false,false,false,0
McdContact.o,rmvElt,50,15,true,false,false,false,false,false,0
McdContact.o,UpdateHull,919,134,true,false,false,false,true,false,1
McdContact.o,McdContactSimplify,2597,514,true,false,false,false,true,true,1
MeVersion.o,MeToolkitVersionString,10,8,true,false,false,false,false,false,1
keaLCP_new.o,checkForCycles,529,125,true,false,false,false,true,false,0
keaLCP_new.o,solveLCP,845,256,true,false,false,false,true,true,0
McdBatch.o,McdBatchFlattenAggregate,978,166,true,false,false,false,true,false,1
McdBatch.o,McdBatchFlatten,1330,226,true,false,false,false,true,true,0
McdBatch.o,McdBatchIntersectBucket,622,92,true,false,false,false,true,false,0
McdBatch.o,McdBatchUnflattenAggregate,475,97,true,false,false,false,true,false,1
McdBatch.o,McdBatchUnflatten,546,109,true,false,false,false,true,false,1
McdBatch.o,McdBatchContextCreate,385,65,true,false,false,false,true,true,1
McdBatch.o,McdBatchContextReset,14,7,true,false,false,false,false,false,0
McdBatch.o,McdBatchContextDestroy,198,32,true,false,false,false,true,true,1
McdBatch.o,McdBatchIntersectEach,305,84,true,false,false,false,true,false,0
McdBatch.o,MeVector3Normalize,120,32,true,false,false,false,true,false,0
McdBatch.o,McdBatchTest,106,35,true,false,false,false,true,false,0
MeHeap.o,MeHeapPop,196,55,true,false,false,false,true,false,0
MeHeap.o,MeHeapInit,46,13,true,false,false,false,false,false,0
MeHeap.o,MeHeapPush,103,32,true,false,false,false,true,false,0
MeHeap.o,MeHeapCreate,81,22,true,false,false,false,true,false,1
MeHeap.o,MeHeapDestroy,38,10,true,false,false,false,false,false,1
MeHeap.o,MeHeapDefaultCompare,17,6,true,false,false,false,false,false,0
IxBoxSphere.o,McdBoxSphereIntersect,869,86,true,false,false,false,true,false,1
IxBoxSphere.o,McdBoxSphereSafeTime,223,50,true,false,false,false,true,false,0
IxBoxSphere.o,McdBoxSphereRegisterInteraction,74,17,true,false,false,false,false,false,1
IxBoxSphere.o,McdVanillaOverlapOBBSphere,940,153,true,false,false,false,true,false,0
McdConvexMesh.o,McdConvexMeshGetTypeId,10,8,true,false,false,false,false,false,1
McdConvexMesh.o,McdConvexMeshRegisterType,59,12,true,false,false,false,false,false,1
McdConvexMesh.o,MeBoundingSphereCalc2,1386,184,true,false,false,false,true,false,0
McdConvexMesh.o,McdConvexMeshCreate,123,27,true,false,false,false,true,false,1
McdConvexMesh.o,McdConvexMeshCreateHull,162,36,true,false,false,false,true,false,2
McdConvexMesh.o,McdConvexMeshSetPolyhedron,23,9,true,false,false,false,false,false,1
McdConvexMesh.o,McdConvexMeshDestroy,36,9,true,false,false,false,true,false,0
McdConvexMesh.o,McdConvexMeshUpdateAABB,1167,142,true,false,false,false,true,false,1
McdConvexMesh.o,McdConvexMeshGetBSphere,41,11,true,false,false,false,true,false,0
McdConvexMesh.o,McdConvexMeshMaximumPoint,32,9,true,false,false,false,false,false,1
McdConvexMesh.o,McdConvexMeshGetXYAABB,5,8,true,false,false,false,false,false,1
McdConvexMesh.o,McdConvexMeshMeshGetTypeId,10,8,true,false,false,false,false,false,1
McdConvexMesh.o,McdConvexMeshGetPolygonVertexCount,18,12,true,false,false,false,true,false,1
McdConvexMesh.o,McdConvexMeshGetPolyhedron,11,8,true,false,false,false,false,false,1
McdConvexMesh.o,McdConvexMeshGetPolygonVertex,55,13,true,false,false,false,true,false,0
McdConvexMesh.o,McdConvexMeshGetPolygonVertexPtr,18,10,true,false,false,false,true,false,0
McdConvexMesh.o,McdConvexMeshGetFatness,11,7,true,false,false,false,true,false,0
McdConvexMesh.o,McdConvexMeshGetPolygonNormal,36,13,true,false,false,false,true,false,0
McdConvexMesh.o,McdConvexMeshGetPolygonCount,11,7,true,false,false,false,true,false,0
McdConvexMesh.o,McdConvexMeshDebugDraw,5,8,true,false,false,false,false,false,1
IxCylinderSphere.o,OverlapCylSphere,804,107,true,false,false,false,true,false,0
IxCylinderSphere.o,McdCylinderSphereIntersect,908,89,true,false,false,false,true,false,1
IxCylinderSphere.o,McdCylinderSphereSafeTime,294,58,true,false,false,false,true,false,0
IxCylinderSphere.o,McdCylinderSphereRegisterInteraction,74,17,true,false,false,false,false,false,1
keaCalcAcceleration_vanilla.o,calculateAcceleration,201,44,true,false,false,false,true,false,0
ReadWriteKeaInputToFile.o,writeIntArrayToFile,354,56,true,false,false,false,true,true,0
ReadWriteKeaInputToFile.o,writeMdtKeaBodyIndexPairArrayToFile,379,62,true,false,false,false,true,true,0
ReadWriteKeaInputToFile.o,writeFloatArrayToFile,354,56,true,false,false,false,true,true,0
ReadWriteKeaInputToFile.o,writeFloatVec4ToFile,176,21,true,false,false,false,true,false,0
ReadWriteKeaInputToFile.o,writeFloatToFile,85,14,true,false,false,false,true,false,0
ReadWriteKeaInputToFile.o,writeIntToFile,85,14,true,false,false,false,true,false,0
ReadWriteKeaInputToFile.o,readIntArrayFromFile,443,65,true,false,false,false,false,true,1
ReadWriteKeaInputToFile.o,readMdtKeaBodyIndexPairArrayFromFile,462,64,true,false,false,false,false,false,0
ReadWriteKeaInputToFile.o,readFloatArrayFromFile,443,64,true,false,false,false,false,true,1
ReadWriteKeaInputToFile.o,readFloatVec4FromFile,185,18,true,false,false,false,true,false,0
ReadWriteKeaInputToFile.o,readFloatFromFile,75,11,true,false,false,false,false,false,0
ReadWriteKeaInputToFile.o,readIntFromFile,75,11,true,false,false,false,false,false,0
ReadWriteKeaInputToFile.o,writeKeaInputToFile,10936,881,true,false,false,false,true,true,2
ReadWriteKeaInputToFile.o,readKeaInputFromFile,10923,871,true,false,false,false,true,true,1
ReadWriteKeaInputToFile.o,writeLambdaToFile,402,67,true,false,false,false,true,true,2
ReadWriteKeaInputToFile.o,keaCloseDebugDataFile,5,8,true,false,false,false,false,false,0
ReadWriteKeaInputToFile.o,checkPrintDebugInput,106,38,true,false,false,false,false,false,1
MeFModel.o,MeFModelRename,117,21,true,false,false,false,true,false,0
MeFModel.o,MeFModelCreate,146,34,true,false,false,false,true,false,1
MeFModel.o,MeFModelCreateCopy,179,39,true,false,false,false,true,false,1
MeFModel.o,MeFModelCopy,168,33,true,false,false,false,false,false,0
MeFModel.o,MeFModelDestroy,61,13,true,false,false,false,false,false,1
MeFModel.o,MeFModelGetName,10,6,true,false,false,false,false,false,0
MeFModel.o,MeFModelGetType,11,6,true,false,false,false,false,false,0
MeFModel.o,MeFModelGetGeometryName,11,6,true,false,false,false,false,false,0
MeFModel.o,MeFModelGetGeometry,45,13,true,false,false,false,true,false,0
MeFModel.o,MeFModelGetMassOffset,31,9,true,false,false,false,false,false,0
MeFModel.o,MeFModelGetMass,11,6,true,false,false,false,false,false,0
MeFModel.o,MeFModelGetDensity,11,6,true,false,false,false,false,false,0
MeFModel.o,MeFModelGetInertiaTensor,117,29,true,false,false,false,false,false,0
MeFModel.o,MeFModelGetLinearVelocityDamping,11,6,true,false,false,false,false,false,0
MeFModel.o,MeFModelGetAngularVelocityDamping,11,6,true,false,false,false,false,false,0
MeFModel.o,MeFModelGetFastSpinAxis,31,9,true,false,false,false,false,false,0
MeFModel.o,MeFModelIsFastSpinAxisEnabled,11,6,true,false,false,false,false,false,0
MeFModel.o,MeFModelSetType,14,7,true,false,false,false,false,false,0
MeFModel.o,MeFModelSetGeometry,32,10,true,false,false,false,false,false,0
MeFModel.o,MeFModelSetGeometryByName,18,9,true,false,false,false,false,false,1
MeFModel.o,MeFModelSetMassOffset,33,9,true,false,false,false,false,false,0
MeFModel.o,MeFModelSetMass,14,7,true,false,false,false,false,false,0
MeFModel.o,MeFModelSetDensity,14,7,true,false,false,false,false,false,0
MeFModel.o,MeFModelSetInertiaTensor,46,12,true,false,false,false,false,false,0
MeFModel.o,MeFModelSetLinearVelocityDamping,14,7,true,false,false,false,false,false,0
MeFModel.o,MeFModelSetAngularVelocityDamping,14,7,true,false,false,false,false,false,0
MeFModel.o,MeFModelSetFastSpinAxis,26,9,true,false,false,false,false,false,0
MeFModel.o,MeFModelEnableFastSpinAxis,14,7,true,false,false,false,false,false,0
MeFModel.o,MeFModelScale,259,30,true,false,false,false,true,false,0
MeMath.o,MeQuaternionFromTM,359,48,true,false,false,false,true,false,0
MeMath.o,MeQuaternionSlerp,319,54,true,false,false,false,true,false,0
MeMath.o,MeMatrix3SymmetricInvert,379,52,true,false,false,false,true,false,0
MeMath.o,MeMatrix3LUDecompose,1136,156,true,false,false,false,true,false,0
MeMath.o,MeMatrix3Invert,728,83,true,false,false,false,true,false,0
MeMath.o,MeMatrix4TMUpdateFromVelocities,613,87,true,false,false,false,true,true,0
MeMath.o,MeMatrix4TMUpdateFromVelocitiesAndAcceler,821,107,true,false,false,false,true,true,0
MeMath.o,MeVector3AreaOfTriangle,121,25,true,false,false,false,true,false,0
MeMath.o,MeVector3Swap,55,20,true,false,false,false,false,false,0
MeMath.o,MeQuaternionFiniteRotation,288,65,true,false,false,false,true,false,0
MeMath.o,MeQuaternionForRotation,400,54,true,false,false,false,true,false,0
MeMath.o,MeMatrixFPrint,583,94,true,false,false,false,true,false,1
MeMath.o,MeMatrixPrint,619,97,true,false,false,false,true,false,2
MeMath.o,MeMatrix3IsIdentity,221,44,true,false,false,false,true,false,0
MeMath.o,MeMatrix3SwapColumns,64,23,true,false,false,false,true,false,0
MeMath.o,MeMatrix3MakeRotationX,80,24,true,false,false,false,true,false,0
MeMath.o,MeMatrix3MakeRotationY,80,24,true,false,false,false,true,false,0
MeMath.o,MeMatrix3Trace,16,6,true,false,false,false,false,false,0
MeMath.o,MeMatrix3MakeRotationZ,80,24,true,false,false,false,true,false,0
MeMath.o,MeMatrix3IsValidOrientationMatrix,728,48,true,false,false,false,true,false,0
MeMath.o,MeMatrix3FromEulerAngles,183,41,true,false,false,false,true,false,0
MeMath.o,MeMatrix4TMFromEulerAnglesAndPosition,229,49,true,false,false,false,true,false,0
MeMath.o,MeMatrix4IsIdentity,287,52,true,false,false,false,true,false,0
MeMath.o,MeMatrix4IsTM,242,42,true,false,false,false,true,false,0
MeMath.o,MeMatrix4TMOrthoNormalize,168,21,true,false,false,false,true,false,0
MeMath.o,MeMatrix4TMInvert,151,43,true,false,false,false,true,false,0
MeMath.o,MeMatrix4TMCompound,391,55,true,false,false,false,false,false,0
MeMath.o,MeVector3Normalize,120,32,true,false,false,false,true,false,0
McdModelPairContainer.o,McdModelPairContainerCreate,77,22,true,false,false,false,true,false,1
McdModelPairContainer.o,McdModelPairContainerInit,42,13,true,false,false,false,false,false,0
McdModelPairContainer.o,McdModelPairContainerReset,34,14,true,false,false,false,false,false,0
McdModelPairContainer.o,McdModelPairContainerDestroy,38,10,true,false,false,false,false,false,1
McdModelPairContainer.o,McdModelPairContainerGetGoodbyeCount,11,6,true,false,false,false,false,false,0
McdModelPairContainer.o,McdModelPairContainerGetHelloCount,16,6,true,false,false,false,false,false,0
McdModelPairContainer.o,McdModelPairContainerGetStayingCount,16,6,true,false,false,false,false,false,0
McdModelPairContainer.o,McdModelPairContainerInsertHelloPair,39,15,true,false,false,false,false,false,0
McdModelPairContainer.o,McdModelPairContainerInsertGoodbyePair,42,15,true,false,false,false,false,false,0
McdModelPairContainer.o,McdModelPairContainerInsertStayingPair,59,19,true,false,false,false,false,false,0
McdModelPairContainer.o,McdModelPairContainerRemovePair,113,32,true,false,false,false,true,false,0
McdModelPairContainer.o,McdModelPairContainerGetGoodbyeArray,18,7,true,false,false,false,false,false,0
McdModelPairContainer.o,McdModelPairContainerGetHelloArray,29,7,true,false,false,false,false,false,0
McdModelPairContainer.o,McdModelPairContainerGetStayingArray,29,7,true,false,false,false,false,false,0
McdModelPairContainer.o,McdModelPairContainerIteratorInit,19,9,true,false,false,false,false,false,0
MeSimpleFile_linux.o,MeOpenRaw,87,37,true,false,false,false,true,true,0
MeSimpleFile_linux.o,MeLseek,89,23,true,false,false,false,true,true,0
MeSimpleFile_linux.o,MeRead,9,9,true,false,false,false,false,false,0
MeSimpleFile_linux.o,MeWrite,9,9,true,false,false,false,false,false,0
MeSimpleFile_linux.o,MeClose,9,11,true,false,false,false,false,false,1
keaCalcJinvMandRHS_vanilla.o,calcJinvMandRHS,402,88,true,false,false,false,true,false,0
keaCalcJinvMandRHS_vanilla.o,Multiply46BlockByMBlock,282,59,true,false,false,false,true,false,0
keaCalcJinvMandRHS_vanilla.o,Multiply46BlockBy61Vector,336,69,true,false,false,false,true,false,0
McdPlaneIntersect.o,McdBoxGetSlice,1040,147,true,false,false,false,true,false,1
McdPlaneIntersect.o,McdConvexMeshPlaneCut,1132,132,true,false,false,false,true,false,0
McdPlaneIntersect.o,McdConvexMeshGetSlice,259,36,true,false,false,false,true,false,0
McdPlaneIntersect.o,McdCylinderGetSlice,2797,296,true,false,false,false,true,false,0
McdPlaneIntersect.o,McdGeometryInstanceGetSlice,267,56,true,false,false,false,true,false,0
McdPlaneIntersect.o,McdPlaneIntersectTest,710,100,true,false,false,false,true,false,0
McdPlaneIntersect.o,McdPlaneIntersect,75,25,true,false,false,false,true,false,0
McdPlaneIntersect.o,MeVector3Normalize,120,32,true,false,false,false,true,false,0
McdGjkMaximumPoint.o,McdGjkFatness,44,27,true,false,false,false,true,false,0
McdGjkMaximumPoint.o,McdBoxMaximumPointNew,321,39,true,false,false,false,true,false,0
McdGjkMaximumPoint.o,McdConvexMeshMaximumPointLocal,528,90,true,false,false,false,true,false,0
McdGjkMaximumPoint.o,McdConvexMeshMaximumPointNew,257,35,true,false,false,false,true,false,0
McdGjkMaximumPoint.o,McdGjkMaximumPoint,754,112,true,false,false,false,true,false,0
IxSpherePlane.o,McdSpherePlaneIntersect,417,67,true,false,false,false,true,false,0
IxSpherePlane.o,McdSpherePlaneSafeTime,418,72,true,false,false,false,true,false,1
IxSpherePlane.o,McdSpherePlaneRegisterInteraction,74,17,true,false,false,false,false,false,1
MeSimpleFile.o,MeLoadWholeFileHandle,130,25,true,false,false,false,true,false,1
MeSimpleFile.o,MeSaveWholeFileHandle,55,8,true,false,false,false,false,false,0
MdtMainLoop.o,MdtAutoDisableLastPartition,355,70,true,false,false,false,true,false,0
MdtMainLoop.o,MdtUpdateBodyForces,515,70,true,false,false,false,true,false,0
MdtMainLoop.o,MdtPackAllPartitions,1892,275,true,false,false,false,true,false,0
MdtMainLoop.o,MdtPackPartition,1860,297,true,false,false,false,true,false,0
MdtMainLoop.o,MdtUnpackForces,808,126,true,false,false,false,true,true,1
MdtMainLoop.o,MdtKeaConstraintsCreateFromChunk,696,131,true,false,false,false,true,false,0
MdtMainLoop.o,MdtDefaultSimErrorCallBack,774,100,true,false,false,false,true,false,0
MdtMainLoop.o,MdtUnpackBodies,89,24,true,false,false,false,true,false,0
MdtMainLoop.o,MdtPartitionGetSafeTime,282,62,true,false,false,false,true,false,0
MdtBody.o,MdtBodyReset,786,146,true,false,false,false,true,false,0
MdtBody.o,MdtBodyDisable,132,19,true,false,false,false,false,false,0
MdtBody.o,MdtBodyIsEnabled,17,6,true,false,false,false,false,false,0
MdtBody.o,MdtBodyCreate,225,34,true,false,false,false,true,false,1
MdtBody.o,MdtBodyDestroy,204,38,true,false,false,false,true,false,2
MdtBody.o,MdtBodyCopy,244,37,true,false,false,false,true,false,1
MdtBody.o,MdtBodyGetWorld,14,6,true,false,false,false,false,false,0
MdtBody.o,MdtBodyGetPartition,14,6,true,false,false,false,false,false,0
MdtBody.o,MdtBodyGetTransformPtr,13,8,true,false,false,false,false,false,1
MdtBody.o,MdtBodyGetTransform,115,22,true,false,false,false,false,false,0
MdtBody.o,MdtBodyGetUserData,14,6,true,false,false,false,false,false,0
MdtBody.o,MdtBodyGetMass,14,6,true,false,false,false,false,false,0
MdtBody.o,MdtBodyGetInertiaTensor,73,16,true,false,false,false,true,false,0
MdtBody.o,MdtBodyGetPosition,37,9,true,false,false,false,false,false,0
MdtBody.o,MdtBodyGetQuaternion,43,10,true,false,false,false,false,false,0
MdtBody.o,MdtBodyGetOrientation,73,15,true,false,false,false,false,false,0
MdtBody.o,MdtBodyGetLinearVelocity,37,9,true,false,false,false,false,false,0
MdtBody.o,MdtBodyGetLinearVelocityPtr,13,8,true,false,false,false,false,false,1
MdtBody.o,MdtBodyGetAngularVelocity,37,9,true,false,false,false,false,false,0
MdtBody.o,MdtBodyGetAngularVelocityPtr,13,8,true,false,false,false,false,false,1
MdtBody.o,MdtBodyGetVelocityAtPoint,144,26,true,false,false,false,false,false,0
MdtBody.o,MdtBodyGetLinearAcceleration,37,9,true,false,false,false,false,false,0
MdtBody.o,MdtBodyGetAngularAcceleration,37,9,true,false,false,false,false,false,0
MdtBody.o,MdtBodyGetFastSpinAxis,37,9,true,false,false,false,false,false,0
MdtBody.o,MdtBodyGetLinearVelocityDamping,14,6,true,false,false,false,false,false,0
MdtBody.o,MdtBodyGetAngularVelocityDamping,14,6,true,false,false,false,false,false,0
MdtBody.o,MdtBodyGetForce,31,9,true,false,false,false,false,false,0
MdtBody.o,MdtBodyGetTorque,31,9,true,false,false,false,false,false,0
MdtBody.o,MdtBodyGetKineticEnergy,192,26,true,false,false,false,true,false,0
MdtBody.o,MdtBodyGetFirst,33,17,true,false,false,false,true,false,1
MdtBody.o,MdtBodyGetNext,46,15,true,false,false,false,true,false,0
MdtBody.o,MdtBodyGetEnabledTime,14,6,true,false,false,false,false,false,0
MdtBody.o,MdtBodyGetCenterOfMassRelativeTransform,176,27,true,false,false,false,false,false,0
MdtBody.o,MdtBodyGetCenterOfMassRelativePosition,37,9,true,false,false,false,false,false,0
MdtBody.o,MdtBodyGetCenterOfMassPosition,132,12,true,false,false,false,false,false,0
MdtBody.o,MdtBodyGetCenterOfMassTransformPtr,13,8,true,false,false,false,false,false,1
MdtBody.o,MdtBodyGetSafeTime,14,6,true,false,false,false,false,false,0
MdtBody.o,MdtBodyGetSortKey,14,6,true,false,false,false,false,false,0
MdtBody.o,MdtBodySetUserData,17,7,true,false,false,false,false,false,0
MdtBody.o,MdtBodySetTransform,36,16,true,false,false,false,false,false,0
MdtBody.o,MdtBodySetPosition,42,10,true,false,false,false,false,false,0
MdtBody.o,MdtBodySetOrientation,82,16,true,false,false,false,false,false,0
MdtBody.o,MdtBodySetQuaternion,404,59,true,false,false,false,true,false,0
MdtBody.o,MdtBodySetLinearVelocity,35,9,true,false,false,false,false,false,0
MdtBody.o,MdtBodySetAngularVelocity,35,9,true,false,false,false,false,false,0
MdtBody.o,MdtBodySetLinearVelocityDamping,17,7,true,false,false,false,false,false,0
MdtBody.o,MdtBodySetAngularVelocityDamping,17,7,true,false,false,false,false,false,0
MdtBody.o,MdtBodySetFastSpinAxis,63,11,true,false,false,false,false,false,0
MdtBody.o,MdtBodySetNoFastSpinAxis,17,7,true,false,false,false,false,false,0
MdtBody.o,MdtBodySetMass,26,8,true,false,false,false,false,false,0
MdtBody.o,MdtBodySetInertiaTensor,599,83,true,false,false,false,true,false,0
MdtBody.o,MdtBodySetSphericalInertiaTensor,350,45,true,false,false,false,true,false,0
MdtBody.o,MdtBodySetCenterOfMassRelativePosition,119,20,true,false,false,false,false,false,0
MdtBody.o,MdtBodySetCenterOfMassPosition,251,32,true,false,false,false,false,false,0
MdtBody.o,MdtBodySetCenterOfMassRelativeTransform,130,20,true,false,false,false,false,false,0
MdtBody.o,MdtBodySetSafeTime,17,7,true,false,false,false,false,false,0
MdtBody.o,MdtBodySetSortKey,145,15,true,false,false,false,false,false,0
MdtBody.o,MdtBodyEnable,149,22,true,false,false,false,false,false,0
MdtBody.o,MdtBodyResetForces,64,14,true,false,false,false,false,false,0
MdtBody.o,MdtBodyResetImpulses,88,14,true,false,false,false,false,false,0
MdtBody.o,MdtBodyForAllConstraints,73,21,true,false,false,false,true,false,1
MdtBody.o,MdtBodyDisableConstraints,69,16,true,false,false,false,true,false,1
MdtBody.o,MdtBodyDestroyConstraints,79,22,true,false,false,false,true,false,1
MdtBody.o,MdtBodyDisableContacts,88,19,true,false,false,false,true,false,1
MdtBody.o,MdtBodyDestroyContacts,99,24,true,false,false,false,true,false,1
MdtBody.o,MdtBodyAddForce,43,14,true,false,false,false,false,false,0
MdtBody.o,MdtBodyAddForceAtPosition,304,26,true,false,false,false,false,false,0
MdtBody.o,MdtBodyAddTorque,43,14,true,false,false,false,false,false,0
MdtBody.o,MdtBodyAddImpulse,71,17,true,false,false,false,false,false,0
MdtBody.o,MdtBodyAddImpulseAtPosition,350,27,true,false,false,false,false,false,0
MdtBody.o,MdtBodyIsMovingTest,237,50,true,false,false,false,true,false,0
MdtBody.o,MdtBodyEnableNonSphericalInertia,17,7,true,false,false,false,false,false,0
MdtBody.o,MdtBodyDisableNonSphericalInertia,17,7,true,false,false,false,false,false,0
MdtBody.o,MdtBodyNonSphericalInertiaIsEnabled,17,6,true,false,false,false,false,false,0
MdtBody.o,MdtBodyEnableCoriolisForce,17,7,true,false,false,false,false,false,0
MdtBody.o,MdtBodyDisableCoriolisForce,17,7,true,false,false,false,false,false,0
MdtBody.o,MdtBodyCoriolisForceIsEnabled,17,6,true,false,false,false,false,false,0
MdtBody.o,MeVector3Normalize,120,32,true,false,false,false,true,false,0
McdBox.o,McdBoxGetTypeId,10,8,true,false,false,false,false,false,1
McdBox.o,McdBoxRegisterType,59,11,true,false,false,false,false,false,1
McdBox.o,McdBoxCreate,110,33,true,false,false,false,true,false,2
McdBox.o,McdBoxSetDimensions,71,20,true,false,false,false,true,false,0
McdBox.o,McdBoxGetDimensions,38,10,true,false,false,false,true,false,0
McdBox.o,McdBoxGetBSphereRadius,11,6,true,false,false,false,false,false,0
McdBox.o,McdBoxGetRadii,11,9,true,false,false,false,true,false,1
McdBox.o,McdBoxDestroy,9,9,true,false,false,false,false,false,1
McdBox.o,McdBoxUpdateAABB,577,78,true,false,false,false,true,false,0
McdBox.o,McdBoxGetXYAABB,145,20,true,false,false,false,true,false,0
McdBox.o,McdBoxGetBSphere,32,11,true,false,false,false,true,false,0
McdBox.o,localSignZ,50,12,true,false,false,false,false,false,0
McdBox.o,McdBoxMaximumPoint,401,41,true,false,false,false,true,false,0
McdBox.o,McdBoxGetMassProperties,249,47,true,false,false,false,true,false,0
McdBox.o,McdBoxMaximumPointLocal,163,25,true,false,false,false,true,false,0
McdBox.o,McdBoxGetXYAABB,145,20,true,false,false,false,true,false,0
McdBox.o,McdBoxDebugDraw,424,50,true,false,false,false,true,false,1
IxCylinderLineSegment.o,IxCylinderLineSegment,1767,147,true,false,false,false,true,false,0
IxCylinderLineSegment.o,McdCylinderLineSegmentRegisterInteraction,29,9,true,false,false,false,false,false,1
MeCommandLine.o,MeCommandLineOptionsGetPos,117,39,true,false,false,false,true,false,0
MeCommandLine.o,MeCommandLineOptionsGetNumeric,455,135,true,false,false,false,true,false,1
MeCommandLine.o,MeCommandLineOptionsGetFloat,468,137,true,false,false,false,true,false,1
MeCommandLine.o,MeCommandLineOptionsGetString,436,129,true,false,false,false,true,false,1
MeCommandLine.o,MeCommandLineOptionsCreate,238,53,true,false,false,false,true,false,1
MeCommandLine.o,MeCommandLineOptionsDestroy,60,13,true,false,false,false,false,false,1
MeCommandLine.o,MeCommandLineOptionsEat,146,48,true,false,false,false,true,false,0
MeCommandLine.o,MeCommandLineOptionsCheckFor,217,58,true,false,false,false,true,false,0
MeCommandLine.o,MeCommandLineOptionsCheckForList,126,31,true,false,false,false,true,false,0
MovingBoxBoxIntersect.o,printV3,49,7,true,false,false,false,false,false,0
MovingBoxBoxIntersect.o,MovingBoxBoxIntersect,7138,535,true,false,false,false,true,false,1
McdSphereBoxPlaneRegisterTypes.o,McdSphereBoxPlaneRegisterTypes,41,9,true,false,false,false,false,false,0
MeAssetDB.o,MeAssetDBLookupAssetByName,75,27,true,false,false,false,true,false,0
MeAssetDB.o,MeAssetDBInsertAsset,146,45,true,false,false,false,true,false,2
MeAssetDB.o,MeAssetDBRemoveAsset,90,29,true,false,false,false,true,false,1
MeAssetDB.o,MeAssetDBCreate,62,20,true,false,false,false,true,false,2
MeAssetDB.o,MeAssetDBDestroy,78,20,true,false,false,false,true,false,1
MeAssetDB.o,MeAssetDBDeleteContents,57,16,true,false,false,false,true,false,0
MeAssetDB.o,MeAssetDBCreateCopy,120,38,true,false,false,false,true,false,1
MeAssetDB.o,MeAssetDBInsertCopy,62,25,true,false,false,false,true,false,0
MeAssetDB.o,MeAssetDBIsEmpty,21,6,true,false,false,false,false,false,0
MeAssetDB.o,MeAssetDBGetAssetCount,11,6,true,false,false,false,false,false,0
MeAssetDB.o,MeAssetDBInitAssetIterator,17,7,true,false,false,false,false,false,0
MeAssetDB.o,MeAssetDBGetAsset,17,11,true,false,false,false,true,false,0
MeAssetDB.o,MeAssetDBLookupAsset,40,23,true,false,false,false,true,false,0
MeAssetDB.o,_FSetStringProperty,90,22,true,false,false,false,false,false,1
MdtContactGroup.o,MdtContactGroupCreate,314,59,true,false,false,false,true,false,2
MdtContactGroup.o,MdtContactGroupDestroy,87,25,true,false,false,false,true,false,0
MdtContactGroup.o,MdtContactGroupReset,229,42,true,false,false,false,true,false,1
MdtContactGroup.o,MdtContactGroupSetGenerator,17,7,true,false,false,false,false,false,0
MdtContactGroup.o,MdtContactGroupQuaConstraint,8,6,true,false,false,false,false,false,0
MdtContactGroup.o,MdtConstraintDCastContactGroup,26,6,true,false,false,false,false,false,0
MdtContactGroup.o,MdtContactGroupGetFirstContact,14,6,true,false,false,false,false,false,0
MdtContactGroup.o,MdtContactGroupGetGenerator,14,6,true,false,false,false,false,false,0
MdtContactGroup.o,MdtContactGroupIsSwapped,14,6,true,false,false,false,false,false,0
MdtContactGroup.o,MdtContactGroupGetCount,14,6,true,false,false,false,false,false,0
MdtContactGroup.o,MdtContactGroupGetNextContact,14,7,true,false,false,false,false,false,0
MdtContactGroup.o,MdtContactGroupGetNormalForce,14,6,true,false,false,false,false,false,0
MdtContactGroup.o,MdtContactGroupAppendContact,100,24,true,false,false,false,false,false,1
MdtContactGroup.o,MdtContactGroupRemoveContact,128,30,true,false,false,false,false,false,1
MdtContactGroup.o,MdtContactGroupCreateContact,154,36,true,false,false,false,true,false,1
MdtContactGroup.o,MdtContactGroupDestroyContact,152,33,true,false,false,false,false,false,1
McdNull.o,McdNullGetTypeId,7,8,true,false,false,false,false,false,1
McdNull.o,McdNullRegisterType,59,11,true,false,false,false,false,false,1
McdNull.o,McdNullCreate,50,19,true,false,false,false,true,false,2
McdNull.o,McdNullDestroy,9,9,true,false,false,false,false,false,1
McdNull.o,McdNullUpdateAABB,23,11,true,false,false,false,false,false,1
McdNull.o,McdNullGetBSphere,23,9,true,false,false,false,false,false,1
McdNull.o,McdNullMaximumPoint,23,9,true,false,false,false,false,false,1
McdNull.o,McdNullGetMassProperties,24,9,true,false,false,false,false,false,1
McdNull.o,McdNullDebugDraw,48,12,true,false,false,false,false,false,1
MeFileSearch.o,MeOpenPrefixed,283,69,true,false,false,false,true,false,1
MeFileSearch.o,MeGetDefaultFileLocation,15,6,true,false,false,false,false,false,0
MeFileSearch.o,MeOpenWithSearch,25,11,true,false,false,false,false,false,1
MeFileSearch.o,MeOpen,25,11,true,false,false,false,false,false,1
MeProfile.o,MeProfileStopTiming,140,43,true,false,false,false,true,false,2
MeProfile.o,MeProfileEndFrame,1118,249,true,false,false,false,true,true,2
MeProfile.o,MeProfileStartSectionFn,361,74,true,false,false,false,true,true,1
MeProfile.o,MeProfileEndSectionFn,195,67,true,false,false,false,true,true,0
MeProfile.o,MeProfileGetSectionTime,160,46,true,false,false,false,true,true,0
MeProfile.o,MeProfileOutputResults,3154,411,true,false,false,false,true,true,15
MeProfile.o,doGnuplot,5367,710,true,false,false,false,true,true,2
MeProfile.o,MeProfileStartTiming,183,32,true,false,false,false,false,false,1
MeProfile.o,MeProfileStartFrame,124,29,true,false,false,false,true,true,1
MeProfile.o,MeProfileGetClockSpeed,16,8,true,false,false,false,false,true,1
MeProfile.o,MeProfileGetAllSectionTime,136,55,true,false,false,false,true,false,2
MeProfile.o,MeProfileStopTimers,56,15,true,false,false,false,false,false,1
MeProfile.o,MeProfileSetOutputParameters,32,11,true,false,false,false,false,false,1
MdtBSJoint.o,MdtBSJointCreate,122,28,true,false,false,false,true,false,1
MdtBSJoint.o,MdtBSJointReset,51,13,true,false,false,false,false,false,0
MdtBSJoint.o,MdtBSJointQuaConstraint,8,6,true,false,false,false,false,false,0
MdtBSJoint.o,MdtConstraintDCastBSJoint,27,6,true,false,false,false,false,false,0
MeASELoad.o,MeASEObjectDestroy,228,48,true,false,false,false,true,false,1
MeASELoad.o,MeASEObjectLoadPartsFromStream,5415,694,true,false,false,false,true,true,2
MeASELoad.o,FindArgs,54,18,true,false,false,false,true,false,0
MeASELoad.o,MeASEObjectLoad,75,19,true,false,false,false,true,false,1
MeASELoad.o,MeASEObjectLoadParts,74,20,true,false,false,false,true,false,1
MeASELoad.o,ASEObjectReset,120,17,true,false,false,false,true,false,0
McdMessage.o,McdError,248,46,true,false,false,false,true,false,1
MdtConstraint.o,BaseConstraintReset,550,71,true,false,false,false,true,false,0
MdtConstraint.o,MdtConstraintBodySetAxes,595,74,true,false,false,false,true,false,0
MdtConstraint.o,MdtConstraintBodySetAxesRel,592,83,true,false,false,false,true,false,0
MdtConstraint.o,BaseConstraintCreate,87,24,true,false,false,false,true,false,1
MdtConstraint.o,BaseConstraintSetBodies,26,10,true,false,false,false,false,false,0
MdtConstraint.o,BaseConstraintSetAxis,253,25,true,false,false,false,true,false,0
MdtConstraint.o,MdtConstraintDestroy,192,40,true,false,false,false,true,true,1
MdtConstraint.o,MdtConstraintEnable,147,28,true,false,false,false,true,false,0
MdtConstraint.o,MdtConstraintDisable,126,26,true,false,false,false,true,false,0
MdtConstraint.o,MdtConstraintIsEnabled,14,6,true,false,false,false,false,false,0
MdtConstraint.o,MdtConstraintGetWorld,10,6,true,false,false,false,false,false,0
MdtConstraint.o,MdtConstraintGetRowCount,84,31,true,false,false,false,true,false,0
MdtConstraint.o,MdtConstraintGetBody,15,6,true,false,false,false,false,false,0
MdtConstraint.o,MdtConstraintGetUserData,11,6,true,false,false,false,false,false,0
MdtConstraint.o,MdtConstraintGetForce,36,9,true,false,false,false,false,false,0
MdtConstraint.o,MdtConstraintGetTorque,45,9,true,false,false,false,false,false,0
MdtConstraint.o,MdtConstraintGetPosition,34,7,true,false,false,false,false,false,0
MdtConstraint.o,MdtConstraintBodyGetPosition,60,18,true,false,false,false,false,false,0
MdtConstraint.o,MdtConstraintBodyGetPositionRel,104,29,true,false,false,false,true,false,0
MdtConstraint.o,MdtConstraintBodyGetAxis,60,18,true,false,false,false,false,false,0
MdtConstraint.o,MdtConstraintBodyGetAxes,125,21,true,false,false,false,false,false,0
MdtConstraint.o,MdtConstraintBodyGetAxesRel,126,25,true,false,false,false,false,false,0
MdtConstraint.o,MdtConstraintGetAxes,65,8,true,false,false,false,false,false,0
MdtConstraint.o,MdtConstraintGetFirst,36,17,true,false,false,false,true,false,1
MdtConstraint.o,MdtConstraintGetNext,42,15,true,false,false,false,true,false,0
MdtConstraint.o,MdtConstraintGetSortKey,11,6,true,false,false,false,false,false,0
MdtConstraint.o,MdtConstraintGetWorldLinearVelocity,37,9,true,false,false,false,false,false,0
MdtConstraint.o,MdtConstraintGetWorldAngularVelocity,37,9,true,false,false,false,false,false,0
MdtConstraint.o,MdtConstraintSetBodies,28,7,true,false,false,false,false,false,0
MdtConstraint.o,MdtConstraintSetUserData,14,7,true,false,false,false,false,false,0
MdtConstraint.o,MdtConstraintBodySetPosition,76,22,true,false,false,false,false,false,0
MdtConstraint.o,MdtConstraintBodySetPositionRel,116,27,true,false,false,false,true,false,0
MdtConstraint.o,MdtConstraintSetPosition,100,17,true,false,false,false,false,false,0
MdtConstraint.o,MdtConstraintSetAxis,31,7,true,false,false,false,false,false,0
MdtConstraint.o,MdtConstraintSetAxes,81,9,true,false,false,false,false,false,0
MdtConstraint.o,MdtConstraintSetSortKey,20,9,true,false,false,false,false,false,0
MdtConstraint.o,MdtConstraintSetWorldLinearVelocity,35,9,true,false,false,false,false,false,0
MdtConstraint.o,MdtConstraintSetWorldAngularVelocity,35,9,true,false,false,false,false,false,0
MdtConstraint.o,MeVector3Normalize,120,32,true,false,false,false,true,false,0
MdtConstraint.o,MeVector3PlaneSpace,199,38,true,false,false,false,true,false,0
MeFJoint.o,MeFJointCreateCopy,485,67,true,false,false,false,true,false,1
MeFJoint.o,MeFJointCopy,426,57,true,false,false,false,true,false,0
MeFJoint.o,MeFJointGetProperty1f,223,84,true,false,false,false,false,false,0
MeFJoint.o,MeFJointSetPerTypeDefaults,1004,121,true,false,false,false,false,false,0
MeFJoint.o,MeFJointRename,100,20,true,false,false,false,true,false,0
MeFJoint.o,MeFJointSetProperty1i,40,12,true,false,false,false,false,false,0
MeFJoint.o,MeFJointSetProperty1b,58,17,true,false,false,false,false,false,0
MeFJoint.o,MeFJointSetProperty1f,209,79,true,false,false,false,false,false,0
MeFJoint.o,MeFJointCreate,203,37,true,false,false,false,true,false,1
MeFJoint.o,MeFJointDestroy,73,14,true,false,false,false,false,false,1
MeFJoint.o,MeFJointGetName,10,6,true,false,false,false,false,false,0
MeFJoint.o,MeFJointGetType,11,6,true,false,false,false,false,false,0
MeFJoint.o,MeFJointGetPartName,15,6,true,false,false,false,false,false,0
MeFJoint.o,MeFJointGetPart,57,16,true,false,false,false,true,false,0
MeFJoint.o,MeFJointGetPosition,42,9,true,false,false,false,false,false,0
MeFJoint.o,MeFJointGetPrimaryAxis,42,9,true,false,false,false,false,false,0
MeFJoint.o,MeFJointGetOrthogonalAxis,42,9,true,false,false,false,false,false,0
MeFJoint.o,MeFJointGetProperty1i,49,18,true,false,false,false,false,false,0
MeFJoint.o,MeFJointGetProperty1ui,7,8,true,false,false,false,false,false,1
MeFJoint.o,MeFJointGetProperty1b,67,27,true,false,false,false,false,false,0
MeFJoint.o,MeFJointSetGenericDefaults,158,28,true,false,false,false,true,false,0
MeFJoint.o,MeFJointSetType,21,8,true,false,false,false,false,false,0
MeFJoint.o,MeFJointSetPart,49,17,true,false,false,false,true,false,0
MeFJoint.o,MeFJointSetPartByName,38,10,true,false,false,false,false,false,0
MeFJoint.o,MeFJointSetPosition,40,9,true,false,false,false,false,false,0
MeFJoint.o,MeFJointSetPrimaryAxis,40,9,true,false,false,false,false,false,0
MeFJoint.o,MeFJointSetOrthogonalAxis,40,9,true,false,false,false,false,false,0
MeFJoint.o,MeFJointScale,93,19,true,false,false,false,false,false,0
MeFJoint.o,MeFJointSetProperty1ui,5,8,true,false,false,false,false,false,1
MeSet.o,MeSetInit,87,14,true,false,false,false,false,false,0
MeSet.o,MeSetSize,11,6,true,false,false,false,false,false,0
MeSet.o,MeSetContains,36,11,true,false,false,false,false,false,1
MeSet.o,MeSetAdd,113,29,true,false,false,false,true,false,0
MeSet.o,MeSetRemove,52,13,true,false,false,false,true,false,0
MeSet.o,MeSetPopFirst,52,16,true,false,false,false,true,false,0
MeSet.o,MeSetPop,40,16,true,false,false,false,true,false,0
MeSet.o,MeSetIteratorNext,30,16,true,false,false,false,true,false,0
MeSet.o,MeSetIsFull,22,6,true,false,false,false,false,false,0
MeSet.o,MeSetCreate,62,18,true,false,false,false,true,false,2
MeSet.o,MeSetDestroy,47,12,true,false,false,false,false,false,1
MeSet.o,MeSetDefaultCompare,13,6,true,false,false,false,false,false,0
MdtLinear2.o,MdtLinear2SetDirection,386,54,true,false,false,false,true,false,0
MdtLinear2.o,MdtLinear2Create,224,44,true,false,false,false,true,false,1
MdtLinear2.o,MdtLinear2Reset,146,29,true,false,false,false,true,false,0
MdtLinear2.o,MdtLinear2QuaConstraint,8,6,true,false,false,false,false,false,0
MdtLinear2.o,MdtConstraintDCastLinear2,26,6,true,false,false,false,false,false,0
MdtLinear2.o,MdtLinear2GetPosition,34,7,true,false,false,false,false,false,0
MdtLinear2.o,MdtLinear2GetDirection,72,14,true,false,false,false,false,false,0
MdtLinear2.o,Linear2SetBodies,64,12,true,false,false,false,true,false,0
MdtLinear2.o,MdtLinear2SetPosition,131,21,true,false,false,false,false,false,0
keaMatrix_PcSparse.o,makeFromPcSparsePSM,2862,486,true,false,false,false,true,false,0
keaMatrix_PcSparse.o,makeFromColMajorPSM,1661,337,true,false,false,false,true,false,0
McdSpace.o,McdSpaceAxisSortCreate,73,15,true,false,false,false,true,false,1
McdSpace.o,McdSpaceDestroy,9,9,true,false,false,false,false,false,1
McdSpace.o,McdSpaceBuild,5,8,true,false,false,false,false,false,1
McdSpace.o,McdSpaceIsChanging,29,6,true,false,false,false,false,false,0
McdSpace.o,McdSpaceInsertModel,106,24,true,false,false,false,true,false,0
McdSpace.o,McdSpaceInsertModelWithCulling,98,28,true,false,false,false,true,false,0
McdSpace.o,McdSpaceSetModelCullingParameters,18,10,true,false,false,false,false,false,0
McdSpace.o,McdSpaceUpdateModel,31,7,true,false,false,false,false,false,0
McdSpace.o,McdSpaceFreezeModel,33,9,true,false,false,false,false,false,0
McdSpace.o,McdSpaceUnfreezeModel,33,9,true,false,false,false,false,false,0
McdSpace.o,McdSpaceModelIsFrozen,34,9,true,false,false,false,false,false,0
McdSpace.o,McdSpaceUpdateAll,24,9,true,false,false,false,false,false,1
McdSpace.o,McdSpacePathUpdateAll,75,11,true,false,false,false,false,false,0
McdSpace.o,McdSpaceSetAABBFn,17,7,true,false,false,false,false,false,0
McdSpace.o,McdSpaceSetUserData,9,7,true,false,false,false,false,false,0
McdSpace.o,McdSpaceGetUserData,9,11,true,false,false,false,false,false,1
McdSpace.o,McdSpacePairIteratorBegin,21,8,true,false,false,false,false,false,0
McdSpace.o,McdSpaceGetPairs,9,9,true,false,false,false,false,false,0
McdSpace.o,McdSpaceGetTransitions,9,9,true,false,false,false,false,false,0
McdSpace.o,McdSpaceGetLineSegIntersections,236,60,true,false,false,false,true,false,1
McdSpace.o,McdSpaceGetLineSegFirstIntersection,296,59,true,false,false,false,true,false,1
McdSpace.o,McdSpaceGetLineSegFirstEnabledIntersection,313,64,true,false,false,false,true,false,1
McdSpace.o,McdSpaceRemoveModel,68,19,true,false,false,false,false,false,0
McdSpace.o,McdSpaceEnablePair,39,12,true,false,false,false,false,true,0
McdSpace.o,McdSpaceDisablePair,39,12,true,false,false,false,false,true,0
McdSpace.o,McdSpacePairIsEnabled,38,9,true,false,false,false,false,false,0
McdSpace.o,McdSpaceBeginChanges,9,9,true,false,false,false,false,false,1
McdSpace.o,McdSpaceEndChanges,9,9,true,false,false,false,false,false,1
McdSpace.o,McdSpaceModelIteratorBegin,21,8,true,false,false,false,false,false,0
McdSpace.o,McdSpaceGetModel,123,28,true,false,false,false,true,false,0
McdSpace.o,McdSpaceGetModelCount,16,6,true,false,false,false,false,false,0
McdSpace.o,McdSpaceSetPoolFullHandler,35,10,true,false,false,false,false,false,0
McdSpace.o,McdSpaceGetPoolFullHandler,18,9,true,false,false,false,false,false,0
McdSpace.o,defaultPoolFullHandler,5,8,true,false,false,false,false,false,1
McdSphereBoxPlaneRegisterInteractions.o,McdSphereBoxPlaneRegisterInteractions,57,11,true,false,false,false,false,false,0
IxConvexTriList.o,McdConvexHullPlaneCut,967,129,true,false,false,false,true,false,0
IxConvexTriList.o,McdConvexMeshTriangleListIntersect,2151,220,true,false,false,false,true,true,1
IxConvexTriList.o,McdConvexMeshTriangleListRegisterInteraction,180,19,true,false,false,false,false,false,0
IxConvexTriList.o,McdConvexHullMaximumPoint,506,86,true,false,false,false,true,false,0
IxConvexTriList.o,GenerateTriangleContact,2292,379,true,false,false,false,true,true,1
IxConvexTriList.o,McdConvexMeshTriangleListTermAction,5,8,true,false,false,false,false,false,1
IxConvexTriList.o,MeVector3Normalize,120,32,true,false,false,false,true,false,0
McdGeometryManager.o,McdGMCreateGeometry,840,122,true,false,false,false,true,false,1
McdGeometryManager.o,McdGMDestroyGeometry,594,85,true,false,false,false,true,false,0
McdGeometryManager.o,McdGMCreate,123,24,true,false,false,false,true,false,1
McdGeometryManager.o,McdGMDestroy,45,11,true,false,false,false,false,false,1
McdGeometryManager.o,McdGMGetGeomCount,18,9,true,false,false,false,false,false,0
McdGeometryManager.o,McdGMGetFramework,10,6,true,false,false,false,false,false,0
McdGeometryManager.o,McdGMGetNullGeometry,11,6,true,false,false,false,false,false,0
MstUniverse.o,MstUniverseCreate,275,50,true,false,false,false,true,false,1
MstUniverse.o,MstUniverseDestroy,75,14,true,false,false,false,false,false,1
MstUniverse.o,MstUniverseStep,114,13,true,false,false,false,false,false,0
MstUniverse.o,MstUniverseGetWorld,11,6,true,false,false,false,false,false,0
MstUniverse.o,MstUniverseGetSpace,11,6,true,false,false,false,false,false,0
MstUniverse.o,MstUniverseGetBridge,11,6,true,false,false,false,false,false,0
MstUniverse.o,MstUniverseGetFramework,11,6,true,false,false,false,false,false,0
MeDict.o,MeDictLookup,115,41,true,false,false,false,true,false,0
MeDict.o,MeDictLowerBound,78,29,true,false,false,false,true,true,0
MeDict.o,MeDictUpperBound,78,29,true,false,false,false,true,true,0
MeDict.o,MeDictInsert,386,148,true,false,false,false,true,false,0
MeDict.o,MeDictDelete,727,235,true,false,false,false,true,false,0
MeDict.o,MeDictNext,72,39,true,false,false,false,true,false,0
MeDict.o,MeDictLoadEnd,704,161,true,false,false,false,true,false,0
MeDict.o,MeDictMerge,293,87,true,false,false,false,true,false,1
MeDict.o,MeDictCreate,91,25,true,false,false,false,true,false,1
MeDict.o,MeDictSetAllocator,48,15,true,false,false,false,false,false,0
MeDict.o,MeDictDestroy,20,10,true,false,false,false,false,false,2
MeDict.o,MeDictFreeNodes,71,21,true,false,false,false,true,false,0
MeDict.o,MeDictFree,140,32,true,false,false,false,true,false,0
MeDict.o,MeDictInit,70,17,true,false,false,false,false,false,0
MeDict.o,MeDictInitLike,69,22,true,false,false,false,false,false,0
MeDict.o,MeDictVerify,245,60,true,false,false,false,true,false,0
MeDict.o,MeDictSimilar,61,15,true,false,false,false,false,false,0
MeDict.o,MeDictAllocInsert,80,17,true,false,false,false,true,false,0
MeDict.o,MeDictDeleteFree,37,8,true,false,false,false,false,false,0
MeDict.o,MeDictFirst,36,22,true,false,false,false,true,false,0
MeDict.o,MeDictLast,38,22,true,false,false,false,true,false,0
MeDict.o,MeDictPrev,71,39,true,false,false,false,true,false,0
MeDict.o,MeDictAllowDupes,15,7,true,false,false,false,false,false,0
MeDict.o,MeDictCount,11,6,true,false,false,false,false,false,0
MeDict.o,MeDictIsEmpty,21,6,true,false,false,false,false,false,0
MeDict.o,MeDictIsFull,22,6,true,false,false,false,false,false,0
MeDict.o,MeDictContains,98,23,true,false,false,false,false,false,0
MeDict.o,MeDictNodeCreate,55,18,true,false,false,false,true,false,1
MeDict.o,MeDictNodeInit,34,10,true,false,false,false,false,false,0
MeDict.o,MeDictNodeDestroy,20,10,true,false,false,false,false,false,2
MeDict.o,MeDictNodeGet,11,6,true,false,false,false,false,false,0
MeDict.o,MeDictNodeGetkey,11,6,true,false,false,false,false,false,0
MeDict.o,MeDictNodePut,14,7,true,false,false,false,false,false,0
MeDict.o,MeDictNodeIsInADict,35,13,true,false,false,false,false,false,0
MeDict.o,MeDictProcess,92,29,true,false,false,false,true,false,0
MeDict.o,MeDictLoadBegin,22,9,true,false,false,false,false,false,0
MeDict.o,MeDictLoadNext,41,18,true,false,false,false,true,false,0
MeDict.o,dnode_alloc,18,12,true,false,false,false,false,false,2
MeDict.o,dnode_free,20,10,true,false,false,false,false,false,2
MeDict.o,free_nodes,65,13,true,false,false,false,false,false,0
MeDict.o,verify_bintree,184,48,true,false,false,false,true,false,0
MeDict.o,verify_redblack,148,27,true,false,false,false,true,false,0
MeDict.o,verify_node_count,55,15,true,false,false,false,false,false,0
MeDict.o,verify_dict_has_node,92,21,true,false,false,false,false,false,0
McdFrame.o,McdInit,311,55,true,false,false,false,true,false,2
McdFrame.o,McdFrameworkDestroyAllModelsAndGeometries,142,39,true,false,false,false,true,false,0
McdFrame.o,McdFrameworkGetModelCount,11,6,true,false,false,false,false,false,0
McdFrame.o,McdFrameworkGetGeometryCount,11,6,true,false,false,false,false,false,0
McdFrame.o,McdTerm,179,28,true,false,false,false,true,false,1
McdFrame.o,McdFrameworkRegisterTermAction,42,15,true,false,false,false,true,false,1
McdFrame.o,McdFrameworkSetDefaultContactTolerance,14,7,true,false,false,false,false,false,0
McdFrame.o,McdFrameworkGetDefaultContactTolerance,11,6,true,false,false,false,false,false,0
McdFrame.o,McdFrameworkResetTypes,15,7,true,false,false,false,false,false,0
McdFrame.o,McdFrameworkTypeIsValid,42,13,true,false,false,false,false,false,0
McdFrame.o,McdFrameworkGetTypeName,63,18,true,false,false,false,false,false,0
McdFrame.o,McdFrameworkShowTypes,113,19,true,false,false,false,true,false,0
McdFrame.o,McdFrameworkTypeIsRegistered,42,15,true,false,false,false,false,false,0
McdFrame.o,McdFrameworkGetRegisteredTypeCount,12,6,true,false,false,false,false,false,0
McdFrame.o,McdFrameworkGetDefaultRequestPtr,14,6,true,false,false,false,false,false,0
McdFrame.o,McdFrameworkSetDefaultRequestPtr,17,7,true,false,false,false,false,false,0
McdFrame.o,McdFrameworkRegisterGeometryType,158,27,true,false,false,false,false,false,0
McdFrame.o,McdFrameworkSetInteractions,167,30,true,false,false,false,true,false,0
McdFrame.o,McdFrameworkGetInteractions,36,6,true,false,false,false,false,false,0
McdFrame.o,McdFrameworkGetInteractionsWarned,37,7,true,false,false,false,false,false,0
McdFrame.o,McdFrameworkSetInteractionsWarned,40,9,true,false,false,false,false,false,0
McdFrame.o,McdFrameworkSetLineSegInteraction,24,8,true,false,false,false,false,false,0
McdFrame.o,McdFrameworkGetLineSegInteraction,28,8,true,false,false,false,true,false,0
MdtUserConstraint.o,MdtUserConstraintCreate,99,24,true,false,false,false,true,false,1
MdtUserConstraint.o,MdtUserConstraintQuaConstraint,8,6,true,false,false,false,false,false,0
MdtUserConstraint.o,MdtConstraintDCastUserConstraint,26,6,true,false,false,false,false,false,0
MdtUserConstraint.o,MdtUserConstraintGetFunction,11,6,true,false,false,false,false,false,0
MdtUserConstraint.o,MdtUserConstraintGetConstraintData,14,6,true,false,false,false,false,false,0
MdtUserConstraint.o,MdtUserConstraintSetFunction,14,7,true,false,false,false,false,false,0
MdtUserConstraint.o,MdtUserConstraintSetConstraintData,17,7,true,false,false,false,false,false,0
ConvexGeomUtils.o,SegmentConvexHullSep,1753,210,true,false,false,false,true,false,0
ConvexGeomUtils.o,ConvexHullMaximumFeature,404,77,true,false,false,false,true,false,0
ConvexGeomUtils.o,ConvexHullVoronoiRegion,1253,166,true,false,false,false,true,false,0
ConvexGeomUtils.o,ConvexHullNSegment,287,35,true,false,false,false,false,false,0
ConvexGeomUtils.o,MeVector3Normalize,120,32,true,false,false,false,true,false,0
ConvexGeomUtils.o,McdConvexHullMaximumPoint,506,86,true,false,false,false,true,false,0
ConvexGeomUtils.o,ClosestInVertexRegion,472,72,true,false,false,false,true,false,0
ConvexGeomUtils.o,ClosestInEdgeRegion,1228,156,true,false,false,false,true,false,0
ConvexGeomUtils.o,ClosestInFaceRegion,952,131,true,false,false,false,true,false,0
ConvexGeomUtils.o,ClosestInInteriorRegion,331,57,true,false,false,false,true,false,0
McdGjkPenetrationDepth.o,McdGjkFaceAddPoint,97,22,true,false,false,false,false,false,0
McdGjkPenetrationDepth.o,McdGjkFaceCompare,30,6,true,false,false,false,false,false,0
McdGjkPenetrationDepth.o,McdGjkFaceAdd,153,30,true,false,false,false,true,false,0
McdGjkPenetrationDepth.o,McdGjkFacePop,29,11,true,false,false,false,true,false,0
McdGjkPenetrationDepth.o,McdGjkFaceLoad,322,60,true,false,false,false,true,false,1
McdGjkPenetrationDepth.o,McdGjkFindNextInflatePoint,342,51,true,false,false,false,true,true,0
McdGjkPenetrationDepth.o,McdGjkFaceQueueInit,1007,175,true,false,false,false,true,false,1
McdGjkPenetrationDepth.o,McdGjkResultIsReasonable,475,47,true,false,false,false,true,false,0
McdGjkPenetrationDepth.o,McdGjkPenetrationDepth,1356,155,true,false,false,false,true,false,2
McdGjkPenetrationDepth.o,MeVector3Normalize,120,32,true,false,false,false,true,false,0
McdModel.o,McdModelCreate,226,49,true,false,false,false,true,false,2
McdModel.o,McdModelDestroy,162,34,true,false,false,false,true,false,1
McdModel.o,McdModelReset,108,20,true,false,false,false,false,false,0
McdModel.o,McdModelGetGeometryType,18,6,true,false,false,false,false,false,0
McdModel.o,McdModelGetSpace,11,6,true,false,false,false,false,false,0
McdModel.o,McdModelSetContactTolerance,14,7,true,false,false,false,false,false,0
McdModel.o,McdModelGetContactTolerance,11,6,true,false,false,false,false,false,0
McdModel.o,McdModelGetBSphere,18,7,true,false,false,false,false,false,0
McdModel.o,McdModelUpdate,128,24,true,false,false,false,false,false,0
McdModel.o,McdModelUpdatePath,128,25,true,false,false,false,true,false,0
McdModel.o,McdModelUpdatePathCompatible,9,9,true,false,false,false,false,false,1
McdModel.o,McdModelGetAABB,18,7,true,false,false,false,false,false,0
McdModel.o,McdModelGetGeometryInstance,11,8,true,false,false,false,false,false,1
McdModel.o,McdModelGetTransformPtr,18,11,true,false,false,false,false,false,1
McdModel.o,McdModelSetTransformPtr,18,9,true,false,false,false,false,false,1
McdModel.o,McdModelSetLinearVelocityPtr,14,7,true,false,false,false,false,false,0
McdModel.o,McdModelGetLinearVelocityPtr,11,6,true,false,false,false,false,false,0
McdModel.o,McdModelSetAngularVelocityPtr,14,7,true,false,false,false,false,false,0
McdModel.o,McdModelGetAngularVelocityPtr,11,6,true,false,false,false,false,false,0
McdModel.o,McdModelSetUserData,14,7,true,false,false,false,false,false,0
McdModel.o,McdModelGetUserData,11,6,true,false,false,false,false,false,0
McdModel.o,McdModelSetGeometry,65,13,true,false,false,false,false,false,1
McdModel.o,McdModelGetGeometry,18,11,true,false,false,false,false,false,1
McdModel.o,McdModelGetBodyData,11,6,true,false,false,false,false,false,0
McdModel.o,McdModelSetBodyData,14,7,true,false,false,false,false,false,0
McdModel.o,McdModelSetRelativeTransformPtrs,180,34,true,false,false,false,false,false,1
McdModel.o,McdModelGetRelativeTransformPtrs,24,9,true,false,false,false,false,false,0
McdModel.o,McdModelSetRelativeTransform,185,39,true,false,false,false,true,false,1
McdModel.o,McdModelGetRelativeTransform,11,6,true,false,false,false,false,false,0
McdModel.o,McdModelCompoundTransforms,33,7,true,false,false,false,false,false,0
McdModel.o,McdModelSetMaterial,18,9,true,false,false,false,false,false,1
McdModel.o,McdModelGetMaterial,18,11,true,false,false,false,false,false,1
McdModel.o,McdModelSetRequestID,14,7,true,false,false,false,false,false,0
McdModel.o,McdModelGetRequestID,11,6,true,false,false,false,false,false,0
McdModel.o,McdModelSetUpdateCallback,14,7,true,false,false,false,false,false,0
McdModel.o,McdModelGetUpdateCallback,11,6,true,false,false,false,false,false,0
McdModel.o,McdModelSetIntersectCallback,14,7,true,false,false,false,false,false,0
McdModel.o,McdModelGetIntersectCallback,11,6,true,false,false,false,false,false,0
McdModel.o,McdModelGetSortKey,12,6,true,false,false,false,false,false,0
McdModel.o,McdModelSetSortKey,15,7,true,false,false,false,false,false,0
MstUtils.o,MstHandleCollisions,1005,357,true,false,false,false,true,true,2
MstUtils.o,MstHandleTransitions,235,59,true,false,false,false,true,false,1
MstUtils.o,MstAutoSetInertialTensor,292,54,true,false,false,false,true,false,0
MstUtils.o,MstModelAndBodyCreate,262,46,true,false,false,false,true,false,0
MstUtils.o,MstModelAndBodyDestroy,65,12,true,false,false,false,false,false,0
MstUtils.o,MstFixedModelCreate,75,20,true,false,false,false,true,false,1
MstUtils.o,MstFixedModelDestroy,33,8,true,false,false,false,false,false,0
MstUtils.o,ConvertCollisionContact,134,25,true,false,false,false,false,false,0
MstUtils.o,DebugOutputContact,100,9,true,false,false,false,false,false,0
MstUtils.o,DebugOutputIntersectResult,222,24,true,false,false,false,true,false,1
MstUtils.o,MstAutoSetMassProperties,164,29,true,false,false,false,true,false,0
MstUtils.o,FreezeModelFromBody,61,15,true,false,false,false,false,false,0
MstUtils.o,UnfreezeModelFromBody,61,15,true,false,false,false,false,false,0
MstUtils.o,DestroyContactGroupReferences,25,10,true,false,false,false,true,true,0
MstUtils.o,MstSetWorldHandlers,38,9,true,false,false,false,false,false,0
MstUtils.o,createContactGroup,280,53,true,false,false,false,true,false,1
MdtLimit.o,MdtSingleLimitReset,35,10,true,false,false,false,false,false,0
MdtLimit.o,MdtSingleLimitGetStop,10,6,true,false,false,false,false,false,0
MdtLimit.o,MdtSingleLimitGetStiffness,11,6,true,false,false,false,false,false,0
MdtLimit.o,MdtSingleLimitGetDamping,11,6,true,false,false,false,false,false,0
MdtLimit.o,MdtSingleLimitGetRestitution,11,6,true,false,false,false,false,false,0
MdtLimit.o,MdtSingleLimitSetStop,13,7,true,false,false,false,false,false,0
MdtLimit.o,MdtSingleLimitSetStiffness,47,12,true,false,false,false,false,false,0
MdtLimit.o,MdtSingleLimitSetDamping,47,12,true,false,false,false,false,false,0
MdtLimit.o,MdtSingleLimitSetRestitution,69,17,true,false,false,false,false,false,0
MdtLimit.o,MdtLimitReset,167,28,true,false,false,false,false,false,0
MdtLimit.o,MdtLimitIsActive,10,6,true,false,false,false,false,false,0
MdtLimit.o,MdtLimitPositionIsCalculated,11,6,true,false,false,false,false,false,0
MdtLimit.o,MdtLimitGetLowerLimit,11,8,true,false,false,false,false,false,1
MdtLimit.o,MdtLimitGetUpperLimit,11,8,true,false,false,false,false,false,1
MdtLimit.o,MdtLimitGetPosition,14,6,true,false,false,false,false,false,0
MdtLimit.o,MdtLimitGetOvershoot,11,6,true,false,false,false,false,false,0
MdtLimit.o,MdtLimitGetVelocity,11,6,true,false,false,false,false,false,0
MdtLimit.o,MdtLimitGetStiffnessThreshold,11,6,true,false,false,false,false,false,0
MdtLimit.o,MdtLimitIsMotorized,11,6,true,false,false,false,false,false,0
MdtLimit.o,MdtLimitGetMotorDesiredVelocity,11,6,true,false,false,false,false,false,0
MdtLimit.o,MdtLimitGetMotorMaxForce,11,6,true,false,false,false,false,false,0
MdtLimit.o,MdtLimitSetLowerLimit,142,40,true,false,false,false,true,false,0
MdtLimit.o,MdtLimitSetUpperLimit,142,40,true,false,false,false,true,false,0
MdtLimit.o,MdtLimitSetPosition,17,7,true,false,false,false,false,false,0
MdtLimit.o,MdtLimitActivateLimits,42,14,true,false,false,false,false,false,0
MdtLimit.o,MdtLimitCalculatePosition,45,13,true,false,false,false,false,false,0
MdtLimit.o,MdtLimitSetStiffnessThreshold,47,12,true,false,false,false,false,false,0
MdtLimit.o,MdtLimitActivateMotor,58,17,true,false,false,false,false,false,0
MdtLimit.o,MdtLimitSetLimitedForceMotor,79,15,true,false,false,false,false,false,0
MdtLimit.o,MdtLimitSetLock,86,16,true,false,false,false,false,false,0
MdtLimit.o,MdtLimitIsLocked,11,6,true,false,false,false,false,false,0
MdtLimit.o,MdtLimitActivateLock,58,17,true,false,false,false,false,false,0
MdtLimit.o,MdtLimitResetState,43,11,true,false,false,false,false,false,0
MeChunk.o,MeChunkInit,58,15,true,false,false,false,false,false,0
MeChunk.o,MeChunkTerm,49,13,true,false,false,false,false,false,1
MeChunk.o,MeChunkSetMode,59,15,true,false,false,false,false,false,1
MeChunk.o,MeChunkGetMem,95,26,true,false,false,false,false,true,1
MeChunk.o,MeChunkPutMem,66,16,true,false,false,false,false,false,1
MeChunk.o,MeChunkGetMaxSize,11,6,true,false,false,false,false,false,0
MeChunk.o,MeChunkGetCurrentSize,11,6,true,false,false,false,false,false,0
MeChunk.o,MeChunkIsInUse,11,6,true,false,false,false,false,false,0
MeChunk.o,MeChunkGetAlignment,11,6,true,false,false,false,false,false,0
MdtFixedPath.o,MdtFixedPathCreate,203,41,true,false,false,false,true,false,1
MdtFixedPath.o,MdtFixedPathReset,128,26,true,false,false,false,true,false,0
MdtFixedPath.o,MdtFixedPathQuaConstraint,8,6,true,false,false,false,false,false,0
MdtFixedPath.o,MdtConstraintDCastFixedPath,26,6,true,false,false,false,false,false,0
MdtFixedPath.o,MdtFixedPathGetPosition,48,19,true,false,false,false,true,false,0
MdtFixedPath.o,MdtFixedPathGetVelocity,48,19,true,false,false,false,true,false,0
MdtFixedPath.o,MdtFixedPathSetPosition,78,26,true,false,false,false,true,false,0
MdtFixedPath.o,MdtFixedPathSetVelocity,46,18,true,false,false,false,true,false,0
keaLCPSolver.o,allocate,803,138,true,false,false,false,false,false,0
keaLCPSolver.o,makeXandW,755,145,true,false,false,false,true,true,0
keaLCPSolver.o,PrincipalSubmatrix,604,109,true,false,false,false,true,false,1
keaLCPSolver.o,PrincipalPivotTransformMakeW,299,81,true,false,false,false,true,false,0
keaLCPSolver.o,PrincipalPivotTransformMakeX,723,132,true,false,false,false,true,false,0
keaLCPSolver.o,PrincipalPivotTransform,233,28,true,false,false,false,true,true,0
keaLCPSolver.o,setUpper,14,9,true,false,false,false,false,false,0
keaLCPSolver.o,setLower,14,9,true,false,false,false,false,false,0
keaLCPSolver.o,getFirstBadIndex,313,78,true,false,false,false,true,false,0
keaLCPSolver.o,copyXtoInitialSolve,70,25,true,false,false,false,true,false,0
keaLCPSolver.o,getClampIndices,107,30,true,false,false,false,true,false,0
keaLCPSolver.o,setClampedValues,98,36,true,false,false,false,true,false,0
keaLCPSolver.o,commonPivot,244,50,true,false,false,false,true,false,1
keaLCPSolver.o,blockMurtyChooseNewIndices,1498,236,true,false,false,false,true,false,0
keaLCPSolver.o,singleMurtyChooseNewIndices,470,68,true,false,false,false,true,false,0
MeMisc.o,MeHSVtoRGB,276,61,true,false,false,false,true,false,0
IxPrimitiveLineSegment.o,IxBoxLineSegment,790,114,true,false,false,false,true,false,0
IxPrimitiveLineSegment.o,IxRayAABB,922,132,true,false,false,false,true,false,1
IxPrimitiveLineSegment.o,IxSphereLineSegment,647,103,true,false,false,false,true,false,0
IxPrimitiveLineSegment.o,IxPlaneLineSegment,705,74,true,false,false,false,true,false,0
IxPrimitiveLineSegment.o,McdBoxLineSegmentRegisterInteraction,29,9,true,false,false,false,false,false,1
IxPrimitiveLineSegment.o,McdSphereLineSegmentRegisterInteraction,29,9,true,false,false,false,false,false,1
IxPrimitiveLineSegment.o,McdPlaneLineSegmentRegisterInteraction,29,9,true,false,false,false,false,false,1
MdtPrismatic.o,PrismaticSetAxis,704,74,true,false,false,false,true,false,0
MdtPrismatic.o,MdtPrismaticCreate,136,29,true,false,false,false,true,false,1
MdtPrismatic.o,MdtPrismaticReset,69,14,true,false,false,false,false,false,0
MdtPrismatic.o,MdtPrismaticQuaConstraint,8,6,true,false,false,false,false,false,0
MdtPrismatic.o,MdtConstraintDCastPrismatic,26,6,true,false,false,false,false,false,0
MdtPrismatic.o,MdtPrismaticGetLimit,13,8,true,false,false,false,false,false,1
MdtPrismatic.o,MdtPrismaticSetLimit,134,26,true,false,false,false,true,false,0
IxCylinderPlane.o,McdCylinderPlaneIntersect,968,107,true,false,false,false,true,false,1
IxCylinderPlane.o,McdCylinderPlaneRegisterInteraction,74,17,true,false,false,false,false,false,1
IxCylinderPlane.o,OverlapCylPlane,301,51,true,false,false,false,true,false,0
IxCylinderPlane.o,CylPlaneIntersect,2205,251,true,false,false,false,true,false,0
IxCylinderPlane.o,McdVanillaSegmentPlaneIntersect,153,41,true,false,false,false,true,false,0
MeFGeometry.o,MeFGeometryLookupPrimitive,75,27,true,false,false,false,true,false,0
MeFGeometry.o,MeFGeometryRename,117,21,true,false,false,false,true,false,0
MeFGeometry.o,MeFGeometryInsertPrimitive,144,45,true,false,false,false,true,false,2
MeFGeometry.o,MeFGeometryRemovePrimitive,90,29,true,false,false,false,true,false,1
MeFGeometry.o,MeFGeometryCreate,127,28,true,false,false,false,true,false,2
MeFGeometry.o,MeFGeometryCreateCopy,173,47,true,false,false,false,true,false,1
MeFGeometry.o,MeFGeometryDestroy,121,26,true,false,false,false,true,false,1
MeFGeometry.o,MeFGeometryGetName,10,6,true,false,false,false,false,false,0
MeFGeometry.o,MeFGeometryGetGraphicHint,11,6,true,false,false,false,false,false,0
MeFGeometry.o,MeFGeometryGetGraphicScale,11,6,true,false,false,false,false,false,0
MeFGeometry.o,MeFGeometryGetGraphicOffset,31,9,true,false,false,false,false,false,0
MeFGeometry.o,MeFGeometryInitPrimitiveIterator,18,7,true,false,false,false,false,false,0
MeFGeometry.o,MeFGeometryGetPrimitive,17,11,true,false,false,false,true,false,0
MeFGeometry.o,MeFGeometryGetPrimitiveCount,11,6,true,false,false,false,false,false,0
MeFGeometry.o,MeFGeometrySetGraphicHint,18,9,true,false,false,false,false,false,1
MeFGeometry.o,MeFGeometrySetGraphicScale,14,7,true,false,false,false,false,false,0
MeFGeometry.o,MeFGeometrySetGraphicOffset,29,9,true,false,false,false,false,false,0
MeFGeometry.o,MeFGeometryScale,106,27,true,false,false,false,true,false,0
MeFGeometry.o,MeFGeometryScaleNoGraphic,60,23,true,false,false,false,true,false,0
IxBoxPlane.o,McdBoxPlaneIntersect,1080,119,true,false,false,false,true,false,1
IxBoxPlane.o,McdBoxPlaneSafeTime,308,55,true,false,false,false,true,false,0
IxBoxPlane.o,McdBoxPlaneRegisterInteraction,74,17,true,false,false,false,false,false,1
IxBoxPlane.o,McdVanillaBoxPlaneIntersect,4370,396,true,false,false,false,true,false,0
IxBoxPlane.o,McdVanillaSegmentPlaneIntersect,153,41,true,false,false,false,true,false,0
MePoolx.o,MePoolxGetZeroed,96,31,true,false,false,false,true,false,0
MePoolx.o,MePoolxInit,46,12,true,false,false,false,false,true,0
MePoolx.o,MePoolxGet,70,26,true,false,false,false,true,false,0
MePoolx.o,MePoolxPut,36,13,true,false,false,false,true,false,0
MePoolx.o,MePoolxUseWithDict,32,9,true,false,false,false,false,false,1
MePoolx.o,MePoolxDictNodeAllocate,70,26,true,false,false,false,true,true,0
MePoolx.o,MePoolxDictNodeDeallocate,36,13,true,false,false,false,true,true,0
McduDebugDraw.o,McduDebugDrawAABB,494,49,true,false,false,false,true,false,1
McduDebugDraw.o,McduDebugDrawModel,118,22,true,false,false,false,true,false,0
McduDebugDraw.o,McduDebugDrawSpace,202,40,true,false,false,false,false,false,0
MeMessage.o,MeInfo,28,10,true,false,false,false,true,false,1
MeMessage.o,MeLog,28,10,true,false,false,false,true,false,1
MeMessage.o,MeWarning,28,10,true,false,false,false,true,false,1
MeMessage.o,MeFatalError,28,10,true,false,false,false,true,false,1
MeMessage.o,MeDebug,28,10,true,false,false,false,true,false,1
MeMessage.o,MeDebugF,26,10,true,false,false,false,true,false,1
MeMessage.o,MeShowStdout,49,11,true,false,false,false,false,false,2
MeMessage.o,MeShowStderr,49,11,true,false,false,false,false,false,2
MeMessage.o,MeHandlerInfo,99,14,true,false,false,false,false,false,0
MeMessage.o,MeHandlerLog,96,14,true,false,false,false,false,false,0
MeMessage.o,MeHandlerWarning,99,14,true,false,false,false,false,false,0
MeMessage.o,MeHandlerFatalError,88,13,true,false,false,false,false,false,1
MeMessage.o,MeHandlerDebug,99,14,true,false,false,false,false,false,0
MeMessage.o,MeSetInfoShow,19,11,true,false,false,false,true,false,0
MeMessage.o,MeSetLogShow,19,11,true,false,false,false,true,false,0
MeMessage.o,MeSetWarningShow,19,11,true,false,false,false,true,false,0
MeMessage.o,MeSetFatalErrorShow,19,11,true,false,false,false,true,false,0
MeMessage.o,MeSetDebugShow,19,11,true,false,false,false,true,false,0
MeMessage.o,MeSetInfoHandler,19,11,true,false,false,false,true,false,0
MeMessage.o,MeSetLogHandler,19,11,true,false,false,false,true,false,0
MeMessage.o,MeSetWarningHandler,19,11,true,false,false,false,true,false,0
MeMessage.o,MeSetFatalErrorHandler,19,11,true,false,false,false,true,false,0
MeMessage.o,MeSetDebugHandler,19,11,true,false,false,false,true,false,0
MeMessage.o,MeShortenPath,61,16,true,false,false,false,true,false,0
MeXMLTree.o,PElementGetAttributeValue,64,24,true,false,false,false,true,false,0
MeXMLTree.o,PElementCompareAttributes,59,16,true,false,false,false,true,false,0
MeXMLTree.o,PElementGetNext,114,39,true,false,false,false,true,false,1
MeXMLTree.o,PElementLookup,173,49,true,false,false,false,true,true,1
MeXMLTree.o,PElementCreate,246,63,true,false,false,false,true,false,1
MeXMLTree.o,PElementDestroy,120,26,true,false,false,false,true,false,1
MeXMLTree.o,PElementDestroyChildren,160,38,true,false,false,false,true,false,1
MeXMLTree.o,PElementAddAttribute,145,34,true,false,false,false,true,false,1
MeXMLTree.o,PElementParseAttributes,364,78,true,false,false,false,true,false,1
MeXMLTree.o,PElementInsert,60,21,true,false,false,false,true,false,1
MeXMLTree.o,PElementFind,80,27,true,false,false,false,true,true,0
MeXMLTree.o,PElementTraverseAll,101,26,true,false,false,false,true,true,0
MeXMLTree.o,PElementInitIterator,35,15,true,false,false,false,true,false,1
MeXMLTree.o,PElementIteratorDestroy,43,19,true,false,false,false,true,false,1
IxCylinderTriList.o,McdCylinderTriangleListIntersect,2252,274,true,false,false,false,true,true,0
IxCylinderTriList.o,McdCylinderTriangleListRegisterInteraction,74,17,true,false,false,false,false,false,1
IxCylinderTriList.o,MeVector3Normalize,120,32,true,false,false,false,true,false,0
IxCylinderTriList.o,McdVanillaOverlapCylTri,3599,361,true,false,false,false,true,false,0
IxCylinderTriList.o,McdVanillaSegmentCylinderIntersect,903,139,true,false,false,false,true,false,0
IxCylinderTriList.o,McdVanillaAddTriCylSegmentPoints,1866,137,true,false,false,false,true,false,0
MdtConeLimit.o,MdtConeLimitCreate,162,32,true,false,false,false,true,false,1
MdtConeLimit.o,MdtConeLimitReset,91,17,true,false,false,false,false,false,0
MdtConeLimit.o,MdtConeLimitQuaConstraint,8,6,true,false,false,false,false,false,0
MdtConeLimit.o,MdtConstraintDCastConeLimit,26,6,true,false,false,false,false,false,0
MdtConeLimit.o,MdtConeLimitSetConeHalfAngle,25,12,true,false,false,false,true,false,0
MdtConeLimit.o,MdtConeLimitGetConeHalfAngle,14,6,true,false,false,false,false,false,0
MdtConeLimit.o,MdtConeLimitSetStiffness,17,7,true,false,false,false,false,false,0
MdtConeLimit.o,MdtConeLimitGetStiffness,14,6,true,false,false,false,false,false,0
MdtConeLimit.o,MdtConeLimitSetDamping,17,7,true,false,false,false,false,false,0
MdtConeLimit.o,MdtConeLimitGetDamping,14,6,true,false,false,false,false,false,0
McdPlane.o,McdPlaneGetTypeId,10,8,true,false,false,false,false,false,1
McdPlane.o,McdPlaneRegisterType,59,11,true,false,false,false,false,false,1
McdPlane.o,McdPlaneCreate,51,16,true,false,false,false,true,false,2
McdPlane.o,McdPlaneDestroy,9,9,true,false,false,false,false,false,1
McdPlane.o,McdPlaneUpdateAABB,668,110,true,false,false,false,true,false,0
McdPlane.o,McdPlaneGetBSphere,30,10,true,false,false,false,false,false,0
McdPlane.o,McdPlaneMaximumPoint,140,29,true,false,false,false,true,false,0
McdPlane.o,McdPlaneGetMassProperties,186,31,true,false,false,false,false,false,0
McdPlane.o,McdPlaneGetNormal,54,18,true,false,false,false,true,false,0
McdPlane.o,McdPlaneGetDistanceToPoint,113,18,true,false,false,false,false,false,0
McdPlane.o,McdPlaneDebugDraw,48,12,true,false,false,false,false,false,1
MeAssetFactoryCreateFuncs.o,McdModelCreateFromMeFAssetPart,1136,142,true,false,false,false,true,true,1
MeAssetFactoryCreateFuncs.o,MdtConstraintCreateFromMeFJoint,4901,485,true,false,false,false,true,false,0
MdtSpring.o,MdtSpringCreate,206,40,true,false,false,false,true,false,1
MdtSpring.o,MdtSpringReset,135,25,true,false,false,false,true,false,0
MdtSpring.o,MdtSpringQuaConstraint,8,6,true,false,false,false,false,false,0
MdtSpring.o,MdtConstraintDCastSpring,26,6,true,false,false,false,false,false,0
MdtSpring.o,MdtSpringGetPosition,60,18,true,false,false,false,false,false,0
MdtSpring.o,MdtSpringGetLimit,13,8,true,false,false,false,false,false,1
MdtSpring.o,MdtSpringSetPosition,98,23,true,false,false,false,false,false,0
MdtSpring.o,MdtSpringSetLimit,134,26,true,false,false,false,true,false,0
MdtSpring.o,MdtSpringSetNaturalLength,23,9,true,false,false,false,true,false,0
MdtSpring.o,MdtSpringSetStiffness,23,9,true,false,false,false,true,false,0
MdtSpring.o,MdtSpringSetDamping,23,9,true,false,false,false,true,false,0
MeIDPool.o,MeIDPoolRequestID,573,153,true,false,false,false,true,false,2
MeIDPool.o,MeIDPoolReset,50,10,true,false,false,false,true,false,0
MeIDPool.o,MeIDPoolCreate,69,20,true,false,false,false,true,false,2
MeIDPool.o,MeIDPoolCopy,92,28,true,false,false,false,false,false,1
MeIDPool.o,MeIDPoolIsEmpty,193,44,true,false,false,false,true,false,6
MeIDPool.o,MeIDPoolReturnID,68,24,true,false,false,false,true,false,0
MeIDPool.o,MeIDPoolDestroy,35,10,true,false,false,false,false,false,1
keaMatrix.o,writebackMatrixChol,5,8,true,false,false,false,false,false,0
keaMatrix.o,prefetchMatrixChol,5,8,true,false,false,false,false,false,0
MdtPartition.o,MdtUpdatePartitions,1584,293,true,false,false,false,true,true,1
MdtPartition.o,FindNextUnadded,57,14,true,false,false,false,true,false,0
MdtPartition.o,MdtPartOutCreateFromChunk,123,39,true,false,false,false,true,false,0
MdtPartition.o,MdtPartInfoReset,28,9,true,false,false,false,false,false,0
MdtPartition.o,MdtPartInfoAddConstraint,75,21,true,false,false,false,true,false,0
McdConvexRegistration.o,McdConvexMeshPrimitivesRegisterInteractions,84,14,true,false,false,false,false,false,0
MePool.o,MePoolFixedInit,210,50,true,false,false,false,true,false,1
MePool.o,MePoolFixedDestroy,74,18,true,false,false,false,true,false,1
MePool.o,MePoolFixedReset,40,21,true,false,false,false,true,false,0
MePool.o,MePoolFixedGetStruct,39,21,true,false,false,false,true,false,1
MePool.o,MePoolFixedPutStruct,33,15,true,false,false,false,true,false,0
MePool.o,MePoolFixedGetUsed,14,9,true,false,false,false,true,false,1
MePool.o,MePoolFixedGetUnused,19,9,true,false,false,false,true,false,1
MePool.o,MePoolMallocInit,42,12,true,false,false,false,true,false,0
MePool.o,MePoolMallocDestroy,38,10,true,false,false,false,true,false,0
MePool.o,MePoolMallocReset,27,10,true,false,false,false,true,false,1
MePool.o,MePoolMallocGetStruct,83,31,true,false,false,false,true,true,1
MePool.o,MePoolMallocPutStruct,62,23,true,false,false,false,true,false,1
MePool.o,MePoolMallocGetUsed,11,7,true,false,false,false,true,false,0
MePool.o,MePoolMallocGetUnused,16,7,true,false,false,false,true,false,0
mesffnmin.o,f1d,370,105,true,false,false,false,true,false,0
mesffnmin.o,df1d,532,162,true,false,false,false,true,false,0
mesffnmin.o,mnbrak,644,109,true,false,false,false,true,false,0
mesffnmin.o,dbrent,1312,198,true,false,false,false,true,false,0
mesffnmin.o,LineFnMinNd,610,162,true,false,false,false,true,false,0
mesffnmin.o,FnMin1d,94,18,true,false,false,false,false,false,0
mesffnmin.o,FnMinNd,1593,484,true,false,false,false,true,false,1
MeXMLOutput.o,MeXMLWriteElement,234,43,true,false,false,false,true,false,0
MeXMLOutput.o,MeXMLWritePCDATA,127,30,true,false,false,false,true,false,0
MeXMLOutput.o,MeXMLWriteComment,141,30,true,false,false,false,true,false,0
MeXMLOutput.o,pushTag,189,46,true,false,false,false,true,false,1
MeXMLOutput.o,closeTag,144,29,true,false,false,false,true,false,1
MeXMLOutput.o,newLine,76,17,true,false,false,false,true,false,0
MeXMLOutput.o,MeXMLOutputCreate,37,15,true,false,false,false,true,false,1
MeXMLOutput.o,MeXMLOutputDestroy,51,16,true,false,false,false,false,false,1
McdConvexMeshMassProps.o,McdConvexMeshGetMassProperties,368,70,true,false,false,false,true,false,0
McdConvexMeshMassProps.o,compVolumeIntegrals,2240,238,true,false,false,false,true,false,1
McdSphere.o,McdSphereGetTypeId,10,8,true,false,false,false,false,false,1
McdSphere.o,McdSphereRegisterType,59,11,true,false,false,false,false,false,1
McdSphere.o,McdSphereCreate,57,17,true,false,false,false,true,false,1
McdSphere.o,McdSphereSetRadius,14,8,true,false,false,false,true,false,0
McdSphere.o,McdSphereGetRadius,11,6,true,false,false,false,false,false,0
McdSphere.o,McdSphereDestroy,9,9,true,false,false,false,false,false,1
McdSphere.o,McdSphereUpdateAABB,336,61,true,false,false,false,true,false,0
McdSphere.o,McdSphereGetBSphere,32,11,true,false,false,false,true,false,0
McdSphere.o,McdSphereMaximumPoint,126,28,true,false,false,false,true,false,0
McdSphere.o,McdSphereGetMassProperties,245,43,true,false,false,false,true,false,0
McdSphere.o,McdSphereDebugDraw,389,45,true,false,false,false,true,false,1
MeFGeometryFromMesh.o,MeFGeometryCreateFromASE,737,208,true,false,false,false,true,true,5
MeFGeometryFromMesh.o,MeFSphereCreateFromMesh,1271,191,true,false,false,false,true,false,1
MeFGeometryFromMesh.o,MeFBoxCreateFromMesh,2270,378,true,false,false,false,true,true,1
MeFGeometryFromMesh.o,MeFCylinderCreateFromMesh,3289,526,true,false,false,false,true,true,1
MeFGeometryFromMesh.o,MeFConvexCreateFromMesh,365,89,true,false,false,false,true,true,0
MeFGeometryFromMesh.o,MeMesh2AABB,462,80,true,false,false,false,true,false,0
MeFGeometryFromMesh.o,name2Type,190,82,true,false,false,false,false,true,1
MeFGeometryFromMesh.o,PointInsideConvex,579,107,true,false,false,false,true,false,0
MeAssetFactory.o,MeAssetInstanceCreate,1282,432,true,false,false,false,true,true,1
MeAssetFactory.o,MeAssetInstanceDestroy,381,57,true,false,false,false,true,false,1
MeAssetFactory.o,MeAssetFactoryCreate,94,24,true,false,false,false,true,false,2
MeAssetFactory.o,MeAssetFactoryDestroy,34,10,true,false,false,false,false,false,1
MeAssetFactory.o,MeAssetFactorySetGeometryPostCreateCB,20,9,true,false,false,false,false,false,0
MeAssetFactory.o,MeAssetFactorySetModelCreateFunction,14,7,true,false,false,false,false,false,0
MeAssetFactory.o,MeAssetFactorySetModelPostCreateCB,20,8,true,false,false,false,false,false,0
MeAssetFactory.o,MeAssetFactorySetJointCreateFunction,14,7,true,false,false,false,false,false,0
MeAssetFactory.o,MeAssetFactorySetJointPostCreateCB,20,8,true,false,false,false,false,false,0
MeAssetFactory.o,MeAssetInstanceGetGeometry,24,9,true,false,false,false,false,false,0
MeAssetFactory.o,MeAssetInstanceGetModel,24,9,true,false,false,false,false,false,0
MeAssetFactory.o,MeAssetInstanceGetJoint,24,9,true,false,false,false,false,false,0
MeAssetFactory.o,MeAssetInstanceInitGeometryIterator,24,7,true,false,false,false,false,false,0
MeAssetFactory.o,MeAssetInstanceGetNextGeometry,9,11,true,false,false,false,false,false,1
MeAssetFactory.o,MeAssetInstanceInitModelIterator,24,7,true,false,false,false,false,false,0
MeAssetFactory.o,MeAssetInstanceGetNextModel,9,11,true,false,false,false,false,false,1
MeAssetFactory.o,MeAssetInstanceInitJointIterator,24,7,true,false,false,false,false,false,0
MeAssetFactory.o,MeAssetInstanceGetNextJoint,9,11,true,false,false,false,false,false,1
MeAssetFactory.o,MeAssetInstanceEnableDynamics,5,8,true,false,false,false,false,false,1
MeAssetFactory.o,MeAssetInstanceDisableDynamics,5,8,true,false,false,false,false,false,1
MeAssetFactory.o,MeAssetInstanceGetUserData,11,6,true,false,false,false,false,false,0
MeAssetFactory.o,MeAssetInstanceSetUserData,14,7,true,false,false,false,false,false,0
McdModelPairManager.o,McdModelPairManagerHashCreate,112,34,true,false,false,false,true,false,1
McdModelPairManager.o,McdModelPairManagerHashDestroy,38,10,true,false,false,false,false,false,1
McdModelPairManager.o,McdModelPairManagerCreate,130,26,true,false,false,false,true,false,1
McdModelPairManager.o,McdModelPairManagerDestroy,95,18,true,false,false,false,false,false,1
McdModelPairManager.o,McdModelPairManagerGetTransitions,237,74,true,false,false,false,true,true,0
McdModelPairManager.o,McdModelPairManagerGetPairs,213,61,true,false,false,false,true,true,0
McdModelPairManager.o,McdModelPairManagerGetPair,115,39,true,false,false,false,true,false,0
McdModelPairManager.o,McdModelPairManagerActivate,312,71,true,false,false,false,true,false,2
McdModelPairManager.o,McdModelPairManagerDeactivate,306,76,true,false,false,false,true,false,1
McdModelPairManager.o,McdModelPairManagerFlush,180,49,true,false,false,false,true,false,1
McdModelPairManager.o,McdModelPairManagerGetSize,45,13,true,false,false,false,false,false,1
McdModelPairManager.o,McdModelPairManagerSetPoolFullHandler,14,8,true,false,false,false,false,false,0
McdModelPairManager.o,McdModelPairManagerGetPoolFullHandler,11,6,true,false,false,false,false,false,0
McdModelPairManager.o,McdModelPairManagerHashGetNext,87,33,true,false,false,false,true,false,0
MstModelDynamics.o,McdModelSetBody,429,72,true,false,false,false,true,false,0
MstModelDynamics.o,McdModelGetBody,11,6,true,false,false,false,false,false,0
MstModelDynamics.o,McdModelDynamicsReset,117,15,true,false,false,false,false,false,0
MstModelDynamics.o,transferContactGroups,387,85,true,false,false,false,true,false,0
MdtBcl.o,MdtBclInitConstraintRowList,35,10,true,false,false,false,false,false,0
MdtBcl.o,MdtBclEndPartition,191,47,true,false,false,false,false,false,0
MdtBcl.o,MdtBclStartPartition,44,9,true,false,false,false,false,false,0
MdtBcl.o,MdtBclDotJ,116,22,true,false,false,false,true,false,0
MdtBcl.o,MdtBclEndConstraint,1398,106,true,false,false,false,true,false,1
MdtBcl.o,MdtBclAddSphericalRowsWorld,1974,253,true,false,false,false,true,true,0
MdtBcl.o,MdtBclAddBSJoint,577,87,true,false,false,false,true,false,1
MdtBcl.o,MdtBclAddContact,3404,370,true,false,false,false,true,true,1
MdtBcl.o,MdtBclAddContactGroup,199,38,true,false,false,false,true,true,0
MdtBcl.o,MdtBclAddHinge,4285,457,true,false,false,false,true,true,0
MdtBcl.o,MdtBclAddPrismatic,6297,651,true,false,false,false,true,true,0
MdtBcl.o,MdtBclAddCarWheel,7222,710,true,false,false,false,true,true,0
MdtBcl.o,MdtBclAddFixedPath,2146,228,true,false,false,false,true,true,0
MdtBcl.o,MdtBclAddUniversal,2502,280,true,false,false,false,true,true,0
MdtBcl.o,MdtBclAddSkeletal,7692,797,true,false,false,false,true,true,1
MdtBcl.o,MdtBclAddLinear1,1364,181,true,false,false,false,true,true,1
MdtBcl.o,MdtBclAddLinear2,2183,250,true,false,false,false,true,true,1
MdtBcl.o,MdtBclAddAngular3,5322,482,true,false,false,false,true,true,1
MdtBcl.o,MdtBclAddSpring6,4973,544,true,false,false,false,true,true,1
MdtBcl.o,MdtBclAddSpring,2006,229,true,false,false,false,true,true,1
MdtBcl.o,MdtBclAddConeLimit,2561,316,true,false,false,false,true,true,0
MdtBcl.o,MdtBclAddSphericalRows,2034,244,true,false,false,false,true,true,0
MdtBcl.o,MdtBclAddRPROJoint,7343,703,true,false,false,false,true,true,1
MdtBcl.o,FUN_00020000,143,360,true,true,false,false,false,true,0
MdtBcl.o,FUN_00020030,1,351,true,true,false,false,false,true,0
MdtBcl.o,FUN_000200f0,1,9,true,false,true,false,false,false,2
MdtBcl.o,FUN_00020120,1,9,true,false,true,false,false,false,2
MdtBcl.o,FUN_000201a0,92,348,true,true,false,false,false,true,0
MdtBcl.o,MeVector3Normalize,120,32,true,false,false,false,true,false,0
MdtBcl.o,MeMatrixMultiply,313,101,true,false,false,false,true,false,1
MdtBcl.o,MeMatrix4MultiplyMatrix,176,29,true,false,false,false,true,false,0
MdtBcl.o,MyMultiplyT2,300,101,true,false,false,false,true,false,1
MdtBcl.o,LimitSingleAxis,196,30,true,false,false,false,true,false,0
MdtBcl.o,FUN_00020720,1,9,true,true,false,false,false,false,0
MdtBcl.o,ActuateJointAxes,871,82,true,false,false,false,true,false,0
MdtBcl.o,CalculateLimitPositionAndOvershoot,307,50,true,false,false,false,true,false,0
MdtBcl.o,MdtContactWriteRow,642,70,true,false,false,false,true,false,0
MdtBcl.o,FUN_00020ee0,8,52,true,false,false,false,false,true,0
MdtBcl.o,SetLimitFactors,272,42,true,false,false,false,true,false,0
MdtBcl.o,FUN_00021130,1,323,true,false,false,false,false,true,1
MdtCarWheel.o,MdtCarWheelCreate,326,45,true,false,false,false,true,false,1
MdtCarWheel.o,MdtCarWheelReset,254,30,true,false,false,false,true,false,0
MdtCarWheel.o,MdtCarWheelQuaConstraint,8,6,true,false,false,false,false,false,0
MdtCarWheel.o,MdtConstraintDCastCarWheel,26,6,true,false,false,false,false,false,0
MdtCarWheel.o,MdtCarWheelGetSteeringAngle,160,20,true,false,false,false,true,false,0
MdtCarWheel.o,MdtCarWheelGetSteeringAngleRate,115,17,true,false,false,false,true,false,0
MdtCarWheel.o,MdtCarWheelGetSteeringAxis,34,7,true,false,false,false,false,false,0
MdtCarWheel.o,MdtCarWheelGetHingeAngle,152,20,true,false,false,false,true,false,0
MdtCarWheel.o,MdtCarWheelGetHingeAngleRate,115,17,true,false,false,false,true,false,0
MdtCarWheel.o,MdtCarWheelGetHingeAxis,34,7,true,false,false,false,false,false,0
MdtCarWheel.o,MdtCarWheelGetSuspensionHeight,115,17,true,false,false,false,true,false,0
MdtCarWheel.o,MdtCarWheelGetSuspensionRate,240,23,true,false,false,false,true,false,0
MdtCarWheel.o,MdtCarWheelGetSteeringMotorDesiredVelocity,14,6,true,false,false,false,false,false,0
MdtCarWheel.o,MdtCarWheelGetSteeringMotorMaxForce,14,6,true,false,false,false,false,false,0
MdtCarWheel.o,MdtCarWheelIsSteeringLocked,14,6,true,false,false,false,false,false,0
MdtCarWheel.o,MdtCarWheelGetHingeMotorDesiredVelocity,14,6,true,false,false,false,false,false,0
MdtCarWheel.o,MdtCarWheelGetHingeMotorMaxForce,14,6,true,false,false,false,false,false,0
MdtCarWheel.o,MdtCarWheelGetSuspensionHighLimit,14,6,true,false,false,false,false,false,0
MdtCarWheel.o,MdtCarWheelGetSuspensionLowLimit,14,6,true,false,false,false,false,false,0
MdtCarWheel.o,MdtCarWheelGetSuspensionLimitSoftness,14,6,true,false,false,false,false,false,0
MdtCarWheel.o,MdtCarWheelGetSuspensionReference,14,6,true,false,false,false,false,false,0
MdtCarWheel.o,MdtCarWheelGetSuspensionKp,14,6,true,false,false,false,false,false,0
MdtCarWheel.o,MdtCarWheelGetSuspensionKd,14,6,true,false,false,false,false,false,0
MdtCarWheel.o,MdtCarWheelSetSteeringLimitedForceMotor,26,9,true,false,false,false,false,false,0
MdtCarWheel.o,MdtCarWheelSetSteeringLock,17,7,true,false,false,false,false,false,0
MdtCarWheel.o,MdtCarWheelSetHingeLimitedForceMotor,26,8,true,false,false,false,false,false,0
MdtCarWheel.o,MdtCarWheelSetSuspension,62,14,true,false,false,false,false,false,0
MeProfile_linux.o,MeProfileGetTimerValue,57,17,true,false,false,false,true,true,0
MeProfile_linux.o,MeProfileStartHardwareTimer,77,20,true,false,false,false,true,true,2
MeProfile_linux.o,MeProfileStopHardwareTimer,7,8,true,false,false,false,false,false,1
MeProfile_linux.o,MeProfileCreateHardwareTimer,25,10,true,false,false,false,false,false,1
MeProfile_linux.o,MeProfileDestroyHardwareTimer,7,8,true,false,false,false,false,false,1
MeProfile_linux.o,GetOutputInfo,129,28,true,false,false,false,true,true,2
MdtContact.o,MdtContactCreate,335,49,true,false,false,false,true,false,1
MdtContact.o,MdtContactReset,244,32,true,false,false,false,true,false,0
MdtContact.o,MdtContactQuaConstraint,8,6,true,false,false,false,false,false,0
MdtContact.o,MdtConstraintDCastContact,26,6,true,false,false,false,false,false,0
MdtContact.o,MdtContactGetPosition,37,9,true,false,false,false,false,false,0
MdtContact.o,MdtContactGetNormal,37,9,true,false,false,false,false,false,0
MdtContact.o,MdtContactGetPenetration,14,6,true,false,false,false,false,false,0
MdtContact.o,MdtContactGetDirection,37,9,true,false,false,false,false,false,0
MdtContact.o,MdtContactGetWorldVelocity,37,9,true,false,false,false,false,false,0
MdtContact.o,MdtContactGetParams,13,8,true,false,false,false,false,false,1
MdtContact.o,MdtContactGetNext,14,6,true,false,false,false,false,false,0
MdtContact.o,MdtContactGetContactGroup,14,6,true,false,false,false,false,false,0
MdtContact.o,MdtContactGetRelativeVelocity,227,39,true,false,false,false,true,false,1
MdtContact.o,MdtContactSetPosition,35,9,true,false,false,false,false,false,0
MdtContact.o,MdtContactSetNormal,35,9,true,false,false,false,false,false,0
MdtContact.o,MdtContactSetPenetration,17,7,true,false,false,false,false,false,0
MdtContact.o,MdtContactSetParams,29,15,true,false,false,false,false,false,0
MdtContact.o,MdtContactSetNext,17,7,true,false,false,false,false,false,0
MdtContact.o,MdtContactSetDirection,50,10,true,false,false,false,false,false,0
MdtContact.o,MdtContactSetWorldVelocity,112,16,true,false,false,false,true,false,0
MeFAssetPart.o,MeFAssetPartRename,117,21,true,false,false,false,true,false,0
MeFAssetPart.o,MeFAssetPartCreate,366,59,true,false,false,false,true,false,1
MeFAssetPart.o,MeFAssetPartCreateCopy,227,41,true,false,false,false,true,false,1
MeFAssetPart.o,MeFAssetPartDestroy,94,17,true,false,false,false,false,false,1
MeFAssetPart.o,MeFAssetPartGetName,10,6,true,false,false,false,false,false,0
MeFAssetPart.o,MeFAssetPartGetModelName,11,6,true,false,false,false,false,false,0
MeFAssetPart.o,MeFAssetPartGetModel,26,10,true,false,false,false,true,false,0
MeFAssetPart.o,MeFAssetPartGetGeometry,74,21,true,false,false,false,true,false,0
MeFAssetPart.o,MeFAssetPartGetTransformPtr,11,8,true,false,false,false,false,false,1
MeFAssetPart.o,MeFAssetPartGetPosition,31,9,true,false,false,false,false,false,0
MeFAssetPart.o,MeFAssetPartGetGraphicHint,11,6,true,false,false,false,false,false,0
MeFAssetPart.o,MeFAssetPartGetGraphicScale,11,6,true,false,false,false,false,false,0
MeFAssetPart.o,MeFAssetPartGetGraphicOffset,31,9,true,false,false,false,false,false,0
MeFAssetPart.o,MeFAssetPartGetParentPart,49,14,true,false,false,false,true,false,0
MeFAssetPart.o,MeFAssetPartGetParentPartName,11,6,true,false,false,false,false,false,0
MeFAssetPart.o,MeFAssetPartIsCollisionEnabled,96,36,true,false,false,false,true,false,0
MeFAssetPart.o,MeFAssetPartGetDisabledCollisionIndex,11,6,true,false,false,false,false,false,0
MeFAssetPart.o,MeFAssetPartSetGraphicHint,18,9,true,false,false,false,false,false,1
MeFAssetPart.o,MeFAssetPartSetGraphicScale,14,7,true,false,false,false,false,false,0
MeFAssetPart.o,MeFAssetPartScale,75,13,true,false,false,false,false,false,0
MeFAssetPart.o,MeFAssetPartSetGraphicOffset,29,9,true,false,false,false,false,false,0
MeFAssetPart.o,MeFAssetPartSetTransform,138,24,true,false,false,false,false,false,0
MeFAssetPart.o,MeFAssetPartSetPosition,29,9,true,false,false,false,false,false,0
MeFAssetPart.o,MeFAssetPartSetParentPart,39,13,true,false,false,false,false,false,0
MeFAssetPart.o,MeFAssetPartSetParentPartByName,18,9,true,false,false,false,false,false,1
MeFAssetPart.o,MeFAssetPartSetModel,32,10,true,false,false,false,false,false,0
MeFAssetPart.o,MeFAssetPartSetModelByName,18,9,true,false,false,false,false,false,1
MeFAssetPart.o,MeFAssetPartEnableCollision,122,48,true,false,false,false,true,false,1
MeFAssetPart.o,MeFAssetPartEnableAllCollisions,67,18,true,false,false,false,true,false,0
IxBoxTriList.o,McdBoxTriangleListIntersect,2058,265,true,false,false,false,true,true,0
IxBoxTriList.o,McdBoxTriangleListRegisterInteraction,74,17,true,false,false,false,false,false,1
IxBoxTriList.o,MeVector3Normalize,120,32,true,false,false,false,true,false,0
IxBoxTriList.o,McdVanillaOverlapOBBTri,2522,285,true,false,false,false,true,false,0
IxBoxTriList.o,McdVanillaBoxTriIntersect,1639,177,true,false,false,false,false,false,0
IxBoxTriList.o,McdVanillaSegmentCubeIntersect,496,75,true,false,false,false,true,false,0
IxBoxTriList.o,McdVanillaAddTriBoxSegmentPoints,1471,127,true,false,false,false,true,false,0
MeXMLParser.o,MeXMLParseUIntArray,405,82,true,false,false,false,true,true,1
MeXMLParser.o,MeXMLParseIntArray,405,82,true,false,false,false,true,true,1
MeXMLParser.o,MeXMLParseFloatArray,393,87,true,false,false,false,true,false,1
MeXMLParser.o,MeXMLParseMeRealArray,393,87,true,false,false,false,true,false,1
MeXMLParser.o,MeXMLParseDoubleArray,393,87,true,false,false,false,true,false,1
MeXMLParser.o,MeXMLParseStringArray,315,71,true,false,false,false,true,true,0
MeXMLParser.o,readToNextTag,523,95,true,false,false,false,true,false,2
MeXMLParser.o,MeXMLElementProcess,713,135,true,false,false,false,true,false,2
MeXMLParser.o,MeXMLInputSetErrorString,33,10,true,false,false,false,true,false,1
MeXMLParser.o,MeXMLHandlerWasCalled,58,21,true,false,false,false,true,false,0
MeXMLParser.o,MeXMLParseComma,108,28,true,false,false,false,false,false,0
MeXMLParser.o,MeXMLParseUInt,244,44,true,false,false,false,true,true,0
MeXMLParser.o,MeXMLParseInt,244,44,true,false,false,false,true,true,0
MeXMLParser.o,MeXMLParseFloat,244,44,true,false,false,false,true,false,0
MeXMLParser.o,MeXMLParseMeReal,244,44,true,false,false,false,true,false,0
MeXMLParser.o,MeXMLParseDouble,244,45,true,false,false,false,true,true,0
MeXMLParser.o,MeXMLParseString,53,10,true,false,false,false,true,false,0
MeXMLParser.o,MeXMLInputCreate,140,21,true,false,false,false,true,false,1
MeXMLParser.o,MeXMLInputDestroy,20,10,true,false,false,false,false,false,2
MeXMLParser.o,MeXMLInputSetUserData,17,7,true,false,false,false,false,false,0
MeXMLParser.o,MeXMLInputGetUserData,14,6,true,false,false,false,false,false,0
MeXMLParser.o,MeXMLInputGetErrorString,13,8,true,false,false,false,false,false,1
MeXMLParser.o,MeXMLInputProcess,65,21,true,false,false,false,false,true,0
MeXMLParser.o,MeXMLElementGetInput,14,6,true,false,false,false,false,false,0
MeXMLParser.o,MeXMLElementHandlerCreate,89,21,true,false,false,false,false,false,1
MeXMLParser.o,MeXMLElementHandlerDestroy,33,11,true,false,false,false,false,false,1
MeXMLParser.o,XMLChomp,192,47,true,false,false,false,true,false,0
MeXMLParser.o,readNextTag,401,79,true,false,false,false,true,false,0
McdGeometryInstance.o,McdGeometryInstanceReset,104,19,true,false,false,false,false,false,0
McdGeometryInstance.o,McdGeometryInstanceGetBSphere,151,18,true,false,false,false,true,false,0
McdGeometryInstance.o,McdGeometryInstanceSetGeometry,1012,201,true,false,false,false,true,true,2
McdGeometryInstance.o,McdGeometryInstanceGetGeometry,10,6,true,false,false,false,false,false,0
McdGeometryInstance.o,McdGeometryInstanceUpdateAABB,42,11,true,false,false,false,true,false,0
McdGeometryInstance.o,McdGeometryInstanceMaximumPoint,45,10,true,false,false,false,true,false,0
McdGeometryInstance.o,McdGeometryInstanceGetAABB,58,12,true,false,false,false,false,false,0
McdGeometryInstance.o,McdGeometryInstanceGetTransformPtr,11,6,true,false,false,false,false,false,0
McdGeometryInstance.o,McdGeometryInstanceSetTransformPtr,14,7,true,false,false,false,false,false,0
McdGeometryInstance.o,McdGeometryInstanceSetMaterial,14,7,true,false,false,false,false,false,0
McdGeometryInstance.o,McdGeometryInstanceGetMaterial,11,6,true,false,false,false,false,false,0
McdGeometryInstance.o,McdGeometryInstanceGetChild,126,52,true,false,false,false,true,false,0
McdGeometryInstance.o,McdGeometryInstanceOverlap,133,24,true,false,false,false,true,false,0
McdGeometryInstance.o,McdGeometryInstanceGetGeometryType,17,6,true,false,false,false,false,false,0
McdGeometryInstance.o,McdGeometryInstanceDestroy,87,27,true,false,false,false,true,true,1
keaPrintBasicTypes.o,printMeReal,44,10,true,false,false,false,false,false,1
keaPrintBasicTypes.o,printColMajorMat,334,61,true,false,false,false,true,false,0
keaPrintBasicTypes.o,printIntMat,307,66,true,false,false,false,true,false,0
keaPrintBasicTypes.o,printMat44,141,23,true,false,false,false,true,false,0
keaPrintBasicTypes.o,printMat46,175,25,true,false,false,false,true,false,0
keaPrintBasicTypes.o,printMat412,193,35,true,false,false,false,true,false,1
keaPrintBasicTypes.o,printIntVec,236,46,true,false,false,false,true,true,0
keaPrintBasicTypes.o,printVec4,127,13,true,false,false,false,true,false,0
keaPrintBasicTypes.o,printVec3,95,12,true,false,false,false,true,false,0
keaPrintBasicTypes.o,printVec,286,51,true,false,false,false,true,false,0
keaPrintBasicTypes.o,printPtr,31,9,true,false,false,false,false,false,1
keaPrintBasicTypes.o,printInvMassMatrix,237,24,true,false,false,false,true,false,1
keaPrintBasicTypes.o,printInvMassMatrixArray,351,49,true,false,false,false,true,false,1
keaPrintBasicTypes.o,printMdtKeaForcePairArray,341,40,true,false,false,false,true,false,0
keaPrintBasicTypes.o,printMdtKeaBl2CBodyRowArray,191,28,true,false,false,false,true,true,0
keaPrintBasicTypes.o,printMdtKeaBl2BodyRowArray,191,28,true,false,false,false,true,true,0
keaPrintBasicTypes.o,printMdtKeaJBlockPairArray,307,51,true,false,false,false,true,false,0
keaPrintBasicTypes.o,printMdtKeaVelocityArray,220,30,true,false,false,false,true,false,0
keaPrintBasicTypes.o,printHalfWallpaperMatrix,266,49,true,false,false,false,true,false,0
keaPrintBasicTypes.o,printPS2SparseMatrix,616,93,true,false,false,false,true,false,0
keaPrintBasicTypes.o,putchar,26,12,true,false,false,false,false,false,2
IxCylinderCylinder.o,CylCylIntersect,5164,401,true,false,false,false,true,false,0
IxCylinderCylinder.o,EndCapMin,167,29,true,false,false,false,true,false,0
IxCylinderCylinder.o,EndCapMinGrad,281,40,true,false,false,false,true,false,0
IxCylinderCylinder.o,OverlapCylCyl,10856,937,true,false,false,false,true,false,1
IxCylinderCylinder.o,McdCylinderCylinderIntersect,1181,128,true,false,false,false,true,false,1
IxCylinderCylinder.o,McdCylinderCylinderSafeTime,312,59,true,false,false,false,true,false,0
IxCylinderCylinder.o,McdCylinderCylinderRegisterInteraction,74,17,true,false,false,false,false,false,1
IxCylinderCylinder.o,McdVanillaSegmentCylinderIntersect,903,139,true,false,false,false,true,false,0
IxCylinderCylinder.o,CylPerpAndPara,522,79,true,false,false,false,true,false,0
MdtUniversal.o,MdtUniversalCreate,122,28,true,false,false,false,true,false,1
MdtUniversal.o,MdtUniversalReset,51,13,true,false,false,false,false,false,0
MdtUniversal.o,MdtUniversalQuaConstraint,8,6,true,false,false,false,false,false,0
MdtUniversal.o,MdtConstraintDCastUniversal,26,6,true,false,false,false,false,false,0
keaFunctions.o,platformInit,5,8,true,false,false,false,false,false,0
McdPolygonIntersection.o,McdEqual2D,114,15,true,false,false,false,true,false,0
McdPolygonIntersection.o,McdSubtract2D,42,8,true,false,false,false,false,false,0
McdPolygonIntersection.o,McdAdd2D,42,8,true,false,false,false,false,false,0
McdPolygonIntersection.o,McdCross2D,37,6,true,false,false,false,false,false,0
McdPolygonIntersection.o,McdPolyPointCompare0,50,15,true,false,false,false,true,false,0
McdPolygonIntersection.o,McdPolyPointCompare1,52,17,true,false,false,false,true,false,0
McdPolygonIntersection.o,McdPolyPointCompare2,52,17,true,false,false,false,true,false,0
McdPolygonIntersection.o,McdPolygonBestAxis,124,16,true,false,false,false,true,false,0
McdPolygonIntersection.o,McdPolygonSort,711,136,true,false,false,false,true,false,1
McdPolygonIntersection.o,McdAddPoint,313,42,true,false,false,false,true,false,0
McdPolygonIntersection.o,McdPolygonContainsPoint,189,45,true,false,false,false,true,false,0
McdPolygonIntersection.o,McdPolygonIntersection,1957,233,true,false,false,false,true,false,1
MeHash.o,MeHashStringCompare,9,11,true,false,false,false,true,false,0
MeHash.o,MeHashInsert,267,65,true,false,false,false,true,false,1
MeHash.o,MeHashDelete,175,49,true,false,false,false,true,false,1
MeHash.o,MeHashGetDatum,128,43,true,false,false,false,false,false,0
MeHash.o,MeHashString,53,18,true,false,false,false,true,false,0
MeHash.o,MeHashInt,15,6,true,false,false,false,false,false,0
MeHash.o,MeHashIntCompare,19,6,true,false,false,false,false,false,0
MeHash.o,MeHashCreate,148,35,true,false,false,false,true,false,1
MeHash.o,MeHashDestroy,399,72,true,false,false,false,true,false,2
MeHash.o,MeHashReset,375,70,true,false,false,false,true,false,2
MeHash.o,MeHashSetHashFunc,14,7,true,false,false,false,false,false,0
MeHash.o,MeHashSetKeyCompareFunc,14,7,true,false,false,false,false,false,0
MeHash.o,MeHashSetKeyFreeFunc,14,7,true,false,false,false,false,false,0
MeHash.o,MeHashSetDatumFreeFunc,14,7,true,false,false,false,false,false,0
MeHash.o,MeHashLookup,79,24,true,false,false,false,true,false,0
MeHash.o,MeHashPopulation,11,6,true,false,false,false,false,false,0
MeHash.o,MeHashInitIterator,33,11,true,false,false,false,false,false,0
keaDebug.o,printKeaInput,5,9,true,false,false,false,false,false,1
keaDebug.o,printFactoriserInput,1207,102,true,false,false,false,true,false,2
keaDebug.o,printJlenandBl2BodyOutput,499,95,true,false,false,false,true,true,1
keaDebug.o,printCalcIworldNonInertialForceandVhmfInput,459,66,true,false,false,false,true,false,1
keaDebug.o,printCalcIworldNonInertialForceandVhmfOutput,356,56,true,false,false,false,true,false,1
keaDebug.o,printJinvMandrhsInput,337,40,true,false,false,false,false,false,0
keaDebug.o,printJinvMandrhsOutput,330,47,true,false,false,false,true,false,0
keaDebug.o,printCalculateConstraintForcesOutput,56,10,true,false,false,false,false,false,0
keaDebug.o,printCalcJinvMJTInput,1277,216,true,false,false,false,true,true,1
keaDebug.o,printFactoriseps2sparse_Output,268,72,true,false,false,false,true,false,0
keaDebug.o,printCalcJinvMJTps2sparse_Output,815,153,true,false,false,false,true,false,0
keaDebug.o,printLCPInitialSolveOutput,250,42,true,false,false,false,true,false,0
keaDebug.o,printSolvePCSparseSSEOutput,72,10,true,false,false,false,false,false,0
keaDebug.o,printCalcConstraintForcesInput,328,51,true,false,false,false,true,false,0
keaDebug.o,printMakeFromColMajorPSMInput,158,20,true,false,false,false,false,false,0
keaDebug.o,printMakeFromColMajorPSMOutput,611,112,true,false,false,false,true,false,0
keaDebug.o,printMakeFromColMajorPSMOutput_ps2smalldense,56,9,true,false,false,false,false,false,0
keaDebug.o,printMakeFromColMajorPSMOutput_ps2sparse,76,12,true,false,false,false,false,false,0
keaDebug.o,printFactoriserPS2SmallDenseOutput,56,9,true,false,false,false,false,false,0
keaDebug.o,printFactoriserPCSparseOutput,373,56,true,false,false,false,true,false,0
keaDebug.o,printPrinciplePivotTransformOutput,92,11,true,false,false,false,false,false,0
keaDebug.o,printGetFirstBadIndexInput,101,16,true,false,false,false,false,false,0
keaDebug.o,printSolveInput,75,10,true,false,false,false,false,false,0
keaDebug.o,printLCPOutput,31,9,true,false,false,false,false,false,1
keaDebug.o,putchar,26,12,true,false,false,false,false,false,2
MdtSkeletal.o,MdtSkeletalCreate,231,47,true,false,false,false,true,false,1
MdtSkeletal.o,MdtSkeletalReset,158,32,true,false,false,false,true,false,0
MdtSkeletal.o,MdtSkeletalQuaConstraint,8,6,true,false,false,false,false,false,0
MdtSkeletal.o,MdtConstraintDCastSkeletal,26,6,true,false,false,false,false,false,0
MdtSkeletal.o,MdtSkeletalGetConeOption,14,6,true,false,false,false,false,false,0
MdtSkeletal.o,MdtSkeletalGetConePrimaryLimitAngle,41,12,true,false,false,false,true,false,0
MdtSkeletal.o,MdtSkeletalGetConeSecondaryLimitAngle,41,12,true,false,false,false,true,false,0
MdtSkeletal.o,MdtSkeletalGetConeStiffness,14,6,true,false,false,false,false,false,0
MdtSkeletal.o,MdtSkeletalGetConeDamping,14,6,true,false,false,false,false,false,0
MdtSkeletal.o,MdtSkeletalGetTwistOption,14,6,true,false,false,false,false,false,0
MdtSkeletal.o,MdtSkeletalGetTwistLimitAngle,41,12,true,false,false,false,true,false,0
MdtSkeletal.o,MdtSkeletalGetTwistStiffness,14,6,true,false,false,false,false,false,0
MdtSkeletal.o,MdtSkeletalGetTwistDamping,14,6,true,false,false,false,false,false,0
MdtSkeletal.o,MdtSkeletalZeroTwist,920,108,true,false,false,false,true,false,0
MdtSkeletal.o,MdtSkeletalSetConeOption,17,7,true,false,false,false,false,false,0
MdtSkeletal.o,MdtSkeletalSetConePrimaryLimitAngle,25,11,true,false,false,false,true,false,0
MdtSkeletal.o,MdtSkeletalSetConeSecondaryLimitAngle,25,11,true,false,false,false,true,false,0
MdtSkeletal.o,MdtSkeletalSetConeStiffness,17,7,true,false,false,false,false,false,0
MdtSkeletal.o,MdtSkeletalSetConeDamping,17,7,true,false,false,false,false,false,0
MdtSkeletal.o,MdtSkeletalSetTwistOption,17,7,true,false,false,false,false,false,0
MdtSkeletal.o,MdtSkeletalSetTwistLimitAngle,25,11,true,false,false,false,true,false,0
MdtSkeletal.o,MdtSkeletalSetTwistStiffness,17,7,true,false,false,false,false,false,0
MdtSkeletal.o,MdtSkeletalSetTwistDamping,17,7,true,false,false,false,false,false,0
MdtSkeletal.o,MeVector3Normalize,120,32,true,false,false,false,true,false,0
McdAggregate.o,McdAggregateGetTypeId,10,8,true,false,false,false,false,false,1
McdAggregate.o,McdAggregateRegisterType,59,12,true,false,false,false,false,false,1
McdAggregate.o,McdAggregateCreate,235,61,true,false,false,false,true,true,1
McdAggregate.o,McdAggregateAddElement,234,52,true,false,false,false,true,false,0
McdAggregate.o,McdAggregateRemoveElement,65,10,true,false,false,false,true,true,0
McdAggregate.o,McdAggregateGetElementCount,11,7,true,false,false,false,true,false,0
McdAggregate.o,McdAggregateGetElementCountMax,11,7,true,false,false,false,true,false,0
McdAggregate.o,McdAggregateGetElementGeometry,34,15,true,false,false,false,true,false,0
McdAggregate.o,McdAggregateGetElementTransformPtr,33,15,true,false,false,false,true,false,0
McdAggregate.o,McdAggregateDestroy,141,38,true,false,false,false,true,false,1
McdAggregate.o,McdAggregateUpdateAABB,910,148,true,false,false,false,true,false,0
McdAggregate.o,McdAggregateGetBSphere,5,8,true,false,false,false,false,false,1
McdAggregate.o,McdAggregateMaximumPoint,5,8,true,false,false,false,false,false,1
McdAggregate.o,McdAggregateGetMassProperties,1118,167,true,false,false,false,true,true,0
McdAggregate.o,McdAggregateGenericIntersect,1047,179,true,false,false,false,true,true,1
McdAggregate.o,IxAggregateLineSegment,665,125,true,false,false,false,true,true,1
McdAggregate.o,McdAggregateGenericRegisterInteractions,87,24,true,false,false,false,true,false,0
McdAggregate.o,McdAggregateDebugDraw,309,68,true,false,false,false,true,false,0
McdAggregate.o,McdAggregateLineSegmentRegisterInteraction,29,9,true,false,false,false,false,false,1
McdAggregate.o,McdAggregateRegisterInteractions,99,25,true,false,false,false,true,false,0
McdAggregate.o,MeVector3Normalize,120,32,true,false,false,false,true,false,0
McdAggregate.o,CombineInertiaTensors,4149,187,true,false,false,false,false,false,0
CxSmallSort.o,lsda_exception_table_00010000,1,88,true,false,false,false,false,false,1
CxSmallSort.o,CxSmallSort,395,89,true,false,false,false,true,false,1
CxSmallSort.o,~CxSmallSort,40,16,true,false,false,false,false,false,1
CxSmallSort.o,~CxSmallSort,40,16,true,false,false,false,false,false,1
CxSmallSort.o,~CxSmallSort,50,17,true,false,false,false,false,false,1
CxSmallSort.o,Delete,78,15,true,false,false,false,false,false,1
CxSmallSort.o,New,838,148,true,false,false,false,true,true,1
CxSmallSort.o,Insert,987,172,true,false,false,false,true,true,0
CxSmallSort.o,Remove,732,124,true,false,false,false,true,false,0
CxSmallSort.o,SetDynamic,156,43,true,false,false,false,false,false,0
CxSmallSort.o,GetDynamic,74,19,true,false,false,false,false,true,0
CxSmallSort.o,SetData,17,9,true,false,false,false,false,false,0
CxSmallSort.o,GetData,14,8,true,false,false,false,false,false,0
CxSmallSort.o,ValidID,48,14,true,false,false,false,false,false,0
CxSmallSort.o,GetPairOverlapEnabled,108,27,true,false,false,false,true,false,0
CxSmallSort.o,SetPairOverlapEnabled,357,61,true,false,false,false,true,false,0
CxSmallSort.o,getPairs,18,13,true,false,false,false,false,false,0
CxSmallSort.o,getTransitions,18,13,true,false,false,false,false,false,0
CxSmallSort.o,MoveStartMarkerUp,483,99,true,false,false,false,true,false,0
CxSmallSort.o,MoveStartMarkerDown,471,100,true,false,false,false,true,false,0
CxSmallSort.o,MoveEndMarkerUp,482,100,true,false,false,false,true,false,0
CxSmallSort.o,MoveEndMarkerDown,498,101,true,false,false,false,true,false,0
CxSmallSort.o,_Update,341,67,true,false,false,false,true,false,0
CxSmallSort.o,UpdateSingle,161,29,true,false,false,false,true,false,0
CxSmallSort.o,UpdateAll,120,31,true,false,false,false,true,false,0
CxSmallSort.o,UpdateBegin,99,21,true,false,false,false,false,false,0
CxSmallSort.o,UpdateEnd,23,9,true,false,false,false,false,false,0
CxSmallSort.o,SetCullingParameters,650,108,true,false,false,false,true,false,0
McdPrimitivesRegisterTypes.o,McdPrimitivesRegisterTypes,49,10,true,false,false,false,false,false,0
MdtLinear1.o,MdtLinear1SetPosition,337,48,true,false,false,false,true,false,0
MdtLinear1.o,MdtLinear1Create,163,35,true,false,false,false,true,false,1
MdtLinear1.o,MdtLinear1Reset,92,20,true,false,false,false,true,false,0
MdtLinear1.o,MdtLinear1QuaConstraint,8,6,true,false,false,false,false,false,0
MdtLinear1.o,MdtConstraintDCastLinear1,26,6,true,false,false,false,false,false,0
MdtLinear1.o,MdtLinear1GetPosition,34,7,true,false,false,false,false,false,0
IxSphereSphere.o,McdSphereSphereIntersect,618,104,true,false,false,false,true,false,0
IxSphereSphere.o,McdSphereSphereSafeTime,518,88,true,false,false,false,true,false,1
IxSphereSphere.o,McdSphereSphereRegisterInteraction,74,17,true,false,false,false,false,false,1
MdtWorld.o,MdtWorldCreate,425,60,true,false,false,false,true,true,1
MdtWorld.o,MdtWorldReset,373,44,true,false,false,false,false,false,0
MdtWorld.o,MdtWorldStep,732,129,true,false,false,false,true,true,0
MdtWorld.o,MdtWorldStepSafeTime,839,132,true,false,false,false,true,true,1
MdtWorld.o,MdtWorldDestroy,110,15,true,false,false,false,false,false,1
MdtWorld.o,MdtWorldGetMaxBodies,14,6,true,false,false,false,false,false,0
MdtWorld.o,MdtWorldGetMaxConstraints,14,6,true,false,false,false,false,false,0
MdtWorld.o,MdtWorldGetMaxMemoryPoolUsed,20,11,true,false,false,false,false,false,1
MdtWorld.o,MdtWorldGetKeaPoolChunk,13,8,true,false,false,false,false,false,1
MdtWorld.o,MdtWorldGetKeaTMChunk,13,8,true,false,false,false,false,false,1
MdtWorld.o,MdtWorldGetKeaConstraintsChunk,13,8,true,false,false,false,false,false,1
MdtWorld.o,MdtWorldGetPartitionOutputChunk,13,8,true,false,false,false,false,false,1
MdtWorld.o,MdtWorldGetGravity,37,9,true,false,false,false,false,false,0
MdtWorld.o,MdtWorldGetEpsilon,14,6,true,false,false,false,false,false,0
MdtWorld.o,MdtWorldGetGamma,14,6,true,false,false,false,false,false,0
MdtWorld.o,MdtWorldGetMinSafeTime,14,6,true,false,false,false,false,false,0
MdtWorld.o,MdtWorldGetTotalBodies,14,6,true,false,false,false,false,false,0
MdtWorld.o,MdtWorldGetEnabledBodies,14,6,true,false,false,false,false,false,0
MdtWorld.o,MdtWorldGetTotalConstraints,26,12,true,false,false,false,false,false,2
MdtWorld.o,MdtWorldGetEnabledConstraints,14,6,true,false,false,false,false,false,0
MdtWorld.o,MdtWorldGetAutoDisable,14,6,true,false,false,false,false,false,0
MdtWorld.o,MdtWorldGetAutoDisableVelocityThreshold,14,6,true,false,false,false,false,false,0
MdtWorld.o,MdtWorldGetAutoDisableAngularVelocityThreshold,14,6,true,false,false,false,false,false,0
MdtWorld.o,MdtWorldGetAutoDisableAccelerationThreshold,14,6,true,false,false,false,false,false,0
MdtWorld.o,MdtWorldGetAutoDisableAngularAccelerationThreshold,14,6,true,false,false,false,false,false,0
MdtWorld.o,MdtWorldGetAutoDisableAliveTime,14,6,true,false,false,false,false,false,0
MdtWorld.o,MdtWorldGetMaxMatrixSize,14,6,true,false,false,false,false,false,0
MdtWorld.o,MdtWorldGetMaxLCPIterations,14,6,true,false,false,false,false,false,0
MdtWorld.o,MdtWorldGetLODParams,73,13,true,false,false,false,false,false,0
MdtWorld.o,MdtWorldGetCheckSim,14,6,true,false,false,false,false,false,0
MdtWorld.o,MdtWorldGetSimErrorCB,14,6,true,false,false,false,false,false,0
MdtWorld.o,MdtWorldGetDefaultDensity,14,6,true,false,false,false,false,false,0
MdtWorld.o,MdtWorldSetEpsilon,17,7,true,false,false,false,false,false,0
MdtWorld.o,MdtWorldSetGamma,23,8,true,false,false,false,false,false,0
MdtWorld.o,MdtWorldSetGammaWithRefTimeStep,29,11,true,false,false,false,false,false,0
MdtWorld.o,MdtWorldSetMinSafeTime,17,7,true,false,false,false,false,false,0
MdtWorld.o,MdtWorldSetAutoDisable,17,7,true,false,false,false,false,false,0
MdtWorld.o,MdtWorldSetAutoDisableVelocityThreshold,17,7,true,false,false,false,false,false,0
MdtWorld.o,MdtWorldSetAutoDisableAngularVelocityThreshold,17,7,true,false,false,false,false,false,0
MdtWorld.o,MdtWorldSetAutoDisableAccelerationThreshold,17,7,true,false,false,false,false,false,0
MdtWorld.o,MdtWorldSetAutoDisableAngularAccelerationThreshold,17,7,true,false,false,false,false,false,0
MdtWorld.o,MdtWorldSetAutoDisableAliveTime,17,7,true,false,false,false,false,false,0
MdtWorld.o,MdtWorldSetMaxMatrixSize,84,35,true,false,false,false,false,false,0
MdtWorld.o,MdtWorldSetGravity,35,9,true,false,false,false,false,false,0
MdtWorld.o,MdtWorldSetDebugDrawing,17,7,true,false,false,false,false,false,0
MdtWorld.o,MdtWorldSetKeaDebugRequest,29,19,true,false,false,false,false,false,1
MdtWorld.o,MdtWorldResetForces,69,13,true,false,false,false,true,false,0
MdtWorld.o,MdtWorldSetMatrixSizeLog,57,18,true,false,false,false,true,false,0
MdtWorld.o,MdtWorldSetMaxLCPIterations,17,7,true,false,false,false,false,false,0
MdtWorld.o,MdtWorldSetLODParams,73,13,true,false,false,false,false,false,0
MdtWorld.o,MdtWorldSetSimErrorCB,26,8,true,false,false,false,false,false,0
MdtWorld.o,MdtWorldSetCheckSim,17,7,true,false,false,false,false,false,0
MdtWorld.o,MdtWorldForAllConstraints,69,14,true,false,false,false,true,false,0
MdtWorld.o,DrawPartitionContacts,351,62,true,false,false,false,true,true,2
MdtWorld.o,CheckSim,911,115,true,false,false,false,true,false,1
McdSphyl.o,McdSphylGetTypeId,10,8,true,false,false,false,false,false,1
McdSphyl.o,McdSphylRegisterType,59,11,true,false,false,false,false,false,1
McdSphyl.o,McdSphylCreate,101,26,true,false,false,false,true,false,2
McdSphyl.o,McdSphylSetRadius,31,11,true,false,false,false,true,false,0
McdSphyl.o,McdSphylGetRadius,11,6,true,false,false,false,false,false,0
McdSphyl.o,McdSphylSetHeight,37,11,true,false,false,false,true,false,0
McdSphyl.o,McdSphylGetHeight,13,6,true,false,false,false,false,false,0
McdSphyl.o,McdSphylDestroy,9,9,true,false,false,false,false,false,1
McdSphyl.o,McdSphylUpdateAABB,394,71,true,false,false,false,true,false,0
McdSphyl.o,McdSphylGetBSphere,35,11,true,false,false,false,true,false,0
McdSphyl.o,McdSphylMaximumPoint,250,53,true,false,false,false,true,false,0
McdSphyl.o,McdSphylGetMassProperties,263,46,true,false,false,false,true,false,0
McdSphyl.o,McdSphylDebugDraw,5,8,true,false,false,false,false,false,1
MeBounding.o,MeBoundingSphereCalc,1120,159,true,false,false,false,true,false,0
MdtAngular3.o,MdtAngular3Create,172,33,true,false,false,false,true,false,1
MdtAngular3.o,MdtAngular3Reset,101,18,true,false,false,false,false,false,0
MdtAngular3.o,MdtAngular3QuaConstraint,8,6,true,false,false,false,false,false,0
MdtAngular3.o,MdtConstraintDCastAngular3,26,6,true,false,false,false,false,false,0
MdtAngular3.o,MdtAngular3GetStiffness,14,6,true,false,false,false,false,false,0
MdtAngular3.o,MdtAngular3GetDamping,14,6,true,false,false,false,false,false,0
MdtAngular3.o,MdtAngular3RotationIsEnabled,14,6,true,false,false,false,false,false,0
MdtAngular3.o,Angular3SetBodies,93,15,true,false,false,false,true,false,0
MdtAngular3.o,MdtAngular3EnableRotation,17,7,true,false,false,false,false,false,0
MdtAngular3.o,MdtAngular3SetStiffness,17,7,true,false,false,false,false,false,0
MdtAngular3.o,MdtAngular3SetDamping,17,7,true,false,false,false,false,false,0
McdInteractions.o,McdNearby,213,41,true,false,false,false,true,false,0
McdInteractions.o,McdHello,131,34,true,false,false,false,true,true,0
McdInteractions.o,McdGoodbye,75,18,true,false,false,false,true,false,0
McdInteractions.o,McdIntersect,308,73,true,false,false,false,true,true,0
McdInteractions.o,McdIntersectAt,196,32,true,false,false,false,true,false,0
McdInteractions.o,McdSafeTime,137,23,true,false,false,false,true,false,0
McdInteractions.o,McdLineSegIntersect,74,23,true,false,false,false,true,false,0
McdInteractions.o,McdSetHelloCallback,14,7,true,false,false,false,false,false,0
McdInteractions.o,McdGetHelloCallback,11,6,true,false,false,false,false,false,0
McdInteractions.o,McdHelloEach,48,18,true,false,false,false,true,false,0
McdInteractions.o,McdGoodbyeEach,101,28,true,false,false,false,true,false,0
McdInteractions.o,McdIntersectEach,169,43,true,false,false,false,true,false,0
MstBridge.o,MstBridgeCreate,516,89,true,false,false,false,true,false,1
MstBridge.o,MstBridgeDestroy,67,13,true,false,false,false,false,false,1
MstBridge.o,MstBridgeUpdateTransitions,106,18,true,false,false,false,true,false,0
MstBridge.o,MstBridgeUpdateContacts,124,19,true,false,false,false,true,false,0
MstBridge.o,MstBridgeGetContactParams,96,27,true,false,false,false,true,false,0
MstBridge.o,MstBridgeGetPerPairCB,97,27,true,false,false,false,true,false,0
MstBridge.o,MstBridgeGetPerContactCB,97,27,true,false,false,false,true,false,0
MstBridge.o,MstBridgeGetIntersectCB,97,27,true,false,false,false,true,false,0
MstBridge.o,MstBridgeGetNewMaterial,17,11,true,false,false,false,true,false,0
MstBridge.o,MstBridgeSetPerPairCB,96,23,true,false,false,false,true,false,0
MstBridge.o,MstBridgeSetPerContactCB,96,23,true,false,false,false,true,false,0
MstBridge.o,MstBridgeSetIntersectCB,96,23,true,false,false,false,true,false,0
MstBridge.o,MstBridgeSetModelPairBufferSize,39,11,true,false,false,false,false,false,0
MstBridge.o,MstBridgeSetContactBufferSize,52,14,true,false,false,false,false,false,1
IxConvexLineSegment.o,IxConvexMeshLineSegment,1139,152,true,false,false,false,true,false,1
IxConvexLineSegment.o,McdConvexMeshLineSegmentRegisterInteraction,29,9,true,false,false,false,false,false,1
MeAssetDBXMLOutput_1_0.o,KaFileWriteXML_1_0,2011,674,true,false,false,false,true,true,1
MeAssetDBXMLOutput_1_0.o,MeFGeometryWriteXML_1_0,216,42,true,false,false,false,true,false,0
MeAssetDBXMLOutput_1_0.o,MeFPrimitiveWriteXML_1_0,692,73,true,false,false,false,true,true,0
MeAssetDBXMLOutput_1_0.o,MeFModelWriteXML_1_0,695,66,true,false,false,false,true,true,0
MeAssetDBXMLOutput_1_0.o,MeFAssetPartWriteXML_1_0,373,49,true,false,false,false,true,false,0
MeAssetDBXMLOutput_1_0.o,MeFJointWriteXML_1_0,1613,148,true,false,false,false,true,true,1
MeAssetDBXMLOutput_1_0.o,RproWriteXML_1_0,408,40,true,false,false,false,false,false,0
MeAssetDBXMLOutput_1_0.o,HingeWriteXML_1_0,559,52,true,false,false,false,false,false,0
MeAssetDBXMLOutput_1_0.o,CarWheelWriteXML_1_0,741,67,true,false,false,false,false,false,0
MeAssetDBXMLOutput_1_0.o,PrismaticWriteXML_1_0,559,52,true,false,false,false,false,false,0
MeAssetDBXMLOutput_1_0.o,SkeletalWriteXML_1_0,612,58,true,false,false,false,true,false,0
MeAssetDBXMLOutput_1_0.o,Spring6WriteXML_1_0,798,70,true,false,false,false,false,false,0
IxConvexPrimitives.o,McdSphylConvexMeshIntersect,749,96,true,false,false,false,true,true,0
Polynomial.o,PolynomialRoots,1173,205,true,false,false,false,true,false,0
Polynomial.o,BracketedRootN,526,100,true,false,false,false,true,false,0
GeomUtils.o,LineDistance,233,29,true,false,false,false,true,false,0
GeomUtils.o,NSegmentSegment,800,111,true,false,false,false,true,false,0
GeomUtils.o,NSegmentNSegment,723,109,true,false,false,false,true,false,0
McdGeometry.o,McdGeometryIsValid,34,12,true,false,false,false,false,false,0
McdGeometry.o,McdGeometryInit,68,23,true,false,false,false,false,false,0
McdGeometry.o,McdGeometryDeinit,75,27,true,false,false,false,true,false,1
McdGeometry.o,McdGeometryGetTypeName,27,9,true,false,false,false,false,false,0
McdGeometry.o,McdGeometryGetReferenceCount,13,6,true,false,false,false,false,false,0
McdGeometry.o,McdGeometryIncrementReferenceCount,17,7,true,false,false,false,false,false,0
McdGeometry.o,McdGeometryDecrementReferenceCount,17,7,true,false,false,false,false,false,0
McdGeometry.o,McdGeometrySetReferenceCount,14,7,true,false,false,false,false,false,0
McdGeometry.o,McdGeometryDestroy,72,15,true,false,false,false,true,false,0
McdGeometry.o,McdGeometryGetFramework,11,6,true,false,false,false,false,false,0
McdGeometry.o,McdGeometryGetLineSegIntersectFnPtr,28,6,true,false,false,false,false,false,0
McdGeometry.o,McdGeometryGetAABB,42,11,true,false,false,false,false,false,0
McdGeometry.o,McdGeometryGetBSphere,40,8,true,false,false,false,true,false,0
McdGeometry.o,McdGeometryMaximumPoint,56,12,true,false,false,false,true,false,0
McdGeometry.o,McdGeometryGetMassProperties,40,12,true,false,false,false,true,false,0
McdGeometry.o,McdGeometryDebugDraw,40,8,true,false,false,false,true,false,0
keaMatrix_tester.o,checkNorm,549,93,true,false,false,false,true,false,0
keaMatrix_tester.o,allocate,888,155,true,false,false,false,true,true,0
keaMatrix_tester.o,makeFromJMJT,100,16,true,false,false,false,false,false,0
keaMatrix_tester.o,makeFromColMajorPSM,255,53,true,false,false,false,true,false,0
keaMatrix_tester.o,factorize,40,10,true,false,false,false,false,false,0
keaMatrix_tester.o,solve,110,21,true,false,false,false,true,false,0
keaMatrix_tester.o,multiply,110,21,true,false,false,false,true,false,0
keaMatrix_tester.o,solveUnits,839,141,true,false,false,false,true,false,0
keaMatrix_tester.o,writebackMatrixChol,40,10,true,false,false,false,false,false,0
keaMatrix_tester.o,prefetchMatrixChol,40,10,true,false,false,false,false,false,0
keaMatrix_tester.o,putchar,26,12,true,false,false,false,false,false,2
MdtContactParams.o,MdtContactParamsReset,119,22,true,false,false,false,false,false,0
MdtContactParams.o,MdtContactParamsGetType,10,6,true,false,false,false,false,false,0
MdtContactParams.o,MdtContactParamsGetPrimaryFrictionModel,11,6,true,false,false,false,false,false,0
MdtContactParams.o,MdtContactParamsGetSecondaryFrictionModel,11,6,true,false,false,false,false,false,0
MdtContactParams.o,MdtContactParamsGetRestitution,11,6,true,false,false,false,false,false,0
MdtContactParams.o,MdtContactParamsGetRestitutionThreshold,11,6,true,false,false,false,false,false,0
MdtContactParams.o,MdtContactParamsGetSoftness,11,6,true,false,false,false,false,false,0
MdtContactParams.o,MdtContactParamsGetMaxAdhesiveForce,11,6,true,false,false,false,false,false,0
MdtContactParams.o,MdtContactParamsGetPrimaryFriction,11,6,true,false,false,false,false,false,0
MdtContactParams.o,MdtContactParamsGetPrimaryFrictionCoeffecient,11,6,true,false,false,false,false,false,0
MdtContactParams.o,MdtContactParamsGetPrimarySlip,11,6,true,false,false,false,false,false,0
MdtContactParams.o,MdtContactParamsGetPrimarySlide,11,6,true,false,false,false,false,false,0
MdtContactParams.o,MdtContactParamsGetSecondaryFriction,11,6,true,false,false,false,false,false,0
MdtContactParams.o,MdtContactParamsGetSecondaryFrictionCoeffecient,11,6,true,false,false,false,false,false,0
MdtContactParams.o,MdtContactParamsGetSecondarySlip,11,6,true,false,false,false,false,false,0
MdtContactParams.o,MdtContactParamsGetSecondarySlide,11,6,true,false,false,false,false,false,0
MdtContactParams.o,MdtContactParamsSetType,84,23,true,false,false,false,false,false,0
MdtContactParams.o,MdtContactParamsSetPrimaryFrictionModel,67,16,true,false,false,false,false,false,0
MdtContactParams.o,MdtContactParamsSetSecondaryFrictionModel,67,16,true,false,false,false,false,false,0
MdtContactParams.o,MdtContactParamsSetFrictionModel,100,23,true,false,false,false,false,false,0
MdtContactParams.o,MdtContactParamsSetRestitution,94,18,true,false,false,false,false,false,0
MdtContactParams.o,MdtContactParamsSetRestitutionThreshold,14,7,true,false,false,false,false,false,0
MdtContactParams.o,MdtContactParamsSetSoftness,94,17,true,false,false,false,false,false,0
MdtContactParams.o,MdtContactParamsSetMaxAdhesiveForce,49,13,true,false,false,false,false,false,0
MdtContactParams.o,MdtContactParamsSetPrimaryFriction,14,7,true,false,false,false,false,false,0
MdtContactParams.o,MdtContactParamsSetPrimaryFrictionCoeffecient,14,7,true,false,false,false,false,false,0
MdtContactParams.o,MdtContactParamsSetPrimarySlip,94,17,true,false,false,false,false,false,0
MdtContactParams.o,MdtContactParamsSetPrimarySlide,49,13,true,false,false,false,false,false,0
MdtContactParams.o,MdtContactParamsSetSecondaryFriction,14,7,true,false,false,false,false,false,0
MdtContactParams.o,MdtContactParamsSetSecondaryFrictionCoeffecient,14,7,true,false,false,false,false,false,0
MdtContactParams.o,MdtContactParamsSetSecondarySlip,94,17,true,false,false,false,false,false,0
MdtContactParams.o,MdtContactParamsSetSecondarySlide,55,13,true,false,false,false,false,false,0
MdtContactParams.o,MdtContactParamsSetSlip,186,31,true,false,false,false,false,false,0
MdtContactParams.o,MdtContactParamsSetFriction,62,12,true,false,false,false,false,false,0
MdtContactParams.o,MdtContactParamsSetFrictionCoeffecient,62,12,true,false,false,false,false,false,0
McdGjkRegistration.o,McdConvexMeshConvexMeshRegisterInteraction,74,17,true,false,false,false,false,false,1
McdGjkRegistration.o,McdConvexMeshPlaneRegisterInteraction,74,17,true,false,false,false,false,false,1
McdGjkRegistration.o,McdSphylConvexMeshRegisterInteraction,74,17,true,false,false,false,false,false,1
McdGjkRegistration.o,McdSphereConvexMeshRegisterInteraction,74,17,true,false,false,false,false,false,1
McdGjkRegistration.o,McdCylinderConvexMeshRegisterInteraction,74,17,true,false,false,false,false,false,1
McdGjkRegistration.o,McdBoxConvexMeshRegisterInteraction,74,17,true,false,false,false,false,false,1
IxBoxCylinder.o,BoxCylIntersect,8300,639,true,false,false,false,true,false,0
IxBoxCylinder.o,OverlapOBBCyl,2756,314,true,false,false,false,true,true,0
IxBoxCylinder.o,McdBoxCylinderIntersect,1306,144,true,false,false,false,true,false,1
IxBoxCylinder.o,McdBoxCylinderSafeTime,242,52,true,false,false,false,true,false,0
IxBoxCylinder.o,McdBoxCylinderRegisterInteraction,74,17,true,false,false,false,false,false,1
IxBoxCylinder.o,McdVanillaSegmentCubeIntersect,496,75,true,false,false,false,true,false,0
IxBoxCylinder.o,McdVanillaSegmentCylinderIntersect,903,139,true,false,false,false,true,false,0
McdGjk.o,McdGjkRandomVector,112,15,true,false,false,false,false,false,0
McdGjk.o,McdCacheInit,127,24,true,false,false,false,false,false,0
McdGjk.o,McdCacheHello,193,40,true,false,false,false,true,true,1
McdGjk.o,McdCacheGoodbye,51,16,true,false,false,false,true,false,1
McdGjk.o,McdGjkNextIsDuplicate,802,120,true,false,false,false,true,false,0
McdGjk.o,McdGjkComputeVector,237,60,true,false,false,false,true,false,0
McdGjk.o,McdGjkComputeNextVector,118,27,true,false,false,false,false,false,0
McdGjk.o,McdGjkNextAvailablePoint,82,21,true,false,false,false,false,false,0
McdGjk.o,McdGjkCrossProd,583,96,true,false,false,false,true,false,0
McdGjk.o,McdGjkAdjustPerpendicular,469,79,true,false,false,false,true,false,0
McdGjk.o,McdGjkComputeSupport,243,40,true,false,false,false,false,false,0
McdGjk.o,McdGjkFindNextSupportPoint,178,33,true,false,false,false,true,false,0
McdGjk.o,McdGjkUpdateDotCache,139,36,true,false,false,false,true,false,0
McdGjk.o,McdGjkUpdateDeltaCache,918,98,true,false,false,false,true,false,1
McdGjk.o,McdGjkMain,875,120,true,false,false,false,true,false,1
McdGjk.o,McdGjkTest,1062,117,true,false,false,false,true,false,0
McdGjk.o,McdWitnessPlaneTest,175,32,true,false,false,false,true,false,0
McdGjk.o,McdContactGen,909,126,true,false,false,false,true,true,1
McdGjk.o,McdGjkCgIntersect2,442,86,true,false,false,false,true,false,0
McdGjk.o,McdGjkCgIntersect,9,10,true,false,false,false,true,false,0
McdGjk.o,MeVector3Normalize,120,32,true,false,false,false,true,false,0
MdtUtils.o,MdtDictCompare,28,14,true,false,false,false,true,false,0
MdtUtils.o,MdtConvertVector,270,40,true,false,false,false,false,false,0
MdtUtils.o,MdtConvertPositionVector,511,62,true,false,false,false,false,false,0
MdtUtils.o,ConvertCOMVector,9,7,true,false,false,false,false,false,0
MdtUtils.o,ConvertCOMPositionVector,119,20,true,false,false,false,false,false,0
MdtUtils.o,MdtMakeInertiaTensorSphere,74,21,true,false,false,false,true,false,0
MdtUtils.o,MdtMakeInertiaTensorBox,124,17,true,false,false,false,true,false,0
MdtUtils.o,MdtLimitController,168,34,true,false,false,false,true,false,0
MdtUtils.o,UpdateBodyTransform,202,38,true,false,false,false,false,false,0
MdtUtils.o,UpdateCOMTransform,186,31,true,false,false,false,false,false,0
MdtUtils.o,GetCOMTransform,29,15,true,false,false,false,false,false,0
keaRbdCore_unified.o,MdtKeaAddConstraintForces,1516,229,true,false,false,false,true,true,2
keaRbdCore_unified.o,MdtKeaQueryCPUResources,7,8,true,false,false,false,false,false,1
MeDebugDraw.o,LineDraw,35,12,true,false,false,false,false,false,1
MeMemory.o,MallocCreate,9,11,true,false,false,false,false,false,1
MeMemory.o,Calloc,21,11,true,false,false,false,false,false,1
MeMemory.o,MallocDestroy,9,9,true,false,false,false,false,false,1
MeMemory.o,MallocResize,9,9,true,false,false,false,false,false,0
MeMemory.o,MallocCreateAligned,121,27,true,false,false,false,true,false,0
MeMemory.o,MallocDestroyAligned,20,11,true,false,false,false,true,false,0
MdtRPROJoint.o,MdtRPROJointCreate,324,58,true,false,false,false,true,false,1
MdtRPROJoint.o,MdtRPROJointReset,249,43,true,false,false,false,true,false,0
MdtRPROJoint.o,MdtRPROJointQuaConstraint,8,6,true,false,false,false,false,false,0
MdtRPROJoint.o,MdtConstraintDCastRPROJoint,26,6,true,false,false,false,false,false,0
MdtRPROJoint.o,MdtRPROJointGetAttachmentPosition,48,20,true,false,false,false,true,false,0
MdtRPROJoint.o,MdtRPROJointGetAttachmentQuaternion,54,20,true,false,false,false,true,false,0
MdtRPROJoint.o,MdtRPROJointGetRelativePosition,37,9,true,false,false,false,false,false,0
MdtRPROJoint.o,MdtRPROJointGetRelativeVelocity,37,9,true,false,false,false,false,false,0
MdtRPROJoint.o,MdtRPROJointGetRelativeQuaternion,46,11,true,false,false,false,true,false,0
MdtRPROJoint.o,MdtRPROJointGetRelativeAngularVelocity,37,10,true,false,false,false,true,false,0
MdtRPROJoint.o,MdtRPROJointGetAngularStrength,37,10,true,false,false,false,true,false,0
MdtRPROJoint.o,MdtRPROJointGetLinearStrength,37,10,true,false,false,false,true,false,0
MdtRPROJoint.o,MdtRPROJointSetAttachmentPosition,46,19,true,false,false,false,true,false,0
MdtRPROJoint.o,MdtRPROJointSetAttachmentQuaternion,76,22,true,false,false,false,true,false,0
MdtRPROJoint.o,MdtRPROJointSetRelativePosition,52,11,true,false,false,false,false,false,0
MdtRPROJoint.o,MdtRPROJointSetRelativeVelocity,52,11,true,false,false,false,false,false,0
MdtRPROJoint.o,MdtRPROJointSetRelativeQuaternion,45,10,true,false,false,false,false,false,0
MdtRPROJoint.o,MdtRPROJointSetRelativeAngularVelocity,37,10,true,false,false,false,true,false,0
MdtRPROJoint.o,MdtRPROJointSetAngularStrength,35,9,true,false,false,false,false,false,0
MdtRPROJoint.o,MdtRPROJointSetLinearStrength,35,9,true,false,false,false,false,false,0
McdPrimitivesRegisterInteractions.o,McdPrimitivesRegisterInteractions,170,25,true,false,false,false,false,false,0
MdtLOD.o,MdtLODLastPartition,2678,643,true,false,false,false,true,true,1
MdtLOD.o,ComparePenetration,63,14,true,false,false,false,true,false,0
MdtLOD.o,ConstraintCalcImportance,334,57,true,false,false,false,true,false,0
MdtLOD.o,CompareImportance,36,8,true,false,false,false,true,false,0
MdtLOD.o,ResizeConstraint,385,117,true,false,false,false,true,true,1
MdtLOD.o,MergePartitions,289,64,true,false,false,false,true,false,1
MdtLOD.o,IncrementConstraintRowBudget,246,49,true,false,false,false,true,false,1
keaCalcConstraintForces_vanilla.o,calculateConstraintAndResultantForces,226,64,true,false,false,false,true,false,0
keaCalcConstraintForces_vanilla.o,Multiply4VectorWith46Matrix,311,41,true,false,false,false,true,false,0
IxSphereTriList.o,McdSphereTriangleListIntersect,1687,209,true,false,false,false,true,true,0
IxSphereTriList.o,McdSphereTriangleListRegisterInteraction,74,17,true,false,false,false,false,false,1
IxSphereTriList.o,MeVector3Normalize,120,32,true,false,false,false,true,false,0
IxSphereTriList.o,McdVanillaOverlapSphereTri,1408,170,true,false,false,false,true,false,0
MdtHinge.o,MdtHingeCreate,136,29,true,false,false,false,true,false,1
MdtHinge.o,MdtHingeReset,69,14,true,false,false,false,false,false,0
MdtHinge.o,MdtHingeQuaConstraint,8,6,true,false,false,false,false,false,0
MdtHinge.o,MdtConstraintDCastHinge,26,6,true,false,false,false,false,false,0
MdtHinge.o,MdtHingeGetLimit,13,8,true,false,false,false,false,false,1
MdtHinge.o,MdtHingeSetLimit,134,26,true,false,false,false,true,false,0
MeAssetDBXMLInput_1_0.o,KaFileCreate_1_0,750,128,true,false,false,false,true,true,0
MeAssetDBXMLInput_1_0.o,MeFGeometryCreateFromFile_1_0,418,77,true,false,false,false,true,true,0
MeAssetDBXMLInput_1_0.o,MeFPrimitiveCreateFromFile_1_0,485,144,true,false,false,false,true,false,1
MeAssetDBXMLInput_1_0.o,MeFModelCreateFromFile_1_0,459,117,true,false,false,false,true,false,0
MeAssetDBXMLInput_1_0.o,MeFAssetPartCreateFromFile_1_0,426,80,true,false,false,false,true,true,0
MeAssetDBXMLInput_1_0.o,MeFJointCreateFromFile_1_0,1871,287,true,false,false,false,true,false,2
MeAssetDBXMLInput_1_0.o,Handle_Asset_1_0,199,35,true,false,false,false,true,false,0
MeAssetDBXMLInput_1_0.o,Handle_KaFile_0_1,50,22,true,false,false,false,false,true,1
MeAssetDBXMLInput_1_0.o,AddVertex_1_0,96,26,true,false,false,false,true,true,1
MeAssetDBXMLInput_1_0.o,Handle_GeometryPrimitive_1_0,137,35,true,false,false,false,true,true,2
MeAssetDBXMLInput_1_0.o,Handle_Geometry_1_0,86,26,true,false,false,false,true,true,1
MeAssetDBXMLInput_1_0.o,Handle_Dynamics_1_0,185,41,true,false,false,false,true,true,2
MeAssetDBXMLInput_1_0.o,Handle_Model_1_0,86,26,true,false,false,false,true,true,1
MeAssetDBXMLInput_1_0.o,Handle_Joint_1_0,112,30,true,false,false,false,true,true,2
MeAssetDBXMLInput_1_0.o,Handle_AssetPart_1_0,100,30,true,false,false,false,true,true,2
MeAssetDBXMLInput_1_0.o,Handle_NoCollision_1_0,121,22,true,false,false,false,true,false,0
MeAssetDBXMLInput_1_0.o,FreePrimitive,36,11,true,false,false,false,true,true,1
MeAssetDBXMLIO.o,MeAssetDBXMLInputRead,259,55,true,false,false,false,true,true,0
MeAssetDBXMLIO.o,MeAssetDBXMLInputReadFirst,268,56,true,false,false,false,true,true,1
MeAssetDBXMLIO.o,MeAssetDBXMLOutputSetFileHeader,154,36,true,false,false,false,true,false,1
MeAssetDBXMLIO.o,GetLatestKaFileVersionString,10,8,true,false,false,false,false,false,1
MeAssetDBXMLIO.o,MeAssetDBXMLInputCreate,29,14,true,false,false,false,true,false,1
MeAssetDBXMLIO.o,MeAssetDBXMLInputDestroy,20,10,true,false,false,false,false,false,2
MeAssetDBXMLIO.o,MeAssetDBXMLOutputCreate,30,14,true,false,false,false,true,false,1
MeAssetDBXMLIO.o,MeAssetDBXMLOutputDestroy,47,12,true,false,false,false,false,false,1
MeAssetDBXMLIO.o,MeAssetDBXMLOutputWrite,253,57,true,false,false,false,true,true,0
MdtSpring6.o,MdtSpring6Create,304,49,true,false,false,false,true,false,1
MdtSpring6.o,MdtSpring6Reset,229,34,true,false,false,false,true,false,0
MdtSpring6.o,MdtSpring6QuaConstraint,8,6,true,false,false,false,false,false,0
MdtSpring6.o,MdtConstraintDCastSpring6,26,6,true,false,false,false,false,false,0
MdtSpring6.o,MdtSpring6GetLinearStiffness,27,12,true,false,false,false,false,false,0
MdtSpring6.o,MdtSpring6GetLinearDamping,27,12,true,false,false,false,false,false,0
MdtSpring6.o,MdtSpring6GetAngularStiffness,27,12,true,false,false,false,false,false,0
MdtSpring6.o,MdtSpring6GetAngularDamping,27,12,true,false,false,false,false,false,0
MdtSpring6.o,MdtSpring6GetWorldLinearVelocity,37,9,true,false,false,false,false,false,0
MdtSpring6.o,MdtSpring6GetWorldAngularVelocity,37,9,true,false,false,false,false,false,0
MdtSpring6.o,MdtSpring6SetLinearStiffness,26,9,true,false,false,false,false,false,0
MdtSpring6.o,MdtSpring6SetLinearDamping,26,9,true,false,false,false,false,false,0
MdtSpring6.o,MdtSpring6SetAngularStiffness,26,9,true,false,false,false,false,false,0
MdtSpring6.o,MdtSpring6SetAngularDamping,26,9,true,false,false,false,false,false,0
MdtSpring6.o,MdtSpring6SetWorldLinearVelocity,35,9,true,false,false,false,false,false,0
MdtSpring6.o,MdtSpring6SetWorldAngularVelocity,35,9,true,false,false,false,false,false,0
MdtSpring6.o,Spring6SetBodies,62,12,true,false,false,false,true,false,0
McdCylinder.o,McdCylinderGetTypeId,10,8,true,false,false,false,false,false,1
McdCylinder.o,McdCylinderRegisterType,59,11,true,false,false,false,false,false,1
McdCylinder.o,McdCylinderCreate,90,22,true,false,false,false,true,false,1
McdCylinder.o,McdCylinderGetRadius,11,6,true,false,false,false,false,false,0
McdCylinder.o,McdCylinderGetHeight,13,6,true,false,false,false,false,false,0
McdCylinder.o,McdCylinderGetHalfHeight,11,6,true,false,false,false,false,false,0
McdCylinder.o,McdCylinderSetRadius,34,10,true,false,false,false,true,false,0
McdCylinder.o,McdCylinderSetHeight,36,15,true,false,false,false,true,false,0
McdCylinder.o,McdCylinderSetGeometricalParameters,47,14,true,false,false,false,true,false,0
McdCylinder.o,McdCylinderDestroy,9,9,true,false,false,false,false,false,1
McdCylinder.o,McdCylinderUpdateAABB,757,120,true,false,false,false,true,false,0
McdCylinder.o,McdCylinderGetXYAABB,129,27,true,false,false,false,true,false,0
McdCylinder.o,McdCylinderGetBSphere,32,11,true,false,false,false,true,false,0
McdCylinder.o,McdCylinderGetBSphereRadius,11,6,true,false,false,false,false,false,0
McdCylinder.o,McdCylinderMaximumPoint,511,70,true,false,false,false,true,false,0
McdCylinder.o,McdCylinderMaximumPointLocal,168,35,true,false,false,false,true,false,0
McdCylinder.o,McdCylinderGetMassProperties,251,45,true,false,false,false,true,false,0
McdCylinder.o,McdCylinderDebugDraw,407,47,true,false,false,false,true,false,1
McdModelPair.o,McdModelPairCreate,67,19,true,false,false,false,true,false,1
McdModelPair.o,McdModelPairReset,56,14,true,false,false,false,false,false,0
McdModelPair.o,McdModelPairDestroy,23,10,true,false,false,false,false,false,2
McdModelPair.o,McdModelPairGetModels,23,8,true,false,false,false,false,false,0
McdModelPair.o,McdModelPairSetRequestPtr,14,7,true,false,false,false,false,false,0
McdModelPair.o,McdModelPairGetRequestPtr,11,6,true,false,false,false,false,false,0
McdModelPair.o,McdModelPairGetUserData,11,6,true,false,false,false,false,false,0
McdModelPair.o,McdModelPairSetUserData,14,7,true,false,false,false,false,false,0
keaCalcIworldandNonInertialForceandVhmf_vanilla.o,calcIworldandNonInertialForceandVhmf,1307,174,true,false,false,false,true,false,0
McdTriangleList.o,McdTriangleListGetTypeId,10,8,true,false,false,false,false,false,1
McdTriangleList.o,McdTriangleListRegisterType,59,12,true,false,false,false,false,false,1
McdTriangleList.o,McdTriangleListCreate,196,33,true,false,false,false,true,false,1
McdTriangleList.o,McdTriangleListSetBoundingBox,124,19,true,false,false,false,true,false,0
McdTriangleList.o,McdTriangleListGetBoundingBox,76,13,true,false,false,false,true,false,0
McdTriangleList.o,McdTriangleListSetMaxTriangles,14,8,true,false,false,false,true,false,0
McdTriangleList.o,McdTriangleListGetMaxTriangles,11,7,true,false,false,false,true,false,0
McdTriangleList.o,McdTriangleListSetGenerator,14,8,true,false,false,false,true,false,0
McdTriangleList.o,McdTriangleListGetBoundingBox,11,7,true,false,false,false,true,false,0
McdTriangleList.o,McdTriangleListDestroy,18,10,true,false,false,false,false,false,0
McdTriangleList.o,McdTriangleListUpdateAABB,846,109,true,false,false,false,true,false,0
McdTriangleList.o,McdTriangleListGetXYAABB,145,21,true,false,false,false,true,false,0
McdTriangleList.o,McdTriangleListGetBSphere,66,15,true,false,false,false,true,false,0
McdTriangleList.o,McdTriangleListMaximumPoint,48,12,true,false,false,false,false,false,1
McdTriangleList.o,McdTriangleListGetMassProperties,50,12,true,false,false,false,false,false,1
McdTriangleList.o,McdTriangleListGetUserData,11,6,true,false,false,false,false,false,0
McdTriangleList.o,McdTriangleListSetUserData,14,7,true,false,false,false,false,false,0
McdTriangleList.o,McdTriangleListDebugDraw,48,12,true,false,false,false,false,false,1
keaMakejlenandbl2body.o,singPartmakejlenandbl2body,342,77,true,false,false,false,true,false,0
keaMakejlenandbl2body.o,makejlenandbl2body,737,142,true,false,false,false,true,false,0
MePrecision.o,MeRealIsValidFn,10,8,true,false,false,false,false,false,1
MeFAsset.o,MeFAssetCreateCopy,1517,560,true,false,false,false,true,true,2
MeFAsset.o,MeFAssetDestroy,417,75,true,false,false,false,true,true,1
MeFAsset.o,MeFAssetCombine,791,103,true,false,false,false,true,false,1
MeFAsset.o,MeFAssetGetPartCount,11,6,true,false,false,false,false,false,0
MeFAsset.o,MeFAssetInitGeometryIterator,18,7,true,false,false,false,false,false,0
MeFAsset.o,MeFAssetGetGeometry,17,11,true,false,false,false,true,false,0
MeFAsset.o,MeFAssetInitModelIterator,18,7,true,false,false,false,false,false,0
MeFAsset.o,MeFAssetGetModel,17,11,true,false,false,false,true,false,0
MeFAsset.o,MeFAssetInitJointIterator,18,7,true,false,false,false,false,false,0
MeFAsset.o,MeFAssetGetJoint,17,11,true,false,false,false,true,false,0
MeFAsset.o,MeFAssetInitPartIterator,18,7,true,false,false,false,false,false,0
MeFAsset.o,MeFAssetGetPart,17,11,true,false,false,false,true,false,0
MeFAsset.o,MeFAssetLookupPart,24,9,true,false,false,false,false,false,0
MeFAsset.o,MeFAssetGetPartsSortedByName,82,21,true,false,false,false,true,false,0
MeFAsset.o,MeFAssetMakeGeometryNameUnique,301,58,true,false,false,false,true,false,1
MeFAsset.o,MeFAssetMakeModelNameUnique,301,58,true,false,false,false,true,false,1
MeFAsset.o,MeFAssetMakePartNameUnique,295,58,true,false,false,false,true,false,1
MeFAsset.o,MeFAssetMakeJointNameUnique,301,58,true,false,false,false,true,false,1
MeFAsset.o,MeFAssetInsertGeometry,115,30,true,false,false,false,true,false,1
MeFAsset.o,MeFAssetRemoveGeometry,106,34,true,false,false,false,true,false,1
MeFAsset.o,MeFAssetInsertModel,115,30,true,false,false,false,true,false,1
MeFAsset.o,MeFAssetRemoveModel,106,34,true,false,false,false,true,false,1
MeFAsset.o,MeFAssetInsertJoint,115,30,true,false,false,false,true,false,1
MeFAsset.o,MeFAssetRemoveJoint,106,34,true,false,false,false,true,false,1
MeFAsset.o,MeFAssetInsertPart,136,36,true,false,false,false,true,false,1
MeFAsset.o,MeFAssetRemovePart,139,37,true,false,false,false,true,false,1
MeFAsset.o,MeFAssetResolveGeometryReferences,98,20,true,false,false,false,true,false,0
MeFAsset.o,MeFAssetResolveModelReferences,98,19,true,false,false,false,true,false,0
MeFAsset.o,MeFAssetResolvePartReferences,217,35,true,false,false,false,true,false,0
MeFAsset.o,MeFAssetCreate,205,43,true,false,false,false,true,false,1
MeFAsset.o,MeFAssetGetName,10,6,true,false,false,false,false,false,0
MeFAsset.o,MeFAssetGetID,11,6,true,false,false,false,false,false,0
MeFAsset.o,MeFAssetGetReferencePart,11,6,true,false,false,false,false,false,0
MeFAsset.o,MeFAssetGetGraphicHint,11,6,true,false,false,false,false,false,0
MeFAsset.o,MeFAssetGetGraphicScale,11,6,true,false,false,false,false,false,0
MeFAsset.o,MeFAssetGetGeometryCount,11,6,true,false,false,false,false,false,0
MeFAsset.o,MeFAssetGetModelCount,11,6,true,false,false,false,false,false,0
MeFAsset.o,MeFAssetGetJointCount,11,6,true,false,false,false,false,false,0
MeFAsset.o,MeFAssetLookupGeometry,24,9,true,false,false,false,false,false,0
MeFAsset.o,MeFAssetLookupModel,24,9,true,false,false,false,false,false,0
MeFAsset.o,MeFAssetLookupJoint,24,9,true,false,false,false,false,false,0
MeFAsset.o,MeFAssetGetGeometrySortedByName,82,21,true,false,false,false,true,false,0
MeFAsset.o,MeFAssetGetModelsSortedByName,82,21,true,false,false,false,true,false,0
MeFAsset.o,MeFAssetGetJointsSortedByName,82,21,true,false,false,false,true,false,0
MeFAsset.o,MeFAssetIsEmpty,36,6,true,false,false,false,false,false,0
MeFAsset.o,MeFAssetGetMassScale,11,6,true,false,false,false,false,false,0
MeFAsset.o,MeFAssetGetLengthScale,11,6,true,false,false,false,false,false,0
MeFAsset.o,MeFAssetRename,9,7,true,false,false,false,false,false,0
MeFAsset.o,MeFAssetSetID,14,7,true,false,false,false,false,false,0
MeFAsset.o,MeFAssetSetReferencePart,18,9,true,false,false,false,false,false,1
MeFAsset.o,MeFAssetSetGraphicHint,18,9,true,false,false,false,false,false,1
MeFAsset.o,MeFAssetSetGraphicScale,14,7,true,false,false,false,false,false,0
MeFAsset.o,MeFAssetRemoveAllGeometry,58,16,true,false,false,false,true,false,0
MeFAsset.o,MeFAssetRemoveAllModels,58,16,true,false,false,false,true,false,0
MeFAsset.o,MeFAssetRemoveAllParts,58,16,true,false,false,false,true,false,0
MeFAsset.o,MeFAssetRemoveAllJoints,58,16,true,false,false,false,true,false,0
MeFAsset.o,MeFAssetScale,202,44,true,false,false,false,true,false,0
MeFAsset.o,MeFAssetSetMassScale,14,7,true,false,false,false,false,false,0
MeFAsset.o,MeFAssetSetLengthScale,14,7,true,false,false,false,false,false,0
MeFAsset.o,_MeFAssetInit,216,47,true,false,false,false,true,false,0
MeFAsset.o,_MeFGeometrySortFunc,29,13,true,false,false,false,true,true,0
MeFAsset.o,_MeFModelSortFunc,29,13,true,false,false,false,true,true,0
MeFAsset.o,_MeFAssetPartSortFunc,29,13,true,false,false,false,true,true,0
MeFAsset.o,_MeFJointSortFunc,29,13,true,false,false,false,true,true,0
keaMatrix_PcSparse_vanilla.o,allocate,266,35,true,false,false,false,false,true,0
keaMatrix_PcSparse_vanilla.o,makeFromJMJT,1845,303,true,false,false,false,true,true,0
keaMatrix_PcSparse_vanilla.o,multiply,613,103,true,false,false,false,true,false,0
keaMatrix_PcSparse_vanilla.o,factorize,199,52,true,false,false,false,true,false,0
keaMatrix_PcSparse_vanilla.o,solve,1232,248,true,false,false,false,true,false,0
keaMatrix_PcSparse_vanilla.o,solveUnits,1753,329,true,false,false,false,true,false,0
keaMatrix_PcSparse_vanilla.o,Multiply46BlockBy46BlockTranspose,473,87,true,false,false,false,true,false,0
keaMatrix_PcSparse_vanilla.o,vc_strip_Cholesky,1165,152,true,false,false,false,true,false,0
keaMatrix_PcSparse_vanilla.o,vc_dstrip_Cholesky,1162,193,true,false,false,false,true,false,0
MeFPrimitive.o,MeFPrimitiveRename,47,15,true,false,false,false,true,false,0
MeFPrimitive.o,MeFPrimitiveCreate,205,41,true,false,false,false,true,false,1
MeFPrimitive.o,MeFPrimitiveCreateCopy,228,49,true,false,false,false,true,false,1
MeFPrimitive.o,MeFPrimitiveDestroy,51,13,true,false,false,false,false,false,1
MeFPrimitive.o,MeFPrimitiveGetType,11,6,true,false,false,false,false,false,0
MeFPrimitive.o,MeFPrimitiveGetName,10,6,true,false,false,false,false,false,0
MeFPrimitive.o,MeFPrimitiveGetRadius,11,6,true,false,false,false,false,false,0
MeFPrimitive.o,MeFPrimitiveGetDimensions,31,9,true,false,false,false,false,false,0
MeFPrimitive.o,MeFPrimitiveGetHeight,11,6,true,false,false,false,false,false,0
MeFPrimitive.o,MeFPrimitiveInitVertexIterator,20,8,true,false,false,false,false,false,0
MeFPrimitive.o,MeFPrimitiveGetVertex,36,19,true,false,false,false,true,false,0
MeFPrimitive.o,MeFPrimitiveGetVertexCount,11,6,true,false,false,false,false,false,0
MeFPrimitive.o,MeFPrimitiveGetVertexArray,11,6,true,false,false,false,false,false,0
MeFPrimitive.o,MeFPrimitiveGetTransformPtr,11,8,true,false,false,false,false,false,1
MeFPrimitive.o,MeFPrimitiveSetRadius,14,7,true,false,false,false,false,false,0
MeFPrimitive.o,MeFPrimitiveSetDimensions,29,9,true,false,false,false,false,false,0
MeFPrimitive.o,MeFPrimitiveSetHeight,14,7,true,false,false,false,false,false,0
MeFPrimitive.o,MeFPrimitiveAddVertex,91,23,true,false,false,false,false,false,1
MeFPrimitive.o,MeFPrimitiveSetVertexArray,77,20,true,false,false,false,false,false,1
MeFPrimitive.o,MeFPrimitiveSetTransform,111,22,true,false,false,false,false,false,0
MeFPrimitive.o,MeFPrimitiveScale,150,33,true,false,false,false,true,false,0
IxSphylPrimitives.o,AccumulateSphylContacts,612,73,true,false,false,false,false,false,0
IxSphylPrimitives.o,McdSphylPlaneIntersect,1037,116,true,false,false,false,true,false,0
IxSphylPrimitives.o,McdSphylPlaneRegisterInteraction,74,17,true,false,false,false,false,false,1
IxSphylPrimitives.o,McdSphylSphereIntersect,795,111,true,false,false,false,true,false,0
IxSphylPrimitives.o,McdSphylSphereRegisterInteraction,74,17,true,false,false,false,false,false,1
IxSphylPrimitives.o,McdSphylSphylIntersect,916,113,true,false,false,false,true,false,0
IxSphylPrimitives.o,McdSphylSphylRegisterInteraction,74,17,true,false,false,false,false,false,1
IxSphylPrimitives.o,McdSphylBoxIntersect,4359,477,true,false,false,false,true,false,3
IxSphylPrimitives.o,McdSphylBoxRegisterInteraction,74,17,true,false,false,false,false,false,1
IxSphylPrimitives.o,McdSphylCylinderIntersect,5627,500,true,false,false,false,true,false,0
IxSphylPrimitives.o,McdSphylCylinderRegisterInteraction,74,17,true,false,false,false,false,false,1
IxSphylPrimitives.o,McdSphylTriangleListIntersect,951,249,true,false,false,false,true,true,1
IxSphylPrimitives.o,McdSphylTriangleListRegisterInteraction,74,17,true,false,false,false,false,false,1
IxSphylPrimitives.o,LineSphere,387,57,true,false,false,false,true,false,0
IxSphylPrimitives.o,IxSphylLineSegment,1698,168,true,false,false,false,true,false,0
IxSphylPrimitives.o,McdSphylLineSegmentRegisterInteraction,29,9,true,false,false,false,false,false,1
IxSphylPrimitives.o,MeVector3Normalize,120,32,true,false,false,false,true,false,0
IxSphylPrimitives.o,GenerateTriangleContact,4857,368,true,false,false,false,true,false,1
IxCylinderTriList.o,McdCylinderTriangleListIntersect,2252,273,true,false,false,false,true,true,0
IxCylinderTriList.o,McdCylinderTriangleListRegisterInteraction,74,17,true,false,false,false,false,false,1
IxCylinderTriList.o,MeVector3Normalize,120,32,true,false,false,false,true,false,0
IxCylinderTriList.o,McdVanillaOverlapCylTri,3599,361,true,false,false,false,true,false,0
IxCylinderTriList.o,McdVanillaSegmentCylinderIntersect,903,139,true,false,false,false,true,false,0
IxCylinderTriList.o,McdVanillaAddTriCylSegmentPoints,1866,137,true,false,false,false,true,false,0
IxBoxTriList.o,McdBoxTriangleListIntersect,2058,267,true,false,false,false,true,true,0
IxBoxTriList.o,McdBoxTriangleListRegisterInteraction,74,17,true,false,false,false,false,false,1
IxBoxTriList.o,MeVector3Normalize,120,32,true,false,false,false,true,false,0
IxBoxTriList.o,McdVanillaOverlapOBBTri,2522,285,true,false,false,false,true,false,0
IxBoxTriList.o,McdVanillaBoxTriIntersect,1639,177,true,false,false,false,false,false,0
IxBoxTriList.o,McdVanillaSegmentCubeIntersect,496,75,true,false,false,false,true,false,0
IxBoxTriList.o,McdVanillaAddTriBoxSegmentPoints,1471,127,true,false,false,false,true,false,0
IxSphereTriList.o,McdSphereTriangleListIntersect,1687,212,true,false,false,false,true,true,0
IxSphereTriList.o,McdSphereTriangleListRegisterInteraction,74,17,true,false,false,false,false,false,1
IxSphereTriList.o,MeVector3Normalize,120,32,true,false,false,false,true,false,0
IxSphereTriList.o,McdVanillaOverlapSphereTri,1408,170,true,false,false,false,true,false,0
