step,b0_x,b0_y,b0_z,b1_x,b1_y,b1_z,b2_x,b2_y,b2_z,b3_x,b3_y,b3_z,b4_x,b4_y,b4_z,b5_x,b5_y,b5_z,b6_x,b6_y,b6_z,b7_x,b7_y,b7_z
0,0,0,2.99727511,0.316666663,0.124999993,4.69727468,0.620000005,0.249999985,6.39727497,0.936666667,0,8.09727573,1.24000001,0.124999993,9.79727554,1.55666661,0.249999985,11.4972754,1.86000001,0,13.1972761,2.17666674,0.124999993,14.8972759
1,0,0,2.9918251,0.323333323,0.11999999,4.69182491,0.620000005,0.23999998,6.3918252,0.943333328,0,8.09182549,1.24000001,0.11999999,9.79182529,1.56333327,0.23999998,11.4918251,1.86000001,0,13.1918259,2.1833334,0.11999999,14.8918257
2,0,0,2.98365021,0.329999983,0.114999987,4.68365002,0.620000005,0.229999974,6.3836503,0.949999988,0,8.08365059,1.24000001,0.114999987,9.7836504,1.56999993,0.229999974,11.4836502,1.86000001,0,13.183651,2.19000006,0.114999987,14.8836508
3,0,0,2.97275019,0.336666644,0.109999985,4.67275,0.620000005,0.219999969,6.37275028,0.956666648,0,8.07275105,1.24000001,0.109999985,9.77275085,1.57666659,0.219999969,11.4727507,1.86000001,0,13.1727514,2.19666672,0.109999985,14.8727512
4,0,0,2.95912528,0.343333304,0.104999982,4.65912485,0.620000005,0.209999964,6.35912514,0.963333309,0,8.0591259,1.24000001,0.104999982,9.75912571,1.58333325,0.209999964,11.4591255,1.86000001,0,13.1591263,2.20333338,0.104999982,14.8591261
5,0,0,2.94277525,0.349999964,0.0999999791,4.64277506,0.620000005,0.199999958,6.34277534,0.969999969,0,8.04277611,1.24000001,0.0999999791,9.74277592,1.58999991,0.199999958,11.4427757,1.86000001,0,13.1427765,2.21000004,0.0999999791,14.8427763
6,0,0,2.92370033,0.356666625,0.0949999765,4.62370014,0.620000005,0.189999953,6.32370043,0.976666629,0,8.02370071,1.24000001,0.0949999765,9.72370052,1.59666657,0.189999953,11.4237003,1.86000001,0,13.1237011,2.2166667,0.0949999765,14.8237009
7,0,0,2.90190029,0.363333285,0.0899999738,4.6019001,0.620000005,0.179999948,6.30190039,0.98333329,0,8.00190067,1.24000001,0.0899999738,9.70190048,1.60333323,0.179999948,11.4019003,1.86000001,0,13.1019011,2.22333336,0.0899999738,14.8019009
8,0,0,2.87737536,0.369999945,0.0849999711,4.57737494,0.620000005,0.169999942,6.27737522,0.98999995,0,7.97737551,1.24000001,0.0849999711,9.67737579,1.6099999,0.169999942,11.3773756,1.86000001,0,13.0773764,2.23000002,0.0849999711,14.7773762
9,0,0,2.85012531,0.376666605,0.0799999684,4.55012512,0.620000005,0.159999937,6.25012541,0.99666661,0,7.95012569,1.24000001,0.0799999684,9.6501255,1.61666656,0.159999937,11.3501253,1.86000001,0,13.0501261,2.23666668,0.0799999684,14.7501259
10,0,0,2.82015038,0.383333266,0.0749999657,4.52015018,0.620000005,0.149999931,6.22015047,1.00333333,0,7.92015076,1.24000001,0.0749999657,9.62015057,1.62333322,0.149999931,11.3201504,1.86000001,0,13.0201511,2.24333334,0.0749999657,14.7201509
11,0,0,2.78745031,0.389999926,0.069999963,4.48745012,0.620000005,0.139999926,6.18745041,1.00999999,0,7.8874507,1.24000001,0.069999963,9.58745098,1.62999988,0.139999926,11.2874508,1.86000001,0,12.9874516,2.25,0.069999963,14.6874514
12,0,0,2.75202537,0.396666586,0.0649999604,4.45202494,0.620000005,0.129999921,6.15202522,1.01666665,0,7.85202551,1.24000001,0.0649999604,9.55202579,1.63666654,0.129999921,11.2520256,1.86000001,0,12.9520264,2.25666666,0.0649999604,14.6520262
13,0,0,2.71387529,0.403333247,0.0599999614,4.4138751,0.620000005,0.119999923,6.11387539,1.02333331,0,7.81387568,1.24000001,0.0599999614,9.51387596,1.6433332,0.119999923,11.2138758,1.86000001,0,12.9138765,2.26333332,0.0599999614,14.6138763
14,0,0,2.67300034,0.409999907,0.0549999624,4.37300014,0.620000005,0.109999925,6.07300043,1.02999997,0,7.77300072,1.24000001,0.0549999624,9.47300053,1.64999986,0.109999925,11.1730003,1.86000001,0,12.8730011,2.26999998,0.0549999624,14.5730009
15,0,0,2.62940025,0.416666567,0.0499999635,4.32940006,0.620000005,0.099999927,6.02940035,1.03666663,0,7.72940063,1.24000001,0.0499999635,9.42940044,1.65666652,0.099999927,11.1294003,1.86000001,0,12.829401,2.27666664,0.0499999635,14.5294008
16,0,0,2.58307528,0.423333228,0.0449999645,4.28307486,0.620000005,0.0899999291,5.98307514,1.04333329,0,7.68307543,1.24000001,0.0449999645,9.38307571,1.66333318,0.0899999291,11.0830755,1.86000001,0,12.7830763,2.2833333,0.0449999645,14.4830761
17,0,0,2.53402519,0.429999888,0.0399999656,4.234025,0.620000005,0.0799999312,5.93402529,1.04999995,0,7.63402557,1.24000001,0.0399999656,9.33402538,1.66999984,0.0799999312,11.0340252,1.86000001,0,12.734026,2.28999996,0.0399999656,14.4340258
18,0,0,2.48225021,0.436666548,0.0349999666,4.18225002,0.620000005,0.0699999332,5.88225031,1.05666661,0,7.5822506,1.24000001,0.0349999666,9.2822504,1.6766665,0.0699999332,10.9822502,1.86000001,0,12.682251,2.29666662,0.0349999666,14.3822508
19,0,0,2.42775011,0.443333209,0.0299999658,4.12774992,0.620000005,0.0599999316,5.82775021,1.06333327,0,7.52775049,1.24000001,0.0299999658,9.22775078,1.68333316,0.0599999316,10.9277506,1.86000001,0,12.6277514,2.30333328,0.0299999658,14.3277512
20,0,0,2.37052512,0.449999869,0.024999965,4.07052469,0.620000005,0.04999993,5.77052498,1.06999993,0,7.47052526,1.24000001,0.024999965,9.17052555,1.68999982,0.04999993,10.8705254,1.86000001,0,12.5705261,2.30999994,0.024999965,14.2705259
21,0,0,2.31057501,0.456666529,0.0199999642,4.01057482,0.620000005,0.0399999283,5.7105751,1.07666659,0,7.41057539,1.24000001,0.0199999642,9.11057568,1.69666648,0.0399999283,10.8105755,1.86000001,0,12.5105762,2.3166666,0.0199999642,14.2105761
22,0,0,2.24790001,0.463333189,0.0149999633,3.94789982,0.620000005,0.0299999267,5.6479001,1.08333325,0,7.34790039,1.24000001,0.0149999633,9.0479002,1.70333314,0.0299999267,10.7479,1.86000001,0,12.4479008,2.32333326,0.0149999633,14.1479006
23,0,0,2.18249989,0.46999985,0.00999996252,3.88249969,0.620000005,0.019999925,5.58249998,1.08999991,0,7.28250027,1.24000001,0.00999996252,8.98250008,1.7099998,0.019999925,10.6824999,1.86000001,0,12.3825006,2.32999992,0.00999996252,14.0825005
24,0,0,2.11437488,0.47666651,0.00499996217,3.81437469,0.620000005,0.00999992434,5.51437473,1.09666657,0,7.21437502,1.24000001,0.00499996217,8.91437531,1.71666646,0.00999992434,10.6143751,1.86000001,0,12.3143759,2.33666658,0.00499996217,14.0143757
25,0,0,2.04352474,0.48333317,-3.82897767e-08,3.74352455,0.620000005,-7.65795534e-08,5.44352484,1.10333323,0,7.14352512,1.24000001,-3.82897767e-08,8.84352493,1.72333312,-7.65795534e-08,10.5435247,1.86000001,0,12.2435255,2.34333324,-3.82897767e-08,13.9435253
26,0,0,1.96994972,0.489999831,-0.00500003854,3.66994953,0.620000005,-0.0100000771,5.36994982,1.1099999,0,7.0699501,1.24000001,-0.00500003854,8.76994991,1.72999978,-0.0100000771,10.4699497,1.86000001,0,12.1699505,2.3499999,-0.00500003854,13.8699503
27,0,0,1.8936497,0.496666491,-0.0100000389,3.59364963,0.620000005,-0.0200000778,5.29364967,1.11666656,0,6.99364996,1.24000001,-0.0100000389,8.69365025,1.73666644,-0.0200000778,10.3936501,1.86000001,0,12.0936508,2.35666656,-0.0100000389,13.7936506
28,0,0,1.81462467,0.503333151,-0.0150000397,3.5146246,0.620000005,-0.0300000794,5.21462488,1.12333322,0,6.91462517,1.24000001,-0.0150000397,8.61462498,1.7433331,-0.0300000794,10.3146248,1.86000001,0,12.0146255,2.36333323,-0.0150000397,13.7146254
29,0,0,1.73287463,0.509999812,-0.0200000405,3.43287468,0.620000005,-0.0400000811,5.13287497,1.12999988,0,6.83287525,1.24000001,-0.0200000405,8.53287506,1.74999976,-0.0400000811,10.2328749,1.86000001,0,11.9328756,2.36999989,-0.0200000405,13.6328754
30,0,0,1.64839959,0.516666472,-0.0250000414,3.34839964,0.620000005,-0.0500000827,5.04839993,1.13666654,0,6.74840021,1.24000001,-0.0250000414,8.4484005,1.75666642,-0.0500000827,10.1484003,1.86000001,0,11.8484011,2.37666655,-0.0250000414,13.5484009
31,0,0,1.56119955,0.523333132,-0.0300000422,3.26119971,0.620000005,-0.0600000843,4.96119976,1.1433332,0,6.66120005,1.24000001,-0.0300000422,8.36120033,1.76333308,-0.0600000843,10.0612001,1.86000001,0,11.7612009,2.38333321,-0.0300000422,13.4612007
32,0,0,1.4712745,0.529999793,-0.0350000411,3.17127466,0.620000005,-0.0700000823,4.87127495,1.14999986,0,6.57127523,1.24000001,-0.0350000411,8.27127552,1.76999974,-0.0700000823,9.97127533,1.86000001,0,11.6712761,2.38999987,-0.0350000411,13.3712759
33,0,0,1.37862444,0.536666453,-0.0400000401,3.07862473,0.620000005,-0.0800000802,4.77862501,1.15666652,0,6.4786253,1.24000001,-0.0400000401,8.17862511,1.7766664,-0.0800000802,9.87862492,1.86000001,0,11.5786257,2.39666653,-0.0400000401,13.2786255
34,0,0,1.2832495,0.543333113,-0.045000039,2.98324966,0.620000005,-0.0900000781,4.68324995,1.16333318,0,6.38325024,1.24000001,-0.045000039,8.08325005,1.78333306,-0.0900000781,9.78324986,1.86000001,0,11.4832506,2.40333319,-0.045000039,13.1832504
35,0,0,1.18514955,0.549999774,-0.050000038,2.88514972,0.620000005,-0.100000076,4.58514977,1.16999984,0,6.28515005,1.24000001,-0.050000038,7.98514986,1.78999972,-0.100000076,9.68515015,1.86000001,0,11.3851509,2.40999985,-0.050000038,13.0851507
36,0,0,1.0843246,0.556666434,-0.055000037,2.78432465,0.620000005,-0.110000074,4.48432493,1.1766665,0,6.18432522,1.24000001,-0.055000037,7.88432503,1.79666638,-0.110000074,9.58432484,1.86000001,0,11.2843256,2.41666651,-0.055000037,12.9843254
37,0,0,0.980774641,0.563333094,-0.0600000359,2.68077469,0.620000005,-0.120000072,4.38077497,1.18333316,0,6.08077526,1.24000001,-0.0600000359,7.78077507,1.80333304,-0.120000072,9.48077488,1.86000001,0,11.1807756,2.42333317,-0.0600000359,12.8807755
38,0,0,0.874499679,0.569999754,-0.0650000349,2.57449961,0.620000005,-0.13000007,4.27449989,1.18999982,0,5.97450018,1.24000001,-0.0650000349,7.67449999,1.8099997,-0.13000007,9.37450027,1.86000001,0,11.074501,2.42999983,-0.0650000349,12.7745008
39,0,0,0.765499711,0.576666415,-0.0700000376,2.46549964,0.620000005,-0.140000075,4.16549969,1.19666648,0,5.86549997,1.24000001,-0.0700000376,7.56549978,1.81666636,-0.140000075,9.26550007,1.86000001,0,10.9655008,2.43666649,-0.0700000376,12.6655006
40,0,0,0.653774738,0.583333075,-0.0750000402,2.35377455,0.620000005,-0.15000008,4.05377483,1.20333314,0,5.75377512,1.24000001,-0.0750000402,7.45377493,1.82333302,-0.15000008,9.15377522,1.86000001,0,10.853776,2.44333315,-0.0750000402,12.5537758
41,0,0,0.53932476,0.589999735,-0.0800000429,2.23932457,0.620000005,-0.160000086,3.93932486,1.2099998,0,5.63932514,1.24000001,-0.0800000429,7.33932495,1.82999969,-0.160000086,9.03932571,1.86000001,0,10.7393265,2.44999981,-0.0800000429,12.4393263
42,0,0,0.422149777,0.596666396,-0.0850000456,2.12214971,0.620000005,-0.170000091,3.82214999,1.21666646,0,5.52215004,1.24000001,-0.0850000456,7.22214985,1.83666635,-0.170000091,8.92215061,1.86000001,0,10.6221514,2.45666647,-0.0850000456,12.3221512
43,0,0,0.302249819,0.603333056,-0.0900000483,2.00224972,0.620000005,-0.180000097,3.70225,1.22333312,0,5.40225029,1.24000001,-0.0900000483,7.1022501,1.84333301,-0.180000097,8.80225086,1.86000001,0,10.5022516,2.46333313,-0.0900000483,12.2022514
44,0,0,0.179624856,0.609999716,-0.095000051,1.87962472,0.620000005,-0.190000102,3.57962513,1.22999978,0,5.27962542,1.24000001,-0.095000051,6.97962523,1.84999967,-0.190000102,8.67962551,1.86000001,0,10.3796263,2.46999979,-0.095000051,12.0796261
45,0,0,0.203520805,0.616666377,-0.100000054,1.75427473,0.620000005,-0.200000107,3.45427513,1.23666644,0,5.15427542,1.24000001,-0.100000054,6.85427523,1.85666633,-0.200000107,8.55427551,1.86000001,0,10.2542763,2.47666645,-0.100000054,11.9542761
46,0,0,0.224691749,0.623333037,-0.105000056,1.62619972,0.620000005,-0.210000113,3.32620025,1.2433331,0,5.02620029,1.24000001,-0.105000056,6.7262001,1.86333299,-0.210000113,8.42620087,1.86000001,0,10.1262016,2.48333311,-0.105000056,11.8262014
47,0,0,0.243137687,0.629999697,-0.110000059,1.49539971,0.620000005,-0.220000118,3.19540024,1.24999976,0,4.89540052,1.24000001,-0.110000059,6.59540033,1.86999965,-0.220000118,8.29540062,1.86000001,0,9.99540138,2.48999977,-0.110000059,11.6954012
48,0,0,0.258858621,0.636666358,-0.115000062,1.3618747,0.620000005,-0.230000123,3.06187534,1.25666642,0,4.76187563,1.24000001,-0.115000062,6.46187544,1.87666631,-0.230000123,8.16187572,1.86000001,0,9.86187649,2.49666643,-0.115000062,11.5618763
49,0,0,0.27185455,0.643333018,-0.120000064,1.22562468,0.620000005,-0.240000129,2.92562532,1.26333308,0,4.62562561,1.24000001,-0.120000064,6.32562542,1.88333297,-0.240000129,8.02562618,1.86000001,0,9.72562695,2.50333309,-0.120000064,11.4256268
50,0,0,0.282125503,0.649999678,-0.12500006,1.08664978,0.620000005,-0.250000119,2.78665042,1.26999974,0,4.48665047,1.24000001,-0.12500006,6.18665028,1.88999963,-0.250000119,7.88665104,1.86000001,0,9.5866518,2.50999975,-0.12500006,11.2866516
51,0,0,0.289671451,0.656666338,-0.130000055,0.944949806,0.620000005,-0.26000011,2.64495039,1.2766664,0,4.34495068,1.24000001,-0.130000055,6.04495049,1.89666629,-0.26000011,7.74495125,1.86000001,0,9.44495201,2.51666641,-0.130000055,11.1449518
52,-0.0612207726,-3.03412162e-09,0.291588098,0.716147482,-0.13500005,0.915844619,0.620000005,-0.2700001,2.50052547,1.28333306,0,4.20052576,1.24000001,-0.13500005,5.90052557,1.90333295,-0.2700001,7.60052633,1.86000001,0,9.30052662,2.52333307,-0.13500005,11.0005264
53,-0.122441545,-6.06824324e-09,0.293267488,0.775628626,-0.140000045,0.884014428,0.620000005,-0.280000091,2.35337543,1.28999972,0,4.05337572,1.24000001,-0.140000045,5.75337553,1.90999961,-0.280000091,7.45337629,1.86000001,0,9.15337658,2.52999973,-0.140000045,10.8533764
54,-0.18366231,-9.10236508e-09,0.294611126,0.83510977,-0.145000041,0.849459291,0.620000005,-0.290000081,2.20350051,1.29666638,0,3.9035008,1.24000001,-0.145000041,5.60350037,1.91666627,-0.290000081,7.30350113,1.86000001,0,9.00350189,2.53666639,-0.145000041,10.7035017
55,-0.244883075,-1.21364865e-08,0.295685947,0.894590914,-0.150000036,0.812179148,0.620000005,-0.300000072,2.05090046,1.30333304,0,3.75090075,1.24000001,-0.150000036,5.45090055,1.92333293,-0.300000072,7.15090132,1.86000001,0,8.8509016,2.54333305,-0.150000036,10.5509014
56,-0.306103855,-1.51706079e-08,0.296545744,0.954072058,-0.155000031,0.772174001,0.620000005,-0.310000062,1.89557552,1.3099997,0,3.59557581,1.24000001,-0.155000031,5.29557562,1.92999959,-0.310000062,6.99557638,1.86000001,0,8.69557667,2.54999971,-0.155000031,10.3955765
57,-0.36732462,-1.82047302e-08,0.297233522,1.01355314,-0.160000026,0.729443848,0.620000005,-0.320000052,1.73752558,1.31666636,0,3.43752575,1.24000001,-0.160000026,5.13752556,1.93666625,-0.320000052,6.83752632,1.86000001,0,8.53752708,2.55666637,-0.160000026,10.2375269
58,-0.428545386,-2.12388525e-08,0.297783703,1.08476913,-0.167911708,0.652656436,0.609772503,-0.327462345,1.60405838,1.32333302,0,3.2767508,1.24000001,-0.165000021,4.97675085,1.94333291,-0.330000043,6.67675161,1.86000001,0,8.3767519,2.56333303,-0.165000021,10.0767517
59,-0.489766151,-2.42729747e-08,0.298223823,1.15598512,-0.17582339,0.573144019,0.599545002,-0.334924638,1.46786618,1.32999969,0,3.11325097,1.24000001,-0.170000017,4.81325102,1.94999957,-0.340000033,6.51325178,1.86000001,0,8.21325207,2.56999969,-0.170000017,9.91325188
60,-0.550986946,-2.7307097e-08,0.298575878,1.2272011,-0.183735073,0.511251032,0.589317501,-0.342386931,1.32894897,1.33666635,0,2.94702601,1.24000001,-0.175000012,4.64702606,1.95666623,-0.350000024,6.34702682,1.86000001,0,8.04702759,2.57666636,-0.175000012,9.7470274
61,-0.612207711,-3.03412193e-08,0.29885751,1.29841709,-0.191646755,0.446633011,0.579089999,-0.349849224,1.18730676,1.34333301,0,2.77807617,1.24000001,-0.180000007,4.47807598,1.96333289,-0.360000014,6.17807674,1.86000001,0,7.87807751,2.58333302,-0.180000007,9.57807732
62,-0.673428476,-3.33753398e-08,0.299082816,1.36963308,-0.199558437,0.415950716,0.568862498,-0.357311517,1.04293954,1.34999967,0,2.60640121,1.24000001,-0.185000002,4.30640125,1.96999955,-0.370000005,6.00640202,1.86000001,0,7.70640278,2.58999968,-0.185000002,9.40640259
63,-0.734649241,-3.64094603e-08,0.29926303,1.47968304,-0.203052312,0.367860079,0.524789035,-0.368624181,0.973435342,1.35666633,0,2.43200135,1.24000001,-0.189999998,4.1320014,1.97666621,-0.379999995,5.83200216,1.86000001,0,7.53200293,2.59666634,-0.189999998,9.23200226
64,-0.795870006,-3.94435808e-08,0.299407184,1.59658563,-0.204171851,0.374378204,0.474743158,-0.382006228,0.915915489,1.36333299,0,2.25487638,1.24000001,-0.194999993,3.95487642,1.98333287,-0.389999986,5.65487719,1.86000001,0,7.35487795,2.603333,-0.194999993,9.05487728
65,-0.857090771,-4.24777014e-08,0.299522519,1.71348822,-0.20529139,0.379630417,0.42469728,-0.395388275,0.855670631,1.36999965,0,2.07502651,1.24000001,-0.199999988,3.77502656,1.98999953,-0.399999976,5.47502708,1.86000001,0,7.17502785,2.60999966,-0.199999988,8.87502766
66,-0.918311536,-4.55118219e-08,0.299614787,1.83039081,-0.20641093,0.383785099,0.374651402,-0.408770323,0.792700768,1.37666631,0,1.89245164,1.24000001,-0.204999983,3.59245157,1.99666619,-0.409999967,5.29245234,1.86000001,0,6.9924531,2.61666632,-0.204999983,8.69245243
67,-0.979532301,-4.85459424e-08,0.299688578,1.9472934,-0.207530469,0.387078583,0.324605525,-0.42215237,0.727005899,1.38333297,0,1.70715177,1.24000001,-0.209999979,3.4071517,2.00333285,-0.419999957,5.10715246,1.86000001,0,6.80715322,2.62333298,-0.209999979,8.50715256
68,-1.04075313,-5.15800629e-08,0.299747616,2.06419587,-0.208650008,0.389693975,0.274559647,-0.435534418,0.658586025,1.38999963,0,1.51912689,1.24000001,-0.214999974,3.2191267,2.00999951,-0.429999948,4.91912746,1.86000001,0,6.61912823,2.62999964,-0.214999974,8.31912804
69,-1.10197389,-5.46141834e-08,0.299794823,2.18109846,-0.209769547,0.39177385,0.224513784,-0.448916465,0.632348537,1.39666629,0,1.32837701,1.24000001,-0.219999969,3.02837682,2.01666617,-0.439999938,4.72837734,1.86000001,0,6.42837811,2.6366663,-0.219999969,8.12837791
70,-1.16319466,-5.76483039e-08,0.299832612,2.29800105,-0.210889086,0.393429786,0.174467921,-0.462298512,0.603386045,1.40333295,0,1.13490212,1.24000001,-0.224999964,2.83490181,2.02333283,-0.449999928,4.53490257,1.86000001,0,6.23490334,2.64333296,-0.224999964,7.93490314
71,-1.22441542,-6.06824244e-08,0.299862832,2.44448209,-0.235275671,0.394640952,0.124422058,-0.47568056,0.603811085,1.38733101,0.0178316664,0.998960555,1.24000001,-0.229999959,2.63870192,2.02999949,-0.459999919,4.33870268,1.86000001,0,6.03870344,2.64999962,-0.229999959,7.73870325
72,-1.28563619,-6.37165485e-08,0.299887002,2.59096313,-0.259662271,0.39571473,0.0743761957,-0.489062607,0.601549327,1.37132907,0.0356633328,0.860293984,1.24000001,-0.234999955,2.4397769,2.03666615,-0.469999909,4.13977766,1.86000001,0,5.83977842,2.65666628,-0.234999955,7.53977823
73,-1.34685695,-6.67506725e-08,0.299906343,2.73744416,-0.284048855,0.396571875,0.0243303291,-0.502444625,0.596595228,1.35532713,0.0534949973,0.718902409,1.24000001,-0.23999995,2.23812699,2.04333282,-0.4799999,3.93812776,1.86000001,0,5.63812876,2.66333294,-0.23999995,7.33812857
74,-1.40807772,-6.97847966e-08,0.299921811,2.8839252,-0.30843544,0.397256225,-0.0257155374,-0.515826643,0.589031041,1.33932519,0.0713266656,0.738859713,1.24000001,-0.244999945,2.0337522,2.04999948,-0.48999989,3.73375297,1.86000001,0,5.43375397,2.6699996,-0.244999945,7.13375378
75,-1.46929848,-7.28189207e-08,0.299934179,3.03040624,-0.332822025,0.39780283,-0.0757614002,-0.52920866,0.578920364,1.32332325,0.0891583338,0.756092012,1.24000001,-0.24999994,1.82665229,2.05666614,-0.499999881,3.52665305,1.86000001,0,5.22665405,2.67666626,-0.24999994,6.92665386
76,-1.53051925,-7.58530447e-08,0.299944073,3.17688727,-0.35720861,0.398239553,-0.12580727,-0.542590678,0.566311061,1.34466243,0.134078279,0.77126056,1.20690715,-0.279006392,1.64716244,2.0633328,-0.509999871,3.31682825,1.86000001,0,5.01682901,2.68333292,-0.254999936,6.71682882
77,-1.59174001,-7.88871688e-08,0.299952,3.32336831,-0.381595194,0.398588568,-0.175853133,-0.555972695,0.551238596,1.37078345,0.183316529,0.780214429,1.16957653,-0.311839849,1.46963632,2.06999946,-0.519999862,3.10427833,1.86000001,0,4.80427933,2.68999958,-0.259999931,6.50427914
78,-1.65296078,-8.19212929e-08,0.299958318,3.46984935,-0.405981779,0.398867548,-0.225898996,-0.569354713,0.533728957,1.40220988,0.238802433,0.781561255,1.12754405,-0.35021019,1.29598606,2.07666612,-0.529999852,2.88900352,1.86000001,0,4.58900452,2.69666624,-0.264999926,6.28900433
79,-1.71418154,-8.49554169e-08,0.299963385,3.61633039,-0.430368364,0.399090558,-0.275944859,-0.582736731,0.513800979,1.43785942,0.301380426,0.774706244,1.08176887,-0.394865751,1.12681437,2.08333278,-0.539999843,2.67100358,1.86000001,0,4.37100458,2.7033329,-0.269999921,6.07100439
80,-1.77540231,-8.7989541e-08,0.299967438,3.76281142,-0.454754949,0.399268866,-0.325990736,-0.596118748,0.491148025,1.47600389,0.37099579,0.762210548,1.0337826,-0.445758045,0.96161586,2.08999944,-0.549999833,2.45027876,1.86000001,0,4.15027952,2.70999956,-0.274999917,5.85027933
81,-1.83662307,-9.1023665e-08,0.299970686,3.90929246,-0.479141533,0.39941144,-0.376036614,-0.609500766,0.465770066,1.51690161,0.46173805,0.743875802,0.983356357,-0.515373647,0.811258435,2.0966661,-0.559999824,2.22682881,1.86000001,0,3.92682958,2.71666622,-0.279999912,5.62682962
82,-1.89784384,-9.40577891e-08,0.299973279,4.05577326,-0.503528118,0.399525464,-0.426082492,-0.622882783,0.438845396,1.55762863,0.560052514,0.724570155,0.933081448,-0.591699958,0.663948655,2.10333276,-0.569999814,2.00065398,1.86000001,0,3.70065475,2.72333288,-0.284999907,5.40065479
83,-1.9590646,-9.70919132e-08,0.299975365,4.2022543,-0.527914703,0.399616659,-0.47612837,-0.636264801,0.437856078,1.59835565,0.658366978,0.702539504,0.88280654,-0.668026268,0.673609793,2.10999942,-0.579999804,1.77175415,1.86000001,0,3.47175479,2.72999954,-0.289999902,5.17175484
84,-2.02028537,-1.00126037e-07,0.299977034,4.34873533,-0.552301288,0.399689585,-0.526174247,-0.649646819,0.434409738,1.63908267,0.756681442,0.677783906,0.829128683,-0.742126822,0.697795689,2.11970282,-0.59198606,1.5413934,1.86000001,0,3.24012995,2.7366662,-0.294999897,4.94012976
85,-2.08150625,-1.03160161e-07,0.299978346,4.49521637,-0.576687872,0.399747908,-0.576220095,-0.663028836,0.43025735,1.67980969,0.854995906,0.650303304,0.775450826,-0.816227376,0.71925658,2.12940621,-0.603972316,1.30830765,1.86000001,0,3.00577998,2.74333286,-0.299999893,4.70578003
86,-2.14272714,-1.06194285e-07,0.299979389,4.64169741,-0.601074457,0.399794549,-0.626265943,-0.676410854,0.424486905,1.72053671,0.95331037,0.620097697,0.721772969,-0.89032793,0.737992465,2.13910961,-0.615958571,1.07249689,1.86000001,0,2.76870513,2.74999952,-0.304999888,4.46870518
87,-2.20394802,-1.09228409e-07,0.299980253,4.78817844,-0.625461042,0.399831861,-0.676311791,-0.689792871,0.417125911,1.76126373,1.05162489,0.587167084,0.668095112,-0.964428484,0.754003346,2.14881301,-0.627944827,0.833961129,1.86000001,0,2.52890515,2.75666618,-0.309999883,4.2289052
88,-2.26516891,-1.12262533e-07,0.299980938,4.93465948,-0.649847627,0.399861723,-0.726357639,-0.703174889,0.40817821,1.80199075,1.14993942,0.551511467,0.614417255,-1.03852904,0.767289281,2.15851641,-0.639931083,0.592700362,1.86000001,0,2.28638029,2.76333284,-0.314999878,3.98638034
89,-2.32638979,-1.15296658e-07,0.299981475,5.08114052,-0.674234211,0.399885595,-0.776403487,-0.716556907,0.397020638,1.84271777,1.24825394,0.537855625,0.560739398,-1.11262953,0.777850211,2.1682198,-0.651917338,0.622059524,1.86000001,0,2.04113054,2.7699995,-0.319999874,3.74113059
90,-2.38761067,-1.18330782e-07,0.299981922,5.22762156,-0.698620796,0.399904698,-0.826449335,-0.729938924,0.384952605,1.88344479,1.34656847,0.534288466,0.507061541,-1.18673003,0.785686135,2.1779232,-0.663903594,0.648693681,1.86000001,0,1.79315567,2.77666616,-0.324999869,3.49315572
91,-2.44883156,-1.21364906e-07,0.29998228,5.37410259,-0.723007381,0.399919987,-0.876495183,-0.743320942,0.371190816,1.92417181,1.44488299,0.529477537,0.453383684,-1.26083052,0.790797055,2.16925597,-0.675444663,0.63824296,1.87649465,-0.00039970479,1.62396896,2.78333282,-0.329999864,3.24245596
92,-2.51005244,-1.24399023e-07,0.299982548,5.52058363,-0.747393966,0.399932206,-0.92654103,-0.75670296,0.355697215,1.96489882,1.54319751,0.52235502,0.399705827,-1.33493102,0.793182969,2.15675831,-0.711313784,0.686211348,1.89642859,0.0210444126,1.61856508,2.78999949,-0.334999859,2.98903108
93,-2.57127333,-1.2743314e-07,0.299982756,5.66706467,-0.77178055,0.399941981,-0.976586878,-0.770084977,0.338017881,2.00562572,1.64151204,0.515001655,0.34602797,-1.40903151,0.792843878,2.15907907,-0.76106137,0.731621385,1.90305734,0.0549498461,1.66639805,2.79666615,-0.339999855,2.73288131
94,-2.63249421,-1.30467257e-07,0.299982935,5.8135457,-0.796167135,0.399949789,-1.02663279,-0.783466995,0.340398103,2.04635262,1.73982656,0.505419612,0.292350113,-1.483132,0.789779782,2.17786407,-0.821166694,0.771911681,1.85985208,0.146997228,1.65551949,2.83497882,-0.389097303,2.55077529
95,-2.6937151,-1.33501374e-07,0.299983084,5.96002674,-0.82055372,0.399956048,-1.07667863,-0.796849012,0.34232831,2.08707952,1.83814108,0.495107502,0.238672256,-1.5572325,0.783990681,2.19664907,-0.881272018,0.809476972,1.81664681,0.239044622,1.64191592,2.87329149,-0.438194752,2.36594415
96,-2.75493598,-1.3653549e-07,0.299983203,6.10650778,-0.844940305,0.399961054,-1.12672448,-0.81023103,0.34386754,2.12780643,1.93645561,0.482407779,0.1849944,-1.63133299,0.775476575,2.21543407,-0.941377342,0.844317257,1.77344155,0.331092,1.62558734,2.91160417,-0.4872922,2.17838812
97,-2.81615686,-1.39569607e-07,0.299983293,6.25298882,-0.86932689,0.399965048,-1.17677033,-0.823613048,0.345095694,2.16853333,2.03477001,0.468086064,0.131316543,-1.70543349,0.764237463,2.24250078,-1.0278312,0.824221969,1.73023629,0.423139393,1.60653377,2.94320321,-0.515029728,2.03388715
98,-2.87737775,-1.42603724e-07,0.299983352,6.39946985,-0.893713474,0.399968237,-1.22681618,-0.836995065,0.346076131,2.20926023,2.13308454,0.452750832,0.0776386932,-1.77953398,0.750273347,2.26960802,-1.11473835,0.800503373,1.68703103,0.515186787,1.58475518,2.97476959,-0.542399824,1.88738942
99,-2.93859863,-1.45637841e-07,0.299983412,6.54595089,-0.918100059,0.3999708,-1.27686203,-0.850377083,0.346859127,2.24998713,2.23139906,0.434690595,0.0239608418,-1.85363448,0.733584225,2.29603672,-1.20793009,0.809438467,1.64382577,0.60723418,1.56025159,3.00688577,-0.564675152,1.74746287
100,-2.99981952,-1.48671958e-07,0.299983472,6.69243193,-0.942486644,0.399972856,-1.32690787,-0.8637591,0.347484648,2.29071403,2.32971358,0.415595502,-0.0297170095,-1.92773497,0.714170098,2.31851006,-1.3193984,0.816446006,1.60062051,0.699281573,1.533023,3.04220843,-0.572134316,1.63012278
101,-3.0610404,-1.51706075e-07,0.299983501,6.83891296,-0.966873229,0.399974495,-1.37695372,-0.877141118,0.347984493,2.33144093,2.42802811,0.393775403,-0.0833948627,-2.00183558,0.692031026,2.33713889,-1.43727124,0.82149303,1.55741525,0.791328967,1.5030694,3.08064771,-0.574401557,1.519135
102,-3.12226129,-1.54740192e-07,0.299983531,6.985394,-0.991259813,0.399975806,-1.42699957,-0.890523136,0.348383993,2.37216783,2.52634263,0.396300822,-0.137072712,-2.07593608,0.667166948,2.34947038,-1.56116247,0.824219346,1.51420999,0.88337636,1.4703908,3.12419224,-0.571789861,1.41440284
103,-3.18348217,-1.57774309e-07,0.299983561,7.13187504,-1.01564646,0.399976879,-1.47704542,-0.903905153,0.348703355,2.41289473,2.62465715,0.397427261,-0.190750569,-2.15003657,0.639577866,2.35859418,-1.68716168,0.824770629,1.47100472,0.975423753,1.43498719,3.1703372,-0.567469299,1.30992532
104,-3.24470305,-1.60808426e-07,0.299983591,7.27835608,-1.0400331,0.399977714,-1.52709126,-0.917287171,0.348958671,2.45362163,2.72297168,0.397140026,-0.244428426,-2.22413707,0.609263778,2.36771798,-1.8131609,0.823348045,1.42779946,1.06747115,1.39685857,3.21648216,-0.563148737,1.20272279
105,-3.30592394,-1.63842543e-07,0.299983591,7.42483711,-1.06441975,0.399978369,-1.57713711,-0.930669188,0.349162817,2.49434853,2.8212862,0.395471603,-0.298106283,-2.29823756,0.609416485,2.37684178,-1.93916011,0.819200456,1.3845942,1.15951848,1.35600495,3.26262712,-0.558828175,1.09279525
106,-3.36714482,-1.6687666e-07,0.299983591,7.57131815,-1.08880639,0.399978906,-1.62718296,-0.944051206,0.349326074,2.53507543,2.91960073,0.396367759,-0.35178414,-2.37233806,0.606844187,2.38596559,-2.06515932,0.813950121,1.34138894,1.25156581,1.31242633,3.30877209,-0.554507613,0.980142713
107,-3.42836571,-1.69910777e-07,0.299983591,7.71779919,-1.11319304,0.399979323,-1.67722881,-0.957433224,0.349456638,2.57580233,3.01791525,0.39708963,-0.405461997,-2.44643855,0.601546884,2.39508939,-2.19115853,0.805974782,1.29818368,1.34361315,1.26612282,3.35491705,-0.550187051,0.864765227
108,-3.48958659,-1.72944894e-07,0.299983591,7.86428022,-1.13757968,0.399979681,-1.72727466,-0.970815241,0.349561036,2.61652923,3.11622977,0.39766705,-0.459139854,-2.52053905,0.593524575,2.40421319,-2.31715775,0.796775639,1.25497842,1.43566048,1.2170943,3.40106201,-0.545866489,0.894674957
109,-3.55080748,-1.75979011e-07,0.299983591,8.01076126,-1.16196632,0.399979949,-1.7773205,-0.984197259,0.349644542,2.65725613,3.2145443,0.398128927,-0.512817681,-2.59463954,0.582777262,2.41333699,-2.44315696,0.784851491,1.21177316,1.52770782,1.16534078,3.44720697,-0.541545928,0.921859682
110,-3.61202836,-1.79013128e-07,0.299983591,8.15724182,-1.18635297,0.399980158,-1.82736635,-0.997579277,0.349711329,2.69798303,3.31285882,0.398498386,-0.566495538,-2.66874003,0.569304943,2.42246079,-2.56915617,0.770202339,1.1685679,1.61975515,1.11086226,3.49335194,-0.537225366,0.946319401
111,-3.67324924,-1.82047245e-07,0.299983591,8.30372238,-1.21073961,0.399980336,-1.8774122,-1.01096129,0.349764764,2.73870993,3.41117334,0.398793906,-0.620173395,-2.74284053,0.553524196,2.4315846,-2.69515538,0.754939973,1.12536263,1.71180248,1.05365872,3.5394969,-0.532904804,0.968054116
112,-3.73447013,-1.85081362e-07,0.299983591,8.45020294,-1.23512626,0.399980485,-1.92745805,-1.02434337,0.349807501,2.77943683,3.50948787,0.399030298,-0.673851252,-2.81694102,0.535545707,2.4407084,-2.82115459,0.747240722,1.08215737,1.80384982,0.993730128,3.58564186,-0.528584242,0.987063825
113,-3.79569101,-1.88115479e-07,0.299983591,8.5966835,-1.2595129,0.399980605,-1.9775039,-1.03772545,0.349841684,2.82016373,3.60780239,0.399219394,-0.727529109,-2.89104152,0.515410542,2.4498322,-2.94715381,0.737616301,1.03895211,1.89589715,0.931076527,3.63178682,-0.52426368,1.00334859
114,-3.8569119,-1.91149596e-07,0.299983591,8.74316406,-1.28389955,0.399980694,-2.02754974,-1.05110753,0.349869013,2.86089063,3.70611691,0.399370641,-0.781206965,-2.96514201,0.493151248,2.458956,-3.07315302,0.726019681,0.995746851,1.98794448,0.86569792,3.67793179,-0.519943118,1.01690829
115,-3.91813278,-1.94183713e-07,0.299983591,8.88964462,-1.30828619,0.399980754,-2.07759571,-1.0644896,0.349890858,2.90161753,3.80443144,0.399491638,-0.834884822,-3.03924251,0.47508812,2.46807981,-3.19915223,0.712445974,0.95254159,2.07999182,0.797594368,3.72407675,-0.515622556,1.02774298
116,-3.97935367,-1.9721783e-07,0.299983591,9.03612518,-1.33267283,0.399980813,-2.12764168,-1.07787168,0.349908352,2.94234443,3.90274596,0.399588406,-0.888562679,-3.113343,0.455263972,2.47720361,-3.32515144,0.696882129,0.909336329,2.17203927,0.726765811,3.77022171,-0.511301994,1.03585267
117,-4.04057455,-2.00251947e-07,0.299983591,9.18260574,-1.35705948,0.399980873,-2.17768764,-1.09125376,0.349922329,2.98307133,4.00106049,0.399665803,-0.942240536,-3.18744349,0.433671385,2.48632741,-3.45115066,0.679309905,0.866131067,2.26408672,0.694339812,3.81636667,-0.506981432,1.04123735
118,-4.1017952,-2.03286064e-07,0.299983591,9.3290863,-1.38144612,0.399980903,-2.22773361,-1.10463583,0.349933535,3.02379823,4.09937477,0.399727732,-0.995918393,-3.26154399,0.410319775,2.49545121,-3.57714987,0.659708619,0.822925806,2.35613418,0.659188807,3.86251163,-0.502660871,1.04389703
119,-4.16301584,-2.0632018e-07,0.299983591,9.47556686,-1.40583277,0.399980932,-2.27777958,-1.11801791,0.349942476,3.06452513,4.19768906,0.399777263,-1.04959619,-3.33564448,0.405672163,2.50457501,-3.70314908,0.638057232,0.779720545,2.44818163,0.621312797,3.9086566,-0.498340279,1.04383183
120,-4.22423649,-2.09354297e-07,0.299983591,9.62204742,-1.43021941,0.399980962,-2.32782555,-1.13139999,0.349949628,3.10525203,4.29600334,0.399816871,-1.10327399,-3.40974498,0.399351388,2.51369882,-3.82914829,0.614335775,0.736515284,2.54022908,0.664705217,3.95480156,-0.494019687,1.04104161
121,-4.28545713,-2.12388414e-07,0.299983591,9.76852798,-1.45460606,0.399980992,-2.37787151,-1.14478207,0.34995535,3.14597893,4.39431763,0.39984858,-1.15695179,-3.48384547,0.391339451,2.52282262,-3.9551475,0.587889314,0.693310022,2.63227654,0.705372632,4.00094652,-0.489699095,1.03552639
122,-4.34667778,-2.15422531e-07,0.299983591,9.91500854,-1.4789927,0.399980992,-2.42791748,-1.15816414,0.34995994,3.18670583,4.49263191,0.399873942,-1.21062958,-3.55794597,0.393055052,2.53194642,-4.08114672,0.560101569,0.650104761,2.72432399,0.743315041,4.04709148,-0.485378504,1.02728617
123,-4.40789843,-2.18456648e-07,0.299983591,10.0614891,-1.50337934,0.399980992,-2.47796345,-1.17154622,0.349963605,3.22743273,4.5909462,0.399894208,-1.26430738,-3.63204646,0.394442469,2.54107022,-4.20714569,0.530172288,0.6068995,2.81637144,0.778532445,4.09323645,-0.481057912,1.01632094
124,-4.46911907,-2.21490765e-07,0.299983591,10.2079697,-1.52776599,0.399980992,-2.52800941,-1.1849283,0.349966556,3.26815963,4.68926048,0.39991042,-1.31798518,-3.70614696,0.395551115,2.55019403,-4.33314466,0.498100162,0.563694239,2.90841889,0.811024845,4.13938141,-0.47673732,1.00263071
125,-4.53033972,-2.24524882e-07,0.299983591,10.3544502,-1.55215263,0.399980992,-2.57805538,-1.19831038,0.34996891,3.30888653,4.78757477,0.399923384,-1.37166297,-3.78024745,0.396437138,2.55931783,-4.45914364,0.46330303,0.520488977,3.00046635,0.840792239,4.18552637,-0.472416729,0.986215413
126,-4.59156036,-2.27558999e-07,0.299983591,10.5009308,-1.57653928,0.399980992,-2.62810135,-1.21169245,0.349970788,3.34961343,4.88588905,0.399933755,-1.42534077,-3.85434794,0.397145391,2.56844163,-4.58514261,0.456294149,0.477283716,3.0925138,0.885872602,4.23167133,-0.468096137,0.967075169
127,-4.65278101,-2.30593116e-07,0.299983591,10.6474113,-1.60092592,0.399981022,-2.67814732,-1.22507453,0.349972278,3.39034033,4.98420334,0.39994207,-1.47901857,-3.92844844,0.397711605,2.57756543,-4.71114159,0.44767198,0.434078455,3.18456125,0.928227961,4.2778163,-0.463775545,0.94520992
128,-4.71400166,-2.33627233e-07,0.299983591,10.7938919,-1.62531257,0.399981022,-2.72819328,-1.23845661,0.34997347,3.43106723,5.08251762,0.399948716,-1.53269637,-4.00254917,0.398164302,2.58668923,-4.83714056,0.436927021,0.390873194,3.27660871,0.967858315,4.32396126,-0.459454954,0.920619667
129,-4.7752223,-2.3666135e-07,0.299983591,10.9403725,-1.64969921,0.399981022,-2.77823925,-1.25183868,0.349974424,3.47179413,5.18083191,0.399954021,-1.58637416,-4.07664967,0.398526281,2.59581304,-4.96313953,0.424997211,0.347667933,3.36865616,1.0047636,4.37010622,-0.455134362,0.893304408
130,-4.83644295,-2.39695481e-07,0.299983591,11.086853,-1.67408586,0.399981052,-2.82828522,-1.26522076,0.349975199,3.51252103,5.27914619,0.399958283,-1.64005196,-4.15075016,0.398815721,2.60493684,-5.08913851,0.417722404,0.304462671,3.46070361,1.03894401,4.41625118,-0.45081377,0.863264143
131,-4.89766359,-2.42729612e-07,0.299983591,11.2333336,-1.6984725,0.399981052,-2.87833118,-1.27860284,0.349975824,3.55324793,5.37746048,0.39996168,-1.69372976,-4.22485065,0.399047196,2.61406064,-5.21513748,0.419765204,0.26125741,3.55275106,1.0703994,4.46239614,-0.446493179,0.830498874
132,-4.95888424,-2.45763744e-07,0.299983591,11.3798141,-1.72285914,0.399981052,-2.92837715,-1.29198492,0.349976301,3.59397483,5.47577477,0.399964392,-1.74740756,-4.29895115,0.399232328,2.62318444,-5.34113646,0.420813233,0.218052149,3.64479852,1.0991298,4.50854111,-0.442172587,0.7950086
133,-5.02010489,-2.48797875e-07,0.299983591,11.5262947,-1.74724579,0.399981052,-2.97842312,-1.30536699,0.349976689,3.63470173,5.57408905,0.399966568,-1.80108535,-4.37305164,0.399380386,2.63230824,-5.46713543,0.421645761,0.174846888,3.73684597,1.12513518,4.55468607,-0.437851995,0.7797212
134,-5.08132553,-2.51832006e-07,0.299983591,11.6727753,-1.77163243,0.399981052,-3.02846909,-1.31874907,0.349977016,3.67542863,5.67240334,0.399968296,-1.85476315,-4.44715214,0.39949882,2.64143205,-5.5931344,0.422310501,0.131641626,3.82889342,1.14841557,4.60083103,-0.433531404,0.761708796
135,-5.14254618,-2.54866137e-07,0.299983591,11.8192558,-1.79601908,0.399981052,-3.07851505,-1.33213115,0.349977255,3.71615553,5.77071762,0.399969697,-1.90844095,-4.52125263,0.399593532,2.65055585,-5.71913338,0.422840714,0.0884363651,3.92094088,1.16897094,4.64697599,-0.429210812,0.785820723
136,-5.20376682,-2.57900268e-07,0.299983591,11.9657364,-1.82040572,0.399981052,-3.12856102,-1.34551322,0.349977463,3.75688243,5.86903191,0.3999708,-1.96211874,-4.59535313,0.39966929,2.65967965,-5.84513235,0.423262924,0.0452311002,4.01298809,1.18680131,4.69312096,-0.42489022,0.807207644
137,-5.26498747,-2.60934399e-07,0.299983591,12.1122169,-1.84479237,0.399981052,-3.17860699,-1.3588953,0.349977612,3.79760933,5.96734619,0.399971694,-2.01579666,-4.66945362,0.399729878,2.66880345,-5.97113132,0.423604459,0.00202583661,4.10503531,1.20190668,4.73926592,-0.420569628,0.82586956
138,-5.32620811,-2.63968531e-07,0.299983591,12.2586975,-1.86917901,0.399981052,-3.22865295,-1.37227738,0.349977732,3.83833623,6.06566048,0.399972409,-2.06947446,-4.74355412,0.399778366,2.67792726,-6.0971303,0.423877597,-0.041179426,4.19708252,1.21428704,4.78541088,-0.416249037,0.841839492
139,-5.38742876,-2.67002662e-07,0.299983591,12.4051781,-1.89356565,0.399981052,-3.27869892,-1.38565946,0.349977851,3.87906313,6.16397476,0.399972975,-2.12315226,-4.81765461,0.399817139,2.68705106,-6.22312927,0.424096048,-0.0843846872,4.28912973,1.2239424,4.83155584,-0.411928445,0.855463922
140,-5.44864941,-2.70036793e-07,0.299983591,12.5516586,-1.9179523,0.399981052,-3.32874489,-1.39904153,0.34997794,3.91979003,6.26228905,0.399973422,-2.17683005,-4.8917551,0.399848163,2.69617486,-6.34912825,0.424270749,-0.127589956,4.38117695,1.23087275,4.87770081,-0.407607853,0.866936326
141,-5.50987005,-2.73070924e-07,0.299983591,12.6981392,-1.94233894,0.399981052,-3.37879086,-1.41242361,0.349978,3.96051693,6.36060333,0.39997378,-2.23050785,-4.9658556,0.399872959,2.70529866,-6.47512722,0.424410462,-0.170795217,4.47322416,1.2350781,4.92384577,-0.403287262,0.8764292
142,-5.5710907,-2.76105055e-07,0.299983591,12.8446198,-1.96672559,0.399981052,-3.42883682,-1.42580569,0.34997806,4.00124407,6.45891762,0.399974078,-2.28418565,-5.03995609,0.399892807,2.71442246,-6.60112619,0.424522191,-0.214000478,4.56527138,1.23655844,4.96999073,-0.39896667,0.884095728
143,-5.63231134,-2.79139186e-07,0.299983591,12.9911003,-1.99111223,0.399981052,-3.47888279,-1.43918777,0.349978089,4.04197121,6.5572319,0.399974316,-2.33786345,-5.11405659,0.399908662,2.72354627,-6.72712517,0.424611568,-0.257205755,4.65731859,1.23531377,5.01613569,-0.394646078,0.890069306
144,-5.69353199,-2.82173318e-07,0.299983591,13.1375809,-2.01549888,0.399981052,-3.52892876,-1.45256984,0.349978119,4.08269835,6.65554619,0.399974495,-2.39154124,-5.18815708,0.399921358,2.73267007,-6.85312414,0.424683034,-0.300411016,4.74936581,1.2313441,5.06228065,-0.390325487,0.894462705
145,-5.75475264,-2.85207449e-07,0.299983591,13.2840614,-2.03988552,0.399981052,-3.57897472,-1.46595192,0.349978149,4.12342548,6.75386047,0.399974644,-2.44521904,-5.26225758,0.39993152,2.74179387,-6.97912312,0.424740225,-0.343616277,4.84141302,1.22464943,5.10842562,-0.386004895,0.897367179
146,-5.81597328,-2.8824158e-07,0.299983591,13.430542,-2.06427217,0.399981052,-3.62902069,-1.479334,0.349978179,4.16415262,6.85217476,0.399974763,-2.49889684,-5.33635807,0.399939626,2.75091767,-7.10512209,0.424785942,-0.386821538,4.93346024,1.21522975,5.15457058,-0.381684303,0.898851871
147,-5.87719393,-2.91275711e-07,0.299983591,13.5770226,-2.08865881,0.399981052,-3.67906666,-1.49271607,0.349978179,4.20487976,6.95048904,0.399974853,-2.55257463,-5.41045856,0.399946123,2.76004148,-7.23112106,0.424822509,-0.430026799,5.02550745,1.20308506,5.20071554,-0.377363712,0.898963273
148,-5.93841457,-2.94309842e-07,0.299983591,13.7235031,-2.11304545,0.399981052,-3.72911263,-1.50609815,0.349978209,4.2456069,7.04880333,0.399974942,-2.60625243,-5.48455906,0.399951309,2.76916528,-7.35712004,0.424851775,-0.473232061,5.11755466,1.18821537,5.2468605,-0.37304312,0.897725642
149,-5.99963522,-2.97343973e-07,0.299983591,13.8699837,-2.1374321,0.399981052,-3.77915859,-1.51948023,0.349978209,4.28633404,7.14711761,0.399975002,-2.65993023,-5.55865955,0.399955481,2.77828908,-7.48311901,0.42487517,-0.516437352,5.20960188,1.17062068,5.29300547,-0.368722528,0.89514184
150,-6.06085587,-3.00378105e-07,0.299983591,14.0164642,-2.16181874,0.399981052,-3.82920456,-1.53286231,0.349978209,4.32706118,7.2454319,0.399975061,-2.71360803,-5.63276005,0.399958789,2.78741288,-7.60911798,0.424893886,-0.559642613,5.30164909,1.15030098,5.33915043,-0.364401937,0.89119488
151,-6.12207651,-3.03412236e-07,0.299983591,14.1629448,-2.18620539,0.399981052,-3.87925053,-1.54624438,0.349978209,4.36778831,7.34374619,0.399975091,-2.76728582,-5.70686054,0.399961442,2.79653668,-7.73511696,0.424908876,-0.602847874,5.39369631,1.12725627,5.38529539,-0.360081345,0.885850012
152,-6.18329716,-3.06446367e-07,0.299983591,14.3094254,-2.21059203,0.399981052,-3.92929649,-1.55962646,0.349978209,4.40851545,7.44206047,0.399975121,-2.82096362,-5.78096104,0.399963588,2.80566049,-7.86111593,0.424920857,-0.646053135,5.48574352,1.10148656,5.43144035,-0.355760753,0.879057467
153,-6.2445178,-3.09480498e-07,0.299983591,14.4559059,-2.23497868,0.399981052,-3.97934246,-1.57300854,0.349978209,4.44924259,7.54037476,0.399975151,-2.87464142,-5.85506153,0.399965286,2.81478429,-7.98711491,0.424930453,-0.689258397,5.57779074,1.07299185,5.47758532,-0.351440161,0.869539917
154,-6.30573845,-3.12514629e-07,0.299983591,14.6023865,-2.25936532,0.399981052,-4.02938843,-1.58639061,0.349978209,4.48996973,7.63868904,0.399975181,-2.92831922,-5.92916203,0.399966657,2.82390809,-8.11311436,0.424938112,-0.732463658,5.66983795,1.04177213,5.52373028,-0.34711957,0.859891295
155,-6.3669591,-3.1554876e-07,0.299983591,14.748867,-2.28375196,0.399981052,-4.07943439,-1.59977269,0.349978209,4.53069687,7.73700333,0.39997521,-2.98199701,-6.00326252,0.39996776,2.83303189,-8.23911381,0.424944252,-0.775668919,5.76188517,1.0078274,5.56987524,-0.342798978,0.8485412
156,-6.42817974,-3.18582892e-07,0.299983591,14.8953476,-2.30813861,0.399981052,-4.12948036,-1.61315477,0.349978209,4.57142401,7.83531761,0.39997521,-3.03567481,-6.07736301,0.399968654,2.84215569,-8.36511326,0.424949139,-0.81887418,5.85393238,0.97115773,5.6160202,-0.338478386,0.835411429
157,-6.48940039,-3.21617023e-07,0.299983591,15.0418282,-2.33252525,0.399981052,-4.17952633,-1.62653685,0.349978209,4.61215115,7.9336319,0.39997521,-3.08935261,-6.15146351,0.399969339,2.8512795,-8.49111271,0.424953073,-0.862079442,5.9459796,0.931763053,5.66216516,-0.334157795,0.819556713
158,-6.55062103,-3.24651154e-07,0.299983591,15.1883087,-2.3569119,0.399981052,-4.2295723,-1.63991892,0.349978209,4.65287828,8.03194618,0.39997524,-3.14303041,-6.225564,0.399969906,2.8604033,-8.61711216,0.424956203,-0.905284703,6.03802681,0.889643371,5.70831013,-0.329837203,0.802831829
159,-6.61184168,-3.27685285e-07,0.299983591,15.3347893,-2.38129854,0.399981052,-4.27961826,-1.653301,0.349978209,4.69360542,8.13026047,0.39997524,-3.1967082,-6.2996645,0.399970353,2.8695271,-8.74311161,0.424958706,-0.948489964,6.13007402,0.844798684,5.75445509,-0.325516611,0.784090638
160,-6.67306232,-3.30719416e-07,0.299983591,15.4812698,-2.40568519,0.399981052,-4.32966423,-1.66668308,0.349978209,4.73433256,8.22857475,0.39997524,-3.250386,-6.37376499,0.39997071,2.8786509,-8.86911106,0.424960703,-0.991695225,6.22212124,0.797228992,5.80060005,-0.32119602,0.762624443
161,-6.73428297,-3.33753547e-07,0.299983591,15.6277504,-2.43007183,0.399981052,-4.3797102,-1.68006516,0.349978209,4.7750597,8.32688904,0.39997524,-3.3040638,-6.44786549,0.399970978,2.88777471,-8.99511051,0.424962312,-1.03490055,6.31416845,0.818417668,5.84674501,-0.316875428,0.739812613
162,-6.79550362,-3.36787679e-07,0.299983591,15.774231,-2.45445848,0.399981052,-4.42975616,-1.69344723,0.349978209,4.81578684,8.42520332,0.39997527,-3.35774159,-6.52196598,0.399971217,2.89689851,-9.12110996,0.424963623,-1.07810581,6.40621567,0.83688134,5.89288998,-0.312554836,0.714275777
163,-6.85672426,-3.3982181e-07,0.299983591,15.9207115,-2.47884512,0.399981052,-4.47980213,-1.70682931,0.349978209,4.85651398,8.52351761,0.39997527,-3.41141939,-6.59606647,0.399971396,2.90602231,-9.24710941,0.424964637,-1.12131107,6.49826288,0.852620006,5.93903494,-0.308234245,0.68714571
164,-6.91794491,-3.42855941e-07,0.299983591,16.0671921,-2.50323176,0.399981052,-4.5298481,-1.72021139,0.349978209,4.89724112,8.62183189,0.39997527,-3.46509719,-6.67016697,0.399971545,2.91514611,-9.37310886,0.424965441,-1.16451633,6.5903101,0.865633667,5.9851799,-0.303913653,0.657290637
165,-6.97916555,-3.45890072e-07,0.299983591,16.2136726,-2.52761841,0.399981052,-4.57989407,-1.73359346,0.349978209,4.93796825,8.72014618,0.39997527,-3.51877499,-6.74426746,0.399971664,2.92426991,-9.49910831,0.424966097,-1.20772159,6.68235731,0.875922322,6.03132486,-0.299593061,0.62566942
166,-7.0403862,-3.48924203e-07,0.299983591,16.3601532,-2.55200505,0.399981052,-4.62994003,-1.74697554,0.349978209,4.97869539,8.81846046,0.39997527,-3.57245278,-6.81836796,0.399971753,2.93339372,-9.62510777,0.424966633,-1.25092685,6.77440453,0.883485973,6.07746983,-0.29527247,0.591323197
167,-7.10160685,-3.51958334e-07,0.299983591,16.5066338,-2.5763917,0.399981052,-4.679986,-1.76035762,0.349978209,5.01942253,8.91677475,0.39997527,-3.62613058,-6.89246845,0.399971813,2.94251752,-9.75110722,0.424967051,-1.29413211,6.86645174,0.888324618,6.12361479,-0.290951878,0.59161669
168,-7.16282749,-3.54992466e-07,0.299983591,16.6531143,-2.60077834,0.399981052,-4.73003197,-1.7737397,0.349978209,5.06014967,9.01508904,0.39997527,-3.67980838,-6.96656895,0.399971873,2.95164132,-9.87710667,0.424967378,-1.33733737,6.95849895,0.890438259,6.16975975,-0.286631286,0.591219962
169,-7.22404814,-3.58026597e-07,0.299983591,16.7995949,-2.62516499,0.399981052,-4.78007793,-1.78712177,0.349978209,5.10087681,9.11340332,0.39997527,-3.73348618,-7.04066944,0.399971902,2.96076512,-10.0031061,0.424967647,-1.38054264,7.05054617,0.889826894,6.21590471,-0.282310694,0.589968085
170,-7.28526878,-3.61060728e-07,0.299983591,16.9460754,-2.64955163,0.399981052,-4.8301239,-1.80050385,0.349978209,5.14160395,9.21171761,0.39997527,-3.78716397,-7.11476994,0.399971962,2.96988893,-10.1291056,0.424967855,-1.4237479,7.14259338,0.886490524,6.26204967,-0.277990103,0.586548328
171,-7.34648943,-3.64094859e-07,0.299983591,17.092556,-2.67393827,0.399981052,-4.88016987,-1.81388593,0.349978209,5.18233109,9.31003189,0.39997527,-3.84084177,-7.18887043,0.399971992,2.97901273,-10.255105,0.424968034,-1.46695316,7.2346406,0.880429208,6.30819464,-0.273669511,0.583935142
172,-7.40771008,-3.6712899e-07,0.299983591,17.2390366,-2.69832492,0.399981052,-4.93021584,-1.827268,0.349978209,5.22305822,9.40834618,0.39997527,-3.89451957,-7.26297092,0.399972022,2.98813653,-10.3811045,0.424968183,-1.51015842,7.32668781,0.871642888,6.3543396,-0.269348919,0.580463767
173,-7.46893072,-3.70163121e-07,0.299983591,17.3855171,-2.72271156,0.399981052,-4.9802618,-1.84065008,0.349978209,5.26378536,9.50666046,0.39997527,-3.94819736,-7.33707142,0.399972051,2.99726033,-10.5071039,0.424968302,-1.55336368,7.41873503,0.878399372,6.40048456,-0.265028328,0.576110423
174,-7.53015137,-3.73197253e-07,0.299983591,17.5319977,-2.74709821,0.399981052,-5.03030777,-1.85403216,0.349978209,5.3045125,9.60497475,0.39997527,-4.0018754,-7.41117191,0.399972081,3.00638413,-10.6331034,0.424968392,-1.59656894,7.51078224,0.883612871,6.44662952,-0.260707736,0.570844471
175,-7.59137201,-3.76231384e-07,0.299983591,17.6784782,-2.77148485,0.399981052,-5.08035374,-1.86741424,0.349978209,5.34523964,9.70328903,0.39997527,-4.05555344,-7.48527241,0.399972081,3.01550794,-10.7591028,0.424968481,-1.6397742,7.60282946,0.887215793,6.49277449,-0.256387144,0.564621091
176,-7.65259266,-3.79265515e-07,0.299983591,17.8249588,-2.7958715,0.399981052,-5.1303997,-1.88079631,0.349978209,5.38596678,9.80160332,0.39997527,-4.10923147,-7.5593729,0.399972081,3.02463174,-10.8851023,0.424968541,-1.68297946,7.69487667,0.88928771,6.53891945,-0.252066553,0.557384074
177,-7.7138133,-3.82299646e-07,0.299983591,17.9714394,-2.82025814,0.399981052,-5.18044567,-1.89417839,0.349978209,5.42669392,9.8999176,0.39997527,-4.16290951,-7.6334734,0.399972081,3.03375554,-11.0111017,0.42496857,-1.72618473,7.78692389,0.889895499,6.58506441,-0.247745961,0.548032999
178,-7.77503395,-3.85333777e-07,0.299983591,18.1179199,-2.84464478,0.399981052,-5.23049164,-1.90756047,0.349978209,5.46742105,9.99823189,0.39997527,-4.21658754,-7.70757389,0.399972081,3.04287934,-11.1371012,0.42496863,-1.76938999,7.8789711,0.889092863,6.63120937,-0.243425369,0.538766682
179,-7.8362546,-3.88367908e-07,0.299983591,18.2644005,-2.86903143,0.399981052,-5.28053761,-1.92094254,0.349978209,5.50814819,10.0965462,0.39997527,-4.27026558,-7.78167439,0.399972081,3.05200315,-11.2631006,0.42496866,-1.81259525,7.97101831,0.886921227,6.67735434,-0.239104778,0.528233826
180,-7.89747524,-3.9140204e-07,0.299983591,18.410881,-2.89341807,0.399981052,-5.33058357,-1.93432462,0.349978209,5.54887533,10.1948605,0.39997527,-4.32394361,-7.85577488,0.399972081,3.06112695,-11.3891001,0.42496869,-1.85580051,8.06306553,0.883411109,6.7234993,-0.234784186,0.516360283
181,-7.95869589,-3.94436171e-07,0.299983591,18.5573616,-2.91780472,0.399981052,-5.38062954,-1.9477067,0.349978209,5.58960247,10.2931747,0.39997527,-4.37762165,-7.92987537,0.399972081,3.07025075,-11.5150995,0.42496869,-1.89900577,8.15511322,0.87858355,6.76964426,-0.230463594,0.503076434
182,-8.01991653,-3.97470302e-07,0.299983591,18.7038422,-2.94219136,0.399981052,-5.43067551,-1.96108878,0.349978209,5.63032961,10.391489,0.39997527,-4.43129969,-8.00397587,0.399972081,3.07937455,-11.641099,0.42496869,-1.94221103,8.24716091,0.87245208,6.81578922,-0.226143003,0.48706761
183,-8.08113766,-4.00504433e-07,0.299983621,18.8503227,-2.96657801,0.399981052,-5.48072147,-1.97447085,0.349978209,5.67105675,10.4898033,0.39997527,-4.48497772,-8.07807636,0.399972081,3.08849835,-11.7670984,0.42496869,-1.98541629,8.3392086,0.865024447,6.86193419,-0.221822411,0.470996588
184,-8.14235878,-4.03538564e-07,0.299983621,18.9968033,-2.99096465,0.399981052,-5.53076744,-1.98785293,0.349978209,5.71178389,10.5881176,0.39997527,-4.53865576,-8.15217686,0.399972081,3.09762216,-11.8930979,0.42496869,-2.02862167,8.43125629,0.856304228,6.90807915,-0.217501819,0.453260988
185,-8.2035799,-4.06572696e-07,0.299983621,19.1432838,-3.0153513,0.399981052,-5.58081341,-2.00123501,0.349978209,5.75251102,10.6864319,0.39997527,-4.59233379,-8.22627735,0.399972081,3.10674596,-12.0190973,0.42496869,-2.07182693,8.52330399,0.844859004,6.95422411,-0.213181227,0.43380782
186,-8.26480103,-4.09606827e-07,0.299983621,19.2897644,-3.03973794,0.399981052,-5.63085938,-2.01461697,0.349978209,5.79323816,10.7847462,0.39997527,-4.64601183,-8.30037785,0.399972081,3.11586976,-12.1450968,0.42496869,-2.1150322,8.61535168,0.833828688,7.00036907,-0.208860636,0.411629647
187,-8.32602215,-4.12640958e-07,0.299983621,19.436245,-3.06412458,0.399981052,-5.68090534,-2.02799892,0.349978209,5.8339653,10.8830605,0.39997527,-4.69968987,-8.37447834,0.399972081,3.12499356,-12.2710962,0.42496869,-2.15823746,8.70739937,0.821445763,7.04651403,-0.204540044,0.388801455
188,-8.38724327,-4.15675089e-07,0.299983621,19.5827255,-3.08851123,0.399981052,-5.73095131,-2.04138088,0.349978209,5.87469244,10.9813747,0.39997527,-4.7533679,-8.44857883,0.399972081,3.13411736,-12.3970957,0.42496869,-2.20144272,8.79944706,0.823536932,7.092659,-0.200219452,0.392075479
189,-8.44846439,-4.1870922e-07,0.299983621,19.7292061,-3.11289787,0.399981052,-5.78099728,-2.05476284,0.349978209,5.91541958,11.079689,0.39997527,-4.80704594,-8.52267933,0.399972081,3.14324117,-12.5230951,0.42496869,-2.24464798,8.89149475,0.824633837,7.13880396,-0.195898861,0.393733144
190,-8.50968552,-4.21743351e-07,0.299983621,19.8756866,-3.13728452,0.399981052,-5.83104324,-2.0681448,0.349978209,5.95614672,11.1780033,0.39997527,-4.86072397,-8.59677982,0.399972081,3.15236497,-12.6490946,0.42496869,-2.28785324,8.98354244,0.824661374,7.18494892,-0.191578269,0.393757403
191,-8.57090664,-4.24777483e-07,0.299983621,20.0221672,-3.16167116,0.399981052,-5.88108921,-2.08152676,0.349978209,5.99687386,11.2763176,0.39997527,-4.91440201,-8.67088032,0.399972081,3.16148877,-12.775094,0.42496869,-2.3310585,9.07559013,0.823647141,7.23109388,-0.187257677,0.394999444
192,-8.63212776,-4.27811614e-07,0.299983621,20.1686478,-3.18605781,0.399981052,-5.93113518,-2.09490871,0.349978209,6.03760099,11.3746319,0.39997527,-4.96808004,-8.74498081,0.399972081,3.17061257,-12.9010935,0.42496869,-2.37426376,9.16763783,0.821610808,7.27723885,-0.182937086,0.395995498
193,-8.69334888,-4.30845745e-07,0.299983621,20.3151283,-3.21044445,0.399981052,-5.98118114,-2.10829067,0.349978209,6.07832813,11.4729462,0.39997527,-5.02175808,-8.81908131,0.399972081,3.17973638,-13.0270929,0.42496869,-2.41746902,9.25968552,0.818564475,7.32338381,-0.178616494,0.39679113
194,-8.75457001,-4.33879876e-07,0.299983621,20.4616089,-3.23483109,0.399981052,-6.03122711,-2.12167263,0.349978209,6.11905527,11.5712605,0.39997527,-5.07543612,-8.8931818,0.399972111,3.18886018,-13.1530924,0.42496869,-2.46067429,9.35173321,0.814513922,7.36952877,-0.174295902,0.397426844
195,-8.81579113,-4.36914007e-07,0.299983621,20.6080894,-3.25921774,0.399981052,-6.08127308,-2.13505459,0.349978209,6.15978241,11.6695747,0.39997527,-5.12911415,-8.9672823,0.399972111,3.19798398,-13.2790918,0.42496869,-2.50387955,9.4437809,0.809459507,7.41567373,-0.169975311,0.397934884
196,-8.87701225,-4.39948138e-07,0.299983621,20.75457,-3.28360438,0.399981052,-6.13131905,-2.14843655,0.349978209,6.20050955,11.767889,0.39997527,-5.18279219,-9.04138279,0.399972111,3.20710778,-13.4050913,0.42496869,-2.54708481,9.53582859,0.803397655,7.4618187,-0.165654719,0.39834097
197,-8.93823338,-4.4298227e-07,0.299983621,20.9010506,-3.30799103,0.399981052,-6.18136501,-2.1618185,0.349978209,6.24123669,11.8662033,0.39997527,-5.23647022,-9.11548328,0.399972111,3.21623158,-13.5310907,0.42496869,-2.59029007,9.62787628,0.79632169,7.50796366,-0.161334127,0.398665607
198,-8.9994545,-4.46016401e-07,0.299983621,21.0475311,-3.33237767,0.399981052,-6.23141098,-2.17520046,0.349978209,6.28196383,11.9645176,0.39997527,-5.29014826,-9.18958378,0.399972111,3.22535539,-13.6570902,0.42496869,-2.63349533,9.71992397,0.789968312,7.55410862,-0.157013535,0.398925155
199,-9.06067562,-4.49050532e-07,0.299983621,21.1940117,-3.35676432,0.399981052,-6.28145695,-2.18858242,0.349978209,6.32269096,12.0628319,0.39997527,-5.34382629,-9.26368427,0.399972111,3.23447919,-13.7830896,0.42496869,-2.67670059,9.81197166,0.782717943,7.60025358,-0.152692944,0.399132699
200,-9.12189674,-4.52084663e-07,0.299983621,21.3404922,-3.38115096,0.399981052,-6.33150291,-2.20196438,0.349978209,6.3634181,12.1611462,0.39997527,-5.39750433,-9.33778477,0.399972111,3.24360299,-13.9090891,0.42496869,-2.71990585,9.90401936,0.774559975,7.64639854,-0.148372352,0.399298638
201,-9.18311787,-4.55118794e-07,0.299983621,21.4869728,-3.40553761,0.399981052,-6.38154888,-2.21534634,0.349978209,6.40414524,12.2594604,0.39997527,-5.45118237,-9.41188526,0.399972111,3.25272679,-14.0350885,0.42496869,-2.76311111,9.99606705,0.765478432,7.69254351,-0.14405176,0.399431348
202,-9.24433899,-4.58152925e-07,0.299983621,21.6334534,-3.42992425,0.399981052,-6.43159485,-2.22872829,0.349978209,6.44487238,12.3577747,0.39997527,-5.5048604,-9.48598576,0.399972111,3.2618506,-14.161088,0.42496869,-2.80631638,10.0881147,0.755458295,7.73868847,-0.139731169,0.399537474
203,-9.30556011,-4.61187057e-07,0.299983621,21.7799339,-3.45431089,0.399981052,-6.48164082,-2.24211025,0.349978209,6.48559952,12.456089,0.39997527,-5.55853844,-9.56008625,0.399972111,3.2709744,-14.2870874,0.42496869,-2.84952164,10.1801624,0.744486213,7.78483343,-0.135410577,0.399622351
204,-9.36678123,-4.64221188e-07,0.299983621,21.9264145,-3.47869754,0.399981052,-6.53168678,-2.25549221,0.349978209,6.52632666,12.5544033,0.39997527,-5.61221647,-9.63418674,0.399972111,3.2800982,-14.4130869,0.42496869,-2.8927269,10.2722101,0.732550979,7.83097839,-0.131089985,0.399690241
205,-9.42800236,-4.67255319e-07,0.299983621,22.0728951,-3.50308418,0.399981052,-6.58173275,-2.26887417,0.349978209,6.56705379,12.6527176,0.39997527,-5.66589451,-9.70828724,0.399972111,3.289222,-14.5390863,0.42496869,-2.93593216,10.3642578,0.719643831,7.87712336,-0.126769394,0.399744511
206,-9.48922348,-4.7028945e-07,0.299983621,22.2193756,-3.52747083,0.399981052,-6.63177872,-2.28225613,0.349978209,6.60778093,12.7510319,0.39997527,-5.71957254,-9.78238773,0.399972111,3.2983458,-14.6650858,0.42496869,-2.97913742,10.4563055,0.705759168,7.92326832,-0.122448809,0.399787933
207,-9.5504446,-4.73323581e-07,0.299983621,22.3658562,-3.55185747,0.399981052,-6.68182468,-2.29563808,0.349978209,6.64850807,12.8493462,0.39997527,-5.77325058,-9.85648823,0.399972111,3.30746961,-14.7910852,0.42496869,-3.02234268,10.5483532,0.690894485,7.96941328,-0.118128225,0.399822652
208,-9.61166573,-4.76357712e-07,0.299983621,22.5123367,-3.57624412,0.399981052,-6.73187065,-2.30902004,0.349978209,6.68923521,12.9476604,0.39997527,-5.82692862,-9.93058872,0.399972111,3.31659341,-14.9170847,0.42496869,-3.06554794,10.6404009,0.675050914,8.01555824,-0.113807641,0.399850428
209,-9.67288685,-4.79391815e-07,0.299983621,22.6588173,-3.60063076,0.399981052,-6.78191662,-2.322402,0.349978209,6.72996235,13.0459747,0.39997527,-5.88060665,-10.0046892,0.399972111,3.32571721,-15.0430841,0.42496869,-3.1087532,10.7324486,0.658233285,8.06170273,-0.109487057,0.399872631
210,-9.73410797,-4.82425946e-07,0.299983621,22.8052979,-3.6250174,0.399981052,-6.83196259,-2.33578396,0.349978209,6.77068949,13.144289,0.39997527,-5.93428469,-10.0787897,0.399972111,3.33484101,-15.1690836,0.42496869,-3.15195847,10.8244963,0.640450418,8.10784721,-0.105166472,0.399890393
211,-9.79532909,-4.85460077e-07,0.299983621,22.9517784,-3.64940405,0.399981052,-6.88200855,-2.34916592,0.349978209,6.81141663,13.2426033,0.39997527,-5.98796272,-10.1528902,0.399972111,3.34396482,-15.295083,0.42496869,-3.19516373,10.916544,0.621715188,8.1539917,-0.100845888,0.399904609
212,-9.85655022,-4.88494209e-07,0.299983621,23.098259,-3.67379069,0.399981052,-6.93205452,-2.36254787,0.349978209,6.85214376,13.3409176,0.39997527,-6.04164076,-10.2269907,0.399972111,3.35308862,-15.4210825,0.42496869,-3.23836899,11.0085917,0.602044821,8.20013618,-0.096525304,0.399915993
213,-9.91777134,-4.9152834e-07,0.299983621,23.2447395,-3.69817734,0.399981052,-6.98210049,-2.37592983,0.349978209,6.8928709,13.4392319,0.39997527,-6.09531879,-10.3010912,0.399972111,3.36221242,-15.5470819,0.42496869,-3.28157425,11.1006393,0.581460774,8.24628067,-0.0922047198,0.399925083
214,-9.97899246,-4.94562471e-07,0.299983621,23.3912201,-3.72256398,0.399981052,-7.03214645,-2.38931179,0.349978209,6.93359804,13.5375462,0.39997527,-6.14899683,-10.3751917,0.399972111,3.37133622,-15.6730814,0.42496869,-3.32477951,11.192687,0.559989154,8.29242516,-0.0878841355,0.399932355
215,-10.0402136,-4.97596602e-07,0.299983621,23.5377007,-3.74695063,0.399981052,-7.08219242,-2.40269375,0.349978209,6.97432518,13.6358604,0.39997527,-6.20267487,-10.4492922,0.399972111,3.38046002,-15.7990808,0.42496869,-3.36798477,11.2847347,0.537660539,8.33856964,-0.0835635513,0.399938166
216,-10.1014347,-5.00630733e-07,0.299983621,23.6841812,-3.77133727,0.399981052,-7.13223839,-2.41607571,0.349978209,7.01505232,13.7341747,0.39997527,-6.2563529,-10.5233927,0.399972111,3.38958383,-15.9250803,0.42496869,-3.41119003,11.3767824,0.54624939,8.38471413,-0.0792429671,0.399942815
217,-10.1626558,-5.03664864e-07,0.299983621,23.8306618,-3.79572392,0.399981052,-7.18228436,-2.42945766,0.349978209,7.05577946,13.832489,0.39997527,-6.31003094,-10.5974932,0.399972111,3.39870763,-16.0510788,0.42496869,-3.45439529,11.4688301,0.553455532,8.43085861,-0.0749223828,0.399946541
218,-10.223877,-5.06698996e-07,0.299983621,23.9771423,-3.82011056,0.399981052,-7.23233032,-2.44283962,0.349978209,7.0965066,13.9308033,0.39997527,-6.36370897,-10.6715937,0.399972111,3.40783143,-16.1770782,0.424968719,-3.49760056,11.5608778,0.559363306,8.4770031,-0.0706017986,0.399949521
219,-10.2850981,-5.09733127e-07,0.299983621,24.1236229,-3.8444972,0.399981052,-7.28237629,-2.45622158,0.349978209,7.13723373,14.0291176,0.39997527,-6.41738701,-10.7456942,0.399972111,3.41695523,-16.3030777,0.424968719,-3.54080582,11.6529255,0.564187288,8.52314758,-0.0662812144,0.399951905
220,-10.3463192,-5.12767258e-07,0.299983621,24.2701035,-3.86888385,0.399981052,-7.33242226,-2.46960354,0.349978209,7.17796087,14.1274319,0.39997527,-6.47106504,-10.8197947,0.399972111,3.42607903,-16.4290771,0.424968719,-3.58401108,11.7449732,0.568103611,8.56929207,-0.0619606264,0.399953812
221,-10.4075403,-5.15801389e-07,0.299983621,24.416584,-3.89327049,0.399981052,-7.38246822,-2.4829855,0.349978209,7.21868801,14.2257462,0.39997527,-6.52474308,-10.8938951,0.399972111,3.43520284,-16.5550766,0.424968719,-3.62721634,11.8370209,0.571255803,8.61543655,-0.0576400384,0.399955362
222,-10.4687614,-5.1883552e-07,0.299983621,24.5630646,-3.91765714,0.399981052,-7.43251419,-2.49636745,0.349978209,7.25941515,14.3240604,0.39997527,-6.57842112,-10.9679956,0.399972111,3.44432664,-16.681076,0.424968719,-3.6704216,11.9290686,0.573759973,8.66158104,-0.0533194505,0.399956584
223,-10.5299826,-5.21869651e-07,0.299983621,24.7095451,-3.94204378,0.399981052,-7.48256016,-2.50974941,0.349978209,7.30014229,14.4223747,0.39997527,-6.63209915,-11.0420961,0.399972111,3.45345044,-16.8070755,0.424968719,-3.71362686,12.0211163,0.575709283,8.70772552,-0.0489988625,0.399957567
224,-10.5912037,-5.24903783e-07,0.299983621,24.8560257,-3.96643043,0.399981052,-7.53260612,-2.52313137,0.349978209,7.34086943,14.520689,0.39997527,-6.68577719,-11.1161966,0.399972111,3.46257424,-16.933075,0.424968719,-3.75683212,12.1131639,0.577177525,8.75387001,-0.0446782745,0.399958342
225,-10.6524248,-5.27937914e-07,0.299983621,25.0025063,-3.99081707,0.399981052,-7.58265209,-2.53651333,0.349978209,7.38159657,14.6190033,0.39997527,-6.73945522,-11.1902971,0.399972111,3.47169805,-17.0590744,0.424968719,-3.80003738,12.2052116,0.578221917,8.8000145,-0.0403576866,0.399958968
226,-10.7136459,-5.30972045e-07,0.299983621,25.1489868,-4.01520348,0.399981052,-7.63269806,-2.54989529,0.349978209,7.4223237,14.7173176,0.39997527,-6.79313326,-11.2643976,0.399972111,3.48082185,-17.1850739,0.424968719,-3.84324265,12.2972593,0.578885615,8.84615898,-0.0360370986,0.399959475
227,-10.7748671,-5.34006176e-07,0.299983621,25.2954674,-4.03958988,0.399981052,-7.68274403,-2.56327724,0.349978209,7.46305084,14.8156319,0.39997527,-6.84681129,-11.3384981,0.399972111,3.48994565,-17.3110733,0.424968719,-3.88644791,12.389307,0.579199433,8.89230347,-0.0317165107,0.399959862
228,-10.8360882,-5.37040307e-07,0.299983621,25.4419479,-4.06397629,0.399981052,-7.73278999,-2.5766592,0.349978209,7.50377798,14.9139462,0.39997527,-6.90048933,-11.4125986,0.399972111,3.49906945,-17.4370728,0.424968719,-3.92965317,12.4813547,0.57918334,8.93844795,-0.0273959227,0.39996016
229,-10.8973093,-5.40074439e-07,0.299983621,25.5884285,-4.08836269,0.399981052,-7.78283596,-2.59004116,0.349978209,7.54450512,15.0122604,0.39997527,-6.95416737,-11.4866991,0.399972111,3.50819325,-17.5630722,0.424968719,-3.97285843,12.5734024,0.578847528,8.98459244,-0.0230753347,0.399960428
230,-10.9585304,-5.4310857e-07,0.299983621,25.7349091,-4.1127491,0.399981052,-7.83288193,-2.60342312,0.349978209,7.58523226,15.1105747,0.39997527,-7.0078454,-11.5607996,0.399972111,3.51731706,-17.6890717,0.424968719,-4.01606369,12.6654501,0.578193426,9.03073692,-0.0187547468,0.399960637
231,-11.0197515,-5.46142701e-07,0.299983621,25.8813896,-4.13713551,0.399981052,-7.88292789,-2.61680508,0.349978209,7.6259594,15.208889,0.39997527,-7.06152344,-11.6349001,0.399972111,3.52644086,-17.8150711,0.424968719,-4.05926895,12.7574978,0.577214062,9.07688141,-0.0144341597,0.399960786
232,-11.0809727,-5.49176832e-07,0.299983621,26.0278702,-4.16152191,0.399981052,-7.93297386,-2.63018703,0.349978209,7.66668653,15.3072033,0.39997527,-7.11520147,-11.7090006,0.399972111,3.53556466,-17.9410706,0.424968719,-4.10247421,12.8495455,0.574551105,9.12302589,-0.0101135727,0.399960905
233,-11.1421938,-5.52210963e-07,0.299983621,26.1743507,-4.18590832,0.399981052,-7.98301983,-2.64356899,0.349978209,7.70741367,15.4055176,0.39997527,-7.16887951,-11.7831011,0.399972111,3.54468846,-18.06707,0.424968719,-4.14567947,12.9415932,0.573080242,9.16917038,-0.0057929852,0.399960995
234,-11.2034149,-5.55245094e-07,0.299983621,26.3208313,-4.21029472,0.399981052,-8.0330658,-2.65695095,0.349978209,7.74814081,15.5038319,0.39997527,-7.22255754,-11.8572016,0.399972111,3.55381227,-18.1930695,0.424968719,-4.18888474,13.0336409,0.571179867,9.21531487,-0.00147239771,0.399961084
235,-11.264636,-5.58279226e-07,0.299983621,26.4673119,-4.23468113,0.399981052,-8.08311176,-2.67033291,0.349978209,7.78886795,15.6021461,0.39997527,-7.27623558,-11.9313021,0.399972111,3.56293607,-18.3190689,0.424968719,-4.23209,13.1256886,0.568812847,9.26145935,0.00284818979,0.399961144
236,-11.3258572,-5.61313357e-07,0.299983621,26.6137924,-4.25906754,0.399981052,-8.13315773,-2.68371487,0.349978209,7.82959509,15.7004604,0.39997527,-7.32991362,-12.0054026,0.399972111,3.57205987,-18.4450684,0.424968719,-4.27529526,13.2177362,0.564950824,9.30760384,0.00716877729,0.399961203
237,-11.3870783,-5.64347488e-07,0.299983621,26.760273,-4.28345394,0.399981052,-8.1832037,-2.69709682,0.349978209,7.87032223,15.7987747,0.39997527,-7.38359165,-12.0795031,0.399972111,3.58118367,-18.5710678,0.424968719,-4.31850052,13.3097839,0.561679125,9.35374832,0.0114893643,0.399961233
238,-11.4482994,-5.67381619e-07,0.299983621,26.9067535,-4.30784035,0.399981052,-8.23324966,-2.71047878,0.349978209,7.91104937,15.897089,0.39997527,-7.43726969,-12.1536036,0.399972111,3.59030747,-18.6970673,0.424968719,-4.36170578,13.4018316,0.557776153,9.39989281,0.0158099514,0.399961293
239,-11.5095205,-5.7041575e-07,0.299983621,27.0532341,-4.33222675,0.399981052,-8.28329563,-2.72386074,0.349978209,7.9517765,15.9954033,0.39997527,-7.49094772,-12.227704,0.399972111,3.59943128,-18.8230667,0.424968719,-4.40491104,13.4938793,0.552499533,9.44603729,0.0201305393,0.399961323
240,-11.5707417,-5.73449881e-07,0.299983621,27.1997147,-4.35661316,0.399981052,-8.3333416,-2.7372427,0.349978209,7.99250364,16.0937176,0.39997527,-7.54462576,-12.3018045,0.399972111,3.60855508,-18.9490662,0.424968719,-4.4481163,13.585927,0.545853496,9.49218178,0.0244511273,0.399961352
241,-11.6319628,-5.76484013e-07,0.299983621,27.3461952,-4.38099957,0.399981052,-8.38338757,-2.75062466,0.349978209,8.03323078,16.1920319,0.39997527,-7.59830379,-12.375905,0.399972111,3.61767888,-19.0750656,0.424968719,-4.49132156,13.6779747,0.53995508,9.53832626,0.0287717152,0.399961382
242,-11.6931839,-5.79518144e-07,0.299983621,27.4926758,-4.40538597,0.399981052,-8.43343353,-2.76400661,0.349978209,8.07395744,16.2903461,0.39997527,-7.65198183,-12.4500055,0.399972111,3.62680268,-19.2010651,0.424968719,-4.53452682,13.7700224,0.533098757,9.58447075,0.0330923013,0.399961382
243,-11.754405,-5.82552275e-07,0.299983621,27.6391563,-4.42977238,0.399981052,-8.4834795,-2.77738857,0.349978209,8.1146841,16.3886604,0.39997527,-7.70565987,-12.524106,0.399972111,3.63592649,-19.3270645,0.424968719,-4.57773209,13.8620701,0.525006652,9.63061523,0.0374128893,0.399961382
244,-11.8156261,-5.85586406e-07,0.299983621,27.7856369,-4.45415878,0.399981052,-8.53352547,-2.79077053,0.349978209,8.15541077,16.4869747,0.39997527,-7.7593379,-12.5982065,0.399972111,3.64505029,-19.453064,0.424968719,-4.62093735,13.9541178,0.515688479,9.67675972,0.0417334773,0.399961382
245,-11.8768473,-5.88620537e-07,0.299983621,27.9321175,-4.47854519,0.399981052,-8.58357143,-2.80415249,0.349978209,8.19613743,16.585289,0.39997527,-7.81301594,-12.672307,0.399972111,3.65417409,-19.5790634,0.424968719,-4.66414261,14.0461655,0.505157769,9.72290421,0.0460540652,0.399961382
246,-11.9380684,-5.91654668e-07,0.299983621,28.078598,-4.50293159,0.399981052,-8.6336174,-2.81753445,0.349978209,8.23686409,16.6836033,0.39997527,-7.86669397,-12.7464075,0.399972111,3.66329789,-19.7050629,0.424968719,-4.70734787,14.1382132,0.4934313,9.76904869,0.0503746532,0.399961382
247,-11.9992895,-5.946888e-07,0.299983621,28.2250786,-4.527318,0.399981052,-8.68366337,-2.8309164,0.349978209,8.27759075,16.7819176,0.39997527,-7.92037201,-12.820508,0.399972111,3.67242169,-19.8310623,0.424968719,-4.75055313,14.2302608,0.480529279,9.81519318,0.0546952412,0.399961412
248,-12.0605106,-5.97722931e-07,0.299983621,28.3715591,-4.55170441,0.399981052,-8.73370934,-2.84429836,0.349978209,8.31831741,16.8802319,0.39997527,-7.97405005,-12.8946085,0.399972111,3.6815455,-19.9570618,0.424968719,-4.79375839,14.3223085,0.466475219,9.86133766,0.0590158291,0.399961412
249,-12.1217318,-6.00757062e-07,0.299983621,28.5180397,-4.57609081,0.399981052,-8.7837553,-2.85768032,0.349978209,8.35904408,16.9785461,0.39997527,-8.02772808,-12.968709,0.399972111,3.6906693,-20.0830612,0.424968719,-4.83696365,14.4143562,0.451296002,9.90748215,0.0633364171,0.399961412
250,-12.1829529,-6.03791193e-07,0.299983621,28.6645203,-4.60047722,0.399981052,-8.83380127,-2.87106228,0.349978209,8.39977074,17.0768604,0.39997527,-8.08140564,-13.0428095,0.399972111,3.6997931,-20.2090607,0.424968719,-4.88016891,14.5064039,0.443689764,9.95362663,0.0676570013,0.399961412
251,-12.244174,-6.06825324e-07,0.299983621,28.8110008,-4.62486362,0.399981052,-8.88384724,-2.88444424,0.349978209,8.4404974,17.1751747,0.39997527,-8.1350832,-13.11691,0.399972111,3.7089169,-20.3350601,0.424968719,-4.92337418,14.5984516,0.448011816,9.99977112,0.0719775856,0.399961412
252,-12.3053951,-6.09859455e-07,0.299983621,28.9574814,-4.64925003,0.399981052,-8.9338932,-2.89782619,0.349978209,8.48122406,17.273489,0.39997527,-8.18876076,-13.1910105,0.399972111,3.7180407,-20.4610596,0.424968719,-4.96657944,14.6904993,0.450831383,10.0459156,0.0762981698,0.399961412
253,-12.3666162,-6.12893587e-07,0.299983621,29.1039619,-4.67363644,0.399981052,-8.98393917,-2.91120815,0.349978209,8.52195072,17.3718033,0.39997527,-8.24243832,-13.265111,0.399972111,3.72716451,-20.587059,0.424968719,-5.0097847,14.782547,0.452203661,10.0920601,0.080618754,0.399961412
254,-12.4278374,-6.15927718e-07,0.299983621,29.2504425,-4.69802284,0.399981052,-9.03398514,-2.92459011,0.349978209,8.56267738,17.4701176,0.39997527,-8.29611588,-13.3392115,0.399972111,3.73628831,-20.7130585,0.424968719,-5.05298996,14.8745947,0.452210724,10.1382046,0.0849393383,0.399961412
255,-12.4890585,-6.18961849e-07,0.299983621,29.3969231,-4.72240925,0.399981052,-9.08403111,-2.93797207,0.349978209,8.60340405,17.5684319,0.39997527,-8.34979343,-13.413312,0.399972111,3.74541211,-20.8390579,0.424968719,-5.09619522,14.9666424,0.45091033,10.1843491,0.0892599225,0.399961412
256,-12.5502796,-6.2199598e-07,0.299983621,29.5434036,-4.74679565,0.399981052,-9.13407707,-2.95135403,0.349978209,8.64413071,17.6667461,0.39997527,-8.40347099,-13.4874125,0.399972111,3.75453591,-20.9650574,0.424968719,-5.13940048,15.0586901,0.448339015,10.2304935,0.0935805067,0.399961412
257,-12.6115007,-6.25030111e-07,0.299983621,29.6898842,-4.77118206,0.399981052,-9.18412304,-2.96473598,0.349978209,8.68485737,17.7650604,0.39997527,-8.45714855,-13.5615129,0.399972111,3.76365972,-21.0910568,0.424968719,-5.18260574,15.1507378,0.448666036,10.276638,0.097901091,0.399961412
258,-12.6727219,-6.28064242e-07,0.299983621,29.8363647,-4.79556847,0.399981052,-9.23416901,-2.97811794,0.349978209,8.72558403,17.8633747,0.39997527,-8.51082611,-13.6356134,0.399972111,3.77278352,-21.2170563,0.424968719,-5.225811,15.2427855,0.449594915,10.3227825,0.102221675,0.399961412
259,-12.733943,-6.31098374e-07,0.299983621,29.9828453,-4.81995487,0.399981052,-9.28421497,-2.9914999,0.349978209,8.76631069,17.961689,0.39997527,-8.56450367,-13.7097139,0.399972111,3.78190732,-21.3430557,0.424968719,-5.26901627,15.3348331,0.449669898,10.368927,0.106542259,0.399961412
260,-12.7951641,-6.34132505e-07,0.299983621,30.1293259,-4.84434128,0.399981052,-9.33426094,-3.00488186,0.349978209,8.80703735,18.0600033,0.39997527,-8.61818123,-13.7838144,0.399972111,3.79103112,-21.4690552,0.424968719,-5.31222153,15.4268808,0.449722409,10.4150715,0.110862844,0.399961412
261,-12.8563852,-6.37166636e-07,0.299983621,30.2758064,-4.86872768,0.399981052,-9.38430691,-3.01826382,0.349978209,8.84776402,18.1583176,0.39997527,-8.67185879,-13.8579149,0.399972111,3.80015492,-21.5950546,0.424968719,-5.35542679,15.5189285,0.449764341,10.461216,0.115183428,0.399961442
262,-12.9176064,-6.40200767e-07,0.299983621,30.422287,-4.89311409,0.399981052,-9.43435287,-3.03164577,0.349978209,8.88849068,18.2566319,0.39997527,-8.72553635,-13.9320154,0.399972111,3.80927873,-21.7210541,0.424968719,-5.39863205,15.6109762,0.449797809,10.5073605,0.119504012,0.399961442
263,-12.9788275,-6.43234898e-07,0.299983621,30.5687675,-4.9175005,0.399981052,-9.48439884,-3.04502773,0.349978209,8.92921734,18.3549461,0.39997527,-8.77921391,-14.0061159,0.399972111,3.81840253,-21.8470535,0.424968719,-5.44183731,15.7030239,0.448652148,10.5535049,0.123824596,0.399961442
264,-13.0400486,-6.46269029e-07,0.299983621,30.7152481,-4.9418869,0.399981052,-9.53444481,-3.05840969,0.349978209,8.969944,18.4532604,0.39997527,-8.83289146,-14.0802164,0.399972111,3.82752633,-21.973053,0.424968719,-5.48504257,15.7950716,0.448911428,10.5996494,0.128145188,0.399961442
265,-13.1012697,-6.49303161e-07,0.299983621,30.8617287,-4.96627331,0.399981052,-9.58449078,-3.07179165,0.349978209,9.01067066,18.5515747,0.39997527,-8.88656902,-14.1543169,0.399972111,3.83665013,-22.0990524,0.424968749,-5.52824783,15.8871193,0.449122488,10.6457939,0.13246578,0.399961442
266,-13.1624908,-6.52337292e-07,0.299983621,31.0082092,-4.99065971,0.399981052,-9.63453674,-3.08517361,0.349978209,9.05139732,18.649889,0.39997527,-8.94024658,-14.2284174,0.399972111,3.84577394,-22.2250519,0.424968749,-5.57145309,15.979167,0.449291259,10.6919384,0.136786371,0.399961442
267,-13.223712,-6.55371423e-07,0.299983621,31.1546898,-5.01504612,0.399981052,-9.68458271,-3.09855556,0.349978209,9.09212399,18.7482033,0.39997527,-8.99392414,-14.3025179,0.399972111,3.85489774,-22.3510513,0.424968749,-5.61465836,16.0712147,0.449426204,10.7380829,0.141106963,0.399961442
268,-13.2849331,-6.58405554e-07,0.299983621,31.3011703,-5.03943253,0.399981052,-9.73462868,-3.11193752,0.349978209,9.13285065,18.8465176,0.39997527,-9.0476017,-14.3766184,0.399972111,3.86402154,-22.4770508,0.424968749,-5.65786362,16.1632614,0.449534118,10.7842274,0.145427555,0.399961442
269,-13.3461542,-6.61439685e-07,0.299983621,31.4476509,-5.06381893,0.399981052,-9.78467464,-3.12531948,0.349978209,9.17357731,18.9448318,0.39997527,-9.10127926,-14.4507189,0.399972111,3.87314534,-22.6030502,0.424968749,-5.70106888,16.2553082,0.449620426,10.8303719,0.149748147,0.399961442
270,-13.4073753,-6.64473816e-07,0.299983621,31.5941315,-5.08820534,0.399981052,-9.83472061,-3.13870144,0.349978209,9.21430397,19.0431461,0.39997527,-9.15495682,-14.5248194,0.399972111,3.88226914,-22.7290497,0.424968749,-5.74427414,16.3473549,0.449689448,10.8765163,0.154068738,0.399961442
271,-13.4685965,-6.67507948e-07,0.299983621,31.740612,-5.11259174,0.399981052,-9.88476658,-3.1520834,0.349978209,9.25503063,19.1414604,0.39997527,-9.20863438,-14.5989199,0.399972111,3.89139295,-22.8550491,0.424968749,-5.7874794,16.4394016,0.449744642,10.9226608,0.15838933,0.399961442
272,-13.5298176,-6.70542079e-07,0.299983621,31.8870926,-5.13697815,0.399981052,-9.93481255,-3.16546535,0.349978209,9.29575729,19.2397747,0.39997527,-9.26231194,-14.6730204,0.399972111,3.90051675,-22.9810486,0.424968749,-5.83068466,16.5314484,0.449788779,10.9688053,0.162709922,0.399961442
273,-13.5910387,-6.7357621e-07,0.299983621,32.0335732,-5.16136456,0.399981052,-9.98485851,-3.17884731,0.349978209,9.33648396,19.338089,0.39997527,-9.31598949,-14.7471209,0.399972111,3.90964055,-23.107048,0.424968749,-5.87388992,16.6234951,0.449824095,11.0149498,0.167030513,0.399961442
274,-13.6522598,-6.76610341e-07,0.299983621,32.1800537,-5.18575096,0.399981052,-10.0349045,-3.19222927,0.349978209,9.37721062,19.4364033,0.39997527,-9.36966705,-14.8212214,0.399972111,3.91876435,-23.2330475,0.424968749,-5.91709518,16.7155418,0.449852347,11.0610943,0.171351105,0.399961442
275,-13.7134809,-6.79644472e-07,0.299983621,32.3265343,-5.21013737,0.399981052,-10.0849504,-3.20561123,0.349978209,9.41793728,19.5347176,0.39997527,-9.42334461,-14.8953218,0.399972111,3.92788815,-23.3590469,0.424968749,-5.96030045,16.8075886,0.449874938,11.1072388,0.175671697,0.399961442
276,-13.7747021,-6.82678603e-07,0.299983621,32.4730148,-5.23452377,0.399981052,-10.1349964,-3.21899319,0.349978209,9.45866394,19.6330318,0.39997527,-9.47702217,-14.9694223,0.399972111,3.93701196,-23.4850464,0.424968749,-6.00350571,16.8996353,0.449892998,11.1533833,0.179992288,0.399961442
277,-13.8359232,-6.85712735e-07,0.299983621,32.6194954,-5.25891018,0.399981052,-10.1850424,-3.23237514,0.349978209,9.4993906,19.7313461,0.39997527,-9.53069973,-15.0435228,0.399972111,3.94613576,-23.6110458,0.424968749,-6.04671097,16.9916821,0.449907452,11.1995277,0.18431288,0.399961442
278,-13.8971443,-6.88746866e-07,0.299983621,32.765976,-5.28329659,0.399981052,-10.2350883,-3.2457571,0.349978209,9.54011726,19.8296604,0.39997527,-9.58437729,-15.1176233,0.399972111,3.95525956,-23.7370453,0.424968749,-6.08991623,17.0837288,0.449919015,11.2456722,0.188633472,0.399961442
279,-13.9583654,-6.91780997e-07,0.299983621,32.9124565,-5.30768299,0.399981052,-10.2851343,-3.25913906,0.349978209,9.58084393,19.9279747,0.39997527,-9.63805485,-15.1917238,0.399972111,3.96438336,-23.8630447,0.424968749,-6.13312149,17.1757755,0.449928254,11.2918167,0.192954063,0.399961442
280,-14.0195866,-6.94815128e-07,0.299983621,33.0589371,-5.3320694,0.399981052,-10.3351803,-3.27252102,0.349978209,9.62157059,20.026289,0.39997527,-9.69173241,-15.2658243,0.399972111,3.97350717,-23.9890442,0.424968749,-6.17632675,17.2678223,0.449935645,11.3379612,0.197274655,0.399961442
281,-14.0808077,-6.97849259e-07,0.299983621,33.2054176,-5.3564558,0.399981052,-10.3852262,-3.28590298,0.349978209,9.66229725,20.1246033,0.39997527,-9.74540997,-15.3399248,0.399972111,3.98263097,-24.1150436,0.424968749,-6.21953201,17.359869,0.449941546,11.3841057,0.201595247,0.399961442
282,-14.1420288,-7.0088339e-07,0.299983621,33.3518982,-5.38084221,0.399981052,-10.4352722,-3.29928493,0.349978209,9.70302391,20.2229176,0.39997527,-9.79908752,-15.4140253,0.399972111,3.99175477,-24.2410431,0.424968749,-6.26273727,17.4519157,0.449946284,11.4302502,0.205915838,0.399961442
283,-14.2032499,-7.03917522e-07,0.299983621,33.4983788,-5.40522861,0.399981052,-10.4853182,-3.31266689,0.349978209,9.74375057,20.3212318,0.39997527,-9.85276508,-15.4881258,0.399972111,4.00087833,-24.3670425,0.424968749,-6.30594254,17.5439625,0.449950069,11.4763947,0.21023643,0.399961442
284,-14.2644711,-7.06951653e-07,0.299983621,33.6448593,-5.42961502,0.399981052,-10.5353642,-3.32604885,0.349978209,9.78447723,20.4195461,0.39997527,-9.90644264,-15.5622263,0.399972111,4.01000214,-24.493042,0.424968749,-6.3491478,17.6360092,0.449953109,11.5225391,0.214557022,0.399961442
285,-14.3256922,-7.09985784e-07,0.299983621,33.7913399,-5.45400143,0.399981052,-10.5854101,-3.33943081,0.349978209,9.8252039,20.5178604,0.39997527,-9.9601202,-15.6363268,0.399972111,4.01912594,-24.6190414,0.424968749,-6.39235306,17.728056,0.449955523,11.5686836,0.218877614,0.399961442
286,-14.3869133,-7.13019915e-07,0.299983621,33.9378204,-5.47838783,0.399981052,-10.6354561,-3.35281277,0.349978209,9.86593056,20.6161747,0.39997527,-10.0137978,-15.7104273,0.399972111,4.02824974,-24.7450409,0.424968749,-6.43555832,17.8201027,0.44995746,11.6148281,0.223198205,0.399961442
287,-14.4481344,-7.16054046e-07,0.299983621,34.084301,-5.50277424,0.399981052,-10.6855021,-3.36619473,0.349978209,9.90665722,20.714489,0.39997527,-10.0674753,-15.7845278,0.399972111,4.03737354,-24.8710403,0.424968749,-6.47876358,17.9121494,0.44995901,11.6609726,0.227518797,0.399961442
288,-14.5093555,-7.19088177e-07,0.299983621,34.2307816,-5.52716064,0.399981052,-10.735548,-3.37957668,0.349978209,9.94738388,20.8128033,0.39997527,-10.1211529,-15.8586283,0.399972111,4.04649734,-24.9970398,0.424968749,-6.52196884,18.0041962,0.449960262,11.7071171,0.231839389,0.399961442
289,-14.5705767,-7.22122309e-07,0.299983621,34.3772621,-5.55154705,0.399981052,-10.785594,-3.39295864,0.349978209,9.98811054,20.9111176,0.39997527,-10.1748304,-15.9327288,0.399972111,4.05562115,-25.1230392,0.424968749,-6.5651741,18.0962429,0.449961245,11.7532616,0.23615998,0.399961442
290,-14.6317978,-7.2515644e-07,0.299983621,34.5237427,-5.57593346,0.399981052,-10.83564,-3.4063406,0.349978209,10.0288372,21.0094318,0.39997527,-10.228508,-16.0068302,0.399972111,4.06474495,-25.2490387,0.424968749,-6.60837936,18.1882896,0.44996202,11.7994061,0.240480572,0.399961442
291,-14.6930189,-7.28190571e-07,0.299983621,34.6702232,-5.60031986,0.399981052,-10.8856859,-3.41972256,0.349978209,10.0695639,21.1077461,0.39997527,-10.2821856,-16.0809307,0.399972111,4.07386875,-25.3750381,0.424968749,-6.65158463,18.2803364,0.449962646,11.8455505,0.244801164,0.399961442
292,-14.75424,-7.31224702e-07,0.299983621,34.8167038,-5.62470627,0.399981052,-10.9357319,-3.43310452,0.349978209,10.1102905,21.2060604,0.39997527,-10.3358631,-16.1550312,0.399972111,4.08299255,-25.5010376,0.424968749,-6.69478989,18.3723831,0.449963152,11.891695,0.249121755,0.399961442
293,-14.8154612,-7.34258833e-07,0.299983621,34.9631844,-5.64909267,0.399981052,-10.9857779,-3.44648647,0.349978209,10.1510172,21.3043747,0.39997527,-10.3895407,-16.2291317,0.399972111,4.09211636,-25.627037,0.424968749,-6.73799515,18.4644299,0.44996357,11.9378395,0.253442347,0.399961442
294,-14.8766823,-7.37292964e-07,0.299983621,35.1096649,-5.67347908,0.399981052,-11.0358238,-3.45986843,0.349978209,10.1917439,21.402689,0.39997527,-10.4432182,-16.3032322,0.399972111,4.10124016,-25.7530365,0.424968749,-6.78120041,18.5564766,0.449963897,11.983984,0.257762939,0.399961442
295,-14.9379034,-7.40327096e-07,0.299983621,35.2561455,-5.69786549,0.399981052,-11.0858698,-3.47325039,0.349978209,10.2324705,21.5010033,0.39997527,-10.4968958,-16.3773327,0.399972111,4.11036396,-25.8790359,0.424968749,-6.82440567,18.6485233,0.449964166,12.0301285,0.26208353,0.399961442
296,-14.9991245,-7.43361227e-07,0.299983621,35.402626,-5.72225189,0.399981052,-11.1359158,-3.48663235,0.349978209,10.2731972,21.5993176,0.39997527,-10.5505733,-16.4514332,0.399972111,4.11948776,-26.0050354,0.424968749,-6.86761093,18.7405701,0.449964374,12.076273,0.266404122,0.399961442
297,-15.0603456,-7.46395358e-07,0.299983621,35.5491066,-5.7466383,0.399981052,-11.1859617,-3.50001431,0.349978209,10.3139238,21.6976318,0.39997527,-10.6042509,-16.5255337,0.399972111,4.12861156,-26.1310349,0.424968749,-6.91081619,18.8326168,0.449964523,12.1224174,0.270724714,0.399961442
298,-15.1215668,-7.49429489e-07,0.299983621,35.6955872,-5.7710247,0.399981052,-11.2360077,-3.51339626,0.349978209,10.3546505,21.7959461,0.39997527,-10.6579285,-16.5996342,0.399972111,4.13773537,-26.2570343,0.424968749,-6.95402145,18.9246635,0.449964643,12.1685619,0.275045305,0.399961442
299,-15.1827879,-7.5246362e-07,0.299983621,35.8420677,-5.79541111,0.399981052,-11.2860537,-3.52677822,0.349978209,10.3953772,21.8942604,0.39997527,-10.711606,-16.6737347,0.399972111,4.14685917,-26.3830338,0.424968749,-6.99722672,19.0167103,0.449964762,12.2147064,0.279365897,0.399961442
300,-15.244009,-7.55497751e-07,0.299983621,35.9885483,-5.81979752,0.399981052,-11.3360996,-3.54016018,0.349978209,10.4361038,21.9925747,0.39997527,-10.7652836,-16.7478352,0.399972111,4.15598297,-26.5090332,0.424968749,-7.04043198,19.108757,0.449964851,12.2608509,0.283686489,0.399961442
301,-15.3052301,-7.58531883e-07,0.299983621,36.1350288,-5.84418392,0.399981052,-11.3861456,-3.55354214,0.349978238,10.4768305,22.090889,0.39997527,-10.8189611,-16.8219357,0.399972111,4.16510677,-26.6350327,0.424968749,-7.08363724,19.2008038,0.449964911,12.3069954,0.288007081,0.399961442
302,-15.3664513,-7.61566014e-07,0.299983621,36.2815094,-5.86857033,0.399981052,-11.4361916,-3.5669241,0.349978238,10.5175571,22.1892033,0.39997527,-10.8726387,-16.8960361,0.399972111,4.17423058,-26.7610321,0.424968749,-7.1268425,19.2928505,0.44996497,12.3531399,0.292327672,0.399961442
303,-15.4276724,-7.64600145e-07,0.299983621,36.42799,-5.89295673,0.399981052,-11.4862375,-3.58030605,0.349978238,10.5582838,22.2875175,0.39997527,-10.9263163,-16.9701366,0.399972111,4.18335438,-26.8870316,0.424968749,-7.17004776,19.3848972,0.449965,12.3992844,0.296648264,0.399961442
304,-15.4888935,-7.67634276e-07,0.299983621,36.5744705,-5.91734314,0.399981052,-11.5362835,-3.59368801,0.349978238,10.5990105,22.3858318,0.39997527,-10.9799938,-17.0442371,0.399972111,4.19247818,-27.013031,0.424968749,-7.21325302,19.476944,0.44996503,12.4454288,0.300968856,0.399961442
305,-15.5501146,-7.70668407e-07,0.299983621,36.7209511,-5.94172955,0.399981052,-11.5863295,-3.60706997,0.349978238,10.6397371,22.4841461,0.39997527,-11.0336714,-17.1183376,0.399972111,4.20160198,-27.1390305,0.424968749,-7.25645828,19.5689907,0.44996506,12.4915733,0.305289447,0.399961442
306,-15.6113358,-7.73702538e-07,0.299983621,36.8674316,-5.96611595,0.399981052,-11.6363754,-3.62045193,0.349978238,10.6804638,22.5824604,0.39997527,-11.0873489,-17.1924381,0.399972111,4.21072578,-27.2650299,0.424968749,-7.29966354,19.6610374,0.44996509,12.5377178,0.309610039,0.399961442
307,-15.6725569,-7.7673667e-07,0.299983621,37.0139122,-5.99050236,0.399981052,-11.6864214,-3.63383389,0.349978238,10.7211905,22.6807747,0.39997527,-11.1410265,-17.2665386,0.399972111,4.21984959,-27.3910294,0.424968749,-7.3428688,19.7530842,0.449965119,12.5838623,0.313930631,0.399961442
308,-15.733778,-7.79770801e-07,0.299983621,37.1603928,-6.01488876,0.399981052,-11.7364674,-3.64721584,0.349978238,10.7619171,22.779089,0.39997527,-11.1947041,-17.3406391,0.399972111,4.22897339,-27.5170288,0.424968749,-7.38607407,19.8451309,0.449965119,12.6300068,0.318251222,0.399961442
309,-15.7949991,-7.82804932e-07,0.299983621,37.3068733,-6.03927517,0.399981052,-11.7865133,-3.6605978,0.349978238,10.8026438,22.8774033,0.39997527,-11.2483816,-17.4147396,0.399972111,4.23809719,-27.6430283,0.424968749,-7.42927933,19.9371777,0.449965119,12.6761513,0.322571814,0.399961442
310,-15.8562202,-7.85839063e-07,0.299983621,37.4533539,-6.06366158,0.399981052,-11.8365593,-3.67397976,0.349978238,10.8433704,22.9757175,0.39997527,-11.3020592,-17.4888401,0.399972111,4.24722099,-27.7690277,0.424968749,-7.47248459,20.0292244,0.449965119,12.7222958,0.326892406,0.399961442
311,-15.9174414,-7.88873194e-07,0.299983621,37.5998344,-6.08804798,0.399981052,-11.8866053,-3.68736172,0.349978238,10.8840971,23.0740318,0.39997527,-11.3557367,-17.5629406,0.399972111,4.2563448,-27.8950272,0.424968749,-7.51568985,20.1212711,0.449965119,12.7684402,0.331212997,0.399961442
312,-15.9786625,-7.91907325e-07,0.299983621,37.746315,-6.11243439,0.399981052,-11.9366512,-3.70074368,0.349978238,10.9248238,23.1723461,0.39997527,-11.4094143,-17.6370411,0.399972111,4.2654686,-28.0210266,0.424968749,-7.55889511,20.2133179,0.449965119,12.8145847,0.335533589,0.399961442
313,-16.0398827,-7.94941457e-07,0.299983621,37.8927956,-6.13682079,0.399981052,-11.9866972,-3.71412563,0.349978238,10.9655504,23.2706604,0.39997527,-11.4630919,-17.7111416,0.399972111,4.2745924,-28.1470261,0.424968749,-7.60210037,20.3053646,0.449965119,12.8607292,0.339854181,0.399961442
314,-16.1011028,-7.97975588e-07,0.299983621,38.0392761,-6.1612072,0.399981052,-12.0367432,-3.72750759,0.349978238,11.0062771,23.3689747,0.39997527,-11.5167694,-17.7852421,0.399972111,4.2837162,-28.2730255,0.424968749,-7.64530563,20.3974113,0.449965119,12.9068737,0.344174773,0.399961442
315,-16.162323,-8.01009719e-07,0.299983621,38.1857567,-6.18559361,0.399981052,-12.0867891,-3.74088955,0.349978238,11.0470037,23.467289,0.39997527,-11.570447,-17.8593426,0.399972111,4.29284,-28.399025,0.424968749,-7.68851089,20.4894581,0.449965119,12.9530182,0.348495364,0.399961442
316,-16.2235432,-8.0404385e-07,0.299983621,38.3322372,-6.20998001,0.399981052,-12.1368351,-3.75427151,0.349978238,11.0877304,23.5656033,0.39997527,-11.6241245,-17.9334431,0.399972111,4.30196381,-28.5250244,0.424968749,-7.73171616,20.5815048,0.449965119,12.9991627,0.352815956,0.399961442
317,-16.2847633,-8.07077981e-07,0.299983621,38.4787178,-6.23436642,0.399981052,-12.1868811,-3.76765347,0.349978238,11.1284571,23.6639175,0.39997527,-11.6778021,-18.0075436,0.399972111,4.31108761,-28.6510239,0.424968749,-7.77492142,20.6735516,0.449965119,13.0453072,0.357136548,0.399961442
318,-16.3459835,-8.10112113e-07,0.299983621,38.6251984,-6.25875282,0.399981052,-12.236927,-3.78103542,0.349978238,11.1691837,23.7622318,0.39997527,-11.7314796,-18.0816441,0.399972111,4.32021141,-28.7770233,0.424968749,-7.81812668,20.7655983,0.449965119,13.0914516,0.361457139,0.399961442
319,-16.4072037,-8.13146244e-07,0.299983621,38.7716789,-6.28313923,0.399981052,-12.286973,-3.79441738,0.349978238,11.2099104,23.8605461,0.39997527,-11.7851572,-18.1557446,0.399972111,4.32933521,-28.9030228,0.424968749,-7.86133194,20.857645,0.449965119,13.1375961,0.365777731,0.399961442
320,-16.4684238,-8.16180375e-07,0.299983621,38.9181595,-6.30752563,0.399981052,-12.337019,-3.80779934,0.349978238,11.2506371,23.9588604,0.39997527,-11.8388348,-18.229845,0.399972111,4.33845901,-29.0290222,0.424968749,-7.9045372,20.9496918,0.449965119,13.1837406,0.370098323,0.399961442
321,-16.529644,-8.19214506e-07,0.299983621,39.06464,-6.33191204,0.399981052,-12.3870649,-3.8211813,0.349978238,11.2913637,24.0571747,0.39997527,-11.8925123,-18.3039455,0.399972111,4.34758282,-29.1550217,0.424968749,-7.94774246,21.0417385,0.449965119,13.2298851,0.374418914,0.399961442
322,-16.5908642,-8.22248637e-07,0.299983621,39.2111206,-6.35629845,0.399981052,-12.4371109,-3.83456326,0.349978238,11.3320904,24.155489,0.39997527,-11.9461899,-18.378046,0.399972111,4.35670662,-29.2810211,0.424968749,-7.99094772,21.1337852,0.449965119,13.2760296,0.378739506,0.399961442
323,-16.6520844,-8.25282768e-07,0.299983621,39.3576012,-6.38068485,0.399981052,-12.4871569,-3.84794521,0.349978238,11.372817,24.2538033,0.39997527,-11.9998674,-18.4521465,0.399972111,4.36583042,-29.4070206,0.424968749,-8.03415298,21.225832,0.449965119,13.3221741,0.383060098,0.399961442
324,-16.7133045,-8.283169e-07,0.299983621,39.5040817,-6.40507126,0.399981052,-12.5372028,-3.86132717,0.349978238,11.4135437,24.3521175,0.39997527,-12.053545,-18.526247,0.399972111,4.37495422,-29.53302,0.424968749,-8.07735825,21.3178787,0.449965119,13.3683186,0.387380689,0.399961442
325,-16.7745247,-8.31351031e-07,0.299983621,39.6505623,-6.42945766,0.399981052,-12.5872488,-3.87470913,0.349978238,11.4542704,24.4504318,0.39997527,-12.1072226,-18.6003475,0.399972111,4.38407803,-29.6590195,0.424968749,-8.12056351,21.4099255,0.449965119,13.414463,0.391701281,0.399961442
326,-16.8357449,-8.34385162e-07,0.299983621,39.7970428,-6.45384407,0.399981052,-12.6372948,-3.88809109,0.349978238,11.494997,24.5487461,0.39997527,-12.1609001,-18.674448,0.399972111,4.39320183,-29.7850189,0.424968749,-8.16376877,21.5019722,0.449965119,13.4606075,0.396021873,0.399961442
327,-16.896965,-8.37419293e-07,0.299983621,39.9435234,-6.47823048,0.399981052,-12.6873407,-3.90147305,0.349978238,11.5357237,24.6470604,0.39997527,-12.2145777,-18.7485485,0.399972111,4.40232563,-29.9110184,0.424968749,-8.20697403,21.5940189,0.449965119,13.506752,0.400342464,0.399961442
328,-16.9581852,-8.40453424e-07,0.299983621,40.090004,-6.50261688,0.399981052,-12.7373867,-3.914855,0.349978238,11.5764503,24.7453747,0.39997527,-12.2682552,-18.822649,0.399972111,4.41144943,-30.0370178,0.424968749,-8.25017929,21.6860657,0.449965119,13.5528965,0.404663056,0.399961442
329,-17.0194054,-8.43487555e-07,0.299983621,40.2364845,-6.52700329,0.399981052,-12.7874327,-3.92823696,0.349978238,11.617177,24.843689,0.39997527,-12.3219328,-18.8967495,0.399972111,4.42057323,-30.1630173,0.424968749,-8.29338455,21.7781124,0.449965119,13.599041,0.408983648,0.399961442
330,-17.0806255,-8.46521687e-07,0.299983621,40.3829651,-6.55138969,0.399981052,-12.8374786,-3.94161892,0.349978238,11.6579037,24.9420033,0.39997527,-12.3756104,-18.97085,0.399972111,4.42969704,-30.2890167,0.424968749,-8.33658981,21.8701591,0.449965119,13.6451855,0.41330424,0.399961442
331,-17.1418457,-8.49555818e-07,0.299983621,40.5294456,-6.5757761,0.399981052,-12.8875246,-3.95500088,0.349978238,11.6986303,25.0403175,0.39997527,-12.4292879,-19.0449505,0.399972111,4.43882084,-30.4150162,0.424968749,-8.37979507,21.9622059,0.449965119,13.69133,0.417624831,0.399961442
332,-17.2030659,-8.52589949e-07,0.299983621,40.6759262,-6.60016251,0.399981052,-12.9375706,-3.96838284,0.349978238,11.739357,25.1386318,0.39997527,-12.4829655,-19.119051,0.399972111,4.44794464,-30.5410156,0.424968749,-8.42300034,22.0542526,0.449965119,13.7374744,0.421945423,0.399961442
333,-17.264286,-8.5562408e-07,0.299983621,40.8224068,-6.62454891,0.399981052,-12.9876165,-3.98176479,0.349978238,11.7800837,25.2369461,0.39997527,-12.536643,-19.1931515,0.399972111,4.45706844,-30.6670151,0.424968749,-8.4662056,22.1462994,0.449965119,13.7836189,0.426266015,0.399961442
334,-17.3255062,-8.58658211e-07,0.299983621,40.9688873,-6.64893532,0.399981052,-13.0376625,-3.99514675,0.349978238,11.8208103,25.3352604,0.39997527,-12.5903206,-19.267252,0.399972111,4.46619225,-30.7930145,0.424968749,-8.50941086,22.2383461,0.449965119,13.8297634,0.430586606,0.399961442
335,-17.3867264,-8.61692342e-07,0.299983621,41.1153679,-6.67332172,0.399981052,-13.0877085,-4.00852871,0.349978238,11.861537,25.4335747,0.39997527,-12.6439981,-19.3413525,0.399972111,4.47531605,-30.919014,0.424968749,-8.55261612,22.3303928,0.449965119,13.8759079,0.434907198,0.399961442
336,-17.4479465,-8.64726474e-07,0.299983621,41.2618484,-6.69770813,0.399981052,-13.1377544,-4.02191067,0.349978238,11.9022636,25.531889,0.39997527,-12.6976757,-19.415453,0.399972111,4.48443985,-31.0450134,0.424968749,-8.59582138,22.4224396,0.449965119,13.9220524,0.43922779,0.399961442
337,-17.5091667,-8.67760605e-07,0.299983621,41.408329,-6.72209454,0.399981052,-13.1878004,-4.03529263,0.349978238,11.9429903,25.6302032,0.39997527,-12.7513533,-19.4895535,0.399972111,4.49356365,-31.1710129,0.424968749,-8.63902664,22.5144863,0.449965119,13.9681969,0.443548381,0.399961442
338,-17.5703869,-8.70794736e-07,0.299983621,41.5548096,-6.74648094,0.399981052,-13.2378464,-4.04867458,0.349978238,11.983717,25.7285175,0.39997527,-12.8050308,-19.5636539,0.399972111,4.50268745,-31.2970123,0.424968749,-8.6822319,22.6065331,0.449965119,14.0143414,0.447868973,0.399961442
339,-17.6316071,-8.73828867e-07,0.299983621,41.7012901,-6.77086735,0.399981052,-13.2878923,-4.06205654,0.349978238,12.0244436,25.8268318,0.39997527,-12.8587084,-19.6377544,0.399972111,4.51181126,-31.4230118,0.424968749,-8.72543716,22.6985798,0.449965119,14.0604858,0.452189565,0.399961442
340,-17.6928272,-8.76862998e-07,0.299983621,41.8477707,-6.79525375,0.399981052,-13.3379383,-4.0754385,0.349978238,12.0651703,25.9251461,0.39997527,-12.9123859,-19.7118549,0.399972111,4.52093506,-31.5490112,0.424968749,-8.76864243,22.7906265,0.449965119,14.1066303,0.456510156,0.399961442
341,-17.7540474,-8.79897129e-07,0.299983621,41.9942513,-6.81964016,0.399981052,-13.3879843,-4.08882046,0.349978238,12.1058969,26.0234604,0.39997527,-12.9660635,-19.7859554,0.399972111,4.53005886,-31.6750107,0.424968749,-8.81184769,22.8826733,0.449965119,14.1527748,0.460830748,0.399961442
342,-17.8152676,-8.82931261e-07,0.299983621,42.1407318,-6.84402657,0.399981052,-13.4380302,-4.10220242,0.349978238,12.1466236,26.1217747,0.39997527,-13.0197411,-19.8600559,0.399972111,4.53918266,-31.8010101,0.424968749,-8.85505295,22.97472,0.449965119,14.1989193,0.46515134,0.399961442
343,-17.8764877,-8.85965392e-07,0.299983621,42.2872124,-6.86841297,0.399981052,-13.4880762,-4.11558437,0.349978238,12.1873503,26.220089,0.39997527,-13.0734186,-19.9341564,0.399972111,4.54830647,-31.9270096,0.424968749,-8.89825821,23.0667667,0.449965119,14.2450638,0.469471931,0.399961442
344,-17.9377079,-8.88999523e-07,0.299983621,42.4336929,-6.89279938,0.399981052,-13.5381222,-4.12896633,0.349978238,12.2280769,26.3184032,0.39997527,-13.1270962,-20.0082569,0.399972111,4.55743027,-32.053009,0.424968749,-8.94146347,23.1588135,0.449965119,14.2912083,0.473792523,0.399961442
345,-17.9989281,-8.92033654e-07,0.299983621,42.5801735,-6.91718578,0.399981052,-13.5881681,-4.14234829,0.349978238,12.2688036,26.4167175,0.39997527,-13.1807737,-20.0823574,0.399972111,4.56655407,-32.1790085,0.424968749,-8.98466873,23.2508602,0.449965119,14.3373528,0.478113115,0.399961442
346,-18.0601482,-8.95067785e-07,0.299983621,42.7266541,-6.94157219,0.399981052,-13.6382141,-4.15573025,0.349978238,12.3095303,26.5150318,0.39997527,-13.2344513,-20.1564579,0.399972111,4.57567787,-32.3050079,0.424968749,-9.02787399,23.342907,0.449965119,14.3834972,0.482433707,0.399961442
347,-18.1213684,-8.98101916e-07,0.299983621,42.8731346,-6.9659586,0.399981052,-13.6882601,-4.16911221,0.349978238,12.3502569,26.6133461,0.39997527,-13.2881289,-20.2305584,0.399972111,4.58480167,-32.4310074,0.424968749,-9.07107925,23.4349537,0.449965119,14.4296417,0.486754298,0.399961442
348,-18.1825886,-9.01136048e-07,0.299983621,43.0196152,-6.990345,0.399981052,-13.738306,-4.18249416,0.349978238,12.3909836,26.7116604,0.39997527,-13.3418064,-20.3046589,0.399972111,4.59392548,-32.5570068,0.424968749,-9.11428452,23.5270004,0.449965119,14.4757862,0.49107489,0.399961442
349,-18.2438087,-9.04170179e-07,0.299983621,43.1660957,-7.01473141,0.399981052,-13.788352,-4.19587612,0.349978238,12.4317102,26.8099747,0.39997527,-13.395484,-20.3787594,0.399972111,4.60304928,-32.6830063,0.424968749,-9.15748978,23.6190472,0.449965119,14.5219307,0.495395482,0.399961442
350,-18.3050289,-9.0720431e-07,0.299983621,43.3125763,-7.03911781,0.399981052,-13.838398,-4.20925808,0.349978238,12.4724369,26.908289,0.39997527,-13.4491615,-20.4528599,0.399972111,4.61217308,-32.8090057,0.424968749,-9.20069504,23.7110939,0.449965119,14.5680752,0.499716073,0.399961442
351,-18.3662491,-9.10238441e-07,0.299983621,43.4590569,-7.06350422,0.399981052,-13.8884439,-4.22264004,0.349978238,12.5131636,27.0066032,0.39997527,-13.5028391,-20.5269604,0.399972111,4.62129688,-32.9350052,0.424968749,-9.2439003,23.8031406,0.449965119,14.6142197,0.504036665,0.399961442
352,-18.4274693,-9.13272572e-07,0.299983621,43.6055374,-7.08789062,0.399981052,-13.9384899,-4.236022,0.349978238,12.5538902,27.1049175,0.39997527,-13.5565166,-20.6010609,0.399972111,4.63042068,-33.0610046,0.424968749,-9.28710556,23.8951874,0.449965119,14.6603642,0.508357227,0.399961442
353,-18.4886894,-9.16306703e-07,0.299983621,43.752018,-7.11227703,0.399981052,-13.9885359,-4.24940395,0.349978238,12.5946169,27.2032318,0.39997527,-13.6101942,-20.6751614,0.399972111,4.63954449,-33.1870041,0.424968749,-9.33031082,23.9872341,0.449965119,14.7065086,0.512677789,0.399961442
354,-18.5499096,-9.19340835e-07,0.299983621,43.8984985,-7.13666344,0.399981052,-14.0385818,-4.26278591,0.349978238,12.6353436,27.3015461,0.39997527,-13.6638718,-20.7492619,0.399972111,4.64866829,-33.3130035,0.424968749,-9.37351608,24.0792809,0.449965119,14.7526531,0.516998351,0.399961442
355,-18.6111298,-9.22374966e-07,0.299983621,44.0449791,-7.16104984,0.399981052,-14.0886278,-4.27616787,0.349978238,12.6760702,27.3998604,0.39997527,-13.7175493,-20.8233624,0.399972111,4.65779209,-33.439003,0.424968749,-9.41672134,24.1713276,0.449965119,14.7987976,0.521318913,0.399961442
356,-18.6723499,-9.25409097e-07,0.299983621,44.1914597,-7.18543625,0.399981052,-14.1386738,-4.28954983,0.349978238,12.7167969,27.4981747,0.39997527,-13.7712269,-20.8974628,0.399972111,4.66691589,-33.5650024,0.424968749,-9.45992661,24.2633743,0.449965119,14.8449421,0.525639474,0.399961442
357,-18.7335701,-9.28443228e-07,0.299983621,44.3379402,-7.20982265,0.399981052,-14.1887197,-4.30293179,0.349978238,12.7575235,27.596489,0.39997527,-13.8249044,-20.9715633,0.399972111,4.6760397,-33.6910019,0.424968749,-9.50313187,24.3554211,0.449965119,14.8910866,0.529960036,0.399961442
358,-18.7947903,-9.31477359e-07,0.299983621,44.4844208,-7.23420906,0.399981052,-14.2387657,-4.31631374,0.349978238,12.7982502,27.6948032,0.39997527,-13.878582,-21.0456638,0.399972111,4.6851635,-33.8170013,0.424968749,-9.54633713,24.4474678,0.449965119,14.9372311,0.534280598,0.399961442
359,-18.8560104,-9.3451149e-07,0.299983621,44.6309013,-7.25859547,0.399981052,-14.2888117,-4.3296957,0.349978238,12.8389769,27.7931175,0.39997527,-13.9322596,-21.1197643,0.399972111,4.6942873,-33.9430008,0.424968749,-9.58954239,24.5395145,0.449965119,14.9833755,0.53860116,0.399961442
360,-18.9172306,-9.37545622e-07,0.299983621,44.7773819,-7.28298187,0.399981052,-14.3388577,-4.34307766,0.349978238,12.8797035,27.8914318,0.39997527,-13.9859371,-21.1938648,0.399972111,4.7034111,-34.0690002,0.424968749,-9.63274765,24.6315613,0.449965119,15.02952,0.542921722,0.399961442
361,-18.9784508,-9.40579753e-07,0.299983621,44.9238625,-7.30736828,0.399981052,-14.3889036,-4.35645962,0.349978238,12.9204302,27.9897461,0.39997527,-14.0396147,-21.2679653,0.399972111,4.7125349,-34.1949997,0.424968749,-9.67595291,24.723608,0.449965119,15.0756645,0.547242284,0.399961442
362,-19.0396709,-9.43613884e-07,0.299983621,45.070343,-7.33175468,0.399981052,-14.4389496,-4.36984158,0.349978238,12.9611568,28.0880604,0.39997527,-14.0932922,-21.3420658,0.399972111,4.72165871,-34.3209991,0.424968749,-9.71915817,24.8156548,0.449965119,15.121809,0.551562846,0.399961442
363,-19.1008911,-9.46648015e-07,0.299983621,45.2168236,-7.35614109,0.399981052,-14.4889956,-4.38322353,0.349978238,13.0018835,28.1863747,0.39997527,-14.1469698,-21.4161663,0.399972111,4.73078251,-34.4469986,0.424968749,-9.76236343,24.9077015,0.449965119,15.1679535,0.555883408,0.399961442
364,-19.1621113,-9.49682146e-07,0.299983621,45.3633041,-7.3805275,0.399981052,-14.5390415,-4.39660549,0.349978238,13.0426102,28.2846889,0.39997527,-14.2006474,-21.4902668,0.399972111,4.73990631,-34.572998,0.424968749,-9.8055687,24.9997482,0.449965119,15.214098,0.560203969,0.399961442
365,-19.2233315,-9.52716277e-07,0.299983621,45.5097847,-7.4049139,0.399981052,-14.5890875,-4.40998745,0.349978238,13.0833368,28.3830032,0.39997527,-14.2543249,-21.5643673,0.399972111,4.74903011,-34.6989975,0.424968749,-9.84877396,25.091795,0.449965119,15.2602425,0.564524531,0.399961442
366,-19.2845516,-9.55750352e-07,0.299983621,45.6562653,-7.42930031,0.399981052,-14.6391335,-4.42336941,0.349978238,13.1240635,28.4813175,0.39997527,-14.3080025,-21.6384678,0.399972111,4.75815392,-34.8249969,0.424968749,-9.89197922,25.1838417,0.449965119,15.3063869,0.568845093,0.399961442
367,-19.3457718,-9.58784426e-07,0.299983621,45.8027458,-7.45368671,0.399981052,-14.6891794,-4.43675137,0.349978238,13.1647902,28.5796318,0.39997527,-14.36168,-21.7125683,0.399972111,4.76727772,-34.9509964,0.424968749,-9.93518448,25.2758884,0.449965119,15.3525314,0.573165655,0.399961442
368,-19.406992,-9.618185e-07,0.299983621,45.9492264,-7.47807312,0.399981052,-14.7392254,-4.45013332,0.349978238,13.2055168,28.6779461,0.39997527,-14.4153576,-21.7866688,0.399972111,4.77640152,-35.0769958,0.424968749,-9.97838974,25.3679352,0.449965119,15.3986759,0.577486217,0.399961442
369,-19.4682121,-9.64852575e-07,0.299983621,46.0957069,-7.50245953,0.399981052,-14.7892714,-4.46351528,0.349978238,13.2462435,28.7762604,0.39997527,-14.4690351,-21.8607693,0.399972111,4.78552532,-35.2029953,0.424968749,-10.021595,25.4599819,0.449965119,15.4448204,0.581806779,0.399961442
370,-19.5294323,-9.67886649e-07,0.299983621,46.2421875,-7.52684593,0.399981052,-14.8393173,-4.47689724,0.349978238,13.2869701,28.8745747,0.39997527,-14.5227127,-21.9348698,0.399972111,4.79464912,-35.3289948,0.424968749,-10.0648003,25.5520287,0.449965119,15.4909649,0.586127341,0.399961442
371,-19.5906525,-9.70920723e-07,0.299983621,46.3886681,-7.55123234,0.399981052,-14.8893633,-4.4902792,0.349978238,13.3276968,28.9728889,0.39997527,-14.5763903,-22.0089703,0.399972111,4.80377293,-35.4549942,0.424968749,-10.1080055,25.6440754,0.449965119,15.5371094,0.590447903,0.399961442
372,-19.6518726,-9.73954798e-07,0.299983621,46.5351486,-7.57561874,0.399981052,-14.9394093,-4.50366116,0.349978238,13.3684235,29.0712032,0.39997527,-14.6300678,-22.0830708,0.399972111,4.81289673,-35.5809937,0.424968749,-10.1512108,25.7361221,0.449965119,15.5832539,0.594768465,0.399961442
373,-19.7130928,-9.76988872e-07,0.299983621,46.6816292,-7.60000515,0.399981052,-14.9894552,-4.51704311,0.349978238,13.4091501,29.1695175,0.39997527,-14.6837454,-22.1571712,0.399972111,4.82202053,-35.7069931,0.424968749,-10.194416,25.8281689,0.449965119,15.6293983,0.599089026,0.399961442
374,-19.774313,-9.80022946e-07,0.299983621,46.8281097,-7.62439156,0.399981052,-15.0395012,-4.53042507,0.349978238,13.4498768,29.2678318,0.39997527,-14.7374229,-22.2312717,0.399972111,4.83114433,-35.8329926,0.424968749,-10.2376213,25.9202156,0.449965119,15.6755428,0.603409588,0.399961442
375,-19.8355331,-9.83057021e-07,0.299983621,46.9745903,-7.64877796,0.399981052,-15.0895472,-4.54380703,0.349978238,13.4906034,29.3661461,0.39997527,-14.7911005,-22.3053722,0.399972111,4.84026814,-35.958992,0.424968749,-10.2808266,26.0122623,0.449965119,15.7216873,0.60773015,0.399961442
376,-19.8967533,-9.86091095e-07,0.299983621,47.1210709,-7.67316437,0.399981052,-15.1395931,-4.55718899,0.349978238,13.5313301,29.4644604,0.39997527,-14.8447781,-22.3794727,0.399972111,4.84939194,-36.0849915,0.424968749,-10.3240318,26.1043091,0.449965119,15.7678318,0.612050712,0.399961442
377,-19.9579735,-9.89125169e-07,0.299983621,47.2675514,-7.69755077,0.399981052,-15.1896391,-4.57057095,0.349978238,13.5720568,29.5627747,0.39997527,-14.8984556,-22.4535732,0.399972111,4.85851574,-36.2109909,0.424968749,-10.3672371,26.1963558,0.449965119,15.8139763,0.616371274,0.399961442
378,-20.0191936,-9.92159244e-07,0.299983621,47.414032,-7.72193718,0.399981052,-15.2396851,-4.5839529,0.349978238,13.6127834,29.6610889,0.39997527,-14.9521332,-22.5276737,0.399972111,4.86763954,-36.3369904,0.424968749,-10.4104424,26.2884026,0.449965119,15.8601208,0.620691836,0.399961442
379,-20.0804138,-9.95193318e-07,0.299983621,47.5605125,-7.74632359,0.399981052,-15.289731,-4.59733486,0.349978238,13.6535101,29.7594032,0.39997527,-15.0058107,-22.6017742,0.399972111,4.87676334,-36.4629898,0.424968749,-10.4536476,26.3804493,0.449965119,15.9062653,0.625012398,0.399961442
380,-20.141634,-9.98227392e-07,0.299983621,47.7069931,-7.77070999,0.399981052,-15.339777,-4.61071682,0.349978238,13.6942368,29.8577175,0.39997527,-15.0594883,-22.6758747,0.399972111,4.88588715,-36.5889893,0.424968749,-10.4968529,26.472496,0.449965119,15.9524097,0.62933296,0.399961442
381,-20.2028542,-1.00126147e-06,0.299983621,47.8534737,-7.7950964,0.399981052,-15.389823,-4.62409878,0.349978238,13.7349634,29.9560318,0.39997527,-15.1131659,-22.7499752,0.399972111,4.89501095,-36.7149887,0.424968749,-10.5400581,26.5645428,0.449965119,15.9985542,0.633653522,0.399961442
382,-20.2640743,-1.00429554e-06,0.299983621,47.9999542,-7.8194828,0.399981052,-15.4398689,-4.63748074,0.349978238,13.7756901,30.0543461,0.39997527,-15.1668434,-22.8240757,0.399972111,4.90413475,-36.8409882,0.424968749,-10.5832634,26.6565895,0.449965119,16.0446987,0.637974083,0.399961442
383,-20.3252945,-1.00732962e-06,0.299983621,48.1464348,-7.84386921,0.399981052,-15.4899149,-4.65086269,0.349978238,13.8164167,30.1526604,0.39997527,-15.220521,-22.8981762,0.399972111,4.91325855,-36.9669876,0.424968749,-10.6264687,26.7486362,0.449965119,16.0908432,0.642294645,0.399961442
384,-20.3865147,-1.01036369e-06,0.299983621,48.2929153,-7.86825562,0.399981052,-15.5399609,-4.66424465,0.349978238,13.8571434,30.2509747,0.39997527,-15.2741985,-22.9722767,0.399972111,4.92238235,-37.0929871,0.424968749,-10.6696739,26.840683,0.449965119,16.1369877,0.646615207,0.399961442
385,-20.4477348,-1.01339776e-06,0.299983621,48.4393959,-7.89264202,0.399981052,-15.5900068,-4.67762661,0.349978238,13.8978701,30.3492889,0.39997527,-15.3278761,-23.0463772,0.399972111,4.93150616,-37.2189865,0.424968749,-10.7128792,26.9327297,0.449965149,16.1831322,0.650935769,0.399961442
386,-20.508955,-1.01643184e-06,0.299983621,48.5858765,-7.91702843,0.399981052,-15.6400528,-4.69100857,0.349978238,13.9385967,30.4476032,0.39997527,-15.3815536,-23.1204777,0.399972111,4.94062996,-37.344986,0.424968749,-10.7560844,27.0247765,0.449965149,16.2292767,0.655256331,0.399961442
387,-20.5701752,-1.01946591e-06,0.299983621,48.732357,-7.94141483,0.399981052,-15.6900988,-4.70439053,0.349978238,13.9793234,30.5459175,0.39997527,-15.4352312,-23.1945782,0.399972111,4.94975376,-37.4709854,0.424968749,-10.7992897,27.1168232,0.449965149,16.2754211,0.659576893,0.399961442
388,-20.6313953,-1.02249999e-06,0.299983621,48.8788376,-7.96580124,0.399981052,-15.7401447,-4.71777248,0.349978238,14.02005,30.6442318,0.39997527,-15.4889088,-23.2686787,0.399972111,4.95887756,-37.5969849,0.424968749,-10.842495,27.2088699,0.449965149,16.3215656,0.663897455,0.399961442
389,-20.6926155,-1.02553406e-06,0.299983621,49.0253181,-7.99018764,0.399981052,-15.7901907,-4.73115444,0.349978238,14.0607767,30.7425461,0.39997527,-15.5425863,-23.3427792,0.399972111,4.96800137,-37.7229843,0.424968749,-10.8857002,27.3009167,0.449965149,16.3677101,0.668218017,0.399961442
390,-20.7538357,-1.02856814e-06,0.299983621,49.1717987,-8.01457405,0.399981052,-15.8402367,-4.7445364,0.349978238,14.1015034,30.8408604,0.39997527,-15.5962639,-23.4168797,0.399972111,4.97712517,-37.8489838,0.424968749,-10.9289055,27.3929634,0.449965149,16.4138546,0.672538579,0.399961442
391,-20.8150558,-1.03160221e-06,0.299983621,49.3182793,-8.03896046,0.399981052,-15.8902826,-4.75791836,0.349978238,14.14223,30.9391747,0.39997527,-15.6499414,-23.4909801,0.399972111,4.98624897,-37.9749832,0.424968749,-10.9721107,27.4850101,0.449965149,16.4599991,0.67685914,0.399961442
392,-20.876276,-1.03463628e-06,0.299983621,49.4647598,-8.06334686,0.399981052,-15.9403286,-4.77130032,0.349978238,14.1829567,31.0374889,0.39997527,-15.703619,-23.5650806,0.399972111,4.99537277,-38.1009827,0.424968749,-11.015316,27.5770569,0.449965149,16.5061436,0.681179702,0.399961442
393,-20.9374962,-1.03767036e-06,0.299983621,49.6112404,-8.08773327,0.399981052,-15.9903746,-4.78468227,0.349978238,14.2236834,31.1358032,0.39997527,-15.7572966,-23.6391811,0.399972111,5.00449657,-38.2269821,0.424968749,-11.0585213,27.6691036,0.449965149,16.5522881,0.685500264,0.399961442
394,-20.9987164,-1.04070443e-06,0.299983621,49.7577209,-8.11211967,0.399981052,-16.0404205,-4.79806423,0.349978238,14.26441,31.2341175,0.39997527,-15.8109741,-23.7132816,0.399972111,5.01362038,-38.3529816,0.424968749,-11.1017265,27.7611504,0.449965149,16.5984325,0.689820826,0.399961442
395,-21.0599365,-1.04373851e-06,0.299983621,49.9042015,-8.13650608,0.399981052,-16.0904655,-4.81144619,0.349978238,14.3051367,31.3324318,0.39997527,-15.8646517,-23.7873821,0.399972111,5.02274418,-38.478981,0.424968749,-11.1449318,27.8531971,0.449965149,16.644577,0.694141388,0.399961442
396,-21.1211567,-1.04677258e-06,0.299983621,50.0506821,-8.16089249,0.399981052,-16.1405106,-4.82482815,0.349978238,14.3458633,31.4307461,0.39997527,-15.9183292,-23.8614826,0.399972111,5.03186798,-38.6049805,0.424968749,-11.1881371,27.9452438,0.449965149,16.6907215,0.69846195,0.399961442
397,-21.1823769,-1.04980666e-06,0.299983621,50.1971626,-8.18527889,0.399981052,-16.1905556,-4.83821011,0.349978238,14.38659,31.5290604,0.39997527,-15.9720068,-23.9355831,0.399972111,5.04099178,-38.7309799,0.424968749,-11.2313423,28.0372906,0.449965149,16.736866,0.702782512,0.399961442
398,-21.243597,-1.05284073e-06,0.299983621,50.3436432,-8.2096653,0.399981052,-16.2406006,-4.85159206,0.349978238,14.4273167,31.6273746,0.39997527,-16.0256844,-24.0096836,0.399972111,5.05011559,-38.8569794,0.424968749,-11.2745476,28.1293373,0.449965149,16.7830105,0.707103074,0.399961442
399,-21.3048172,-1.0558748e-06,0.299983621,50.4901237,-8.2340517,0.399981052,-16.2906456,-4.86497402,0.349978238,14.4680433,31.7256889,0.39997527,-16.0793629,-24.0837841,0.399972111,5.05923939,-38.9829788,0.424968749,-11.3177528,28.221384,0.449965149,16.829155,0.711423635,0.399961442
400,-21.3660374,-1.05890888e-06,0.299983621,50.6366043,-8.25843811,0.399981052,-16.3406906,-4.87835598,0.349978238,14.50877,31.8240032,0.39997527,-16.1330414,-24.1578846,0.399972111,5.06836319,-39.1089783,0.424968749,-11.3609581,28.3134308,0.449965149,16.8752995,0.715744197,0.399961442
401,-21.4272575,-1.06194295e-06,0.299983621,50.7830849,-8.28282452,0.399981052,-16.3907356,-4.89173794,0.349978238,14.5494967,31.9223175,0.39997527,-16.1867199,-24.2319851,0.399972111,5.07748699,-39.2349777,0.424968749,-11.4041634,28.4054775,0.449965149,16.9214439,0.720064759,0.399961442
402,-21.4884777,-1.06497703e-06,0.299983621,50.9295654,-8.30721092,0.399981052,-16.4407806,-4.9051199,0.349978238,14.5902233,32.0206337,0.39997527,-16.2403984,-24.3060856,0.399972111,5.08661079,-39.3609772,0.424968749,-11.4473686,28.4975243,0.449965149,16.9675884,0.724385321,0.399961442
403,-21.5496979,-1.0680111e-06,0.299983621,51.076046,-8.33159733,0.399981052,-16.4908257,-4.91850185,0.349978238,14.63095,32.1189499,0.39997527,-16.2940769,-24.3801861,0.399972111,5.0957346,-39.4869766,0.424968749,-11.4905739,28.589571,0.449965149,17.0137329,0.728705883,0.399961442
404,-21.610918,-1.07104518e-06,0.299983621,51.2225266,-8.35598373,0.399981052,-16.5408707,-4.93188381,0.349978238,14.6716766,32.2172661,0.39997527,-16.3477554,-24.4542866,0.399972111,5.1048584,-39.6129761,0.424968749,-11.5337791,28.6816177,0.449965149,17.0598774,0.733026445,0.399961442
405,-21.6721382,-1.07407925e-06,0.299983621,51.3690071,-8.38037014,0.399981052,-16.5909157,-4.94526577,0.349978238,14.7124033,32.3155823,0.39997527,-16.4014339,-24.5283871,0.399972111,5.1139822,-39.7389755,0.424968749,-11.5769844,28.7736645,0.449965149,17.1060219,0.737347007,0.399961442
406,-21.7333584,-1.07711332e-06,0.299983621,51.5154877,-8.40475655,0.399981052,-16.6409607,-4.95864773,0.349978238,14.75313,32.4138985,0.39997527,-16.4551125,-24.6024876,0.399972111,5.123106,-39.864975,0.424968749,-11.6201897,28.8657112,0.449965149,17.1521664,0.741667569,0.399961442
407,-21.7945786,-1.0801474e-06,0.299983621,51.6619682,-8.42914295,0.399981052,-16.6910057,-4.97202969,0.349978238,14.7938566,32.5122147,0.39997527,-16.508791,-24.6765881,0.399972111,5.1322298,-39.9909744,0.424968749,-11.6633949,28.9577579,0.449965149,17.1983109,0.745988131,0.399961442
408,-21.8557987,-1.08318147e-06,0.299983621,51.8084488,-8.45352936,0.399981052,-16.7410507,-4.98541164,0.349978238,14.8345833,32.6105309,0.39997527,-16.5624695,-24.7506886,0.399972111,5.14135361,-40.1169739,0.424968749,-11.7066002,29.0498047,0.449965149,17.2444553,0.750308692,0.399961442
409,-21.9170189,-1.08621555e-06,0.299983621,51.9549294,-8.47791576,0.399981052,-16.7910957,-4.9987936,0.349978238,14.8753099,32.708847,0.39997527,-16.616148,-24.824789,0.399972111,5.15047741,-40.2429733,0.424968749,-11.7498055,29.1418514,0.449965149,17.2905998,0.754629254,0.399961442
410,-21.9782391,-1.08924962e-06,0.299983621,52.1014099,-8.50230217,0.399981052,-16.8411407,-5.01217556,0.349978238,14.9160366,32.8071632,0.39997527,-16.6698265,-24.8988895,0.399972111,5.15960121,-40.3689728,0.424968749,-11.7930107,29.2338982,0.449965149,17.3367443,0.758949816,0.399961442
411,-22.0394592,-1.0922837e-06,0.299983621,52.2478905,-8.52668858,0.399981052,-16.8911858,-5.02555752,0.349978238,14.9567633,32.9054794,0.39997527,-16.723505,-24.97299,0.399972111,5.16872501,-40.4949722,0.424968749,-11.836216,29.3259449,0.449965149,17.3828888,0.763270378,0.399961442
412,-22.1006794,-1.09531777e-06,0.299983621,52.394371,-8.55107498,0.399981052,-16.9412308,-5.03893948,0.349978238,14.9974899,33.0037956,0.39997527,-16.7771835,-25.0470905,0.399972111,5.17784882,-40.6209717,0.424968749,-11.8794212,29.4179916,0.449965149,17.4290333,0.76759094,0.399961442
413,-22.1618996,-1.09835185e-06,0.299983621,52.5408516,-8.57546139,0.399981052,-16.9912758,-5.05232143,0.349978238,15.0382166,33.1021118,0.39997527,-16.830862,-25.121191,0.399972111,5.18697262,-40.7469711,0.424968749,-11.9226265,29.5100384,0.449965149,17.4751778,0.771911502,0.399961442
414,-22.2231197,-1.10138592e-06,0.299983621,52.6873322,-8.59984779,0.399981052,-17.0413208,-5.06570339,0.349978238,15.0789433,33.200428,0.39997527,-16.8845406,-25.1952915,0.399972111,5.19609642,-40.8729706,0.424968749,-11.9658318,29.6020851,0.449965149,17.5213223,0.776232064,0.399961442
415,-22.2843399,-1.10441999e-06,0.299983621,52.8338127,-8.6242342,0.399981052,-17.0913658,-5.07908535,0.349978238,15.1196699,33.2987442,0.39997527,-16.9382191,-25.269392,0.399972111,5.20522022,-40.99897,0.424968749,-12.009037,29.6941319,0.449965149,17.5674667,0.780552626,0.399961442
416,-22.3455601,-1.10745407e-06,0.299983621,52.9802933,-8.64862061,0.399981052,-17.1414108,-5.09246731,0.349978238,15.1603966,33.3970604,0.39997527,-16.9918976,-25.3434925,0.399972111,5.21434402,-41.1249695,0.424968749,-12.0522423,29.7861786,0.449965149,17.6136112,0.784873188,0.399961442
417,-22.4067802,-1.11048814e-06,0.299983621,53.1267738,-8.67300701,0.399981052,-17.1914558,-5.10584927,0.349978238,15.2011232,33.4953766,0.39997527,-17.0455761,-25.417593,0.399972111,5.22346783,-41.2509689,0.424968749,-12.0954475,29.8782253,0.449965149,17.6597557,0.789193749,0.399961442
418,-22.4680004,-1.11352222e-06,0.299983621,53.2732544,-8.69739342,0.399981052,-17.2415009,-5.11923122,0.349978238,15.2418499,33.5936928,0.39997527,-17.0992546,-25.4916935,0.399972111,5.23259163,-41.3769684,0.424968749,-12.1386528,29.9702721,0.449965149,17.7059002,0.793514311,0.399961442
419,-22.5292206,-1.11655629e-06,0.299983621,53.419735,-8.72177982,0.399981052,-17.2915459,-5.13261318,0.349978238,15.2825766,33.692009,0.39997527,-17.1529331,-25.565794,0.399972111,5.24171543,-41.5029678,0.424968749,-12.1818581,30.0623188,0.449965149,17.7520447,0.797834873,0.399961442
420,-22.5904408,-1.11959037e-06,0.299983621,53.5662155,-8.74616623,0.399981052,-17.3415909,-5.14599514,0.349978238,15.3233032,33.7903252,0.39997527,-17.2066116,-25.6398945,0.399972111,5.25083923,-41.6289673,0.424968749,-12.2250633,30.1543655,0.449965149,17.7981892,0.802155435,0.399961442
421,-22.6516609,-1.12262444e-06,0.299983621,53.7126961,-8.77055264,0.399981052,-17.3916359,-5.1593771,0.349978238,15.3640299,33.8886414,0.39997527,-17.2602901,-25.713995,0.399972111,5.25996304,-41.7549667,0.424968749,-12.2682686,30.2464123,0.449965149,17.8443336,0.806475997,0.399961442
422,-22.7128811,-1.12565851e-06,0.299983621,53.8591766,-8.79493904,0.399981052,-17.4416809,-5.17275906,0.349978238,15.4047565,33.9869576,0.39997527,-17.3139687,-25.7880955,0.399972111,5.26908684,-41.8809662,0.424968749,-12.3114738,30.338459,0.449965149,17.8904781,0.810796559,0.399961442
423,-22.7741013,-1.12869259e-06,0.299983621,54.0056572,-8.81932545,0.399981052,-17.4917259,-5.18614101,0.349978238,15.4454832,34.0852737,0.39997527,-17.3676472,-25.862196,0.399972111,5.27821064,-42.0069656,0.424968749,-12.3546791,30.4305058,0.449965149,17.9366226,0.815117121,0.399961442
424,-22.8353214,-1.13172666e-06,0.299983621,54.1521378,-8.84371185,0.399981052,-17.5417709,-5.19952297,0.349978238,15.4862099,34.1835899,0.39997527,-17.4213257,-25.9362965,0.399972111,5.28733444,-42.1329651,0.424968749,-12.3978844,30.5225525,0.449965149,17.9827671,0.819437683,0.399961442
425,-22.8965416,-1.13476074e-06,0.299983621,54.2986183,-8.86809826,0.399981052,-17.5918159,-5.21290493,0.349978238,15.5269365,34.2819061,0.39997527,-17.4750042,-26.010397,0.399972111,5.29645824,-42.2589645,0.424968749,-12.4410896,30.6145992,0.449965149,18.0289116,0.823758245,0.399961442
426,-22.9577618,-1.13779481e-06,0.299983621,54.4450989,-8.89248466,0.399981052,-17.641861,-5.22628689,0.349978238,15.5676632,34.3802223,0.39997527,-17.5286827,-26.0844975,0.399972111,5.30558205,-42.384964,0.424968749,-12.4842949,30.706646,0.449965149,18.0750561,0.828078806,0.399961442
427,-23.0189819,-1.14082889e-06,0.299983621,54.5915794,-8.91687107,0.399981052,-17.691906,-5.23966885,0.349978238,15.6083899,34.4785385,0.39997527,-17.5823612,-26.1585979,0.399972111,5.31470585,-42.5109634,0.424968749,-12.5275002,30.7986927,0.449965149,18.1212006,0.832399368,0.399961442
428,-23.0802021,-1.14386296e-06,0.299983621,54.73806,-8.94125748,0.399981052,-17.741951,-5.2530508,0.349978238,15.6491165,34.5768547,0.39997527,-17.6360397,-26.2326984,0.399972111,5.32382965,-42.6369629,0.424968749,-12.5707054,30.8907394,0.449965149,18.167345,0.83671993,0.399961442
429,-23.1414223,-1.14689703e-06,0.299983621,54.8845406,-8.96564388,0.399981052,-17.791996,-5.26643276,0.349978238,15.6898432,34.6751709,0.39997527,-17.6897182,-26.3067989,0.399972111,5.33295345,-42.7629623,0.424968749,-12.6139107,30.9827862,0.449965149,18.2134895,0.841040492,0.399961442
430,-23.2026424,-1.14993111e-06,0.299983621,55.0310211,-8.99003029,0.399981052,-17.842041,-5.27981472,0.349978238,15.7305698,34.7734871,0.39997527,-17.7433968,-26.3808994,0.399972111,5.34207726,-42.8889618,0.424968749,-12.6571159,31.0748329,0.449965149,18.259634,0.845361054,0.399961442
431,-23.2638626,-1.15296518e-06,0.299983621,55.1775017,-9.01441669,0.399981052,-17.892086,-5.29319668,0.349978238,15.7712965,34.8718033,0.39997527,-17.7970753,-26.4549999,0.399972111,5.35120106,-43.0149612,0.424968749,-12.7003212,31.1668797,0.449965149,18.3057785,0.849681616,0.399961442
432,-23.3250828,-1.15599926e-06,0.299983621,55.3239822,-9.0388031,0.399981052,-17.942131,-5.30657864,0.349978238,15.8120232,34.9701195,0.39997527,-17.8507538,-26.5291004,0.399972111,5.36032486,-43.1409607,0.424968749,-12.7435265,31.2589264,0.449965149,18.351923,0.854002178,0.399961442
433,-23.3863029,-1.15903333e-06,0.299983621,55.4704628,-9.06318951,0.399981052,-17.9921761,-5.31996059,0.349978238,15.8527498,35.0684357,0.39997527,-17.9044323,-26.6032009,0.399972111,5.36944866,-43.2669601,0.424968749,-12.7867317,31.3509731,0.449965149,18.3980675,0.85832274,0.399961442
434,-23.4475231,-1.16206741e-06,0.299983621,55.6169434,-9.08757591,0.399981052,-18.0422211,-5.33334255,0.349978238,15.8934765,35.1667519,0.39997527,-17.9581108,-26.6773014,0.399972111,5.37857246,-43.3929596,0.424968749,-12.829937,31.4430199,0.449965149,18.444212,0.862643301,0.399961442
435,-23.5087433,-1.16510148e-06,0.299983621,55.7634239,-9.11196232,0.399981052,-18.0922661,-5.34672451,0.349978238,15.9342031,35.2650681,0.39997527,-18.0117893,-26.7514019,0.399972111,5.38769627,-43.518959,0.424968749,-12.8731422,31.5350666,0.449965149,18.4903564,0.866963863,0.399961442
436,-23.5699635,-1.16813555e-06,0.299983621,55.9099045,-9.13634872,0.399981052,-18.1423111,-5.36010647,0.349978238,15.9749298,35.3633842,0.39997527,-18.0654678,-26.8255024,0.399972111,5.39682007,-43.6449585,0.424968749,-12.9163475,31.6271133,0.449965149,18.5365009,0.871284425,0.399961442
437,-23.6311836,-1.17116963e-06,0.299983621,56.056385,-9.16073513,0.399981052,-18.1923561,-5.37348843,0.349978238,16.0156574,35.4617004,0.39997527,-18.1191463,-26.8996029,0.399972111,5.40594387,-43.7709579,0.424968749,-12.9595528,31.7191601,0.449965149,18.5826454,0.875604987,0.399961442
438,-23.6924038,-1.1742037e-06,0.299983621,56.2028656,-9.18512154,0.399981052,-18.2424011,-5.38687038,0.349978238,16.056385,35.5600166,0.39997527,-18.1728249,-26.9737034,0.399972111,5.41506767,-43.8969574,0.424968749,-13.002758,31.8112068,0.449965149,18.6287899,0.879925549,0.399961442
439,-23.753624,-1.17723778e-06,0.299983621,56.3493462,-9.20950794,0.399981052,-18.2924461,-5.40025234,0.349978238,16.0971127,35.6583328,0.39997527,-18.2265034,-27.0478039,0.399972111,5.42419147,-44.0229568,0.424968749,-13.0459633,31.9032536,0.449965149,18.6749344,0.884246111,0.399961442
440,-23.8148441,-1.18027185e-06,0.299983621,56.4958267,-9.23389435,0.399981052,-18.3424911,-5.4136343,0.349978238,16.1378403,35.756649,0.39997527,-18.2801819,-27.1219044,0.399972111,5.43331528,-44.1489563,0.424968749,-13.0891685,31.9953003,0.449965149,18.7210789,0.888566673,0.399961442
441,-23.8760643,-1.18330593e-06,0.299983621,56.6423073,-9.25828075,0.399981052,-18.3925362,-5.42701626,0.349978238,16.1785679,35.8549652,0.39997527,-18.3338604,-27.1960049,0.399972111,5.44243908,-44.2749557,0.424968749,-13.1323738,32.0873489,0.449965149,18.7672234,0.892887235,0.399961442
442,-23.9372845,-1.18634e-06,0.299983621,56.7887878,-9.28266716,0.399981052,-18.4425812,-5.44039822,0.349978238,16.2192955,35.9532814,0.39997527,-18.3875389,-27.2701054,0.399972111,5.45156288,-44.4009552,0.424968749,-13.1755791,32.1793976,0.449965149,18.8133678,0.897207797,0.399961442
443,-23.9985046,-1.18937407e-06,0.299983621,56.9352684,-9.30705357,0.399981052,-18.4926262,-5.45378017,0.349978238,16.2600231,36.0515976,0.39997527,-18.4412174,-27.3442059,0.399972111,5.46068668,-44.5269547,0.424968749,-13.2187843,32.2714462,0.449965149,18.8595123,0.901528358,0.399961442
444,-24.0597248,-1.19240815e-06,0.299983621,57.081749,-9.33143997,0.399981052,-18.5426712,-5.46716213,0.349978238,16.3007507,36.1499138,0.39997527,-18.4948959,-27.4183064,0.399972111,5.46981049,-44.6529541,0.424968749,-13.2619896,32.3634949,0.449965149,18.9056568,0.90584892,0.399961442
445,-24.120945,-1.19544222e-06,0.299983621,57.2282295,-9.35582638,0.399981052,-18.5927162,-5.48054409,0.349978238,16.3414783,36.24823,0.39997527,-18.5485744,-27.4924068,0.399972111,5.47893429,-44.7789536,0.424968749,-13.3051949,32.4555435,0.449965149,18.9518013,0.910169482,0.399961442
446,-24.1821651,-1.1984763e-06,0.299983621,57.3747101,-9.38021278,0.399981052,-18.6427612,-5.49392605,0.349978238,16.382206,36.3465462,0.39997527,-18.602253,-27.5665073,0.399972111,5.48805809,-44.904953,0.424968749,-13.3484001,32.5475922,0.449965149,18.9979458,0.914490044,0.399961442
447,-24.2433853,-1.20151037e-06,0.299983621,57.5211906,-9.40459919,0.399981052,-18.6928062,-5.50730801,0.349978238,16.4229336,36.4448624,0.39997527,-18.6559315,-27.6406078,0.399972111,5.49718189,-45.0309525,0.424968749,-13.3916054,32.6396408,0.449965149,19.0440903,0.918810606,0.399961442
448,-24.3046055,-1.20454445e-06,0.299983621,57.6676712,-9.4289856,0.399981052,-18.7428513,-5.52068996,0.349978238,16.4636612,36.5431786,0.39997527,-18.70961,-27.7147083,0.399972111,5.50630569,-45.1569519,0.424968749,-13.4348106,32.7316895,0.449965149,19.0902348,0.923131168,0.399961442
449,-24.3658257,-1.20757852e-06,0.299983621,57.8141518,-9.453372,0.399981052,-18.7928963,-5.53407192,0.349978238,16.5043888,36.6414948,0.39997527,-18.7632885,-27.7888088,0.399972111,5.5154295,-45.2829514,0.424968749,-13.4780159,32.8237381,0.449965149,19.1363792,0.92745173,0.399961442
450,-24.4270458,-1.2106126e-06,0.299983621,57.9606323,-9.47775841,0.399981052,-18.8429413,-5.54745388,0.349978238,16.5451164,36.7398109,0.39997527,-18.816967,-27.8629093,0.399972111,5.5245533,-45.4089508,0.424968749,-13.5212212,32.9157867,0.449965149,19.1825237,0.931772292,0.399961442
451,-24.488266,-1.21364667e-06,0.299983621,58.1071129,-9.50214481,0.399981052,-18.8929863,-5.56083584,0.349978238,16.585844,36.8381271,0.39997527,-18.8706455,-27.9370098,0.399972111,5.5336771,-45.5349503,0.424968749,-13.5644264,33.0078354,0.449965149,19.2286682,0.936092854,0.399961442
452,-24.5494862,-1.21668074e-06,0.299983621,58.2535934,-9.52653122,0.399981052,-18.9430313,-5.5742178,0.349978238,16.6265717,36.9364433,0.39997527,-18.924324,-28.0111103,0.399972111,5.5428009,-45.6609497,0.424968749,-13.6076317,33.099884,0.449965149,19.2748127,0.940413415,0.399961442
453,-24.6107063,-1.21971482e-06,0.299983621,58.400074,-9.55091763,0.399981052,-18.9930763,-5.58759975,0.349978238,16.6672993,37.0347595,0.39997527,-18.9780025,-28.0852108,0.399972111,5.55192471,-45.7869492,0.424968749,-13.6508369,33.1919327,0.449965149,19.3209572,0.944733977,0.399961442
454,-24.6719265,-1.22274889e-06,0.299983621,58.5465546,-9.57530403,0.399981052,-19.0431213,-5.60098171,0.349978238,16.7080269,37.1330757,0.39997527,-19.0316811,-28.1593113,0.399972111,5.56104851,-45.9129486,0.424968749,-13.6940422,33.2839813,0.449965149,19.3671017,0.949054539,0.399961442
455,-24.7331467,-1.22578297e-06,0.299983621,58.6930351,-9.59969044,0.399981052,-19.0931664,-5.61436367,0.349978238,16.7487545,37.2313919,0.39997527,-19.0853596,-28.2334118,0.399972111,5.57017231,-46.0389481,0.424968749,-13.7372475,33.37603,0.449965149,19.4132462,0.953375101,0.399961442
456,-24.7943668,-1.22881704e-06,0.299983621,58.8395157,-9.62407684,0.399981052,-19.1432114,-5.62774563,0.349978238,16.7894821,37.3297081,0.39997527,-19.1390381,-28.3075123,0.399972111,5.57929611,-46.1649475,0.424968749,-13.7804527,33.4680786,0.449965149,19.4593906,0.957695663,0.399961442
457,-24.855587,-1.23185112e-06,0.299983621,58.9859962,-9.64846325,0.399981052,-19.1932564,-5.64112759,0.349978238,16.8302097,37.4280243,0.39997527,-19.1927166,-28.3816128,0.399972111,5.58841991,-46.290947,0.424968749,-13.823658,33.5601273,0.449965179,19.5055351,0.962016225,0.399961442
458,-24.9168072,-1.23488519e-06,0.299983621,59.1324768,-9.67284966,0.399981052,-19.2433014,-5.65450954,0.349978238,16.8709373,37.5263405,0.39997527,-19.2463951,-28.4557133,0.399972111,5.59754372,-46.4169464,0.424968749,-13.8668633,33.6521759,0.449965179,19.5516796,0.966336787,0.399961442
459,-24.9780273,-1.23791926e-06,0.299983621,59.2789574,-9.69723606,0.399981052,-19.2933464,-5.6678915,0.349978238,16.911665,37.6246567,0.39997527,-19.3000736,-28.5298138,0.399972111,5.60666752,-46.5429459,0.424968749,-13.9100685,33.7442245,0.449965179,19.5978241,0.970657349,0.399961442
460,-25.0392475,-1.24095334e-06,0.299983621,59.4254379,-9.72162247,0.399981052,-19.3433914,-5.68127346,0.349978238,16.9523926,37.7229729,0.39997527,-19.3537521,-28.6039143,0.399972111,5.61579132,-46.6689453,0.424968749,-13.9532738,33.8362732,0.449965179,19.6439686,0.974977911,0.399961442
461,-25.1004677,-1.24398741e-06,0.299983621,59.5719185,-9.74600887,0.399981052,-19.3934364,-5.69465542,0.349978238,16.9931202,37.8212891,0.39997527,-19.4074306,-28.6780148,0.399972111,5.62491512,-46.7949448,0.424968749,-13.996479,33.9283218,0.449965179,19.6901131,0.979298472,0.399961442
462,-25.1616879,-1.24702149e-06,0.299983621,59.718399,-9.77039528,0.399981052,-19.4434814,-5.70803738,0.349978238,17.0338478,37.9196053,0.39997527,-19.4611092,-28.7521152,0.399972111,5.63403893,-46.9209442,0.424968749,-14.0396843,34.0203705,0.449965179,19.7362576,0.983619034,0.399961442
463,-25.222908,-1.25005556e-06,0.299983621,59.8648796,-9.79478168,0.399981052,-19.4935265,-5.72141933,0.349978238,17.0745754,38.0179214,0.39997527,-19.5147877,-28.8262157,0.399972111,5.64316273,-47.0469437,0.424968749,-14.0828896,34.1124191,0.449965179,19.782402,0.987939596,0.399961442
464,-25.2841282,-1.25308964e-06,0.299983621,60.0113602,-9.81916809,0.399981052,-19.5435715,-5.73480129,0.349978238,17.115303,38.1162376,0.39997527,-19.5684662,-28.9003162,0.399972111,5.65228653,-47.1729431,0.424968749,-14.1260948,34.2044678,0.449965179,19.8285465,0.992260158,0.399961442
465,-25.3453484,-1.25612371e-06,0.299983621,60.1578407,-9.8435545,0.399981052,-19.5936165,-5.74818325,0.349978238,17.1560307,38.2145538,0.39997527,-19.6221447,-28.9744167,0.399972111,5.66141033,-47.2989426,0.424968749,-14.1693001,34.2965164,0.449965179,19.874691,0.99658072,0.399961442
466,-25.4065685,-1.25915778e-06,0.299983621,60.3043213,-9.8679409,0.399981052,-19.6436615,-5.76156521,0.349978238,17.1967583,38.31287,0.39997527,-19.6758232,-29.0485172,0.399972111,5.67053413,-47.424942,0.424968749,-14.2125053,34.3885651,0.449965179,19.9208355,1.00090134,0.399961442
467,-25.4677887,-1.26219186e-06,0.299983621,60.4508018,-9.89232731,0.399981052,-19.6937065,-5.77494717,0.349978238,17.2374859,38.4111862,0.39997527,-19.7295017,-29.1226177,0.399972111,5.67965794,-47.5509415,0.424968749,-14.2557106,34.4806137,0.449965179,19.96698,1.00522196,0.399961442
468,-25.5290089,-1.26522593e-06,0.299983621,60.5972824,-9.91671371,0.399981052,-19.7437515,-5.78832912,0.349978238,17.2782135,38.5095024,0.39997527,-19.7831802,-29.1967182,0.399972111,5.68878174,-47.6769409,0.424968749,-14.2989159,34.5726624,0.449965179,20.0131245,1.00954258,0.399961442
469,-25.590229,-1.26826001e-06,0.299983621,60.743763,-9.94110012,0.399981052,-19.7937965,-5.80171108,0.349978238,17.3189411,38.6078186,0.39997527,-19.8368587,-29.2708187,0.399972111,5.69790554,-47.8029404,0.424968749,-14.3421211,34.664711,0.449965179,20.059269,1.01386321,0.399961442
470,-25.6514492,-1.27129408e-06,0.299983621,60.8902435,-9.96548653,0.399981052,-19.8438416,-5.81509304,0.349978238,17.3596687,38.7061348,0.39997527,-19.8905373,-29.3449192,0.399972111,5.70702934,-47.9289398,0.424968749,-14.3853264,34.7567596,0.449965179,20.1054134,1.01818383,0.399961442
471,-25.7126694,-1.27432816e-06,0.299983621,61.0367241,-9.98987293,0.399981052,-19.8938866,-5.828475,0.349978238,17.4003963,38.804451,0.39997527,-19.9442158,-29.4190197,0.399972111,5.71615314,-48.0549393,0.424968749,-14.4285316,34.8488083,0.449965179,20.1515579,1.02250445,0.399961442
472,-25.7738895,-1.27736223e-06,0.299983621,61.1832047,-10.0142593,0.399981052,-19.9439316,-5.84185696,0.349978238,17.441124,38.9027672,0.39997527,-19.9978943,-29.4931202,0.399972111,5.72527695,-48.1809387,0.424968749,-14.4717369,34.9408569,0.449965179,20.1977024,1.02682507,0.399961442
473,-25.8351097,-1.2803963e-06,0.299983621,61.3296852,-10.0386457,0.399981052,-19.9939766,-5.85523891,0.349978238,17.4818516,39.0010834,0.39997527,-20.0515728,-29.5672207,0.399972111,5.73440075,-48.3069382,0.424968749,-14.5149422,35.0329056,0.449965179,20.2438469,1.03114569,0.399961442
474,-25.8963299,-1.28343038e-06,0.299983621,61.4761658,-10.0630322,0.399981052,-20.0440216,-5.86862087,0.349978238,17.5225792,39.0993996,0.39997527,-20.1052513,-29.6413212,0.399972111,5.74352455,-48.4329376,0.424968749,-14.5581474,35.1249542,0.449965179,20.2899914,1.03546631,0.399961442
475,-25.95755,-1.28646445e-06,0.299983621,61.6226463,-10.0874186,0.399981052,-20.0940666,-5.88200283,0.349978238,17.5633068,39.1977158,0.39997527,-20.1589298,-29.7154217,0.399972111,5.75264835,-48.5589371,0.424968749,-14.6013527,35.2170029,0.449965179,20.3361359,1.03978693,0.399961442
476,-26.0187702,-1.28949853e-06,0.299983621,61.7691269,-10.111805,0.399981052,-20.1441116,-5.89538479,0.349978238,17.6040344,39.296032,0.39997527,-20.2126083,-29.7895222,0.399972111,5.76177216,-48.6849365,0.424968749,-14.644558,35.3090515,0.449965179,20.3822803,1.04410756,0.399961442
477,-26.0799904,-1.2925326e-06,0.299983621,61.9156075,-10.1361914,0.399981052,-20.1941566,-5.90876675,0.349978238,17.644762,39.3943481,0.39997527,-20.2662868,-29.8636227,0.399972111,5.77089596,-48.810936,0.424968749,-14.6877632,35.4011002,0.449965179,20.4284248,1.04842818,0.399961442
478,-26.1412106,-1.29556668e-06,0.299983621,62.062088,-10.1605778,0.399981052,-20.2442017,-5.9221487,0.349978238,17.6854897,39.4926643,0.39997527,-20.3199654,-29.9377232,0.399972111,5.78001976,-48.9369354,0.424968749,-14.7309685,35.4931488,0.449965179,20.4745693,1.0527488,0.399961442
479,-26.2024307,-1.29860075e-06,0.299983621,62.2085686,-10.1849642,0.399981052,-20.2942467,-5.93553066,0.349978238,17.7262173,39.5909805,0.39997527,-20.3736439,-30.0118237,0.399972111,5.78914356,-49.0629349,0.424968749,-14.7741737,35.5851974,0.449965179,20.5207138,1.05706942,0.399961442
480,-26.2636509,-1.30163482e-06,0.299983621,62.3550491,-10.2093506,0.399981052,-20.3442917,-5.94891262,0.349978238,17.7669449,39.6892967,0.39997527,-20.4273224,-30.0859241,0.399972111,5.79826736,-49.1889343,0.424968749,-14.817379,35.6772461,0.449965179,20.5668583,1.06139004,0.399961442
481,-26.3248711,-1.3046689e-06,0.299983621,62.5015297,-10.233737,0.399981052,-20.3943367,-5.96229458,0.349978238,17.8076725,39.7876129,0.39997527,-20.4810009,-30.1600246,0.399972111,5.80739117,-49.3149338,0.424968749,-14.8605843,35.7692947,0.449965179,20.6130028,1.06571066,0.399961442
482,-26.3860912,-1.30770297e-06,0.299983621,62.6480103,-10.2581234,0.399981052,-20.4443817,-5.97567654,0.349978238,17.8484001,39.8859291,0.39997527,-20.5346794,-30.2341251,0.399972111,5.81651497,-49.4409332,0.424968749,-14.9037895,35.8613434,0.449965179,20.6591473,1.07003129,0.399961442
483,-26.4473114,-1.31073705e-06,0.299983621,62.7944908,-10.2825098,0.399981052,-20.4944267,-5.98905849,0.349978238,17.8891277,39.9842453,0.39997527,-20.5883579,-30.3082256,0.399972111,5.82563877,-49.5669327,0.424968749,-14.9469948,35.953392,0.449965179,20.7052917,1.07435191,0.399961442
484,-26.5085316,-1.31377112e-06,0.299983621,62.9409714,-10.3068962,0.399981052,-20.5444717,-6.00244045,0.349978238,17.9298553,40.0825615,0.39997527,-20.6420364,-30.3823261,0.399972111,5.83476257,-49.6929321,0.424968749,-14.9902,36.0454407,0.449965179,20.7514362,1.07867253,0.399961442
485,-26.5697517,-1.3168052e-06,0.299983621,63.0874519,-10.3312826,0.399981052,-20.5945168,-6.01582241,0.349978238,17.970583,40.1808777,0.39997527,-20.695715,-30.4564266,0.399972111,5.84388638,-49.8189316,0.424968749,-15.0334053,36.1374893,0.449965179,20.7975807,1.08299315,0.399961442
486,-26.6309719,-1.31983927e-06,0.299983621,63.2339325,-10.355669,0.399981052,-20.6445618,-6.02920437,0.349978238,18.0113106,40.2791939,0.39997527,-20.7493935,-30.5305271,0.399972111,5.85301018,-49.944931,0.424968749,-15.0766106,36.229538,0.449965179,20.8437252,1.08731377,0.399961442
487,-26.6921921,-1.32287335e-06,0.299983621,63.3804131,-10.3800554,0.399981052,-20.6946068,-6.04258633,0.349978238,18.0520382,40.3775101,0.39997527,-20.803072,-30.6046276,0.399972111,5.86213398,-50.0709305,0.424968749,-15.1198158,36.3215866,0.449965179,20.8898697,1.09163439,0.399961442
488,-26.7534122,-1.32590742e-06,0.299983621,63.5268936,-10.4044418,0.399981052,-20.7446518,-6.05596828,0.349978238,18.0927658,40.4758263,0.39997527,-20.8567505,-30.6787281,0.399972111,5.87125778,-50.1969299,0.424968749,-15.1630211,36.4136353,0.449965179,20.9360142,1.09595501,0.399961442
489,-26.8146324,-1.32894149e-06,0.299983621,63.6733742,-10.4288282,0.399981052,-20.7946968,-6.06935024,0.349978238,18.1334934,40.5741425,0.39997527,-20.910429,-30.7528286,0.399972111,5.88038158,-50.3229294,0.424968749,-15.2062263,36.5056839,0.449965179,20.9821587,1.10027564,0.399961442
490,-26.8758526,-1.33197557e-06,0.299983621,63.8198547,-10.4532146,0.399981052,-20.8447418,-6.0827322,0.349978238,18.174221,40.6724586,0.39997527,-20.9641075,-30.8269291,0.399972111,5.88950539,-50.4489288,0.424968749,-15.2494316,36.5977325,0.449965179,21.0283031,1.10459626,0.399961442
491,-26.9370728,-1.33500964e-06,0.299983621,63.9663353,-10.4776011,0.399981052,-20.8947868,-6.09611416,0.349978238,18.2149487,40.7707748,0.39997527,-21.017786,-30.9010296,0.399972111,5.89862919,-50.5749283,0.424968749,-15.2926369,36.6897812,0.449965179,21.0744476,1.10891688,0.399961442
492,-26.9982929,-1.33804372e-06,0.299983621,64.1128159,-10.5019875,0.399981052,-20.9448318,-6.10949612,0.349978238,18.2556763,40.869091,0.39997527,-21.0714645,-30.9751301,0.399972111,5.90775299,-50.7009277,0.424968749,-15.3358421,36.7818298,0.449965179,21.1205921,1.1132375,0.399961442
493,-27.0595131,-1.34107779e-06,0.299983621,64.2593002,-10.5263739,0.399981052,-20.9948769,-6.12287807,0.349978238,18.2964039,40.9674072,0.39997527,-21.1251431,-31.0492306,0.399972111,5.91687679,-50.8269272,0.424968749,-15.3790474,36.8738785,0.449965179,21.1667366,1.11755812,0.399961442
494,-27.1207333,-1.34411187e-06,0.299983621,64.4057846,-10.5507603,0.399981052,-21.0449219,-6.13626003,0.349978238,18.3371315,41.0657234,0.39997527,-21.1788216,-31.1233311,0.399972111,5.9260006,-50.9529266,0.424968749,-15.4222527,36.9659271,0.449965179,21.2128811,1.12187874,0.399961442
495,-27.1819534,-1.34714594e-06,0.299983621,64.552269,-10.5751467,0.399981052,-21.0949669,-6.14964199,0.349978238,18.3778591,41.1640396,0.39997527,-21.2325001,-31.1974316,0.399972111,5.9351244,-51.0789261,0.424968749,-15.4654579,37.0579758,0.449965179,21.2590256,1.12619936,0.399961442
496,-27.2431736,-1.35018001e-06,0.299983621,64.6987534,-10.5995331,0.399981052,-21.1450119,-6.16302395,0.349978238,18.4185867,41.2623558,0.39997527,-21.2861786,-31.2715321,0.399972111,5.9442482,-51.2049255,0.424968749,-15.5086632,37.1500244,0.449965179,21.3051701,1.13051999,0.399961442
497,-27.3043938,-1.35321409e-06,0.299983621,64.8452377,-10.6239195,0.399981052,-21.1950569,-6.17640591,0.349978238,18.4593143,41.360672,0.39997527,-21.3398571,-31.3456326,0.399972111,5.953372,-51.330925,0.424968749,-15.5518684,37.2420731,0.449965179,21.3513145,1.13484061,0.399961442
498,-27.3656139,-1.35624816e-06,0.299983621,64.9917221,-10.6483059,0.399981052,-21.2451019,-6.18978786,0.349978238,18.500042,41.4589882,0.39997527,-21.3935356,-31.419733,0.399972111,5.9624958,-51.4569244,0.424968749,-15.5950737,37.3341217,0.449965179,21.397459,1.13916123,0.399961442
499,-27.4268341,-1.35928224e-06,0.299983621,65.1382065,-10.6726923,0.399981052,-21.2951469,-6.20316982,0.349978238,18.5407696,41.5573044,0.39997527,-21.4472141,-31.4938335,0.399972111,5.97161961,-51.5829239,0.424968749,-15.638279,37.4261703,0.449965179,21.4436035,1.14348185,0.399961442
500,-27.4880543,-1.36231631e-06,0.299983621,65.2846909,-10.6970787,0.399981052,-21.345192,-6.21655178,0.349978238,18.5814972,41.6556206,0.39997527,-21.5008926,-31.567934,0.399972111,5.98074341,-51.7089233,0.424968749,-15.6814842,37.518219,0.449965179,21.489748,1.14780247,0.399961442
501,-27.5492744,-1.36535039e-06,0.299983621,65.4311752,-10.7214651,0.399981052,-21.395237,-6.22993374,0.349978238,18.6222248,41.7539368,0.39997527,-21.5545712,-31.6420345,0.399972111,5.98986721,-51.8349228,0.424968749,-15.7246895,37.6102676,0.449965179,21.5358925,1.15212309,0.399961442
502,-27.6104946,-1.36838446e-06,0.299983621,65.5776596,-10.7458515,0.399981052,-21.445282,-6.2433157,0.349978238,18.6629524,41.852253,0.39997527,-21.6082497,-31.716135,0.399972111,5.99899101,-51.9609222,0.424968749,-15.7678947,37.7023163,0.449965179,21.582037,1.15644372,0.399961442
503,-27.6717148,-1.37141853e-06,0.299983621,65.724144,-10.7702379,0.399981052,-21.495327,-6.25669765,0.349978238,18.70368,41.9505692,0.39997527,-21.6619282,-31.7902355,0.399972111,6.00811481,-52.0869217,0.424968749,-15.8111,37.7943649,0.449965179,21.6281815,1.16076434,0.399961442
504,-27.732935,-1.37445261e-06,0.299983621,65.8706284,-10.7946243,0.399981052,-21.545372,-6.27007961,0.349978238,18.7444077,42.0488853,0.39997527,-21.7156067,-31.864336,0.399972111,6.01723862,-52.2129211,0.424968749,-15.8543053,37.8864136,0.449965179,21.6743259,1.16508496,0.399961442
505,-27.7941551,-1.37748668e-06,0.299983621,66.0171127,-10.8190107,0.399981052,-21.595417,-6.28346157,0.349978238,18.7851353,42.1472015,0.39997527,-21.7692852,-31.9384365,0.399972111,6.02636242,-52.3389206,0.424968749,-15.8975105,37.9784622,0.449965179,21.7204704,1.16940558,0.399961442
506,-27.8553753,-1.38052076e-06,0.299983621,66.1635971,-10.8433971,0.399981052,-21.645462,-6.29684353,0.349978238,18.8258629,42.2455177,0.39997527,-21.8229637,-32.0125389,0.399972111,6.03548622,-52.46492,0.424968749,-15.9407158,38.0705109,0.449965179,21.7666149,1.1737262,0.399961442
507,-27.9165955,-1.38355483e-06,0.299983621,66.3100815,-10.8677835,0.399981052,-21.695507,-6.31022549,0.349978238,18.8665905,42.3438339,0.39997527,-21.8766422,-32.0866394,0.399972111,6.04461002,-52.5909195,0.424968749,-15.9839211,38.1625595,0.449965179,21.8127594,1.17804682,0.399961442
508,-27.9778156,-1.38658891e-06,0.299983621,66.4565659,-10.89217,0.399981052,-21.7455521,-6.32360744,0.349978238,18.9073181,42.4421501,0.39997527,-21.9303207,-32.1607399,0.399972111,6.05373383,-52.7169189,0.424968749,-16.0271263,38.2546082,0.449965179,21.8589039,1.18236744,0.399961442
509,-28.0390358,-1.38962298e-06,0.299983621,66.6030502,-10.9165564,0.399981052,-21.7955971,-6.3369894,0.349978238,18.9480457,42.5404663,0.39997527,-21.9839993,-32.2348404,0.399972111,6.06285763,-52.8429184,0.424968749,-16.0703316,38.3466568,0.449965179,21.9050484,1.18668807,0.399961442
510,-28.100256,-1.39265705e-06,0.299983621,66.7495346,-10.9409428,0.399981052,-21.8456421,-6.35037136,0.349978238,18.9887733,42.6387825,0.39997527,-22.0376778,-32.3089409,0.399972111,6.07198143,-52.9689178,0.424968749,-16.1135368,38.4387054,0.449965179,21.9511929,1.19100869,0.399961442
511,-28.1614761,-1.39569113e-06,0.299983621,66.896019,-10.9653292,0.399981052,-21.8956871,-6.36375332,0.349978238,19.029501,42.7370987,0.39997527,-22.0913563,-32.3830414,0.399972111,6.08110523,-53.0949173,0.424968749,-16.1567421,38.5307541,0.449965179,21.9973373,1.19532931,0.399961442
512,-28.2226963,-1.3987252e-06,0.299983621,67.0425034,-10.9897156,0.399981052,-21.9457321,-6.37713528,0.349978238,19.0702286,42.8354149,0.39997527,-22.1450348,-32.4571419,0.399972111,6.09022903,-53.2209167,0.424968749,-16.1999474,38.6228027,0.449965179,22.0434818,1.19964993,0.399961442
513,-28.2839165,-1.40175928e-06,0.299983621,67.1889877,-11.014102,0.399981052,-21.9957771,-6.39051723,0.349978238,19.1109562,42.9337311,0.39997527,-22.1987133,-32.5312424,0.399972111,6.09935284,-53.3469162,0.424968749,-16.2431526,38.7148514,0.449965179,22.0896263,1.20397055,0.399961442
514,-28.3451366,-1.40479335e-06,0.299983621,67.3354721,-11.0384884,0.399981052,-22.0458221,-6.40389919,0.349978238,19.1516838,43.0320473,0.39997527,-22.2523918,-32.6053429,0.399972111,6.10847664,-53.4729156,0.424968749,-16.2863579,38.8069,0.449965179,22.1357708,1.20829117,0.399961442
515,-28.4063568,-1.40782743e-06,0.299983621,67.4819565,-11.0628748,0.399981052,-22.0958672,-6.41728115,0.349978238,19.1924114,43.1303635,0.39997527,-22.3060703,-32.6794434,0.399972111,6.11760044,-53.5989151,0.424968749,-16.3295631,38.8989487,0.449965179,22.1819153,1.21261179,0.399961442
516,-28.467577,-1.4108615e-06,0.299983621,67.6284409,-11.0872612,0.399981052,-22.1459122,-6.43066311,0.349978238,19.233139,43.2286797,0.39997527,-22.3597488,-32.7535439,0.399972111,6.12672424,-53.7249146,0.424968749,-16.3727684,38.9909973,0.449965179,22.2280598,1.21693242,0.399961442
517,-28.5287971,-1.41389557e-06,0.299983621,67.7749252,-11.1116476,0.399981052,-22.1959572,-6.44404507,0.349978238,19.2738667,43.3269958,0.39997527,-22.4134274,-32.8276443,0.399972111,6.13584805,-53.850914,0.424968749,-16.4159737,39.083046,0.449965179,22.2742043,1.22125304,0.399961442
518,-28.5900173,-1.41692965e-06,0.299983621,67.9214096,-11.136034,0.399981052,-22.2460022,-6.45742702,0.349978238,19.3145943,43.425312,0.39997527,-22.4671059,-32.9017448,0.399972111,6.14497185,-53.9769135,0.424968749,-16.4591789,39.1750946,0.449965179,22.3203487,1.22557366,0.399961442
519,-28.6512375,-1.41996372e-06,0.299983621,68.067894,-11.1604204,0.399981052,-22.2960472,-6.47080898,0.349978238,19.3553219,43.5236282,0.39997527,-22.5207844,-32.9758453,0.399972111,6.15409565,-54.1029129,0.424968749,-16.5023842,39.2671432,0.449965179,22.3664932,1.22989428,0.399961442
520,-28.7124577,-1.4229978e-06,0.299983621,68.2143784,-11.1848068,0.399981052,-22.3460922,-6.48419094,0.349978238,19.3960495,43.6219444,0.39997527,-22.5744629,-33.0499458,0.399972111,6.16321945,-54.2289124,0.424968749,-16.5455894,39.3591919,0.449965179,22.4126377,1.2342149,0.399961442
521,-28.7736778,-1.42603187e-06,0.299983621,68.3608627,-11.2091932,0.399981052,-22.3961372,-6.4975729,0.349978238,19.4367771,43.7202606,0.39997527,-22.6281414,-33.1240463,0.399972111,6.17234325,-54.3549118,0.424968749,-16.5887947,39.4512405,0.449965179,22.4587822,1.23853552,0.399961442
522,-28.834898,-1.42906595e-06,0.299983621,68.5073471,-11.2335796,0.399981052,-22.4461823,-6.51095486,0.349978238,19.4775047,43.8185768,0.39997527,-22.6818199,-33.1981468,0.399972111,6.18146706,-54.4809113,0.424968749,-16.632,39.5432892,0.449965179,22.5049267,1.24285614,0.399961442
523,-28.8961182,-1.43210002e-06,0.299983621,68.6538315,-11.257966,0.399981052,-22.4962273,-6.52433681,0.349978238,19.5182323,43.916893,0.39997527,-22.7354984,-33.2722473,0.399972111,6.19059086,-54.6069107,0.424968749,-16.6752052,39.6353378,0.449965179,22.5510712,1.24717677,0.399961442
524,-28.9573383,-1.4351341e-06,0.299983621,68.8003159,-11.2823524,0.399981052,-22.5462723,-6.53771877,0.349978238,19.55896,44.0152092,0.39997527,-22.7891769,-33.3463478,0.399972111,6.19971466,-54.7329102,0.424968749,-16.7184105,39.7273865,0.449965179,22.5972157,1.25149739,0.399961442
525,-29.0185585,-1.43816817e-06,0.299983621,68.9468002,-11.3067389,0.399981052,-22.5963173,-6.55110073,0.349978238,19.5996876,44.1135254,0.39997527,-22.8428555,-33.4204483,0.399972111,6.20883846,-54.8589096,0.424968749,-16.7616158,39.8194351,0.449965179,22.6433601,1.25581801,0.399961442
526,-29.0797787,-1.44120224e-06,0.299983621,69.0932846,-11.3311253,0.399981052,-22.6463623,-6.56448269,0.349978238,19.6404152,44.2118416,0.39997527,-22.896534,-33.4945488,0.399972111,6.21796227,-54.9849091,0.424968749,-16.804821,39.9114838,0.449965179,22.6895046,1.26013863,0.399961442
527,-29.1409988,-1.44423632e-06,0.299983621,69.239769,-11.3555117,0.399981052,-22.6964073,-6.57786465,0.349978238,19.6811428,44.3101578,0.39997527,-22.9502125,-33.5686493,0.399972111,6.22708607,-55.1109085,0.424968749,-16.8480263,40.0035324,0.449965179,22.7356491,1.26445925,0.399961442
528,-29.202219,-1.44727039e-06,0.299983621,69.3862534,-11.3798981,0.399981052,-22.7464523,-6.5912466,0.349978238,19.7218704,44.408474,0.39997527,-23.003891,-33.6427498,0.399972111,6.23620987,-55.236908,0.424968749,-16.8912315,40.0955811,0.449965179,22.7817936,1.26877987,0.399961442
529,-29.2634392,-1.45030447e-06,0.299983621,69.5327377,-11.4042845,0.399981052,-22.7964973,-6.60462856,0.349978238,19.762598,44.5067902,0.39997527,-23.0575695,-33.7168503,0.399972111,6.24533367,-55.3629074,0.424968749,-16.9344368,40.1876297,0.449965179,22.8279381,1.2731005,0.399961442
530,-29.3246593,-1.45333854e-06,0.299983621,69.6792221,-11.4286709,0.399981052,-22.8465424,-6.61801052,0.349978238,19.8033257,44.6051064,0.39997527,-23.111248,-33.7909508,0.399972111,6.25445747,-55.4889069,0.424968749,-16.9776421,40.2796783,0.449965179,22.8740826,1.27742112,0.399961442
531,-29.3858795,-1.45637262e-06,0.299983621,69.8257065,-11.4530573,0.399981052,-22.8965874,-6.63139248,0.349978238,19.8440533,44.7034225,0.39997527,-23.1649265,-33.8650513,0.399972111,6.26358128,-55.6149063,0.424968749,-17.0208473,40.371727,0.449965179,22.9202271,1.28174174,0.399961442
532,-29.4470997,-1.45940669e-06,0.299983621,69.9721909,-11.4774437,0.399981052,-22.9466324,-6.64477444,0.349978238,19.8847809,44.8017387,0.39997527,-23.218605,-33.9391518,0.399972111,6.27270508,-55.7409058,0.424968749,-17.0640526,40.4637756,0.449965179,22.9663715,1.28606236,0.399961442
533,-29.5083199,-1.46244076e-06,0.299983621,70.1186752,-11.5018301,0.399981052,-22.9966774,-6.65815639,0.349978238,19.9255085,44.9000549,0.39997527,-23.2722836,-34.0132523,0.399972111,6.28182888,-55.8669052,0.424968749,-17.1072578,40.5558243,0.449965179,23.012516,1.29038298,0.399961442
534,-29.56954,-1.46547484e-06,0.299983621,70.2651596,-11.5262165,0.399981052,-23.0467224,-6.67153835,0.349978238,19.9662361,44.9983711,0.39997527,-23.3259621,-34.0873528,0.399972111,6.29095268,-55.9929047,0.424968749,-17.1504631,40.6478729,0.449965179,23.0586605,1.2947036,0.399961442
535,-29.6307602,-1.46850891e-06,0.299983621,70.411644,-11.5506029,0.399981052,-23.0967674,-6.68492031,0.349978238,20.0069637,45.0966873,0.39997527,-23.3796406,-34.1614532,0.399972111,6.30007648,-56.1189041,0.424968749,-17.1936684,40.7399216,0.449965179,23.104805,1.29902422,0.399961442
536,-29.6919804,-1.47154299e-06,0.299983621,70.5581284,-11.5749893,0.399981052,-23.1468124,-6.69830227,0.349978238,20.0476913,45.1950035,0.39997527,-23.4333191,-34.2355537,0.399972111,6.30920029,-56.2449036,0.424968749,-17.2368736,40.8319702,0.449965179,23.1509495,1.30334485,0.399961442
537,-29.7532005,-1.47457706e-06,0.299983621,70.7046127,-11.5993757,0.399981052,-23.1968575,-6.71168423,0.349978238,20.088419,45.2933197,0.39997527,-23.4869976,-34.3096542,0.399972111,6.31832409,-56.370903,0.424968749,-17.2800789,40.9240189,0.449965179,23.197094,1.30766547,0.399961442
538,-29.8144207,-1.47761114e-06,0.299983621,70.8510971,-11.6237621,0.399981052,-23.2469025,-6.72506618,0.349978238,20.1291466,45.3916359,0.39997527,-23.5406761,-34.3837547,0.399972111,6.32744789,-56.4969025,0.424968749,-17.3232841,41.0160675,0.449965179,23.2432384,1.31198609,0.399961442
539,-29.8756409,-1.48064521e-06,0.299983621,70.9975815,-11.6481485,0.399981052,-23.2969475,-6.73844814,0.349978238,20.1698742,45.4899521,0.39997527,-23.5943546,-34.4578552,0.399972111,6.33657169,-56.6229019,0.424968749,-17.3664894,41.1081161,0.449965179,23.2893829,1.31630671,0.399961442
540,-29.936861,-1.48367928e-06,0.299983621,71.1440659,-11.6725349,0.399981052,-23.3469925,-6.7518301,0.349978238,20.2106018,45.5882683,0.39997527,-23.6480331,-34.5319557,0.399972111,6.3456955,-56.7489014,0.424968749,-17.4096947,41.2001648,0.449965179,23.3355274,1.32062733,0.399961442
541,-29.9980812,-1.48671336e-06,0.299983621,71.2905502,-11.6969213,0.399981052,-23.3970375,-6.76521206,0.349978238,20.2513294,45.6865845,0.39997527,-23.7017117,-34.6060562,0.399972111,6.3548193,-56.8749008,0.424968749,-17.4528999,41.2922134,0.449965179,23.3816719,1.32494795,0.399961442
542,-30.0593014,-1.48974743e-06,0.299983621,71.4370346,-11.7213078,0.399981052,-23.4470825,-6.77859402,0.349978238,20.292057,45.7849007,0.39997527,-23.7553902,-34.6801567,0.399972111,6.3639431,-57.0009003,0.424968749,-17.4961052,41.3842621,0.449965179,23.4278164,1.32926857,0.399961442
543,-30.1205215,-1.49278151e-06,0.299983621,71.583519,-11.7456942,0.399981052,-23.4971275,-6.79197598,0.349978238,20.3327847,45.8832169,0.39997527,-23.8090687,-34.7542572,0.399972111,6.3730669,-57.1268997,0.424968749,-17.5393105,41.4763107,0.449965179,23.4739609,1.3335892,0.399961442
544,-30.1817417,-1.49581558e-06,0.299983621,71.7300034,-11.7700806,0.399981052,-23.5471725,-6.80535793,0.349978238,20.3735123,45.9815331,0.39997527,-23.8627472,-34.8283577,0.399972111,6.3821907,-57.2528992,0.424968749,-17.5825157,41.5683594,0.449965179,23.5201054,1.33790982,0.399961442
545,-30.2429619,-1.49884966e-06,0.299983621,71.8764877,-11.794467,0.399981052,-23.5972176,-6.81873989,0.349978238,20.4142399,46.0798492,0.39997527,-23.9164257,-34.9024582,0.399972111,6.39131451,-57.3788986,0.424968749,-17.625721,41.660408,0.449965179,23.5662498,1.34223044,0.399961442
546,-30.3041821,-1.50188373e-06,0.299983621,72.0229721,-11.8188534,0.399981052,-23.6472626,-6.83212185,0.349978238,20.4549675,46.1781654,0.39997527,-23.9701042,-34.9765587,0.399972111,6.40043831,-57.5048981,0.424968749,-17.6689262,41.7524567,0.449965179,23.6123943,1.34655106,0.399961442
547,-30.3654022,-1.5049178e-06,0.299983621,72.1694565,-11.8432398,0.399981052,-23.6973076,-6.84550381,0.349978238,20.4956951,46.2764816,0.39997527,-24.0237827,-35.0506592,0.399972111,6.40956211,-57.6308975,0.424968749,-17.7121315,41.8445053,0.449965179,23.6585388,1.35087168,0.399961442
548,-30.4266224,-1.50795188e-06,0.299983621,72.3159409,-11.8676262,0.399981052,-23.7473526,-6.85888577,0.349978238,20.5364227,46.3747978,0.39997527,-24.0774612,-35.1247597,0.399972111,6.41868591,-57.756897,0.424968749,-17.7553368,41.936554,0.449965179,23.7046833,1.3551923,0.399961442
549,-30.4878426,-1.51098595e-06,0.299983621,72.4624252,-11.8920126,0.399981052,-23.7973976,-6.87226772,0.349978238,20.5771503,46.473114,0.39997527,-24.1311398,-35.1988602,0.399972111,6.42780972,-57.8828964,0.424968749,-17.798542,42.0286026,0.449965179,23.7508278,1.35951293,0.399961442
550,-30.5490627,-1.51402003e-06,0.299983621,72.6089096,-11.916399,0.399981052,-23.8474426,-6.88564968,0.349978238,20.617878,46.5714302,0.39997527,-24.1848183,-35.2729607,0.399972111,6.43693352,-58.0088959,0.424968749,-17.8417473,42.1206512,0.449965179,23.7969723,1.36383355,0.399961442
551,-30.6102829,-1.5170541e-06,0.299983621,72.755394,-11.9407854,0.399981052,-23.8974876,-6.89903164,0.349978238,20.6586056,46.6697464,0.39997527,-24.2384968,-35.3470612,0.399972111,6.44605732,-58.1348953,0.424968749,-17.8849525,42.2126999,0.449965179,23.8431168,1.36815417,0.399961442
552,-30.6715031,-1.52008818e-06,0.299983621,72.9018784,-11.9651718,0.399981052,-23.9475327,-6.9124136,0.349978238,20.6993332,46.7680626,0.39997527,-24.2921753,-35.4211617,0.399972111,6.45518112,-58.2608948,0.424968749,-17.9281578,42.3047485,0.449965179,23.8892612,1.37247479,0.399961442
553,-30.7327232,-1.52312225e-06,0.299983621,73.0483627,-11.9895582,0.399981052,-23.9975777,-6.92579556,0.349978238,20.7400608,46.8663788,0.39997527,-24.3458538,-35.4952621,0.399972111,6.46430492,-58.3868942,0.424968749,-17.9713631,42.3967972,0.449965179,23.9354057,1.37679541,0.399961442
554,-30.7939434,-1.52615632e-06,0.299983621,73.1948471,-12.0139446,0.399981052,-24.0476227,-6.93917751,0.349978238,20.7807884,46.964695,0.39997527,-24.3995323,-35.5693626,0.399972111,6.47342873,-58.5128937,0.424968749,-18.0145683,42.4888458,0.449965179,23.9815502,1.38111603,0.399961442
555,-30.8551636,-1.5291904e-06,0.299983621,73.3413315,-12.038331,0.399981052,-24.0976677,-6.95255947,0.349978238,20.821516,47.0630112,0.39997527,-24.4532108,-35.6434631,0.399972111,6.48255253,-58.6388931,0.424968749,-18.0577736,42.5808945,0.449965179,24.0276947,1.38543665,0.399961442
556,-30.9163837,-1.53222447e-06,0.299983621,73.4878159,-12.0627174,0.399981052,-24.1477127,-6.96594143,0.349978238,20.8622437,47.1613274,0.39997527,-24.5068893,-35.7175636,0.399972111,6.49167633,-58.7648926,0.424968749,-18.1009789,42.6729431,0.449965179,24.0738392,1.38975728,0.399961442
557,-30.9776039,-1.53525855e-06,0.299983621,73.6343002,-12.0871038,0.399981052,-24.1977577,-6.97932339,0.349978238,20.9029713,47.2596436,0.39997527,-24.5605679,-35.7916641,0.399972111,6.50080013,-58.890892,0.424968749,-18.1441841,42.7649918,0.449965179,24.1199837,1.3940779,0.399961442
558,-31.0388241,-1.53829262e-06,0.299983621,73.7807846,-12.1114902,0.399981052,-24.2478027,-6.99270535,0.349978238,20.9436989,47.3579597,0.39997527,-24.6142464,-35.8657646,0.399972111,6.50992393,-59.0168915,0.424968749,-18.1873894,42.8570404,0.449965179,24.1661282,1.39839852,0.399961442
559,-31.1000443,-1.5413267e-06,0.299983621,73.927269,-12.1358767,0.399981052,-24.2978477,-7.0060873,0.349978238,20.9844265,47.4562759,0.39997527,-24.6679249,-35.9398651,0.399972111,6.51904774,-59.1428909,0.424968749,-18.2305946,42.9490891,0.449965179,24.2122726,1.40271914,0.399961442
560,-31.1612644,-1.54436077e-06,0.299983621,74.0737534,-12.1602631,0.399981052,-24.3478928,-7.01946926,0.349978238,21.0251541,47.5545921,0.39997527,-24.7216034,-36.0139656,0.399972111,6.52817154,-59.2688904,0.424968749,-18.2737999,43.0411377,0.449965179,24.2584171,1.40703976,0.399961442
561,-31.2224846,-1.54739485e-06,0.299983621,74.2202377,-12.1846495,0.399981052,-24.3979378,-7.03285122,0.349978238,21.0658817,47.6529083,0.39997527,-24.7752819,-36.0880661,0.399972111,6.53729534,-59.3948898,0.424968749,-18.3170052,43.1331863,0.449965179,24.3045616,1.41136038,0.399961442
562,-31.2837048,-1.55042892e-06,0.299983621,74.3667221,-12.2090359,0.399981052,-24.4479828,-7.04623318,0.349978238,21.1066093,47.7512245,0.39997527,-24.8289604,-36.1621666,0.399972111,6.54641914,-59.5208893,0.424968749,-18.3602104,43.225235,0.449965179,24.3507061,1.415681,0.399961442
563,-31.3449249,-1.55346299e-06,0.299983621,74.5132065,-12.2334223,0.399981052,-24.4980278,-7.05961514,0.349978238,21.147337,47.8495407,0.39997527,-24.8826389,-36.2362671,0.399972111,6.55554295,-59.6468887,0.424968749,-18.4034157,43.3172836,0.449965179,24.3968506,1.42000163,0.399961442
564,-31.4061451,-1.55649707e-06,0.299983621,74.6596909,-12.2578087,0.399981052,-24.5480728,-7.07299709,0.349978238,21.1880646,47.9478569,0.39997527,-24.9363174,-36.3103676,0.399972111,6.56466675,-59.7728882,0.424968749,-18.4466209,43.4093323,0.449965179,24.4429951,1.42432225,0.399961442
565,-31.4673653,-1.55953114e-06,0.299983621,74.8061752,-12.2821951,0.399981052,-24.5981178,-7.08637905,0.349978238,21.2287922,48.0461731,0.39997527,-24.989996,-36.3844681,0.399972111,6.57379055,-59.8988876,0.424968749,-18.4898262,43.5013809,0.449965179,24.4891396,1.42864287,0.399961442
566,-31.5285854,-1.56256522e-06,0.299983621,74.9526596,-12.3065815,0.399981052,-24.6481628,-7.09976101,0.349978238,21.2695198,48.1444893,0.39997527,-25.0436745,-36.4585686,0.399972111,6.58291435,-60.0248871,0.424968749,-18.5330315,43.5934296,0.449965179,24.535284,1.43296349,0.399961442
567,-31.5898056,-1.56559929e-06,0.299983621,75.099144,-12.3309679,0.399981052,-24.6982079,-7.11314297,0.349978238,21.3102474,48.2428055,0.39997527,-25.097353,-36.5326691,0.399972111,6.59203815,-60.1508865,0.424968749,-18.5762367,43.6854782,0.449965179,24.5814285,1.43728411,0.399961442
568,-31.6510258,-1.56863337e-06,0.299983621,75.2456284,-12.3553543,0.399981052,-24.7482529,-7.12652493,0.349978238,21.350975,48.3411217,0.39997527,-25.1510315,-36.6067696,0.399972111,6.60116196,-60.276886,0.424968749,-18.619442,43.7775269,0.449965179,24.627573,1.44160473,0.399961442
569,-31.7122459,-1.57166744e-06,0.299983621,75.3921127,-12.3797407,0.399981052,-24.7982979,-7.13990688,0.349978238,21.3917027,48.4394379,0.39997527,-25.20471,-36.6808701,0.399972111,6.61028576,-60.4028854,0.424968749,-18.6626472,43.8695755,0.449965179,24.6737175,1.44592535,0.399961442
570,-31.7734661,-1.57470151e-06,0.299983621,75.5385971,-12.4041271,0.399981052,-24.8483429,-7.15328884,0.349978238,21.4324303,48.5377541,0.39997527,-25.2583885,-36.7549706,0.399972111,6.61940956,-60.5288849,0.424968749,-18.7058525,43.9616241,0.449965179,24.719862,1.45024598,0.399961442
571,-31.8346863,-1.57773559e-06,0.299983621,75.6850815,-12.4285135,0.399981052,-24.8983879,-7.1666708,0.349978238,21.4731579,48.6360703,0.39997527,-25.312067,-36.829071,0.399972111,6.62853336,-60.6548843,0.424968749,-18.7490578,44.0536728,0.449965179,24.7660065,1.4545666,0.399961442
572,-31.8959064,-1.58076966e-06,0.299983621,75.8315659,-12.4528999,0.399981052,-24.9484329,-7.18005276,0.349978238,21.5138855,48.7343864,0.39997527,-25.3657455,-36.9031715,0.399972111,6.63765717,-60.7808838,0.424968749,-18.792263,44.1457214,0.449965179,24.812151,1.45888722,0.399961442
573,-31.9571266,-1.58380374e-06,0.299983621,75.9780502,-12.4772863,0.399981052,-24.9984779,-7.19343472,0.349978238,21.5546131,48.8327026,0.39997527,-25.4194241,-36.977272,0.399972111,6.64678097,-60.9068832,0.424968749,-18.8354683,44.2377701,0.449965179,24.8582954,1.46320784,0.399961442
574,-32.0183487,-1.58683781e-06,0.299983621,76.1245346,-12.5016727,0.399981052,-25.0485229,-7.20681667,0.349978238,21.5953407,48.9310188,0.39997527,-25.4731026,-37.0513725,0.399972111,6.65590477,-61.0328827,0.424968749,-18.8786736,44.3298187,0.449965179,24.9044399,1.46752846,0.399961442
575,-32.0795708,-1.58987189e-06,0.299983621,76.271019,-12.5260592,0.399981052,-25.098568,-7.22019863,0.349978238,21.6360683,49.029335,0.39997527,-25.5267811,-37.125473,0.399972111,6.66502857,-61.1588821,0.424968749,-18.9218788,44.4218674,0.449965179,24.9505844,1.47184908,0.399961442
576,-32.1407928,-1.59290596e-06,0.299983621,76.4175034,-12.5504456,0.399981052,-25.148613,-7.23358059,0.349978238,21.676796,49.1276512,0.39997527,-25.5804596,-37.1995735,0.399972111,6.67415237,-61.2848816,0.424968749,-18.9650841,44.513916,0.449965179,24.9967289,1.47616971,0.399961442
577,-32.2020149,-1.59594003e-06,0.299983621,76.5639877,-12.574832,0.399981052,-25.198658,-7.24696255,0.349978238,21.7175236,49.2259674,0.39997527,-25.6341381,-37.273674,0.399972111,6.68327618,-61.410881,0.424968749,-19.0082893,44.6059647,0.449965179,25.0428734,1.48049033,0.399961442
578,-32.263237,-1.59897411e-06,0.299983621,76.7104721,-12.5992184,0.399981052,-25.248703,-7.26034451,0.349978238,21.7582512,49.3242836,0.39997527,-25.6878166,-37.3477745,0.399972111,6.69239998,-61.5368805,0.424968749,-19.0514946,44.6980133,0.449965179,25.0890179,1.48481095,0.399961442
579,-32.3244591,-1.60200818e-06,0.299983621,76.8569565,-12.6236048,0.399981052,-25.298748,-7.27372646,0.349978238,21.7989788,49.4225998,0.39997527,-25.7414951,-37.421875,0.399972111,6.70152378,-61.6628799,0.424968749,-19.0946999,44.790062,0.449965179,25.1351624,1.48913157,0.399961442
580,-32.3856812,-1.60504226e-06,0.299983621,77.0034409,-12.6479912,0.399981052,-25.348793,-7.28710842,0.349978238,21.8397064,49.520916,0.39997527,-25.7951736,-37.4959755,0.399972111,6.71064758,-61.7888794,0.424968749,-19.1379051,44.8821106,0.449965179,25.1813068,1.49345219,0.399961442
581,-32.4469032,-1.60807633e-06,0.299983621,77.1499252,-12.6723776,0.399981052,-25.398838,-7.30049038,0.349978238,21.880434,49.6192322,0.39997527,-25.8488522,-37.570076,0.399972111,6.71977139,-61.9148788,0.424968749,-19.1811104,44.9741592,0.449965179,25.2274513,1.49777281,0.399961442
582,-32.5081253,-1.61111041e-06,0.299983621,77.2964096,-12.696764,0.399981052,-25.4488831,-7.31387234,0.349978238,21.9211617,49.7175484,0.39997527,-25.9025307,-37.6441765,0.399972111,6.72889519,-62.0408783,0.424968749,-19.2243156,45.0662079,0.449965179,25.2735958,1.50209343,0.399961442
583,-32.5693474,-1.61414448e-06,0.299983621,77.442894,-12.7211504,0.399981052,-25.4989281,-7.3272543,0.349978238,21.9618893,49.8158646,0.39997527,-25.9562092,-37.718277,0.399972111,6.73801899,-62.1668777,0.424968749,-19.2675209,45.1582565,0.449965179,25.3197403,1.50641406,0.399961442
584,-32.6305695,-1.61717855e-06,0.299983621,77.5893784,-12.7455368,0.399981052,-25.5489731,-7.34063625,0.349978238,22.0026169,49.9141808,0.39997527,-26.0098877,-37.7923775,0.399972111,6.74714279,-62.2928772,0.424968749,-19.3107262,45.2503052,0.449965179,25.3658848,1.51073468,0.399961442
585,-32.6917915,-1.62021263e-06,0.299983621,77.7358627,-12.7699232,0.399981052,-25.5990181,-7.35401821,0.349978238,22.0433445,50.0124969,0.39997527,-26.0635662,-37.866478,0.399972111,6.75626659,-62.4188766,0.424968749,-19.3539314,45.3423538,0.449965179,25.4120293,1.5150553,0.399961442
586,-32.7530136,-1.6232467e-06,0.299983621,77.8823471,-12.7943096,0.399981052,-25.6490631,-7.36740017,0.349978238,22.0840721,50.1108131,0.39997527,-26.1172447,-37.9405785,0.399972111,6.7653904,-62.5448761,0.424968749,-19.3971367,45.4344025,0.449965179,25.4581738,1.51937592,0.399961442
587,-32.8142357,-1.62628078e-06,0.299983621,78.0288315,-12.818696,0.399981052,-25.6991081,-7.38078213,0.349978238,22.1247997,50.2091293,0.39997527,-26.1709232,-38.014679,0.399972111,6.7745142,-62.6708755,0.424968749,-19.4403419,45.5264511,0.449965179,25.5043182,1.52369654,0.399961442
588,-32.8754578,-1.62931485e-06,0.299983621,78.1753159,-12.8430824,0.399981052,-25.7491531,-7.39416409,0.349978238,22.1655273,50.3074455,0.39997527,-26.2246017,-38.0887794,0.399972111,6.783638,-62.796875,0.424968749,-19.4835472,45.6184998,0.449965179,25.5504627,1.52801716,0.399961442
589,-32.9366798,-1.63234893e-06,0.299983621,78.3218002,-12.8674688,0.399981052,-25.7991982,-7.40754604,0.349978238,22.206255,50.4057617,0.39997527,-26.2782803,-38.1628799,0.399972111,6.7927618,-62.9228745,0.424968749,-19.5267525,45.7105484,0.449965179,25.5966072,1.53233778,0.399961442
590,-32.9979019,-1.635383e-06,0.299983621,78.4682846,-12.8918552,0.399981052,-25.8492432,-7.420928,0.349978238,22.2469826,50.5040779,0.39997527,-26.3319588,-38.2369804,0.399972111,6.8018856,-63.0488739,0.424968749,-19.5699577,45.802597,0.449965179,25.6427517,1.53665841,0.399961442
591,-33.059124,-1.63841707e-06,0.299983621,78.614769,-12.9162416,0.399981052,-25.8992882,-7.43430996,0.349978238,22.2877102,50.6023941,0.39997527,-26.3856373,-38.3110809,0.399972111,6.81100941,-63.1748734,0.424968749,-19.613163,45.8946457,0.449965179,25.6888962,1.54097903,0.399961442
592,-33.1203461,-1.64145115e-06,0.299983621,78.7612534,-12.9406281,0.399981052,-25.9493332,-7.44769192,0.349978238,22.3284378,50.7007103,0.39997527,-26.4393158,-38.3851814,0.399972111,6.82013321,-63.3008728,0.424968749,-19.6563683,45.9866943,0.449965179,25.7350407,1.54529965,0.399961442
593,-33.1815681,-1.64448522e-06,0.299983621,78.9077377,-12.9650145,0.399981052,-25.9993782,-7.46107388,0.349978238,22.3691654,50.7990265,0.39997527,-26.4929943,-38.4592819,0.399972111,6.82925701,-63.4268723,0.424968749,-19.6995735,46.078743,0.449965179,25.7811852,1.54962027,0.399961442
594,-33.2427902,-1.6475193e-06,0.299983621,79.0542221,-12.9894009,0.399981052,-26.0494232,-7.47445583,0.349978238,22.409893,50.8973427,0.39997527,-26.5466728,-38.5333824,0.399972111,6.83838081,-63.5528717,0.424968749,-19.7427788,46.1707916,0.449965179,25.8273296,1.55394089,0.399961442
595,-33.3040123,-1.65055337e-06,0.299983621,79.2007065,-13.0137873,0.399981052,-26.0994682,-7.48783779,0.349978238,22.4506207,50.9956589,0.39997527,-26.6003513,-38.6074829,0.399972111,6.84750462,-63.6788712,0.424968749,-19.785984,46.2628403,0.449965179,25.8734741,1.55826151,0.399961442
596,-33.3652344,-1.65358745e-06,0.299983621,79.3471909,-13.0381737,0.399981052,-26.1495132,-7.50121975,0.349978238,22.4913483,51.0939751,0.39997527,-26.6540298,-38.6815834,0.399972111,6.85662842,-63.8048706,0.424968749,-19.8291893,46.3548889,0.449965179,25.9196186,1.56258214,0.399961442
597,-33.4264565,-1.65662152e-06,0.299983621,79.4936752,-13.0625601,0.399981052,-26.1995583,-7.51460171,0.349978238,22.5320759,51.1922913,0.39997527,-26.7077084,-38.7556839,0.399972111,6.86575222,-63.9308701,0.424968749,-19.8723946,46.4469376,0.449965179,25.9657631,1.56690276,0.399961442
598,-33.4876785,-1.6596556e-06,0.299983621,79.6401596,-13.0869465,0.399981052,-26.2496033,-7.52798367,0.349978238,22.5728035,51.2906075,0.39997527,-26.7613869,-38.8297844,0.399972111,6.87487602,-64.0568695,0.424968749,-19.9155998,46.5389862,0.449965179,26.0119076,1.57122338,0.399961442
599,-33.5489006,-1.66268967e-06,0.299983621,79.786644,-13.1113329,0.399981052,-26.2996483,-7.54136562,0.349978238,22.6135311,51.3889236,0.39997527,-26.8150654,-38.9038849,0.399972111,6.88399982,-64.182869,0.424968749,-19.9588051,46.6310349,0.449965179,26.0580521,1.575544,0.399961442
600,-33.6101227,-1.66572374e-06,0.299983621,79.9331284,-13.1357193,0.399981052,-26.3496933,-7.55474758,0.349978238,22.6542587,51.4872398,0.39997527,-26.8687439,-38.9779854,0.399972111,6.89312363,-64.3088684,0.424968749,-20.0020103,46.7230835,0.449965179,26.1041965,1.57986462,0.399961442
601,-33.6713448,-1.66875782e-06,0.299983621,80.0796127,-13.1601057,0.399981052,-26.3997383,-7.56812954,0.349978238,22.6949863,51.585556,0.39997527,-26.9224224,-39.0520859,0.399972111,6.90224743,-64.4348679,0.424968749,-20.0452156,46.8151321,0.449965179,26.150341,1.58418524,0.399961442
602,-33.7325668,-1.67179189e-06,0.299983621,80.2260971,-13.1844921,0.399981052,-26.4497833,-7.5815115,0.349978238,22.735714,51.6838722,0.39997527,-26.9761009,-39.1261864,0.399972111,6.91137123,-64.5608673,0.424968749,-20.0884209,46.9071808,0.449965179,26.1964855,1.58850586,0.399961442
603,-33.7937889,-1.67482597e-06,0.299983621,80.3725815,-13.2088785,0.399981052,-26.4998283,-7.59489346,0.349978238,22.7764416,51.7821884,0.39997527,-27.0297794,-39.2002869,0.399972111,6.92049503,-64.6868668,0.424968749,-20.1316261,46.9992294,0.449965179,26.24263,1.59282649,0.399961442
604,-33.855011,-1.67786004e-06,0.299983621,80.5190659,-13.2332649,0.399981052,-26.5498734,-7.60827541,0.349978238,22.8171692,51.8805046,0.39997527,-27.0834579,-39.2743874,0.399972111,6.92961884,-64.8128662,0.424968749,-20.1748314,47.0912781,0.449965179,26.2887745,1.59714711,0.399961442
605,-33.9162331,-1.68089412e-06,0.299983621,80.6655502,-13.2576513,0.399981052,-26.5999184,-7.62165737,0.349978238,22.8578968,51.9788208,0.39997527,-27.1371365,-39.3484879,0.399972111,6.93874264,-64.9388657,0.424968749,-20.2180367,47.1833267,0.449965179,26.334919,1.60146773,0.399961442
606,-33.9774551,-1.68392819e-06,0.299983621,80.8120346,-13.2820377,0.399981052,-26.6499634,-7.63503933,0.349978238,22.8986244,52.077137,0.39997527,-27.190815,-39.4225883,0.399972111,6.94786644,-65.0648651,0.424968749,-20.2612419,47.2753754,0.449965179,26.3810635,1.60578835,0.399961442
607,-34.0386772,-1.68696226e-06,0.299983621,80.958519,-13.3064241,0.399981052,-26.7000084,-7.64842129,0.349978238,22.939352,52.1754532,0.39997527,-27.2444935,-39.4966888,0.399972111,6.95699024,-65.1908646,0.424968749,-20.3044472,47.367424,0.449965179,26.4272079,1.61010897,0.399961442
608,-34.0998993,-1.68999634e-06,0.299983621,81.1050034,-13.3308105,0.399981052,-26.7500534,-7.66180325,0.349978238,22.9800797,52.2737694,0.39997527,-27.298172,-39.5707893,0.399972111,6.96611404,-65.316864,0.424968749,-20.3476524,47.4594727,0.449965179,26.4733524,1.61442959,0.399961442
609,-34.1611214,-1.69303041e-06,0.299983621,81.2514877,-13.355197,0.399981052,-26.8000984,-7.6751852,0.349978238,23.0208073,52.3720856,0.39997527,-27.3518505,-39.6448898,0.399972111,6.97523785,-65.4428635,0.424968749,-20.3908577,47.5515213,0.449965179,26.5194969,1.61875021,0.399961442
610,-34.2223434,-1.69606449e-06,0.299983621,81.3979721,-13.3795834,0.399981052,-26.8501434,-7.68856716,0.349978238,23.0615349,52.4704018,0.39997527,-27.405529,-39.7189903,0.399972111,6.98436165,-65.5688629,0.424968749,-20.434063,47.6435699,0.449965179,26.5656414,1.62307084,0.399961442
611,-34.2835655,-1.69909856e-06,0.299983621,81.5444565,-13.4039698,0.399981052,-26.9001884,-7.70194912,0.349978238,23.1022625,52.568718,0.39997527,-27.4592075,-39.7930908,0.399972111,6.99348545,-65.6948624,0.424968749,-20.4772682,47.7356186,0.449965179,26.6117859,1.62739146,0.399961442
612,-34.3447876,-1.70213264e-06,0.299983621,81.6909409,-13.4283562,0.399981052,-26.9502335,-7.71533108,0.349978238,23.1429901,52.6670341,0.39997527,-27.512886,-39.8671913,0.399972111,7.00260925,-65.8208618,0.424968749,-20.5204735,47.8276672,0.449965179,26.6579304,1.63171208,0.399961442
613,-34.4060097,-1.70516671e-06,0.299983621,81.8374252,-13.4527426,0.399981052,-27.0002785,-7.72871304,0.349978238,23.1837177,52.7653503,0.39997527,-27.5665646,-39.9412918,0.399972111,7.01173306,-65.9468613,0.424968749,-20.5636787,47.9197159,0.449965179,26.7040749,1.6360327,0.399961442
614,-34.4672318,-1.70820078e-06,0.299983621,81.9839096,-13.477129,0.399981052,-27.0503235,-7.74209499,0.349978238,23.2244453,52.8636665,0.39997527,-27.6202431,-40.0153923,0.399972111,7.02085686,-66.0728607,0.424968749,-20.606884,48.0117645,0.449965179,26.7502193,1.64035332,0.399961442
615,-34.5284538,-1.71123486e-06,0.299983621,82.130394,-13.5015154,0.399981052,-27.1003685,-7.75547695,0.349978238,23.265173,52.9619827,0.39997527,-27.6739216,-40.0894928,0.399972111,7.02998066,-66.1988602,0.424968749,-20.6500893,48.1038132,0.449965179,26.7963638,1.64467394,0.399961442
616,-34.5896759,-1.71426893e-06,0.299983621,82.2768784,-13.5259018,0.399981052,-27.1504135,-7.76885891,0.349978238,23.3059006,53.0602989,0.39997527,-27.7276001,-40.1635933,0.399972111,7.03910446,-66.3248596,0.424968749,-20.6932945,48.1958618,0.449965179,26.8425083,1.64899457,0.399961442
617,-34.650898,-1.71730301e-06,0.299983621,82.4233627,-13.5502882,0.399981052,-27.2004585,-7.78224087,0.349978238,23.3466282,53.1586151,0.39997527,-27.7812786,-40.2376938,0.399972111,7.04822826,-66.4508591,0.424968749,-20.7364998,48.2879105,0.449965179,26.8886528,1.65331519,0.399961442
618,-34.7121201,-1.72033708e-06,0.299983621,82.5698471,-13.5746746,0.399981052,-27.2505035,-7.79562283,0.349978238,23.3873558,53.2569313,0.39997527,-27.8349571,-40.3117943,0.399972111,7.05735207,-66.5768585,0.424968749,-20.779705,48.3799591,0.449965179,26.9347973,1.65763581,0.399961442
619,-34.7733421,-1.72337116e-06,0.299983621,82.7163315,-13.599061,0.399981052,-27.3005486,-7.80900478,0.349978238,23.4280834,53.3552475,0.39997527,-27.8886356,-40.3858948,0.399972111,7.06647587,-66.702858,0.424968749,-20.8229103,48.4720078,0.449965179,26.9809418,1.66195643,0.399961442
620,-34.8345642,-1.72640523e-06,0.299983621,82.8628159,-13.6234474,0.399981052,-27.3505936,-7.82238674,0.349978238,23.468811,53.4535637,0.39997527,-27.9423141,-40.4599953,0.399972111,7.07559967,-66.8288574,0.424968749,-20.8661156,48.5640564,0.449965179,27.0270863,1.66627705,0.399961442
621,-34.8957863,-1.7294393e-06,0.299983621,83.0093002,-13.6478338,0.399981052,-27.4006386,-7.8357687,0.349978238,23.5095387,53.5518799,0.39997527,-27.9959927,-40.5340958,0.399972111,7.08472347,-66.9548569,0.424968749,-20.9093208,48.656105,0.449965179,27.0732307,1.67059767,0.399961442
622,-34.9570084,-1.73247338e-06,0.299983621,83.1557846,-13.6722202,0.399981052,-27.4506836,-7.84915066,0.349978238,23.5502663,53.6501961,0.39997527,-28.0496712,-40.6081963,0.399972111,7.09384727,-67.0808563,0.424968749,-20.9525261,48.7481537,0.449965179,27.1193752,1.67491829,0.399961442
623,-35.0182304,-1.73550745e-06,0.299983621,83.302269,-13.6966066,0.399981052,-27.5007286,-7.86253262,0.349978238,23.5909939,53.7485123,0.39997527,-28.1033497,-40.6822968,0.399972111,7.10297108,-67.2068558,0.424968749,-20.9957314,48.8402023,0.449965179,27.1655197,1.67923892,0.399961442
624,-35.0794525,-1.73854153e-06,0.299983621,83.4487534,-13.720993,0.399981052,-27.5507736,-7.87591457,0.349978238,23.6317215,53.8468285,0.39997527,-28.1570282,-40.7563972,0.399972111,7.11209488,-67.3328552,0.424968749,-21.0389366,48.932251,0.449965179,27.2116642,1.68355954,0.399961442
625,-35.1406746,-1.7415756e-06,0.299983621,83.5952377,-13.7453794,0.399981052,-27.6008186,-7.88929653,0.349978238,23.6724491,53.9451447,0.39997527,-28.2107067,-40.8304977,0.399972111,7.12121868,-67.4588547,0.424968749,-21.0821419,49.0242996,0.449965179,27.2578087,1.68788016,0.399961442
626,-35.2018967,-1.74460968e-06,0.299983621,83.7417221,-13.7697659,0.399981052,-27.6508636,-7.90267849,0.349978238,23.7131767,54.0434608,0.39997527,-28.2643852,-40.9045982,0.399972111,7.13034248,-67.5848541,0.424968749,-21.1253471,49.1163483,0.449965179,27.3039532,1.69220078,0.399961442
627,-35.2631187,-1.74764375e-06,0.299983621,83.8882065,-13.7941523,0.399981052,-27.7009087,-7.91606045,0.349978238,23.7539043,54.141777,0.39997527,-28.3180637,-40.9786987,0.399972111,7.13946629,-67.7108536,0.424968749,-21.1685524,49.2083969,0.449965179,27.3500977,1.6965214,0.399961442
628,-35.3243408,-1.75067782e-06,0.299983621,84.0346909,-13.8185387,0.399981052,-27.7509537,-7.92944241,0.349978238,23.794632,54.2400932,0.39997527,-28.3717422,-41.0527992,0.399972111,7.14859009,-67.836853,0.424968749,-21.2117577,49.3004456,0.449965179,27.3962421,1.70084202,0.399961442
629,-35.3855629,-1.7537119e-06,0.299983621,84.1811752,-13.8429251,0.399981052,-27.8009987,-7.94282436,0.349978238,23.8353596,54.3384094,0.39997527,-28.4254208,-41.1268997,0.399972111,7.15771389,-67.9628525,0.424968749,-21.2549629,49.3924942,0.449965179,27.4423866,1.70516264,0.399961442
630,-35.446785,-1.75674597e-06,0.299983621,84.3276596,-13.8673115,0.399981052,-27.8510437,-7.95620632,0.349978238,23.8760872,54.4367256,0.39997527,-28.4790993,-41.2010002,0.399972111,7.16683769,-68.0888519,0.424968749,-21.2981682,49.4845428,0.449965179,27.4885311,1.70948327,0.399961442
631,-35.508007,-1.75978005e-06,0.299983621,84.474144,-13.8916979,0.399981052,-27.9010887,-7.96958828,0.349978238,23.9168148,54.5350418,0.39997527,-28.5327778,-41.2751007,0.399972111,7.17596149,-68.2148514,0.424968749,-21.3413734,49.5765915,0.449965179,27.5346756,1.71380389,0.399961442
632,-35.5692291,-1.76281412e-06,0.299983621,84.6206284,-13.9160843,0.399981052,-27.9511337,-7.98297024,0.349978238,23.9575424,54.633358,0.39997527,-28.5864563,-41.3492012,0.399972111,7.1850853,-68.3408508,0.424968749,-21.3845787,49.6686401,0.449965179,27.5808201,1.71812451,0.399961442
633,-35.6304512,-1.7658482e-06,0.299983621,84.7671127,-13.9404707,0.399981052,-28.0011787,-7.9963522,0.349978238,23.99827,54.7316742,0.39997527,-28.6401348,-41.4233017,0.399972111,7.1942091,-68.4668503,0.424968749,-21.427784,49.7606888,0.449965179,27.6269646,1.72244513,0.399961442
634,-35.6916733,-1.76888227e-06,0.299983621,84.9135971,-13.9648571,0.399981052,-28.0512238,-8.00973415,0.349978238,24.0389977,54.8299904,0.39997527,-28.6938133,-41.4974022,0.399972111,7.2033329,-68.5928497,0.424968749,-21.4709892,49.8527374,0.449965179,27.6731091,1.72676575,0.399961442
635,-35.7528954,-1.77191635e-06,0.299983621,85.0600815,-13.9892435,0.399981052,-28.1012688,-8.02311611,0.349978238,24.0797253,54.9283066,0.39997527,-28.7474918,-41.5715027,0.399972111,7.2124567,-68.7188492,0.424968749,-21.5141945,49.9447861,0.449965179,27.7192535,1.73108637,0.399961442
636,-35.8141174,-1.77495042e-06,0.299983621,85.2065659,-14.0136299,0.399981052,-28.1513138,-8.03649807,0.349978238,24.1204529,55.0266228,0.39997527,-28.8011703,-41.6456032,0.399972111,7.22158051,-68.8448486,0.424968749,-21.5573997,50.0368347,0.449965179,27.765398,1.73540699,0.399961442
637,-35.8753395,-1.77798449e-06,0.299983621,85.3530502,-14.0380163,0.399981052,-28.2013588,-8.04988003,0.349978238,24.1611805,55.124939,0.39997527,-28.8548489,-41.7197037,0.399972111,7.23070431,-68.9708481,0.424968749,-21.600605,50.1288834,0.449965179,27.8115425,1.73972762,0.399961442
638,-35.9365616,-1.78101857e-06,0.299983621,85.4995346,-14.0624027,0.399981052,-28.2514038,-8.06326199,0.349978238,24.2019081,55.2232552,0.39997527,-28.9085274,-41.7938042,0.399972111,7.23982811,-69.0968475,0.424968749,-21.6438103,50.220932,0.449965179,27.857687,1.74404824,0.399961442
639,-35.9977837,-1.78405264e-06,0.299983621,85.646019,-14.0867891,0.399981052,-28.3014488,-8.07664394,0.349978238,24.2426357,55.3215714,0.39997527,-28.9622059,-41.8679047,0.399972111,7.24895191,-69.222847,0.424968749,-21.6870155,50.3129807,0.449965179,27.9038315,1.74836886,0.399961442
640,-36.0590057,-1.78708672e-06,0.299983621,85.7925034,-14.1111755,0.399981052,-28.3514938,-8.0900259,0.349978238,24.2833633,55.4198875,0.39997527,-29.0158844,-41.9420052,0.399972111,7.25807571,-69.3488464,0.424968749,-21.7302208,50.4050293,0.449965179,27.949976,1.75268948,0.399961442
641,-36.1202278,-1.79012079e-06,0.299983621,85.9389877,-14.1355619,0.399981052,-28.4015388,-8.10340786,0.349978238,24.324091,55.5182037,0.39997527,-29.0695629,-42.0161057,0.399972111,7.26719952,-69.4748459,0.424968749,-21.7734261,50.4970779,0.449965179,27.9961205,1.7570101,0.399961442
642,-36.1814499,-1.79315487e-06,0.299983621,86.0854721,-14.1599483,0.399981052,-28.4515839,-8.11678982,0.349978238,24.3648186,55.6165199,0.39997527,-29.1232414,-42.0902061,0.399972111,7.27632332,-69.6008453,0.424968749,-21.8166313,50.5891266,0.449965179,28.0422649,1.76133072,0.399961442
643,-36.242672,-1.79618894e-06,0.299983621,86.2319565,-14.1843348,0.399981052,-28.5016289,-8.13017178,0.349978238,24.4055462,55.7148361,0.39997527,-29.1769199,-42.1643066,0.399972111,7.28544712,-69.7268448,0.424968749,-21.8598366,50.6811752,0.449965179,28.0884094,1.76565135,0.399961442
644,-36.303894,-1.79922301e-06,0.299983621,86.3784409,-14.2087212,0.399981052,-28.5516739,-8.14355373,0.349978238,24.4462738,55.8131523,0.39997527,-29.2305984,-42.2384071,0.399972111,7.29457092,-69.8528442,0.424968749,-21.9030418,50.7732239,0.449965179,28.1345539,1.76997197,0.399961442
645,-36.3651161,-1.80225709e-06,0.299983621,86.5249252,-14.2331076,0.399981052,-28.6017189,-8.15693569,0.349978238,24.4870014,55.9114685,0.39997527,-29.284277,-42.3125076,0.399972111,7.30369473,-69.9788437,0.424968749,-21.9462471,50.8652725,0.449965179,28.1806984,1.77429259,0.399961442
646,-36.4263382,-1.80529116e-06,0.299983621,86.6714096,-14.257494,0.399981052,-28.6517639,-8.17031765,0.349978238,24.527729,56.0097847,0.39997527,-29.3379555,-42.3866081,0.399972111,7.31281853,-70.1048431,0.424968749,-21.9894524,50.9573212,0.449965179,28.2268429,1.77861321,0.399961442
647,-36.4875603,-1.80832524e-06,0.299983621,86.817894,-14.2818804,0.399981052,-28.7018089,-8.18369961,0.349978238,24.5684566,56.1081009,0.39997527,-29.391634,-42.4607086,0.399972111,7.32194233,-70.2308426,0.424968749,-22.0326576,51.0493698,0.449965179,28.2729874,1.78293383,0.399961442
648,-36.5487823,-1.81135931e-06,0.299983621,86.9643784,-14.3062668,0.399981052,-28.7518539,-8.19708157,0.349978238,24.6091843,56.2064171,0.39997527,-29.4453125,-42.5348091,0.399972111,7.33106613,-70.356842,0.424968749,-22.0758629,51.1414185,0.449965179,28.3191319,1.78725445,0.399961442
649,-36.6100044,-1.81439339e-06,0.299983621,87.1108627,-14.3306532,0.399981052,-28.801899,-8.21046352,0.349978238,24.6499119,56.3047333,0.39997527,-29.498991,-42.6089096,0.399972111,7.34018993,-70.4828415,0.424968749,-22.1190681,51.2334671,0.449965179,28.3652763,1.79157507,0.399961442
650,-36.6712265,-1.81742746e-06,0.299983621,87.2573471,-14.3550396,0.399981052,-28.851944,-8.22384548,0.349978238,24.6906395,56.4030495,0.39997527,-29.5526695,-42.6830101,0.399972111,7.34931374,-70.6088409,0.424968749,-22.1622734,51.3255157,0.449965179,28.4114208,1.7958957,0.399961442
651,-36.7324486,-1.82046153e-06,0.299983621,87.4038315,-14.379426,0.399981052,-28.901989,-8.23722744,0.349978238,24.7313671,56.5013657,0.39997527,-29.606348,-42.7571106,0.399972111,7.35843754,-70.7348404,0.424968749,-22.2054787,51.4175644,0.449965179,28.4575653,1.80021632,0.399961442
652,-36.7936707,-1.82349561e-06,0.299983621,87.5503159,-14.4038124,0.399981052,-28.952034,-8.2506094,0.349978238,24.7720947,56.5996819,0.39997527,-29.6600266,-42.8312111,0.399972111,7.36756134,-70.8608398,0.424968749,-22.2486839,51.509613,0.449965179,28.5037098,1.80453694,0.399961442
653,-36.8548927,-1.82652968e-06,0.299983621,87.6968002,-14.4281988,0.399981052,-29.002079,-8.26399136,0.349978238,24.8128223,56.697998,0.39997527,-29.7137051,-42.9053116,0.399972111,7.37668514,-70.9868393,0.424968749,-22.2918892,51.6016617,0.449965179,28.5498543,1.80885756,0.399961442
654,-36.9161148,-1.82956376e-06,0.299983621,87.8432846,-14.4525852,0.399981052,-29.052124,-8.27737331,0.349978238,24.85355,56.7963142,0.39997527,-29.7673836,-42.9794121,0.399972111,7.38580894,-71.1128387,0.424968749,-22.3350945,51.6937103,0.449965179,28.5959988,1.81317818,0.399961442
655,-36.9773369,-1.83259783e-06,0.299983621,87.989769,-14.4769716,0.399981052,-29.102169,-8.29075527,0.349978238,24.8942776,56.8946304,0.39997527,-29.8210621,-43.0535126,0.399972111,7.39493275,-71.2388382,0.424968749,-22.3782997,51.785759,0.449965179,28.6421432,1.8174988,0.399961442
656,-37.038559,-1.83563191e-06,0.299983621,88.1362534,-14.501358,0.399981052,-29.1522141,-8.30413723,0.349978238,24.9350052,56.9929466,0.39997527,-29.8747406,-43.1276131,0.399972111,7.40405655,-71.3648376,0.424968749,-22.421505,51.8778076,0.449965179,28.6882877,1.82181942,0.399961442
657,-37.099781,-1.83866598e-06,0.299983621,88.2827377,-14.5257444,0.399981052,-29.2022591,-8.31751919,0.349978238,24.9757328,57.0912628,0.39997527,-29.9284191,-43.2017136,0.399972111,7.41318035,-71.4908371,0.424968749,-22.4647102,51.9698563,0.449965179,28.7344322,1.82614005,0.399961442
658,-37.1610031,-1.84170005e-06,0.299983621,88.4292221,-14.5501308,0.399981052,-29.2523041,-8.33090115,0.349978238,25.0164604,57.189579,0.39997527,-29.9820976,-43.2758141,0.399972111,7.42230415,-71.6168365,0.424968749,-22.5079155,52.0619049,0.449965179,28.7805767,1.83046067,0.399961442
659,-37.2222252,-1.84473413e-06,0.299983621,88.5757065,-14.5745173,0.399981052,-29.3023491,-8.3442831,0.349978238,25.057188,57.2878952,0.39997527,-30.0357761,-43.3499146,0.399972111,7.43142796,-71.742836,0.424968749,-22.5511208,52.1539536,0.449965179,28.8267212,1.83478129,0.399961442
660,-37.2834473,-1.8477682e-06,0.299983621,88.7221909,-14.5989037,0.399981052,-29.3523941,-8.35766506,0.349978238,25.0979156,57.3862114,0.39997527,-30.0894547,-43.424015,0.399972111,7.44055176,-71.8688354,0.424968749,-22.594326,52.2460022,0.449965179,28.8728657,1.83910191,0.399961442
661,-37.3446693,-1.85080228e-06,0.299983621,88.8686752,-14.6232901,0.399981052,-29.4024391,-8.37104702,0.349978238,25.1386433,57.4845276,0.39997527,-30.1431332,-43.4981155,0.399972111,7.44967556,-71.9948349,0.424968749,-22.6375313,52.3380508,0.449965179,28.9190102,1.84342253,0.399961442
662,-37.4058914,-1.85383635e-06,0.299983621,89.0151596,-14.6476765,0.399981052,-29.4524841,-8.38442898,0.349978238,25.1793709,57.5828438,0.39997527,-30.1968117,-43.572216,0.399972111,7.45879936,-72.1208344,0.424968749,-22.6807365,52.4300995,0.449965179,28.9651546,1.84774315,0.399961442
663,-37.4671135,-1.85687043e-06,0.299983621,89.161644,-14.6720629,0.399981052,-29.5025291,-8.39781094,0.349978238,25.2200985,57.68116,0.39997527,-30.2504902,-43.6463165,0.399972111,7.46792316,-72.2468338,0.424968749,-22.7239418,52.5221481,0.449965179,29.0112991,1.85206378,0.399961442
664,-37.5283356,-1.8599045e-06,0.299983621,89.3081284,-14.6964493,0.399981052,-29.5525742,-8.41119289,0.349978238,25.2608261,57.7794762,0.39997527,-30.3041687,-43.720417,0.399972111,7.47704697,-72.3728333,0.424968749,-22.7671471,52.6141968,0.449965179,29.0574436,1.8563844,0.399961442
665,-37.5895576,-1.86293857e-06,0.299983621,89.4546127,-14.7208357,0.399981052,-29.6026192,-8.42457485,0.349978238,25.3015537,57.8777924,0.39997527,-30.3578472,-43.7945175,0.399972111,7.48617077,-72.4988327,0.424968749,-22.8103523,52.7062454,0.449965179,29.1035881,1.86070502,0.399961442
666,-37.6507797,-1.86597265e-06,0.299983621,89.6010971,-14.7452221,0.399981052,-29.6526642,-8.43795681,0.349978238,25.3422813,57.9761086,0.39997527,-30.4115257,-43.868618,0.399972111,7.49529457,-72.6248322,0.424968749,-22.8535576,52.7982941,0.449965179,29.1497326,1.86502564,0.399961442
667,-37.7120018,-1.86900672e-06,0.299983621,89.7475815,-14.7696085,0.399981052,-29.7027092,-8.45133877,0.349978238,25.383009,58.0744247,0.39997527,-30.4652042,-43.9427185,0.399972111,7.50441837,-72.7508316,0.424968749,-22.8967628,52.8903427,0.449965179,29.1958771,1.86934626,0.399961442
668,-37.7732239,-1.8720408e-06,0.299983621,89.8940659,-14.7939949,0.399981052,-29.7527542,-8.46472073,0.349978238,25.4237366,58.1727409,0.39997527,-30.5188828,-44.016819,0.399972111,7.51354218,-72.8768311,0.424968749,-22.9399681,52.9823914,0.449965179,29.2420216,1.87366688,0.399961442
669,-37.834446,-1.87507487e-06,0.299983621,90.0405502,-14.8183813,0.399981052,-29.8027992,-8.47810268,0.349978238,25.4644642,58.2710571,0.39997527,-30.5725613,-44.0909195,0.399972111,7.52266598,-73.0028305,0.424968749,-22.9831734,53.07444,0.449965179,29.288166,1.8779875,0.399961442
670,-37.895668,-1.87810895e-06,0.299983621,90.1870346,-14.8427677,0.399981052,-29.8528442,-8.49148464,0.349978238,25.5051918,58.3693733,0.39997527,-30.6262398,-44.16502,0.399972111,7.53178978,-73.12883,0.424968749,-23.0263786,53.1664886,0.449965179,29.3343105,1.88230813,0.399961442
671,-37.9568901,-1.88114302e-06,0.299983621,90.333519,-14.8671541,0.399981052,-29.9028893,-8.5048666,0.349978238,25.5459194,58.4676895,0.39997527,-30.6799183,-44.2391205,0.399972111,7.54091358,-73.2548294,0.424968749,-23.0695839,53.2585373,0.449965179,29.380455,1.88662875,0.399961442
672,-38.0181122,-1.8841771e-06,0.299983621,90.4800034,-14.8915405,0.399981052,-29.9529343,-8.51824856,0.349978238,25.586647,58.5660057,0.39997527,-30.7335968,-44.313221,0.399972111,7.55003738,-73.3808289,0.424968749,-23.1127892,53.3505859,0.449965179,29.4265995,1.89094937,0.399961442
673,-38.0793343,-1.88721117e-06,0.299983621,90.6264877,-14.9159269,0.399981052,-30.0029793,-8.53163052,0.349978238,25.6273746,58.6643219,0.39997527,-30.7872753,-44.3873215,0.399972111,7.55916119,-73.5068283,0.424968749,-23.1559944,53.4426346,0.449965179,29.472744,1.89526999,0.399961442
674,-38.1405563,-1.89024524e-06,0.299983621,90.7729721,-14.9403133,0.399981052,-30.0530243,-8.54501247,0.349978238,25.6681023,58.7626381,0.39997527,-30.8409538,-44.461422,0.399972111,7.56828499,-73.6328278,0.424968749,-23.1991997,53.5346832,0.449965179,29.5188885,1.89959061,0.399961442
675,-38.2017784,-1.89327932e-06,0.299983621,90.9194565,-14.9646997,0.399981052,-30.1030693,-8.55839443,0.349978238,25.7088299,58.8609543,0.39997527,-30.8946323,-44.5355225,0.399972111,7.57740879,-73.7588272,0.424968749,-23.2424049,53.6267319,0.449965179,29.565033,1.90391123,0.399961442
676,-38.2630005,-1.89631339e-06,0.299983621,91.0659409,-14.9890862,0.399981052,-30.1531143,-8.57177639,0.349978238,25.7495575,58.9592705,0.39997527,-30.9483109,-44.609623,0.399972111,7.58653259,-73.8848267,0.424968749,-23.2856102,53.7187805,0.449965179,29.6111774,1.90823185,0.399961442
677,-38.3242226,-1.89934747e-06,0.299983621,91.2124252,-15.0134726,0.399981052,-30.2031593,-8.58515835,0.349978238,25.7902851,59.0575867,0.39997527,-31.0019894,-44.6837234,0.399972111,7.59565639,-74.0108261,0.424968749,-23.3288155,53.8108292,0.449965179,29.6573219,1.91255248,0.399961442
678,-38.3854446,-1.90238154e-06,0.299983621,91.3589096,-15.037859,0.399981052,-30.2532043,-8.59854031,0.349978238,25.8310127,59.1559029,0.39997527,-31.0556679,-44.7578239,0.399972111,7.6047802,-74.1368256,0.424968749,-23.3720207,53.9028778,0.449965179,29.7034664,1.9168731,0.399961442
679,-38.4466667,-1.90541562e-06,0.299983621,91.505394,-15.0622454,0.399981052,-30.3032494,-8.61192226,0.349978238,25.8717403,59.2542191,0.39997527,-31.1093464,-44.8319244,0.399972111,7.613904,-74.262825,0.424968749,-23.415226,53.9949265,0.449965179,29.7496109,1.92119372,0.399961442
680,-38.5078888,-1.9084498e-06,0.299983621,91.6518784,-15.0866318,0.399981052,-30.3532944,-8.62530422,0.349978238,25.912468,59.3525352,0.39997527,-31.1630249,-44.9060249,0.399972111,7.6230278,-74.3888245,0.424968749,-23.4584312,54.0869751,0.449965179,29.7957554,1.92551434,0.399961442
681,-38.5691109,-1.91148388e-06,0.299983621,91.7983627,-15.1110182,0.399981052,-30.4033394,-8.63868618,0.349978238,25.9531956,59.4508514,0.39997527,-31.2167034,-44.9801254,0.399972111,7.6321516,-74.5148239,0.424968749,-23.5016365,54.1790237,0.449965179,29.8418999,1.92983496,0.399961442
682,-38.6303329,-1.91451795e-06,0.299983621,91.9448471,-15.1354046,0.399981052,-30.4533844,-8.65206814,0.349978238,25.9939232,59.5491676,0.39997527,-31.2703819,-45.0542259,0.399972111,7.64127541,-74.6408234,0.424968749,-23.5448418,54.2710724,0.449965179,29.8880444,1.93415558,0.399961442
683,-38.691555,-1.91755203e-06,0.299983621,92.0913315,-15.159791,0.399981052,-30.5034294,-8.6654501,0.349978238,26.0346508,59.6474838,0.39997527,-31.3240604,-45.1283264,0.399972111,7.65039921,-74.7668228,0.424968749,-23.588047,54.363121,0.449965179,29.9341888,1.9384762,0.399961442
684,-38.7527771,-1.9205861e-06,0.299983621,92.2378159,-15.1841774,0.399981052,-30.5534744,-8.67883205,0.349978238,26.0753784,59.7458,0.39997527,-31.377739,-45.2024269,0.399972111,7.65952301,-74.8928223,0.424968749,-23.6312523,54.4551697,0.449965179,29.9803333,1.94279683,0.399961442
685,-38.8139992,-1.92362018e-06,0.299983621,92.3843002,-15.2085638,0.399981052,-30.6035194,-8.69221401,0.349978238,26.116106,59.8441162,0.39997527,-31.4314175,-45.2765274,0.399972111,7.66864681,-75.0188217,0.424968749,-23.6744576,54.5472183,0.449965179,30.0264778,1.94711745,0.399961442
686,-38.8752213,-1.92665425e-06,0.299983621,92.5307846,-15.2329502,0.399981052,-30.6535645,-8.70559597,0.349978238,26.1568336,59.9424324,0.39997527,-31.485096,-45.3506279,0.399972111,7.67777061,-75.1448212,0.424968749,-23.7176628,54.639267,0.449965179,30.0726223,1.95143807,0.399961442
687,-38.9364433,-1.92968832e-06,0.299983621,92.677269,-15.2573366,0.399981052,-30.7036095,-8.71897793,0.349978238,26.1975613,60.0407486,0.39997527,-31.5387745,-45.4247284,0.399972111,7.68689442,-75.2708206,0.424968749,-23.7608681,54.7313156,0.449965179,30.1187668,1.95575869,0.399961442
688,-38.9976654,-1.9327224e-06,0.299983621,92.8237534,-15.281723,0.399981052,-30.7536545,-8.73235989,0.349978238,26.2382889,60.1390648,0.39997527,-31.592453,-45.4988289,0.399972111,7.69601822,-75.3968201,0.424968749,-23.8040733,54.8233643,0.449965179,30.1649113,1.96007931,0.399961442
689,-39.0588875,-1.93575647e-06,0.299983621,92.9702377,-15.3061094,0.399981052,-30.8036995,-8.74574184,0.349978238,26.2790165,60.237381,0.39997527,-31.6461315,-45.5729294,0.399972111,7.70514202,-75.5228195,0.424968749,-23.8472786,54.9154129,0.449965179,30.2110558,1.96439993,0.399961442
690,-39.1201096,-1.93879055e-06,0.299983621,93.1167221,-15.3304958,0.399981052,-30.8537445,-8.7591238,0.349978238,26.3197441,60.3356972,0.39997527,-31.69981,-45.6470299,0.399972111,7.71426582,-75.648819,0.424968749,-23.8904839,55.0074615,0.449965179,30.2572002,1.96872056,0.399961442
691,-39.1813316,-1.94182462e-06,0.299983621,93.2632065,-15.3548822,0.399981052,-30.9037895,-8.77250576,0.349978238,26.3604717,60.4340134,0.39997527,-31.7534885,-45.7211304,0.399972111,7.72338963,-75.7748184,0.424968749,-23.9336891,55.0995102,0.449965179,30.3033447,1.97304118,0.399961442
692,-39.2425537,-1.9448587e-06,0.299983621,93.4096909,-15.3792686,0.399981052,-30.9538345,-8.78588772,0.349978238,26.4011993,60.5323296,0.39997527,-31.8071671,-45.7952309,0.399972111,7.73251343,-75.9008179,0.424968749,-23.9768944,55.1915588,0.449965179,30.3494892,1.9773618,0.399961442
693,-39.3037758,-1.94789277e-06,0.299983621,93.5561752,-15.4036551,0.399981052,-31.0038795,-8.79926968,0.349978238,26.441927,60.6306458,0.39997527,-31.8608456,-45.8693314,0.399972111,7.74163723,-76.0268173,0.424968749,-24.0200996,55.2836075,0.449965179,30.3956337,1.98168242,0.399961442
694,-39.3649979,-1.95092684e-06,0.299983621,93.7026596,-15.4280415,0.399981052,-31.0539246,-8.81265163,0.349978238,26.4826546,60.7289619,0.39997527,-31.9145241,-45.9434319,0.399972111,7.75076103,-76.1528168,0.424968749,-24.0633049,55.3756561,0.449965179,30.4417782,1.98600304,0.399961442
695,-39.4262199,-1.95396092e-06,0.299983621,93.849144,-15.4524279,0.399981052,-31.1039696,-8.82603359,0.349978238,26.5233822,60.8272781,0.39997527,-31.9682026,-46.0175323,0.399972111,7.75988483,-76.2788162,0.424968749,-24.1065102,55.4677048,0.449965179,30.4879227,1.99032366,0.399961442
696,-39.487442,-1.95699499e-06,0.299983621,93.9956284,-15.4768143,0.399981052,-31.1540146,-8.83941555,0.349978238,26.5641098,60.9255943,0.39997527,-32.0218811,-46.0916328,0.399972111,7.76900864,-76.4048157,0.424968749,-24.1497154,55.5597534,0.449965179,30.5340672,1.99464428,0.399961442
697,-39.5486641,-1.96002907e-06,0.299983621,94.1421127,-15.5012007,0.399981052,-31.2040596,-8.85279751,0.349978238,26.6048374,61.0239105,0.39997527,-32.0755577,-46.1657333,0.399972111,7.77813244,-76.5308151,0.424968749,-24.1929207,55.6518021,0.449965179,30.5802116,1.99896491,0.399961442
698,-39.6098862,-1.96306314e-06,0.299983621,94.2885971,-15.5255871,0.399981052,-31.2541046,-8.86617947,0.349978238,26.645565,61.1222267,0.39997527,-32.1292343,-46.2398338,0.399972111,7.78725624,-76.6568146,0.424968749,-24.2361259,55.7438507,0.449965179,30.6263561,2.00328541,0.399961442
699,-39.6711082,-1.96609722e-06,0.299983621,94.4350815,-15.5499735,0.399981052,-31.3041496,-8.87956142,0.349978238,26.6862926,61.2205429,0.39997527,-32.1829109,-46.3139343,0.399972111,7.79638004,-76.782814,0.424968749,-24.2793312,55.8358994,0.449965179,30.6725006,2.00760603,0.399961442
700,-39.7323303,-1.96913129e-06,0.299983621,94.5815659,-15.5743599,0.399981052,-31.3541946,-8.89294338,0.349978238,26.7270203,61.3188591,0.39997527,-32.2365875,-46.3880348,0.399972111,7.80550385,-76.9088135,0.424968749,-24.3225365,55.927948,0.449965179,30.7186451,2.01192665,0.399961442
701,-39.7935524,-1.97216536e-06,0.299983621,94.7280502,-15.5987463,0.399981052,-31.4042397,-8.90632534,0.349978238,26.7677479,61.4171753,0.39997527,-32.2902641,-46.4621353,0.399972111,7.81462765,-77.0348129,0.424968749,-24.3657417,56.0199966,0.449965179,30.7647896,2.01624727,0.399961442
702,-39.8547745,-1.97519944e-06,0.299983621,94.8745346,-15.6231327,0.399981052,-31.4542847,-8.9197073,0.349978238,26.8084755,61.5154915,0.39997527,-32.3439407,-46.5362358,0.399972111,7.82375145,-77.1608124,0.424968749,-24.408947,56.1120453,0.449965179,30.8109341,2.02056789,0.399961442
703,-39.9159966,-1.97823351e-06,0.299983621,95.021019,-15.6475191,0.399981052,-31.5043297,-8.93308926,0.349978238,26.8492031,61.6138077,0.39997527,-32.3976173,-46.6103363,0.399972111,7.83287525,-77.2868118,0.424968749,-24.4521523,56.2040939,0.449965179,30.8570786,2.02488852,0.399961442
704,-39.9772186,-1.98126759e-06,0.299983621,95.1675034,-15.6719055,0.399981052,-31.5543747,-8.94647121,0.349978238,26.8899307,61.7121239,0.39997527,-32.4512939,-46.6844368,0.399972111,7.84199905,-77.4128113,0.424968749,-24.4953575,56.2961426,0.449965179,30.903223,2.02920914,0.399961442
705,-40.0384407,-1.98430166e-06,0.299983621,95.3139877,-15.6962919,0.399981052,-31.6044197,-8.95985317,0.349978238,26.9306583,61.8104401,0.39997527,-32.5049706,-46.7585373,0.399972111,7.85112286,-77.5388107,0.424968749,-24.5385628,56.3881912,0.449965179,30.9493675,2.03352976,0.399961442
706,-40.0996628,-1.98733574e-06,0.299983621,95.4604721,-15.7206783,0.399981052,-31.6544647,-8.97323513,0.349978238,26.971386,61.9087563,0.39997527,-32.5586472,-46.8326378,0.399972111,7.86024666,-77.6648102,0.424968749,-24.581768,56.4802399,0.449965179,30.995512,2.03785038,0.399961442
707,-40.1608849,-1.99036981e-06,0.299983621,95.6069565,-15.7450647,0.399981052,-31.7045097,-8.98661709,0.349978238,27.0121136,62.0070724,0.39997527,-32.6123238,-46.9067383,0.399972111,7.86937046,-77.7908096,0.424968749,-24.6249733,56.5722885,0.449965179,31.0416565,2.042171,0.399961442
708,-40.2221069,-1.99340388e-06,0.299983621,95.7534409,-15.7694511,0.399981052,-31.7545547,-8.99999905,0.349978238,27.0528412,62.1053886,0.39997527,-32.6660004,-46.9808388,0.399972111,7.87849426,-77.9168091,0.424968749,-24.6681786,56.6643372,0.449965179,31.087801,2.04649162,0.399961442
709,-40.283329,-1.99643796e-06,0.299983621,95.8999252,-15.7938375,0.399981052,-31.8045998,-9.013381,0.349978238,27.0935688,62.2037048,0.39997527,-32.719677,-47.0549393,0.399972111,7.88761806,-78.0428085,0.424968749,-24.7113838,56.7563858,0.449965179,31.1339455,2.05081224,0.399961442
710,-40.3445511,-1.99947203e-06,0.299983621,96.0464096,-15.818224,0.399981052,-31.8546448,-9.02676296,0.349978238,27.1342964,62.302021,0.39997527,-32.7733536,-47.1290398,0.399972111,7.89674187,-78.168808,0.424968749,-24.7545891,56.8484344,0.449965179,31.18009,2.05513287,0.399961442
711,-40.4057732,-2.00250611e-06,0.299983621,96.192894,-15.8426104,0.399981052,-31.9046898,-9.04014492,0.349978238,27.175024,62.4003372,0.39997527,-32.8270302,-47.2031403,0.399972111,7.90586567,-78.2948074,0.424968749,-24.7977943,56.9404831,0.449965179,31.2262344,2.05945349,0.399961442
712,-40.4669952,-2.00554018e-06,0.299983621,96.3393784,-15.8669968,0.399981052,-31.9547348,-9.05352688,0.349978238,27.2157516,62.4986534,0.39997527,-32.8807068,-47.2772408,0.399972111,7.91498947,-78.4208069,0.424968749,-24.8409996,57.0325317,0.449965179,31.2723789,2.06377411,0.399961442
713,-40.5282173,-2.00857426e-06,0.299983621,96.4858627,-15.8913832,0.399981052,-32.0047798,-9.06690884,0.349978238,27.2564793,62.5969696,0.39997527,-32.9343834,-47.3513412,0.399972111,7.92411327,-78.5468063,0.424968749,-24.8842049,57.1245804,0.449965179,31.3185234,2.06809473,0.399961442
714,-40.5894394,-2.01160833e-06,0.299983621,96.6323471,-15.9157696,0.399981052,-32.0548248,-9.08029079,0.349978238,27.2972069,62.6952858,0.39997527,-32.98806,-47.4254417,0.399972111,7.93323708,-78.6728058,0.424968749,-24.9274101,57.216629,0.449965179,31.3646679,2.07241535,0.399961442
715,-40.6506615,-2.0146424e-06,0.299983621,96.7788315,-15.940156,0.399981052,-32.1048698,-9.09367275,0.349978238,27.3379345,62.793602,0.39997527,-33.0417366,-47.4995422,0.399972111,7.94236088,-78.7988052,0.424968749,-24.9706154,57.3086777,0.449965179,31.4108124,2.07673597,0.399961442
716,-40.7118835,-2.01767648e-06,0.299983621,96.9253159,-15.9645424,0.399981052,-32.1549149,-9.10705471,0.349978238,27.3786621,62.8919182,0.39997527,-33.0954132,-47.5736427,0.399972111,7.95148468,-78.9248047,0.424968749,-25.0138206,57.4007263,0.449965179,31.4569569,2.08105659,0.399961442
717,-40.7731056,-2.02071055e-06,0.299983621,97.0718002,-15.9889288,0.399981052,-32.2049599,-9.12043667,0.349978238,27.4193897,62.9902344,0.39997527,-33.1490898,-47.6477432,0.399972111,7.96060848,-79.0508041,0.424968749,-25.0570259,57.492775,0.449965179,31.5031013,2.08537722,0.399961442
718,-40.8343277,-2.02374463e-06,0.299983621,97.2182846,-16.0133152,0.399981052,-32.2550049,-9.13381863,0.349978238,27.4601173,63.0885506,0.39997527,-33.2027664,-47.7218437,0.399972111,7.96973228,-79.1768036,0.424968749,-25.1002312,57.5848236,0.449965179,31.5492458,2.08969784,0.399961442
719,-40.8955498,-2.0267787e-06,0.299983621,97.364769,-16.0377026,0.399981052,-32.3050499,-9.14720058,0.349978238,27.500845,63.1868668,0.39997527,-33.256443,-47.7959442,0.399972111,7.97885609,-79.302803,0.424968749,-25.1434364,57.6768723,0.449965179,31.5953903,2.09401846,0.399961442
720,-40.9567719,-2.02981278e-06,0.299983621,97.5112534,-16.0620899,0.399981052,-32.3550949,-9.16058254,0.349978238,27.5415726,63.285183,0.39997527,-33.3101196,-47.8700447,0.399972111,7.98797989,-79.4288025,0.424968749,-25.1866417,57.7689209,0.449965179,31.6415348,2.09833908,0.399961442
721,-41.0179939,-2.03284685e-06,0.299983621,97.6577377,-16.0864773,0.399981052,-32.4051399,-9.1739645,0.349978238,27.5823002,63.3834991,0.39997527,-33.3637962,-47.9441452,0.399972111,7.99710369,-79.5548019,0.424968749,-25.229847,57.8609695,0.449965179,31.6876793,2.1026597,0.399961442
722,-41.079216,-2.03588093e-06,0.299983621,97.8042221,-16.1108646,0.399981052,-32.4551849,-9.18734646,0.349978238,27.6230278,63.4818153,0.39997527,-33.4174728,-48.0182457,0.399972111,8.00622749,-79.6808014,0.424968749,-25.2730522,57.9530182,0.449965179,31.7338238,2.10698032,0.399961442
723,-41.1404381,-2.038915e-06,0.299983621,97.9507065,-16.135252,0.399981052,-32.5052299,-9.20072842,0.349978238,27.6637554,63.5801315,0.39997527,-33.4711494,-48.0923462,0.399972111,8.0153513,-79.8068008,0.424968749,-25.3162575,58.0450668,0.449965179,31.7799683,2.11130095,0.399961442
724,-41.2016602,-2.04194907e-06,0.299983621,98.0971909,-16.1596394,0.399981052,-32.555275,-9.21411037,0.349978238,27.704483,63.6784477,0.39997527,-33.524826,-48.1664467,0.399972111,8.0244751,-79.9328003,0.424968749,-25.3594627,58.1371155,0.449965179,31.8261127,2.11562157,0.399961442
725,-41.2628822,-2.04498315e-06,0.299983621,98.2436752,-16.1840267,0.399981052,-32.60532,-9.22749233,0.349978238,27.7452106,63.7767639,0.39997527,-33.5785027,-48.2405472,0.399972111,8.0335989,-80.0587997,0.424968749,-25.402668,58.2291641,0.449965179,31.8722572,2.11994219,0.399961442
726,-41.3241043,-2.04801722e-06,0.299983621,98.3901596,-16.2084141,0.399981052,-32.655365,-9.24087429,0.349978238,27.7859383,63.8750801,0.39997527,-33.6321793,-48.3146477,0.399972111,8.0427227,-80.1847992,0.424968749,-25.4458733,58.3212128,0.449965179,31.9184017,2.12426281,0.399961442
727,-41.3853264,-2.0510513e-06,0.299983621,98.536644,-16.2328014,0.399981052,-32.70541,-9.25425625,0.349978238,27.8266659,63.9733963,0.39997527,-33.6858559,-48.3887482,0.399972111,8.0518465,-80.3107986,0.424968749,-25.4890785,58.4132614,0.449965179,31.9645462,2.12858343,0.399961442
728,-41.4465485,-2.05408537e-06,0.299983621,98.6831284,-16.2571888,0.399981052,-32.755455,-9.26763821,0.349978238,27.8673935,64.0717087,0.39997527,-33.7395325,-48.4628487,0.399972111,8.06097031,-80.4367981,0.424968749,-25.5322838,58.5053101,0.449965179,32.0106926,2.13290405,0.399961442
729,-41.5077705,-2.05711945e-06,0.299983621,98.8296127,-16.2815762,0.399981052,-32.8055,-9.28102016,0.349978238,27.9081211,64.1700211,0.39997527,-33.7932091,-48.5369492,0.399972111,8.07009411,-80.5627975,0.424968749,-25.575489,58.5973587,0.449965179,32.056839,2.13722467,0.399961442
730,-41.5689926,-2.06015352e-06,0.299983621,98.9760971,-16.3059635,0.399981052,-32.855545,-9.29440212,0.349978238,27.9488487,64.2683334,0.39997527,-33.8468857,-48.6110497,0.399972111,8.07921791,-80.688797,0.424968749,-25.6186943,58.6894073,0.449965179,32.1029854,2.1415453,0.399961442
731,-41.6302147,-2.06318759e-06,0.299983621,99.1225815,-16.3303509,0.399981052,-32.9055901,-9.30778408,0.349978238,27.9895763,64.3666458,0.39997527,-33.9005623,-48.6851501,0.399972111,8.08834171,-80.8147964,0.424968749,-25.6618996,58.781456,0.449965179,32.1491318,2.14586592,0.399961442
732,-41.6914368,-2.06622167e-06,0.299983621,99.2690659,-16.3547382,0.399981052,-32.9556351,-9.32116604,0.349978238,28.030304,64.4649582,0.39997527,-33.9542389,-48.7592506,0.399972111,8.09746552,-80.9407959,0.424968749,-25.7051048,58.8735046,0.449965179,32.1952782,2.15018654,0.399961442
733,-41.7526588,-2.06925574e-06,0.299983621,99.4155502,-16.3791256,0.399981052,-33.0056801,-9.334548,0.349978238,28.0710316,64.5632706,0.39997527,-34.0079155,-48.8333511,0.399972111,8.10658932,-81.0667953,0.424968749,-25.7483101,58.9655533,0.449965179,32.2414246,2.15450716,0.399961442
734,-41.8138809,-2.07228982e-06,0.299983621,99.5620346,-16.403513,0.399981052,-33.0557251,-9.34792995,0.349978238,28.1117592,64.6615829,0.39997527,-34.0615921,-48.9074516,0.399972111,8.11571312,-81.1927948,0.424968749,-25.7915154,59.0576019,0.449965179,32.287571,2.15882778,0.399961442
735,-41.875103,-2.07532389e-06,0.299983621,99.708519,-16.4279003,0.399981052,-33.1057701,-9.36131191,0.349978238,28.1524868,64.7598953,0.39997527,-34.1152687,-48.9815521,0.399972111,8.12483692,-81.3187943,0.424968749,-25.8347206,59.1496506,0.449965179,32.3337173,2.1631484,0.399961442
736,-41.9363251,-2.07835797e-06,0.299983621,99.8550034,-16.4522877,0.399981052,-33.1558151,-9.37469387,0.349978238,28.1932144,64.8582077,0.39997527,-34.1689453,-49.0556526,0.399972111,8.13396072,-81.4447937,0.424968749,-25.8779259,59.2416992,0.449965179,32.3798637,2.16746902,0.399961442
737,-41.9975471,-2.08139204e-06,0.299983621,100.001488,-16.476675,0.399981052,-33.2058601,-9.38807583,0.349978238,28.233942,64.9565201,0.39997527,-34.2226219,-49.1297531,0.399972111,8.14308453,-81.5707932,0.424968749,-25.9211311,59.3337479,0.449965179,32.4260101,2.17178965,0.399961442
738,-42.0587692,-2.08442611e-06,0.299983621,100.147972,-16.5010624,0.399981052,-33.2559052,-9.40145779,0.349978238,28.2746696,65.0548325,0.39997527,-34.2762985,-49.2038536,0.399972111,8.15220833,-81.6967926,0.424968749,-25.9643364,59.4257965,0.449965179,32.4721565,2.17611027,0.399961442
739,-42.1199913,-2.08746019e-06,0.299983621,100.294456,-16.5254498,0.399981052,-33.3059502,-9.41483974,0.349978238,28.3153973,65.1531448,0.39997527,-34.3299751,-49.2779541,0.399972111,8.16133213,-81.8227921,0.424968749,-26.0075417,59.5178452,0.449965179,32.5183029,2.18043089,0.399961442
740,-42.1812134,-2.09049426e-06,0.299983621,100.440941,-16.5498371,0.399981052,-33.3559952,-9.4282217,0.349978238,28.3561249,65.2514572,0.39997527,-34.3836517,-49.3520546,0.399972111,8.17045593,-81.9487915,0.424968749,-26.0507469,59.6098938,0.449965179,32.5644493,2.18475151,0.399961442
741,-42.2424355,-2.09352834e-06,0.299983621,100.587425,-16.5742245,0.399981052,-33.4060402,-9.44160366,0.349978238,28.3968525,65.3497696,0.39997527,-34.4373283,-49.4261551,0.399972111,8.17957973,-82.074791,0.424968749,-26.0939522,59.7019424,0.449965179,32.6105957,2.18907213,0.399961442
742,-42.3036575,-2.09656241e-06,0.299983621,100.73391,-16.5986118,0.399981052,-33.4560852,-9.45498562,0.349978238,28.4375801,65.448082,0.39997527,-34.4910049,-49.5002556,0.399972111,8.18870354,-82.2007904,0.424968749,-26.1371574,59.7939911,0.449965179,32.6567421,2.19339275,0.399961442
743,-42.3648796,-2.09959649e-06,0.299983621,100.880394,-16.6229992,0.399981052,-33.5061302,-9.46836758,0.349978238,28.4783077,65.5463943,0.39997527,-34.5446815,-49.5743561,0.399972111,8.19782734,-82.3267899,0.424968749,-26.1803627,59.8860397,0.449965179,32.7028885,2.19771338,0.399961442
744,-42.4261017,-2.10263056e-06,0.299983621,101.026878,-16.6473866,0.399981052,-33.5561752,-9.48174953,0.349978238,28.5190353,65.6447067,0.39997527,-34.5983582,-49.6484566,0.399972111,8.20695114,-82.4527893,0.424968749,-26.223568,59.9780884,0.449965179,32.7490349,2.202034,0.399961442
745,-42.4873238,-2.10566463e-06,0.299983621,101.173363,-16.6717739,0.399981052,-33.6062202,-9.49513149,0.349978238,28.559763,65.7430191,0.39997527,-34.6520348,-49.7225571,0.399972111,8.21607494,-82.5787888,0.424968749,-26.2667732,60.070137,0.449965179,32.7951813,2.20635462,0.399961442
746,-42.5485458,-2.10869871e-06,0.299983621,101.319847,-16.6961613,0.399981052,-33.6562653,-9.50851345,0.349978238,28.6004906,65.8413315,0.39997527,-34.7057114,-49.7966576,0.399972111,8.22519875,-82.7047882,0.424968749,-26.3099785,60.1621857,0.449965179,32.8413277,2.21067524,0.399961442
747,-42.6097679,-2.11173278e-06,0.299983621,101.466331,-16.7205486,0.399981052,-33.7063103,-9.52189541,0.349978238,28.6412182,65.9396439,0.39997527,-34.759388,-49.8707581,0.399972111,8.23432255,-82.8307877,0.424968749,-26.3531837,60.2542343,0.449965179,32.8874741,2.21499586,0.399961442
748,-42.67099,-2.11476686e-06,0.299983621,101.612816,-16.744936,0.399981052,-33.7563553,-9.53527737,0.349978238,28.6819458,66.0379562,0.39997527,-34.8130646,-49.9448586,0.399972111,8.24344635,-82.9567871,0.424968749,-26.396389,60.346283,0.449965179,32.9336205,2.21931648,0.399961442
749,-42.7322121,-2.11780093e-06,0.299983621,101.7593,-16.7693233,0.399981052,-33.8064003,-9.54865932,0.349978238,28.7226734,66.1362686,0.39997527,-34.8667412,-50.018959,0.399972111,8.25257015,-83.0827866,0.424968749,-26.4395943,60.4383316,0.449965179,32.9797668,2.2236371,0.399961442
750,-42.7934341,-2.12083501e-06,0.299983621,101.905785,-16.7937107,0.399981052,-33.8564453,-9.56204128,0.349978238,28.763401,66.234581,0.39997527,-34.9204178,-50.0930595,0.399972111,8.26169395,-83.208786,0.424968749,-26.4827995,60.5303802,0.449965179,33.0259132,2.22795773,0.399961442
751,-42.8546562,-2.12386908e-06,0.299983621,102.052269,-16.8180981,0.399981052,-33.9064903,-9.57542324,0.349978238,28.8041286,66.3328934,0.39997527,-34.9740944,-50.16716,0.399972111,8.27081776,-83.3347855,0.424968749,-26.5260048,60.6224289,0.449965179,33.0720596,2.23227835,0.399961442
752,-42.9158783,-2.12690315e-06,0.299983621,102.198753,-16.8424854,0.399981052,-33.9565353,-9.5888052,0.349978238,28.8448563,66.4312057,0.39997527,-35.027771,-50.2412605,0.399972111,8.27994156,-83.4607849,0.424968749,-26.5692101,60.7144775,0.449965179,33.118206,2.23659897,0.399961442
753,-42.9771004,-2.12993723e-06,0.299983621,102.345238,-16.8668728,0.399981052,-34.0065804,-9.60218716,0.349978238,28.8855839,66.5295181,0.39997527,-35.0814476,-50.315361,0.399972111,8.28906536,-83.5867844,0.424968749,-26.6124153,60.8065262,0.449965179,33.1643524,2.24091959,0.399961442
754,-43.0383224,-2.1329713e-06,0.299983621,102.491722,-16.8912601,0.399981052,-34.0566254,-9.61556911,0.349978238,28.9263115,66.6278305,0.39997527,-35.1351242,-50.3894615,0.399972111,8.29818916,-83.7127838,0.424968749,-26.6556206,60.8985748,0.449965179,33.2104988,2.24524021,0.399961442
755,-43.0995445,-2.13600538e-06,0.299983621,102.638206,-16.9156475,0.399981052,-34.1066704,-9.62895107,0.349978238,28.9670391,66.7261429,0.39997527,-35.1888008,-50.463562,0.399972111,8.30731297,-83.8387833,0.424968749,-26.6988258,60.9906235,0.449965179,33.2566452,2.24956083,0.399961442
756,-43.1607666,-2.13903945e-06,0.299983621,102.784691,-16.9400349,0.399981052,-34.1567154,-9.64233303,0.349978238,29.0077667,66.8244553,0.39997527,-35.2424774,-50.5376625,0.399972111,8.31643677,-83.9647827,0.424968749,-26.7420311,61.0826721,0.449965179,33.3027916,2.25388145,0.399961442
757,-43.2219887,-2.14207353e-06,0.299983621,102.931175,-16.9644222,0.399981052,-34.2067604,-9.65571499,0.349978238,29.0484943,66.9227676,0.39997527,-35.296154,-50.611763,0.399972111,8.32556057,-84.0907822,0.424968749,-26.7852364,61.1747208,0.449965179,33.348938,2.25820208,0.399961442
758,-43.2832108,-2.1451076e-06,0.299983621,103.07766,-16.9888096,0.399981052,-34.2568054,-9.66909695,0.349978238,29.089222,67.02108,0.39997527,-35.3498306,-50.6858635,0.399972111,8.33468437,-84.2167816,0.424968749,-26.8284416,61.2667694,0.449965179,33.3950844,2.2625227,0.399961442
759,-43.3444328,-2.14814168e-06,0.299983621,103.224144,-17.0131969,0.399981052,-34.3068504,-9.6824789,0.349978238,29.1299496,67.1193924,0.39997527,-35.4035072,-50.759964,0.399972111,8.34380817,-84.3427811,0.424968749,-26.8716469,61.3588181,0.449965179,33.4412308,2.26684332,0.399961442
760,-43.4056549,-2.15117575e-06,0.299983621,103.370628,-17.0375843,0.399981052,-34.3568954,-9.69586086,0.349978238,29.1706772,67.2177048,0.39997527,-35.4571838,-50.8340645,0.399972111,8.35293198,-84.4687805,0.424968749,-26.9148521,61.4508667,0.449965179,33.4873772,2.27116394,0.399961442
761,-43.466877,-2.15420982e-06,0.299983621,103.517113,-17.0619717,0.399981052,-34.4069405,-9.70924282,0.349978238,29.2114048,67.3160172,0.39997527,-35.5108604,-50.908165,0.399972111,8.36205578,-84.59478,0.424968749,-26.9580574,61.5429153,0.449965179,33.5335236,2.27548456,0.399961442
762,-43.5280991,-2.1572439e-06,0.299983621,103.663597,-17.086359,0.399981052,-34.4569855,-9.72262478,0.349978238,29.2521324,67.4143295,0.39997527,-35.564537,-50.9822655,0.399972111,8.37117958,-84.7207794,0.424968749,-27.0012627,61.634964,0.449965179,33.57967,2.27980518,0.399961442
763,-43.5893211,-2.16027797e-06,0.299983621,103.810081,-17.1107464,0.399981052,-34.5070305,-9.73600674,0.349978238,29.29286,67.5126419,0.39997527,-35.6182137,-51.056366,0.399972111,8.38030338,-84.8467789,0.424968749,-27.0444679,61.7270126,0.449965179,33.6258163,2.2841258,0.399961442
764,-43.6505432,-2.16331205e-06,0.299983621,103.956566,-17.1351337,0.399981052,-34.5570755,-9.74938869,0.349978238,29.3335876,67.6109543,0.39997527,-35.6718903,-51.1304665,0.399972111,8.38942719,-84.9727783,0.424968749,-27.0876732,61.8190613,0.449965179,33.6719627,2.28844643,0.399961442
765,-43.7117653,-2.16634612e-06,0.299983621,104.10305,-17.1595211,0.399981052,-34.6071205,-9.76277065,0.349978238,29.3743153,67.7092667,0.39997527,-35.7255669,-51.204567,0.399972111,8.39855099,-85.0987778,0.424968749,-27.1308784,61.9111099,0.449965179,33.7181091,2.29276705,0.399961442
766,-43.7729874,-2.1693802e-06,0.299983621,104.249535,-17.1839085,0.399981052,-34.6571655,-9.77615261,0.349978238,29.4150429,67.807579,0.39997527,-35.7792435,-51.2786674,0.399972111,8.40767479,-85.2247772,0.424968749,-27.1740837,62.0031586,0.449965179,33.7642555,2.29708767,0.399961442
767,-43.8342094,-2.17241427e-06,0.299983621,104.396019,-17.2082958,0.399981052,-34.7072105,-9.78953457,0.349978238,29.4557705,67.9058914,0.39997527,-35.8329201,-51.3527679,0.399972111,8.41679859,-85.3507767,0.424968749,-27.217289,62.0952072,0.449965179,33.8104019,2.30140829,0.399961442
768,-43.8954315,-2.17544834e-06,0.299983621,104.542503,-17.2326832,0.399981052,-34.7572556,-9.80291653,0.349978238,29.4964981,68.0042038,0.39997527,-35.8865967,-51.4268684,0.399972111,8.42592239,-85.4767761,0.424968749,-27.2604942,62.1872559,0.449965179,33.8565483,2.30572891,0.399961442
769,-43.9566536,-2.17848242e-06,0.299983621,104.688988,-17.2570705,0.399981052,-34.8073006,-9.81629848,0.349978238,29.5372257,68.1025162,0.39997527,-35.9402733,-51.5009689,0.399972111,8.4350462,-85.6027756,0.424968749,-27.3036995,62.2793045,0.449965179,33.9026947,2.31004953,0.399961442
770,-44.0178757,-2.18151649e-06,0.299983621,104.835472,-17.2814579,0.399981052,-34.8573456,-9.82968044,0.349978238,29.5779533,68.2008286,0.39997527,-35.9939499,-51.5750694,0.399972111,8.44417,-85.728775,0.424968749,-27.3469048,62.3713531,0.449965179,33.9488411,2.31437016,0.399961442
771,-44.0790977,-2.18455057e-06,0.299983621,104.981956,-17.3058453,0.399981052,-34.9073906,-9.8430624,0.349978238,29.618681,68.2991409,0.39997527,-36.0476265,-51.6491699,0.399972111,8.4532938,-85.8547745,0.424968749,-27.39011,62.4634018,0.449965179,33.9949875,2.31869078,0.399961442
772,-44.1403198,-2.18758464e-06,0.299983621,105.128441,-17.3302326,0.399981052,-34.9574356,-9.85644436,0.349978238,29.6594086,68.3974533,0.39997527,-36.1013031,-51.7232704,0.399972111,8.4624176,-85.9807739,0.424968749,-27.4333153,62.5554504,0.449965179,34.0411339,2.3230114,0.399961442
773,-44.2015419,-2.19061872e-06,0.299983621,105.274925,-17.35462,0.399981052,-35.0074806,-9.86982632,0.349978238,29.7001362,68.4957657,0.39997527,-36.1549797,-51.7973709,0.399972111,8.4715414,-86.1067734,0.424968749,-27.4765205,62.6474991,0.449965179,34.0872803,2.32733202,0.399961442
774,-44.262764,-2.19365279e-06,0.299983621,105.42141,-17.3790073,0.399981052,-35.0575256,-9.88320827,0.349978238,29.7408638,68.5940781,0.39997527,-36.2086563,-51.8714714,0.399972111,8.48066521,-86.2327728,0.424968749,-27.5197258,62.7395477,0.449965179,34.1334267,2.33165264,0.399961442
775,-44.3239861,-2.19668686e-06,0.299983621,105.567894,-17.4033947,0.399981052,-35.1075706,-9.89659023,0.349978238,29.7815914,68.6923904,0.39997527,-36.2623329,-51.9455719,0.399972111,8.48978901,-86.3587723,0.424968749,-27.5629311,62.8315964,0.449965179,34.1795731,2.33597326,0.399961442
776,-44.3852081,-2.19972094e-06,0.299983621,105.714378,-17.4277821,0.399981052,-35.1576157,-9.90997219,0.349978238,29.822319,68.7907028,0.39997527,-36.3160095,-52.0196724,0.399972111,8.49891281,-86.4847717,0.424968749,-27.6061363,62.923645,0.449965179,34.2257195,2.34029388,0.399961442
777,-44.4464302,-2.20275501e-06,0.299983621,105.860863,-17.4521694,0.399981052,-35.2076607,-9.92335415,0.349978238,29.8630466,68.8890152,0.39997527,-36.3696861,-52.0937729,0.399972111,8.50803661,-86.6107712,0.424968749,-27.6493416,63.0156937,0.449965179,34.2718658,2.34461451,0.399961442
778,-44.5076523,-2.20578909e-06,0.299983621,106.007347,-17.4765568,0.399981052,-35.2577057,-9.93673611,0.349978238,29.9037743,68.9873276,0.39997527,-36.4233627,-52.1678734,0.399972111,8.51716042,-86.7367706,0.424968749,-27.6925468,63.1077423,0.449965179,34.3180122,2.34893513,0.399961442
779,-44.5688744,-2.20882316e-06,0.299983621,106.153831,-17.5009441,0.399981052,-35.3077507,-9.95011806,0.349978238,29.9445019,69.08564,0.39997527,-36.4770393,-52.2419739,0.399972111,8.52628422,-86.8627701,0.424968749,-27.7357521,63.199791,0.449965179,34.3641586,2.35325575,0.399961442
780,-44.6300964,-2.21185724e-06,0.299983621,106.300316,-17.5253315,0.399981052,-35.3577957,-9.96350002,0.349978238,29.9852295,69.1839523,0.39997527,-36.5307159,-52.3160744,0.399972111,8.53540802,-86.9887695,0.424968749,-27.7789574,63.2918396,0.449965179,34.410305,2.35757637,0.399961442
781,-44.6913185,-2.21489131e-06,0.299983621,106.4468,-17.5497189,0.399981052,-35.4078407,-9.97688198,0.349978238,30.0259571,69.2822647,0.39997527,-36.5843925,-52.3901749,0.399972111,8.54453182,-87.114769,0.424968749,-27.8221626,63.3838882,0.449965179,34.4564514,2.36189699,0.399961442
782,-44.7525406,-2.21792538e-06,0.299983621,106.593285,-17.5741062,0.399981052,-35.4578857,-9.99026394,0.349978238,30.0666847,69.3805771,0.39997527,-36.6380692,-52.4642754,0.399972111,8.55365562,-87.2407684,0.424968749,-27.8653679,63.4759369,0.449965179,34.5025978,2.36621761,0.399961442
783,-44.8137627,-2.22095946e-06,0.299983621,106.739769,-17.5984936,0.399981052,-35.5079308,-10.0036459,0.349978238,30.1074123,69.4788895,0.39997527,-36.6917458,-52.5383759,0.399972111,8.56277943,-87.3667679,0.424968749,-27.9085732,63.5679855,0.449965179,34.5487442,2.37053823,0.399961442
784,-44.8749847,-2.22399353e-06,0.299983621,106.886253,-17.6228809,0.399981052,-35.5579758,-10.0170279,0.349978238,30.14814,69.5772018,0.39997527,-36.7454224,-52.6124763,0.399972111,8.57190323,-87.4927673,0.424968749,-27.9517784,63.6600342,0.449965179,34.5948906,2.37485886,0.399961442
785,-44.9362068,-2.22702761e-06,0.299983621,107.032738,-17.6472683,0.399981052,-35.6080208,-10.0304098,0.349978238,30.1888676,69.6755142,0.39997527,-36.799099,-52.6865768,0.399972111,8.58102703,-87.6187668,0.424968749,-27.9949837,63.7520828,0.449965179,34.641037,2.37917948,0.399961442
786,-44.9974289,-2.23006168e-06,0.299983621,107.179222,-17.6716557,0.399981052,-35.6580658,-10.0437918,0.349978238,30.2295952,69.7738266,0.39997527,-36.8527756,-52.7606773,0.399972111,8.59015083,-87.7447662,0.424968749,-28.0381889,63.8441315,0.449965179,34.6871834,2.3835001,0.399961442
787,-45.058651,-2.23309576e-06,0.299983621,107.325706,-17.696043,0.399981052,-35.7081108,-10.0571737,0.349978238,30.2703228,69.872139,0.39997527,-36.9064522,-52.8347778,0.399972111,8.59927464,-87.8707657,0.424968749,-28.0813942,63.9361801,0.449965179,34.7333298,2.38782072,0.399961442
788,-45.119873,-2.23612983e-06,0.299983621,107.472191,-17.7204304,0.399981052,-35.7581558,-10.0705557,0.349978238,30.3110504,69.9704514,0.39997527,-36.9601288,-52.9088783,0.399972111,8.60839844,-87.9967651,0.424968749,-28.1245995,64.0282288,0.449965179,34.7794762,2.39214134,0.399961442
789,-45.1810951,-2.2391639e-06,0.299983621,107.618675,-17.7448177,0.399981052,-35.8082008,-10.0839376,0.349978238,30.351778,70.0687637,0.39997527,-37.0138054,-52.9829788,0.399972111,8.61752224,-88.1227646,0.424968749,-28.1678047,64.1202774,0.449965179,34.8256226,2.39646196,0.399961442
790,-45.2423172,-2.24219798e-06,0.299983621,107.76516,-17.7692051,0.399981052,-35.8582458,-10.0973196,0.349978238,30.3925056,70.1670761,0.39997527,-37.067482,-53.0570793,0.399972111,8.62664604,-88.248764,0.424968749,-28.21101,64.212326,0.449965179,34.871769,2.40078259,0.399961442
791,-45.3035393,-2.24523205e-06,0.299983621,107.911644,-17.7935925,0.399981052,-35.9082909,-10.1107016,0.349978238,30.4332333,70.2653885,0.39997527,-37.1211586,-53.1311798,0.399972111,8.63576984,-88.3747635,0.424968749,-28.2542152,64.3043747,0.449965179,34.9179153,2.40510321,0.399961442
792,-45.3647614,-2.24826613e-06,0.299983621,108.058128,-17.8179798,0.399981052,-35.9583359,-10.1240835,0.349978238,30.4739609,70.3637009,0.39997527,-37.1748352,-53.2052803,0.399972111,8.64489365,-88.5007629,0.424968749,-28.2974205,64.3964233,0.449965179,34.9640617,2.40942383,0.399961442
793,-45.4259834,-2.2513002e-06,0.299983621,108.204613,-17.8423672,0.399981052,-36.0083809,-10.1374655,0.349978238,30.5146885,70.4620132,0.39997527,-37.2285118,-53.2793808,0.399972111,8.65401745,-88.6267624,0.424968749,-28.3406258,64.488472,0.449965179,35.0102081,2.41374445,0.399961442
794,-45.4872055,-2.25433428e-06,0.299983621,108.351097,-17.8667545,0.399981052,-36.0584259,-10.1508474,0.349978238,30.5554161,70.5603256,0.39997527,-37.2821884,-53.3534813,0.399972111,8.66314125,-88.7527618,0.424968749,-28.383831,64.5805206,0.449965179,35.0563545,2.41806507,0.399961442
795,-45.5484276,-2.25736835e-06,0.299983621,108.497581,-17.8911419,0.399981052,-36.1084709,-10.1642294,0.349978238,30.5961437,70.658638,0.39997527,-37.335865,-53.4275818,0.399972111,8.67226505,-88.8787613,0.424968749,-28.4270363,64.6725693,0.449965179,35.1025009,2.42238569,0.399961442
796,-45.6096497,-2.26040243e-06,0.299983621,108.644066,-17.9155293,0.399981052,-36.1585159,-10.1776114,0.349978238,30.6368713,70.7569504,0.39997527,-37.3895416,-53.5016823,0.399972111,8.68138885,-89.0047607,0.424968749,-28.4702415,64.7646179,0.449965179,35.1486473,2.42670631,0.399961442
797,-45.6708717,-2.2634365e-06,0.299983621,108.79055,-17.9399166,0.399981052,-36.2085609,-10.1909933,0.349978238,30.677599,70.8552628,0.39997527,-37.4432182,-53.5757828,0.399972111,8.69051266,-89.1307602,0.424968749,-28.5134468,64.8566666,0.449965179,35.1947937,2.43102694,0.399961442
798,-45.7320938,-2.26647057e-06,0.299983621,108.937035,-17.964304,0.399981052,-36.258606,-10.2043753,0.349978238,30.7183266,70.9535751,0.39997527,-37.4968948,-53.6498833,0.399972111,8.69963646,-89.2567596,0.424968749,-28.5566521,64.9487152,0.449965179,35.2409401,2.43534756,0.399961442
799,-45.7933159,-2.26950465e-06,0.299983621,109.083519,-17.9886913,0.399981052,-36.308651,-10.2177572,0.349978238,30.7590542,71.0518875,0.39997527,-37.5505714,-53.7239838,0.399972111,8.70876026,-89.3827591,0.424968749,-28.5998573,65.0407639,0.449965179,35.2870865,2.43966818,0.399961442
800,-45.854538,-2.27253872e-06,0.299983621,109.230003,-18.0130787,0.399981052,-36.358696,-10.2311392,0.349978238,30.7997818,71.1501999,0.39997527,-37.604248,-53.7980843,0.399972111,8.71788406,-89.5087585,0.424968749,-28.6430626,65.1328125,0.449965179,35.3332329,2.4439888,0.399961442
801,-45.91576,-2.2755728e-06,0.299983621,109.376488,-18.037466,0.399981052,-36.408741,-10.2445211,0.349978238,30.8405094,71.2485123,0.39997527,-37.6579247,-53.8721848,0.399972111,8.72700787,-89.634758,0.424968749,-28.6862679,65.2248611,0.449965179,35.3793793,2.44830942,0.399961442
802,-45.9769821,-2.27860687e-06,0.299983621,109.522972,-18.0618534,0.399981052,-36.458786,-10.2579031,0.349978238,30.881237,71.3468246,0.39997527,-37.7116013,-53.9462852,0.399972111,8.73613167,-89.7607574,0.424968749,-28.7294731,65.3169098,0.449965179,35.4255257,2.45263004,0.399961442
803,-46.0382042,-2.28164095e-06,0.299983621,109.669456,-18.0862408,0.399981052,-36.508831,-10.2712851,0.349978238,30.9219646,71.445137,0.39997527,-37.7652779,-54.0203857,0.399972111,8.74525547,-89.8867569,0.424968749,-28.7726784,65.4089584,0.449965179,35.4716721,2.45695066,0.399961442
804,-46.0994263,-2.28467502e-06,0.299983621,109.815941,-18.1106281,0.399981052,-36.558876,-10.284667,0.349978238,30.9626923,71.5434494,0.39997527,-37.8189545,-54.0944862,0.399972111,8.75437927,-90.0127563,0.424968749,-28.8158836,65.5010071,0.449965179,35.5178185,2.46127129,0.399961442
805,-46.1606483,-2.28770909e-06,0.299983621,109.962425,-18.1350155,0.399981052,-36.6089211,-10.298049,0.349978238,31.0034199,71.6417618,0.39997527,-37.8726311,-54.1685867,0.399972111,8.76350307,-90.1387558,0.424968749,-28.8590889,65.5930557,0.449965179,35.5639648,2.46559191,0.399961442
806,-46.2218704,-2.29074317e-06,0.299983621,110.10891,-18.1594028,0.399981052,-36.6589661,-10.3114309,0.349978238,31.0441475,71.7400742,0.39997527,-37.9263077,-54.2426872,0.399972111,8.77262688,-90.2647552,0.424968749,-28.9022942,65.6851044,0.449965179,35.6101112,2.46991253,0.399961442
807,-46.2830925,-2.29377724e-06,0.299983621,110.255394,-18.1837902,0.399981052,-36.7090111,-10.3248129,0.349978238,31.0848751,71.8383865,0.39997527,-37.9799843,-54.3167877,0.399972111,8.78175068,-90.3907547,0.424968749,-28.9454994,65.777153,0.449965179,35.6562576,2.47423315,0.399961442
808,-46.3443146,-2.29681132e-06,0.299983621,110.401878,-18.2081776,0.399981052,-36.7590561,-10.3381948,0.349978238,31.1256027,71.9366989,0.39997527,-38.0336609,-54.3908882,0.399972111,8.79087448,-90.5167542,0.424968749,-28.9887047,65.8692017,0.449965179,35.702404,2.47855377,0.399961442
809,-46.4055367,-2.29984539e-06,0.299983621,110.548363,-18.2325649,0.399981052,-36.8091011,-10.3515768,0.349978238,31.1663303,72.0350113,0.39997527,-38.0873375,-54.4649887,0.399972111,8.79999828,-90.6427536,0.424968749,-29.0319099,65.9612503,0.449965179,35.7485504,2.48287439,0.399961442
810,-46.4667587,-2.30287947e-06,0.299983621,110.694847,-18.2569523,0.399981052,-36.8591461,-10.3649588,0.349978238,31.207058,72.1333237,0.39997527,-38.1410141,-54.5390892,0.399972111,8.80912209,-90.7687531,0.424968749,-29.0751152,66.053299,0.449965179,35.7946968,2.48719501,0.399961442
811,-46.5279808,-2.30591354e-06,0.299983621,110.841331,-18.2813396,0.399981052,-36.9091911,-10.3783407,0.349978238,31.2477856,72.231636,0.39997527,-38.1946907,-54.6131897,0.399972111,8.81824589,-90.8947525,0.424968749,-29.1183205,66.1453476,0.449965179,35.8408432,2.49151564,0.399961442
812,-46.5892029,-2.30894761e-06,0.299983621,110.987816,-18.305727,0.399981052,-36.9592361,-10.3917227,0.349978238,31.2885132,72.3299484,0.39997527,-38.2483673,-54.6872902,0.399972111,8.82736969,-91.020752,0.424968749,-29.1615257,66.2373962,0.449965179,35.8869896,2.49583626,0.399961442
813,-46.650425,-2.31198169e-06,0.299983621,111.1343,-18.3301144,0.399981052,-37.0092812,-10.4051046,0.349978238,31.3292408,72.4282608,0.39997527,-38.3020439,-54.7613907,0.399972111,8.83649349,-91.1467514,0.424968749,-29.204731,66.3294449,0.449965179,35.933136,2.50015688,0.399961442
814,-46.711647,-2.31501576e-06,0.299983621,111.280785,-18.3545017,0.399981052,-37.0593262,-10.4184866,0.349978238,31.3699684,72.5265732,0.39997527,-38.3557205,-54.8354912,0.399972111,8.84561729,-91.2727509,0.424968749,-29.2479362,66.4214935,0.449965179,35.9792824,2.5044775,0.399961442
815,-46.7728691,-2.31804984e-06,0.299983621,111.427269,-18.3788891,0.399981052,-37.1093712,-10.4318686,0.349978238,31.410696,72.6248856,0.39997527,-38.4093971,-54.9095917,0.399972111,8.8547411,-91.3987503,0.424968749,-29.2911415,66.5135422,0.449965179,36.0254288,2.50879812,0.399961442
816,-46.8340912,-2.32108391e-06,0.299983621,111.573753,-18.4032764,0.399981052,-37.1594162,-10.4452505,0.349978238,31.4514236,72.7231979,0.39997527,-38.4630737,-54.9836922,0.399972111,8.8638649,-91.5247498,0.424968749,-29.3343468,66.6055908,0.449965179,36.0715752,2.51311874,0.399961442
817,-46.8953133,-2.32411799e-06,0.299983621,111.720238,-18.4276638,0.399981052,-37.2094612,-10.4586325,0.349978238,31.4921513,72.8215103,0.39997527,-38.5167503,-55.0577927,0.399972111,8.8729887,-91.6507492,0.424968749,-29.377552,66.6976395,0.449965179,36.1177216,2.51743937,0.399961442
818,-46.9565353,-2.32715206e-06,0.299983621,111.866722,-18.4520512,0.399981052,-37.2595062,-10.4720144,0.349978238,31.5328789,72.9198227,0.39997527,-38.5704269,-55.1318932,0.399972111,8.8821125,-91.7767487,0.424968749,-29.4207573,66.7896881,0.449965179,36.163868,2.52175999,0.399961442
819,-47.0177574,-2.33018613e-06,0.299983621,112.013206,-18.4764385,0.399981052,-37.3095512,-10.4853964,0.349978238,31.5736065,73.0181351,0.39997527,-38.6241035,-55.2059937,0.399972111,8.89123631,-91.9027481,0.424968749,-29.4639626,66.8817368,0.449965179,36.2100143,2.52608061,0.399961442
820,-47.0789795,-2.33322021e-06,0.299983621,112.159691,-18.5008259,0.399981052,-37.3595963,-10.4987783,0.349978238,31.6143341,73.1164474,0.39997527,-38.6777802,-55.2800941,0.399972111,8.90036011,-92.0287476,0.424968749,-29.5071678,66.9737854,0.449965179,36.2561607,2.53040123,0.399961442
821,-47.1402016,-2.33625428e-06,0.299983621,112.306175,-18.5252132,0.399981052,-37.4096413,-10.5121603,0.349978238,31.6550617,73.2147598,0.39997527,-38.7314568,-55.3541946,0.399972111,8.90948391,-92.154747,0.424968749,-29.5503731,67.065834,0.449965179,36.3023071,2.53472185,0.399961442
822,-47.2014236,-2.33928836e-06,0.299983621,112.45266,-18.5496006,0.399981052,-37.4596863,-10.5255423,0.349978238,31.6957893,73.3130722,0.39997527,-38.7851334,-55.4282951,0.399972111,8.91860771,-92.2807465,0.424968749,-29.5935783,67.1578827,0.449965179,36.3484535,2.53904247,0.399961442
823,-47.2626457,-2.34232243e-06,0.299983621,112.599144,-18.573988,0.399981052,-37.5097313,-10.5389242,0.349978238,31.736517,73.4113846,0.39997527,-38.83881,-55.5023956,0.399972111,8.92773151,-92.4067459,0.424968749,-29.6367836,67.2499313,0.449965179,36.3945999,2.54336309,0.399961442
824,-47.3238678,-2.34535651e-06,0.299983621,112.745628,-18.5983753,0.399981052,-37.5597763,-10.5523062,0.349978238,31.7772446,73.509697,0.39997527,-38.8924866,-55.5764961,0.399972111,8.93685532,-92.5327454,0.424968749,-29.6799889,67.34198,0.449965179,36.4407463,2.54768372,0.399961442
825,-47.3850899,-2.34839058e-06,0.299983621,112.892113,-18.6227627,0.399981052,-37.6098213,-10.5656881,0.349978238,31.8179722,73.6080093,0.39997527,-38.9461632,-55.6505966,0.399972111,8.94597912,-92.6587448,0.424968749,-29.7231941,67.4340286,0.449965179,36.4868927,2.55200434,0.399961442
826,-47.446312,-2.35142465e-06,0.299983621,113.038597,-18.64715,0.399981052,-37.6598663,-10.5790701,0.349978238,31.8586998,73.7063217,0.39997527,-38.9998398,-55.7246971,0.399972111,8.95510292,-92.7847443,0.424968749,-29.7663994,67.5260773,0.449965179,36.5330391,2.55632496,0.399961442
827,-47.507534,-2.35445873e-06,0.299983621,113.185081,-18.6715374,0.399981052,-37.7099113,-10.592452,0.349978238,31.8994274,73.8046341,0.39997527,-39.0535164,-55.7987976,0.399972111,8.96422672,-92.9107437,0.424968749,-29.8096046,67.6181259,0.449965179,36.5791855,2.56064558,0.399961442
828,-47.5687561,-2.3574928e-06,0.299983621,113.331566,-18.6959248,0.399981052,-37.7599564,-10.605834,0.349978238,31.940155,73.9029465,0.39997527,-39.107193,-55.8728981,0.399972111,8.97335052,-93.0367432,0.424968749,-29.8528099,67.7101746,0.449965179,36.6253319,2.5649662,0.399961442
829,-47.6299782,-2.36052688e-06,0.299983621,113.47805,-18.7203121,0.399981052,-37.8100014,-10.619216,0.349978238,31.9808826,74.0012589,0.39997527,-39.1608696,-55.9469986,0.399972111,8.98247433,-93.1627426,0.424968749,-29.8960152,67.8022232,0.449965179,36.6714783,2.56928682,0.399961442
830,-47.6912003,-2.36356095e-06,0.299983621,113.624535,-18.7446995,0.399981052,-37.8600464,-10.6325979,0.349978238,32.0216103,74.0995712,0.39997527,-39.2145462,-56.0210991,0.399972111,8.99159813,-93.2887421,0.424968749,-29.9392204,67.8942719,0.449965179,36.7176247,2.57360744,0.399961442
831,-47.7524223,-2.36659503e-06,0.299983621,113.771019,-18.7690868,0.399981052,-37.9100914,-10.6459799,0.349978238,32.062336,74.1978836,0.39997527,-39.2682228,-56.0951996,0.399972111,9.00072193,-93.4147415,0.424968749,-29.9824257,67.9863205,0.449965179,36.7637711,2.57792807,0.399961442
832,-47.8136444,-2.3696291e-06,0.299983621,113.917503,-18.7934742,0.399981052,-37.9601364,-10.6593618,0.349978238,32.1030617,74.296196,0.39997527,-39.3218994,-56.1693001,0.399972111,9.00984573,-93.540741,0.424968749,-30.025631,68.0783691,0.449965179,36.8099174,2.58224869,0.399961442
833,-47.8748665,-2.37266318e-06,0.299983621,114.063988,-18.8178616,0.399981052,-38.0101814,-10.6727438,0.349978238,32.1437874,74.3945084,0.39997527,-39.375576,-56.2434006,0.399972111,9.01896954,-93.6667404,0.424968749,-30.0688362,68.1704178,0.449965179,36.8560638,2.58656931,0.399961442
834,-47.9360886,-2.37569725e-06,0.299983621,114.210472,-18.8422489,0.399981052,-38.0602264,-10.6861258,0.349978238,32.1845131,74.4928207,0.39997527,-39.4292526,-56.3175011,0.399972111,9.02809334,-93.7927399,0.424968749,-30.1120415,68.2624664,0.449965179,36.9022102,2.59088993,0.399961442
835,-47.9973106,-2.37873132e-06,0.299983621,114.356956,-18.8666363,0.399981052,-38.1102715,-10.6995077,0.349978238,32.2252388,74.5911331,0.39997527,-39.4829292,-56.3916016,0.399972111,9.03721714,-93.9187393,0.424968749,-30.1552467,68.3545151,0.449965179,36.9483566,2.59521055,0.399961442
836,-48.0585327,-2.3817654e-06,0.299983621,114.503441,-18.8910236,0.399981052,-38.1603165,-10.7128897,0.349978238,32.2659645,74.6894455,0.39997527,-39.5366058,-56.4657021,0.399972111,9.04634094,-94.0447388,0.424968749,-30.198452,68.4465637,0.449965179,36.994503,2.59953117,0.399961442
837,-48.1197548,-2.38479947e-06,0.299983621,114.649925,-18.915411,0.399981052,-38.2103615,-10.7262716,0.349978238,32.3066902,74.7877579,0.39997527,-39.5902824,-56.5398026,0.399972111,9.05546474,-94.1707382,0.424968749,-30.2416573,68.5386124,0.449965179,37.0406494,2.6038518,0.399961442
838,-48.1809769,-2.38783355e-06,0.299983621,114.79641,-18.9397984,0.399981052,-38.2604065,-10.7396536,0.349978238,32.3474159,74.8860703,0.39997527,-39.643959,-56.613903,0.399972111,9.06458855,-94.2967377,0.424968749,-30.2848625,68.630661,0.449965179,37.0867958,2.60817242,0.399961442
839,-48.2421989,-2.39086762e-06,0.299983621,114.942894,-18.9641857,0.399981052,-38.3104515,-10.7530355,0.349978238,32.3881416,74.9843826,0.39997527,-39.6976357,-56.6880035,0.399972111,9.07371235,-94.4227371,0.424968749,-30.3280678,68.7227097,0.449965179,37.1329422,2.61249304,0.399961442
840,-48.303421,-2.3939017e-06,0.299983621,115.089378,-18.9885731,0.399981052,-38.3604965,-10.7664175,0.349978238,32.4288673,75.082695,0.39997527,-39.7513123,-56.762104,0.399972111,9.08283615,-94.5487366,0.424968749,-30.371273,68.8147583,0.449965179,37.1790886,2.61681366,0.399961442
841,-48.3646431,-2.39693577e-06,0.299983621,115.235863,-19.0129604,0.399981052,-38.4105415,-10.7797995,0.349978238,32.469593,75.1810074,0.39997527,-39.8049889,-56.8362045,0.399972111,9.09195995,-94.674736,0.424968749,-30.4144783,68.9068069,0.449965179,37.225235,2.62113428,0.399961442
842,-48.4258652,-2.39996984e-06,0.299983621,115.382347,-19.0373478,0.399981052,-38.4605865,-10.7931814,0.349978238,32.5103188,75.2793198,0.39997527,-39.8586655,-56.910305,0.399972111,9.10108376,-94.8007355,0.424968749,-30.4576836,68.9988556,0.449965179,37.2713814,2.6254549,0.399961442
843,-48.4870872,-2.40300392e-06,0.299983621,115.528831,-19.0617352,0.399981052,-38.5106316,-10.8065634,0.349978238,32.5510445,75.3776321,0.39997527,-39.9123421,-56.9844055,0.399972111,9.11020756,-94.9267349,0.424968749,-30.5008888,69.0909042,0.449965179,37.3175278,2.62977552,0.399961442
844,-48.5483093,-2.40603799e-06,0.299983621,115.675316,-19.0861225,0.399981052,-38.5606766,-10.8199453,0.349978238,32.5917702,75.4759445,0.39997527,-39.9660187,-57.058506,0.399972111,9.11933136,-95.0527344,0.424968749,-30.5440941,69.1829529,0.449965179,37.3636742,2.63409615,0.399961442
845,-48.6095314,-2.40907207e-06,0.299983621,115.8218,-19.1105099,0.399981052,-38.6107216,-10.8333273,0.349978238,32.6324959,75.5742569,0.39997527,-40.0196953,-57.1326065,0.399972111,9.12845516,-95.1787338,0.424968749,-30.5872993,69.2750015,0.449965179,37.4098206,2.63841677,0.399961442
846,-48.6707535,-2.41210614e-06,0.299983621,115.968285,-19.1348972,0.399981052,-38.6607666,-10.8467093,0.349978238,32.6732216,75.6725693,0.39997527,-40.0733719,-57.206707,0.399972111,9.13757896,-95.3047333,0.424968749,-30.6305046,69.3670502,0.449965179,37.4559669,2.64273739,0.399961442
847,-48.7319756,-2.41514022e-06,0.299983621,116.114769,-19.1592846,0.399981052,-38.7108116,-10.8600912,0.349978238,32.7139473,75.7708817,0.39997527,-40.1270485,-57.2808075,0.399972111,9.14670277,-95.4307327,0.424968749,-30.6737099,69.4590988,0.449965179,37.5021133,2.64705801,0.399961442
848,-48.7931976,-2.41817429e-06,0.299983621,116.261253,-19.183672,0.399981052,-38.7608566,-10.8734732,0.349978238,32.754673,75.869194,0.39997527,-40.1807251,-57.354908,0.399972111,9.15582657,-95.5567322,0.424968749,-30.7169151,69.5511475,0.449965179,37.5482597,2.65137863,0.399961442
849,-48.8544197,-2.42120836e-06,0.299983621,116.407738,-19.2080593,0.399981052,-38.8109016,-10.8868551,0.349978238,32.7953987,75.9675064,0.39997527,-40.2344017,-57.4290085,0.399972111,9.16495037,-95.6827316,0.424968749,-30.7601204,69.6431961,0.449965179,37.5944061,2.65569925,0.399961442
850,-48.9156418,-2.42424244e-06,0.299983621,116.554222,-19.2324467,0.399981052,-38.8609467,-10.9002371,0.349978238,32.8361244,76.0658188,0.39997527,-40.2880783,-57.503109,0.399972111,9.17407417,-95.8087311,0.424968749,-30.8033257,69.7352448,0.449965179,37.6405525,2.66001987,0.399961442
851,-48.9768639,-2.42727651e-06,0.299983621,116.700706,-19.256834,0.399981052,-38.9109917,-10.913619,0.349978238,32.8768501,76.1641312,0.39997527,-40.3417549,-57.5772095,0.399972111,9.18319798,-95.9347305,0.424968749,-30.8465309,69.8272934,0.449965179,37.6866989,2.6643405,0.399961442
852,-49.0380859,-2.43031059e-06,0.299983621,116.847191,-19.2812214,0.399981052,-38.9610367,-10.927001,0.349978238,32.9175758,76.2624435,0.39997527,-40.3954315,-57.65131,0.399972111,9.19232178,-96.06073,0.424968749,-30.8897362,69.919342,0.449965179,37.7328453,2.66866112,0.399961442
853,-49.099308,-2.43334466e-06,0.299983621,116.993675,-19.3056087,0.399981052,-39.0110817,-10.940383,0.349978238,32.9583015,76.3607559,0.39997527,-40.4491081,-57.7254105,0.399972111,9.20144558,-96.1867294,0.424968749,-30.9329414,70.0113907,0.449965179,37.7789917,2.67298174,0.399961442
854,-49.1605301,-2.43637874e-06,0.299983621,117.14016,-19.3299961,0.399981052,-39.0611267,-10.9537649,0.349978238,32.9990273,76.4590683,0.39997527,-40.5027847,-57.799511,0.399972111,9.21056938,-96.3127289,0.424968749,-30.9761467,70.1034393,0.449965179,37.8251381,2.67730236,0.399961442
855,-49.2217522,-2.43941281e-06,0.299983621,117.286644,-19.3543835,0.399981052,-39.1111717,-10.9671469,0.349978238,33.039753,76.5573807,0.39997527,-40.5564613,-57.8736115,0.399972111,9.21969318,-96.4387283,0.424968749,-31.019352,70.195488,0.449965179,37.8712845,2.68162298,0.399961442
856,-49.2829742,-2.44244688e-06,0.299983621,117.433128,-19.3787708,0.399981052,-39.1612167,-10.9805288,0.349978238,33.0804787,76.6556931,0.39997527,-40.6101379,-57.9477119,0.399972111,9.22881699,-96.5647278,0.424968749,-31.0625572,70.2875366,0.449965179,37.9174309,2.6859436,0.399961442
857,-49.3441963,-2.44548096e-06,0.299983621,117.579613,-19.4031582,0.399981052,-39.2112617,-10.9939108,0.349978238,33.1212044,76.7540054,0.39997527,-40.6638145,-58.0218124,0.399972111,9.23794079,-96.6907272,0.424968749,-31.1057625,70.3795853,0.449965179,37.9635773,2.69026423,0.399961442
858,-49.4054184,-2.44851503e-06,0.299983621,117.726097,-19.4275455,0.399981052,-39.2613068,-11.0072927,0.349978238,33.1619301,76.8523178,0.39997527,-40.7174911,-58.0959129,0.399972111,9.24706459,-96.8167267,0.424968749,-31.1489677,70.4716339,0.449965179,38.0097237,2.69458485,0.399961442
859,-49.4666405,-2.45154911e-06,0.299983621,117.872581,-19.4519329,0.399981052,-39.3113518,-11.0206747,0.349978238,33.2026558,76.9506302,0.39997527,-40.7711678,-58.1700134,0.399972111,9.25618839,-96.9427261,0.424968749,-31.192173,70.5636826,0.449965179,38.0558701,2.69890547,0.399961442
860,-49.5278625,-2.45458318e-06,0.299983621,118.019066,-19.4763203,0.399981052,-39.3613968,-11.0340567,0.349978238,33.2433815,77.0489426,0.39997527,-40.8248444,-58.2441139,0.399972111,9.26531219,-97.0687256,0.424968749,-31.2353783,70.6557312,0.449965179,38.1020164,2.70322609,0.399961442
861,-49.5890846,-2.45761726e-06,0.299983621,118.16555,-19.5007076,0.399981052,-39.4114418,-11.0474386,0.349978238,33.2841072,77.1472549,0.39997527,-40.878521,-58.3182144,0.399972111,9.274436,-97.194725,0.424968749,-31.2785835,70.7477798,0.449965179,38.1481628,2.70754671,0.399961442
862,-49.6503067,-2.46065133e-06,0.299983621,118.312035,-19.525095,0.399981052,-39.4614868,-11.0608206,0.349978238,33.3248329,77.2455673,0.39997527,-40.9321976,-58.3923149,0.399972111,9.2835598,-97.3207245,0.424968749,-31.3217888,70.8398285,0.449965179,38.1943092,2.71186733,0.399961442
863,-49.7115288,-2.46368541e-06,0.299983621,118.458519,-19.5494823,0.399981052,-39.5115318,-11.0742025,0.349978238,33.3655586,77.3438797,0.39997527,-40.9858742,-58.4664154,0.399972111,9.2926836,-97.4467239,0.424968749,-31.364994,70.9318771,0.449965179,38.2404556,2.71618795,0.399961442
864,-49.7727509,-2.46671948e-06,0.299983621,118.605003,-19.5738697,0.399981052,-39.5615768,-11.0875845,0.349978238,33.4062843,77.4421921,0.39997527,-41.0395508,-58.5405159,0.399972111,9.3018074,-97.5727234,0.424968749,-31.4081993,71.0239258,0.449965179,38.286602,2.72050858,0.399961442
865,-49.8339729,-2.46975355e-06,0.299983621,118.751488,-19.5982571,0.399981052,-39.6116219,-11.1009665,0.349978238,33.44701,77.5405045,0.39997527,-41.0932274,-58.6146164,0.399972111,9.31093121,-97.6987228,0.424968749,-31.4514046,71.1159744,0.449965179,38.3327484,2.7248292,0.399961442
866,-49.895195,-2.47278763e-06,0.299983621,118.897972,-19.6226444,0.399981052,-39.6616669,-11.1143484,0.349978238,33.4877357,77.6388168,0.39997527,-41.146904,-58.6887169,0.399972111,9.32005501,-97.8247223,0.424968749,-31.4946098,71.2080231,0.449965179,38.3788948,2.72914982,0.399961442
867,-49.9564171,-2.4758217e-06,0.299983621,119.044456,-19.6470318,0.399981052,-39.7117119,-11.1277304,0.349978238,33.5284615,77.7371292,0.39997527,-41.2005806,-58.7628174,0.399972111,9.32917881,-97.9507217,0.424968749,-31.5378151,71.3000717,0.449965179,38.4250412,2.73347044,0.399961442
868,-50.0176392,-2.47885578e-06,0.299983621,119.190941,-19.6714191,0.399981052,-39.7617569,-11.1411123,0.349978238,33.5691872,77.8354416,0.39997527,-41.2542572,-58.8369179,0.399972111,9.33830261,-98.0767212,0.424968749,-31.5810204,71.3921204,0.449965179,38.4711876,2.73779106,0.399961442
869,-50.0788612,-2.48188985e-06,0.299983621,119.337425,-19.6958065,0.399981052,-39.8118019,-11.1544943,0.349978238,33.6099129,77.933754,0.39997527,-41.3079338,-58.9110184,0.399972111,9.34742641,-98.2027206,0.424968749,-31.6242256,71.484169,0.449965179,38.517334,2.74211168,0.399961442
870,-50.1400833,-2.48492393e-06,0.299983621,119.48391,-19.7201939,0.399981052,-39.8618469,-11.1678762,0.349978238,33.6506386,78.0320663,0.39997527,-41.3616104,-58.9851189,0.399972111,9.35655022,-98.3287201,0.424968749,-31.6674309,71.5762177,0.449965179,38.5634804,2.7464323,0.399961442
871,-50.2013054,-2.487958e-06,0.299983621,119.630394,-19.7445812,0.399981052,-39.9118919,-11.1812582,0.349978238,33.6913643,78.1303787,0.39997527,-41.415287,-59.0592194,0.399972111,9.36567402,-98.4547195,0.424968749,-31.7106361,71.6682663,0.449965179,38.6096268,2.75075293,0.399961442
872,-50.2625275,-2.49099207e-06,0.299983621,119.776878,-19.7689686,0.399981052,-39.961937,-11.1946402,0.349978238,33.73209,78.2286911,0.39997527,-41.4689636,-59.1333199,0.399972111,9.37479782,-98.580719,0.424968749,-31.7538414,71.7603149,0.449965179,38.6557732,2.75507355,0.399961442
873,-50.3237495,-2.49402615e-06,0.299983621,119.923363,-19.7933559,0.399981052,-40.011982,-11.2080221,0.349978238,33.7728157,78.3270035,0.39997527,-41.5226402,-59.2074203,0.399972111,9.38392162,-98.7067184,0.424968749,-31.7970467,71.8523636,0.449965179,38.7019196,2.75939417,0.399961442
874,-50.3849716,-2.49706022e-06,0.299983621,120.069847,-19.8177433,0.399981052,-40.062027,-11.2214041,0.349978238,33.8135414,78.4253159,0.39997527,-41.5763168,-59.2815208,0.399972111,9.39304543,-98.8327179,0.424968749,-31.8402519,71.9444122,0.449965179,38.7480659,2.76371479,0.399961442
875,-50.4461937,-2.5000943e-06,0.299983621,120.216331,-19.8421307,0.399981052,-40.112072,-11.234786,0.349978238,33.8542671,78.5236282,0.39997527,-41.6299934,-59.3556213,0.399972111,9.40216923,-98.9587173,0.424968749,-31.8834572,72.0364609,0.449965179,38.7942123,2.76803541,0.399961442
876,-50.5074158,-2.50312837e-06,0.299983621,120.362816,-19.866518,0.399981052,-40.162117,-11.248168,0.349978238,33.8949928,78.6219406,0.39997527,-41.68367,-59.4297218,0.399972111,9.41129303,-99.0847168,0.424968749,-31.9266624,72.1285095,0.449965179,38.8403587,2.77235603,0.399961442
877,-50.5686378,-2.50616245e-06,0.299983621,120.5093,-19.8909054,0.399981052,-40.212162,-11.2615499,0.349978238,33.9357185,78.720253,0.39997527,-41.7373466,-59.5038223,0.399972111,9.42041683,-99.2107162,0.424968749,-31.9698677,72.2205582,0.449965179,38.8865051,2.77667665,0.399961442
878,-50.6298599,-2.50919652e-06,0.299983621,120.655785,-19.9152927,0.399981052,-40.262207,-11.2749319,0.349978238,33.9764442,78.8185654,0.39997527,-41.7910233,-59.5779228,0.399972111,9.42954063,-99.3367157,0.424968749,-32.013073,72.3126068,0.449965179,38.9326515,2.78099728,0.399961442
879,-50.691082,-2.51223059e-06,0.299983621,120.802269,-19.9396801,0.399981052,-40.312252,-11.2883139,0.349978238,34.01717,78.9168777,0.39997527,-41.8446999,-59.6520233,0.399972111,9.43866444,-99.4627151,0.424968749,-32.0562782,72.4046555,0.449965179,38.9787979,2.7853179,0.399961442
880,-50.7523041,-2.51526467e-06,0.299983621,120.948753,-19.9640675,0.399981052,-40.3622971,-11.3016958,0.349978238,34.0578957,79.0151901,0.39997527,-41.8983765,-59.7261238,0.399972111,9.44778824,-99.5887146,0.424968749,-32.0994835,72.4967041,0.449965179,39.0249443,2.78963852,0.399961442
881,-50.8135262,-2.51829874e-06,0.299983621,121.095238,-19.9884548,0.399981052,-40.4123421,-11.3150778,0.349978238,34.0986214,79.1135025,0.39997527,-41.9520531,-59.8002243,0.399972111,9.45691204,-99.7147141,0.424968749,-32.1426888,72.5887527,0.449965179,39.0710907,2.79395914,0.399961442
882,-50.8747482,-2.52133282e-06,0.299983621,121.241722,-20.0128422,0.399981052,-40.4623871,-11.3284597,0.349978238,34.1393471,79.2118149,0.39997527,-42.0057297,-59.8743248,0.399972111,9.46603584,-99.8407135,0.424968749,-32.185894,72.6808014,0.449965179,39.1172371,2.79827976,0.399961442
883,-50.9359703,-2.52436689e-06,0.299983621,121.388206,-20.0372295,0.399981052,-40.5124321,-11.3418417,0.349978238,34.1800728,79.3101273,0.39997527,-42.0594063,-59.9484253,0.399972111,9.47515965,-99.966713,0.424968749,-32.2290993,72.77285,0.449965179,39.1633835,2.80260038,0.399961442
884,-50.9971924,-2.52740097e-06,0.299983621,121.534691,-20.0616169,0.399981052,-40.5624771,-11.3552237,0.349978238,34.2207985,79.4084396,0.39997527,-42.1130829,-60.0225258,0.399972111,9.48428345,-100.092712,0.424968749,-32.2723045,72.8648987,0.449965179,39.2095299,2.80692101,0.399961442
885,-51.0584145,-2.53043504e-06,0.299983621,121.681175,-20.0860043,0.399981052,-40.6125221,-11.3686056,0.349978238,34.2615242,79.506752,0.39997527,-42.1667595,-60.0966263,0.399972111,9.49340725,-100.218712,0.424968749,-32.3155098,72.9569473,0.449965179,39.2556763,2.81124163,0.399961442
886,-51.1196365,-2.53346911e-06,0.299983621,121.82766,-20.1103916,0.399981052,-40.6625671,-11.3819876,0.349978238,34.3022499,79.6050644,0.39997527,-42.2204361,-60.1707268,0.399972111,9.50253105,-100.344711,0.424968749,-32.3587151,73.048996,0.449965179,39.3018227,2.81556225,0.399961442
887,-51.1808586,-2.53650319e-06,0.299983621,121.974144,-20.134779,0.399981052,-40.7126122,-11.3953695,0.349978238,34.3429756,79.7033768,0.39997527,-42.2741127,-60.2448273,0.399972111,9.51165485,-100.470711,0.424968749,-32.4019203,73.1410446,0.449965179,39.3479691,2.81988287,0.399961442
888,-51.2420807,-2.53953726e-06,0.299983621,122.120628,-20.1591663,0.399981052,-40.7626572,-11.4087515,0.349978238,34.3837013,79.8016891,0.39997527,-42.3277893,-60.3189278,0.399972111,9.52077866,-100.59671,0.424968749,-32.4451256,73.2330933,0.449965179,39.3941154,2.82420349,0.399961442
889,-51.3033028,-2.54257134e-06,0.299983621,122.267113,-20.1835537,0.399981052,-40.8127022,-11.4221334,0.349978238,34.424427,79.9000015,0.39997527,-42.3814659,-60.3930283,0.399972111,9.52990246,-100.72271,0.424968749,-32.4883308,73.3251419,0.449965179,39.4402618,2.82852411,0.399961442
890,-51.3645248,-2.54560541e-06,0.299983621,122.413597,-20.2079411,0.399981052,-40.8627472,-11.4355154,0.349978238,34.4651527,79.9983139,0.39997527,-42.4351425,-60.4671288,0.399972111,9.53902626,-100.848709,0.424968749,-32.5315361,73.4171906,0.449965179,39.4864082,2.83284473,0.399961442
891,-51.4257469,-2.54863949e-06,0.299983621,122.560081,-20.2323284,0.399981052,-40.9127922,-11.4488974,0.349978238,34.5058784,80.0966263,0.39997527,-42.4888191,-60.5412292,0.399972111,9.54815006,-100.974709,0.424968749,-32.5747414,73.5092392,0.449965179,39.5325546,2.83716536,0.399961442
892,-51.486969,-2.55167356e-06,0.299983621,122.706566,-20.2567158,0.399981052,-40.9628372,-11.4622793,0.349978238,34.5466042,80.1949387,0.39997527,-42.5424957,-60.6153297,0.399972111,9.55727386,-101.100708,0.424968749,-32.6179466,73.6012878,0.449965179,39.578701,2.84148598,0.399961442
893,-51.5481911,-2.55470763e-06,0.299983621,122.85305,-20.2811031,0.399981052,-41.0128822,-11.4756613,0.349978238,34.5873299,80.293251,0.39997527,-42.5961723,-60.6894302,0.399972111,9.56639767,-101.226707,0.424968749,-32.6611519,73.6933365,0.449965179,39.6248474,2.8458066,0.399961442
894,-51.6094131,-2.55774171e-06,0.299983621,122.999535,-20.3054905,0.399981052,-41.0629272,-11.4890432,0.349978238,34.6280556,80.3915634,0.39997527,-42.6498489,-60.7635307,0.399972111,9.57552147,-101.352707,0.424968749,-32.7043571,73.7853851,0.449965179,39.6709938,2.85012722,0.399961442
895,-51.6706352,-2.56077578e-06,0.299983621,123.146019,-20.3298779,0.399981052,-41.1129723,-11.5024252,0.349978238,34.6687813,80.4898758,0.39997527,-42.7035255,-60.8376312,0.399972111,9.58464527,-101.478706,0.424968749,-32.7475624,73.8774338,0.449965179,39.7171402,2.85444784,0.399961442
896,-51.7318573,-2.56380986e-06,0.299983621,123.292503,-20.3542652,0.399981052,-41.1630173,-11.5158072,0.349978238,34.709507,80.5881882,0.39997527,-42.7572021,-60.9117317,0.399972111,9.59376907,-101.604706,0.424968749,-32.7907677,73.9694824,0.449965179,39.7632866,2.85876846,0.399961442
897,-51.7930794,-2.56684393e-06,0.299983621,123.438988,-20.3786526,0.399981052,-41.2130623,-11.5291891,0.349978238,34.7502327,80.6865005,0.39997527,-42.8108788,-60.9858322,0.399972111,9.60289288,-101.730705,0.424968749,-32.8339729,74.0615311,0.449965179,39.809433,2.86308908,0.399961442
898,-51.8543015,-2.56987801e-06,0.299983621,123.585472,-20.4030399,0.399981052,-41.2631073,-11.5425711,0.349978238,34.7909584,80.7848129,0.39997527,-42.8645554,-61.0599327,0.399972111,9.61201668,-101.856705,0.424968749,-32.8771782,74.1535797,0.449965179,39.8555794,2.86740971,0.399961442
899,-51.9155235,-2.57291208e-06,0.299983621,123.731956,-20.4274273,0.399981052,-41.3131523,-11.555953,0.349978238,34.8316841,80.8831253,0.39997527,-42.918232,-61.1340332,0.399972111,9.62114048,-101.982704,0.424968749,-32.9203835,74.2456284,0.449965179,39.9017258,2.87173033,0.399961442
