step,b0_x,b0_y,b0_z,b1_x,b1_y,b1_z,b2_x,b2_y,b2_z,b3_x,b3_y,b3_z,b4_x,b4_y,b4_z,b5_x,b5_y,b5_z,b6_x,b6_y,b6_z,b7_x,b7_y,b7_z
0,0,0,2.99727511,0.316666663,0.124999993,4.69727468,0.620000005,0.249999985,6.39727497,0.936666667,0,8.09727573,1.24000001,0.124999993,9.79727554,1.55666661,0.249999985,11.4972754,1.86000001,0,13.1972761,2.17666674,0.124999993,14.8972759
1,0,0,2.9918251,0.323333323,0.11999999,4.69182491,0.620000005,0.23999998,6.3918252,0.943333328,0,8.09182549,1.24000001,0.11999999,9.79182529,1.56333327,0.23999998,11.4918251,1.86000001,0,13.1918259,2.1833334,0.11999999,14.8918257
2,0,0,2.98365021,0.329999983,0.114999987,4.68365002,0.620000005,0.229999974,6.3836503,0.949999988,0,8.08365059,1.24000001,0.114999987,9.7836504,1.56999993,0.229999974,11.4836502,1.86000001,0,13.183651,2.19000006,0.114999987,14.8836508
3,0,0,2.97275019,0.336666644,0.109999985,4.67275,0.620000005,0.219999969,6.37275028,0.956666648,0,8.07275105,1.24000001,0.109999985,9.77275085,1.57666659,0.219999969,11.4727507,1.86000001,0,13.1727514,2.19666672,0.109999985,14.8727512
4,0,0,2.95912528,0.343333304,0.104999982,4.65912485,0.620000005,0.209999964,6.35912514,0.963333309,0,8.0591259,1.24000001,0.104999982,9.75912571,1.58333325,0.209999964,11.4591255,1.86000001,0,13.1591263,2.20333338,0.104999982,14.8591261
5,0,0,2.94277525,0.349999964,0.0999999791,4.64277506,0.620000005,0.199999958,6.34277534,0.969999969,0,8.04277611,1.24000001,0.0999999791,9.74277592,1.58999991,0.199999958,11.4427757,1.86000001,0,13.1427765,2.21000004,0.0999999791,14.8427763
6,0,0,2.92370033,0.356666625,0.0949999765,4.62370014,0.620000005,0.189999953,6.32370043,0.976666629,0,8.02370071,1.24000001,0.0949999765,9.72370052,1.59666657,0.189999953,11.4237003,1.86000001,0,13.1237011,2.2166667,0.0949999765,14.8237009
7,0,0,2.90190029,0.363333285,0.0899999738,4.6019001,0.620000005,0.179999948,6.30190039,0.98333329,0,8.00190067,1.24000001,0.0899999738,9.70190048,1.60333323,0.179999948,11.4019003,1.86000001,0,13.1019011,2.22333336,0.0899999738,14.8019009
8,0,0,2.87737536,0.369999945,0.0849999711,4.57737494,0.620000005,0.169999942,6.27737522,0.98999995,0,7.97737551,1.24000001,0.0849999711,9.67737579,1.6099999,0.169999942,11.3773756,1.86000001,0,13.0773764,2.23000002,0.0849999711,14.7773762
9,0,0,2.85012531,0.376666605,0.0799999684,4.55012512,0.620000005,0.159999937,6.25012541,0.99666661,0,7.95012569,1.24000001,0.0799999684,9.6501255,1.61666656,0.159999937,11.3501253,1.86000001,0,13.0501261,2.23666668,0.0799999684,14.7501259
10,0,0,2.82015038,0.383333266,0.0749999657,4.52015018,0.620000005,0.149999931,6.22015047,1.00333333,0,7.92015076,1.24000001,0.0749999657,9.62015057,1.62333322,0.149999931,11.3201504,1.86000001,0,13.0201511,2.24333334,0.0749999657,14.7201509
11,0,0,2.78745031,0.389999926,0.069999963,4.48745012,0.620000005,0.139999926,6.18745041,1.00999999,0,7.8874507,1.24000001,0.069999963,9.58745098,1.62999988,0.139999926,11.2874508,1.86000001,0,12.9874516,2.25,0.069999963,14.6874514
12,0,0,2.75202537,0.396666586,0.0649999604,4.45202494,0.620000005,0.129999921,6.15202522,1.01666665,0,7.85202551,1.24000001,0.0649999604,9.55202579,1.63666654,0.129999921,11.2520256,1.86000001,0,12.9520264,2.25666666,0.0649999604,14.6520262
13,0,0,2.71387529,0.403333247,0.0599999614,4.4138751,0.620000005,0.119999923,6.11387539,1.02333331,0,7.81387568,1.24000001,0.0599999614,9.51387596,1.6433332,0.119999923,11.2138758,1.86000001,0,12.9138765,2.26333332,0.0599999614,14.6138763
14,0,0,2.67300034,0.409999907,0.0549999624,4.37300014,0.620000005,0.109999925,6.07300043,1.02999997,0,7.77300072,1.24000001,0.0549999624,9.47300053,1.64999986,0.109999925,11.1730003,1.86000001,0,12.8730011,2.26999998,0.0549999624,14.5730009
15,0,0,2.62940025,0.416666567,0.0499999635,4.32940006,0.620000005,0.099999927,6.02940035,1.03666663,0,7.72940063,1.24000001,0.0499999635,9.42940044,1.65666652,0.099999927,11.1294003,1.86000001,0,12.829401,2.27666664,0.0499999635,14.5294008
16,0,0,2.58307528,0.423333228,0.0449999645,4.28307486,0.620000005,0.0899999291,5.98307514,1.04333329,0,7.68307543,1.24000001,0.0449999645,9.38307571,1.66333318,0.0899999291,11.0830755,1.86000001,0,12.7830763,2.2833333,0.0449999645,14.4830761
17,0,0,2.53402519,0.429999888,0.0399999656,4.234025,0.620000005,0.0799999312,5.93402529,1.04999995,0,7.63402557,1.24000001,0.0399999656,9.33402538,1.66999984,0.0799999312,11.0340252,1.86000001,0,12.734026,2.28999996,0.0399999656,14.4340258
18,0,0,2.48225021,0.436666548,0.0349999666,4.18225002,0.620000005,0.0699999332,5.88225031,1.05666661,0,7.5822506,1.24000001,0.0349999666,9.2822504,1.6766665,0.0699999332,10.9822502,1.86000001,0,12.682251,2.29666662,0.0349999666,14.3822508
19,0,0,2.42775011,0.443333209,0.0299999658,4.12774992,0.620000005,0.0599999316,5.82775021,1.06333327,0,7.52775049,1.24000001,0.0299999658,9.22775078,1.68333316,0.0599999316,10.9277506,1.86000001,0,12.6277514,2.30333328,0.0299999658,14.3277512
20,0,0,2.37052512,0.449999869,0.024999965,4.07052469,0.620000005,0.04999993,5.77052498,1.06999993,0,7.47052526,1.24000001,0.024999965,9.17052555,1.68999982,0.04999993,10.8705254,1.86000001,0,12.5705261,2.30999994,0.024999965,14.2705259
21,0,0,2.31057501,0.456666529,0.0199999642,4.01057482,0.620000005,0.0399999283,5.7105751,1.07666659,0,7.41057539,1.24000001,0.0199999642,9.11057568,1.69666648,0.0399999283,10.8105755,1.86000001,0,12.5105762,2.3166666,0.0199999642,14.2105761
22,0,0,2.24790001,0.463333189,0.0149999633,3.94789982,0.620000005,0.0299999267,5.6479001,1.08333325,0,7.34790039,1.24000001,0.0149999633,9.0479002,1.70333314,0.0299999267,10.7479,1.86000001,0,12.4479008,2.32333326,0.0149999633,14.1479006
23,0,0,2.18249989,0.46999985,0.00999996252,3.88249969,0.620000005,0.019999925,5.58249998,1.08999991,0,7.28250027,1.24000001,0.00999996252,8.98250008,1.7099998,0.019999925,10.6824999,1.86000001,0,12.3825006,2.32999992,0.00999996252,14.0825005
24,0,0,2.11437488,0.47666651,0.00499996217,3.81437469,0.620000005,0.00999992434,5.51437473,1.09666657,0,7.21437502,1.24000001,0.00499996217,8.91437531,1.71666646,0.00999992434,10.6143751,1.86000001,0,12.3143759,2.33666658,0.00499996217,14.0143757
25,0,0,2.04352474,0.48333317,-3.82897767e-08,3.74352455,0.620000005,-7.65795534e-08,5.44352484,1.10333323,0,7.14352512,1.24000001,-3.82897767e-08,8.84352493,1.72333312,-7.65795534e-08,10.5435247,1.86000001,0,12.2435255,2.34333324,-3.82897767e-08,13.9435253
26,0,0,1.96994972,0.489999831,-0.00500003854,3.66994953,0.620000005,-0.0100000771,5.36994982,1.1099999,0,7.0699501,1.24000001,-0.00500003854,8.76994991,1.72999978,-0.0100000771,10.4699497,1.86000001,0,12.1699505,2.3499999,-0.00500003854,13.8699503
27,0,0,1.8936497,0.496666491,-0.0100000389,3.59364963,0.620000005,-0.0200000778,5.29364967,1.11666656,0,6.99364996,1.24000001,-0.0100000389,8.69365025,1.73666644,-0.0200000778,10.3936501,1.86000001,0,12.0936508,2.35666656,-0.0100000389,13.7936506
28,0,0,1.81462467,0.503333151,-0.0150000397,3.5146246,0.620000005,-0.0300000794,5.21462488,1.12333322,0,6.91462517,1.24000001,-0.0150000397,8.61462498,1.7433331,-0.0300000794,10.3146248,1.86000001,0,12.0146255,2.36333323,-0.0150000397,13.7146254
29,0,0,1.73287463,0.509999812,-0.0200000405,3.43287468,0.620000005,-0.0400000811,5.13287497,1.12999988,0,6.83287525,1.24000001,-0.0200000405,8.53287506,1.74999976,-0.0400000811,10.2328749,1.86000001,0,11.9328756,2.36999989,-0.0200000405,13.6328754
30,0,0,1.64839959,0.516666472,-0.0250000414,3.34839964,0.620000005,-0.0500000827,5.04839993,1.13666654,0,6.74840021,1.24000001,-0.0250000414,8.4484005,1.75666642,-0.0500000827,10.1484003,1.86000001,0,11.8484011,2.37666655,-0.0250000414,13.5484009
31,0,0,1.56119955,0.523333132,-0.0300000422,3.26119971,0.620000005,-0.0600000843,4.96119976,1.1433332,0,6.66120005,1.24000001,-0.0300000422,8.36120033,1.76333308,-0.0600000843,10.0612001,1.86000001,0,11.7612009,2.38333321,-0.0300000422,13.4612007
32,0,0,1.4712745,0.529999793,-0.0350000411,3.17127466,0.620000005,-0.0700000823,4.87127495,1.14999986,0,6.57127523,1.24000001,-0.0350000411,8.27127552,1.76999974,-0.0700000823,9.97127533,1.86000001,0,11.6712761,2.38999987,-0.0350000411,13.3712759
33,0,0,1.37862444,0.536666453,-0.0400000401,3.07862473,0.620000005,-0.0800000802,4.77862501,1.15666652,0,6.4786253,1.24000001,-0.0400000401,8.17862511,1.7766664,-0.0800000802,9.87862492,1.86000001,0,11.5786257,2.39666653,-0.0400000401,13.2786255
34,0,0,1.2832495,0.543333113,-0.045000039,2.98324966,0.620000005,-0.0900000781,4.68324995,1.16333318,0,6.38325024,1.24000001,-0.045000039,8.08325005,1.78333306,-0.0900000781,9.78324986,1.86000001,0,11.4832506,2.40333319,-0.045000039,13.1832504
35,0,0,1.18514955,0.549999774,-0.050000038,2.88514972,0.620000005,-0.100000076,4.58514977,1.16999984,0,6.28515005,1.24000001,-0.050000038,7.98514986,1.78999972,-0.100000076,9.68515015,1.86000001,0,11.3851509,2.40999985,-0.050000038,13.0851507
36,0,0,1.0843246,0.556666434,-0.055000037,2.78432465,0.620000005,-0.110000074,4.48432493,1.1766665,0,6.18432522,1.24000001,-0.055000037,7.88432503,1.79666638,-0.110000074,9.58432484,1.86000001,0,11.2843256,2.41666651,-0.055000037,12.9843254
37,0,0,0.980774641,0.563333094,-0.0600000359,2.68077469,0.620000005,-0.120000072,4.38077497,1.18333316,0,6.08077526,1.24000001,-0.0600000359,7.78077507,1.80333304,-0.120000072,9.48077488,1.86000001,0,11.1807756,2.42333317,-0.0600000359,12.8807755
38,0,0,0.874499679,0.569999754,-0.0650000349,2.57449961,0.620000005,-0.13000007,4.27449989,1.18999982,0,5.97450018,1.24000001,-0.0650000349,7.67449999,1.8099997,-0.13000007,9.37450027,1.86000001,0,11.074501,2.42999983,-0.0650000349,12.7745008
39,0,0,0.765499711,0.576666415,-0.0700000376,2.46549964,0.620000005,-0.140000075,4.16549969,1.19666648,0,5.86549997,1.24000001,-0.0700000376,7.56549978,1.81666636,-0.140000075,9.26550007,1.86000001,0,10.9655008,2.43666649,-0.0700000376,12.6655006
40,0,0,0.653774738,0.583333075,-0.0750000402,2.35377455,0.620000005,-0.15000008,4.05377483,1.20333314,0,5.75377512,1.24000001,-0.0750000402,7.45377493,1.82333302,-0.15000008,9.15377522,1.86000001,0,10.853776,2.44333315,-0.0750000402,12.5537758
41,0,0,0.53932476,0.589999735,-0.0800000429,2.23932457,0.620000005,-0.160000086,3.93932486,1.2099998,0,5.63932514,1.24000001,-0.0800000429,7.33932495,1.82999969,-0.160000086,9.03932571,1.86000001,0,10.7393265,2.44999981,-0.0800000429,12.4393263
42,0,0,0.422149777,0.596666396,-0.0850000456,2.12214971,0.620000005,-0.170000091,3.82214999,1.21666646,0,5.52215004,1.24000001,-0.0850000456,7.22214985,1.83666635,-0.170000091,8.92215061,1.86000001,0,10.6221514,2.45666647,-0.0850000456,12.3221512
43,0,0,0.302249819,0.603333056,-0.0900000483,2.00224972,0.620000005,-0.180000097,3.70225,1.22333312,0,5.40225029,1.24000001,-0.0900000483,7.1022501,1.84333301,-0.180000097,8.80225086,1.86000001,0,10.5022516,2.46333313,-0.0900000483,12.2022514
44,0,0,0.179624856,0.609999716,-0.095000051,1.87962472,0.620000005,-0.190000102,3.57962513,1.22999978,0,5.27962542,1.24000001,-0.095000051,6.97962523,1.84999967,-0.190000102,8.67962551,1.86000001,0,10.3796263,2.46999979,-0.095000051,12.0796261
45,0,0,0.203520805,0.616666377,-0.100000054,1.75427473,0.620000005,-0.200000107,3.45427513,1.23666644,0,5.15427542,1.24000001,-0.100000054,6.85427523,1.85666633,-0.200000107,8.55427551,1.86000001,0,10.2542763,2.47666645,-0.100000054,11.9542761
46,0,0,0.224691749,0.623333037,-0.105000056,1.62619972,0.620000005,-0.210000113,3.32620025,1.2433331,0,5.02620029,1.24000001,-0.105000056,6.7262001,1.86333299,-0.210000113,8.42620087,1.86000001,0,10.1262016,2.48333311,-0.105000056,11.8262014
47,0,0,0.243137687,0.629999697,-0.110000059,1.49539971,0.620000005,-0.220000118,3.19540024,1.24999976,0,4.89540052,1.24000001,-0.110000059,6.59540033,1.86999965,-0.220000118,8.29540062,1.86000001,0,9.99540138,2.48999977,-0.110000059,11.6954012
48,0,0,0.258858621,0.636666358,-0.115000062,1.3618747,0.620000005,-0.230000123,3.06187534,1.25666642,0,4.76187563,1.24000001,-0.115000062,6.46187544,1.87666631,-0.230000123,8.16187572,1.86000001,0,9.86187649,2.49666643,-0.115000062,11.5618763
49,0,0,0.27185455,0.643333018,-0.120000064,1.22562468,0.620000005,-0.240000129,2.92562532,1.26333308,0,4.62562561,1.24000001,-0.120000064,6.32562542,1.88333297,-0.240000129,8.02562618,1.86000001,0,9.72562695,2.50333309,-0.120000064,11.4256268
50,0,0,0.282125503,0.649999678,-0.12500006,1.08664978,0.620000005,-0.250000119,2.78665042,1.26999974,0,4.48665047,1.24000001,-0.12500006,6.18665028,1.88999963,-0.250000119,7.88665104,1.86000001,0,9.5866518,2.50999975,-0.12500006,11.2866516
51,0,0,0.289671451,0.656666338,-0.130000055,0.944949806,0.620000005,-0.26000011,2.64495039,1.2766664,0,4.34495068,1.24000001,-0.130000055,6.04495049,1.89666629,-0.26000011,7.74495125,1.86000001,0,9.44495201,2.51666641,-0.130000055,11.1449518
52,-0.0612207614,-3.03412118e-09,0.291588098,0.716147482,-0.13500005,0.915844619,0.620000005,-0.2700001,2.50052547,1.28333306,0,4.20052576,1.24000001,-0.13500005,5.90052557,1.90333295,-0.2700001,7.60052633,1.86000001,0,9.30052662,2.52333307,-0.13500005,11.0005264
53,-0.122441523,-6.06824235e-09,0.293267488,0.775628626,-0.140000045,0.884014428,0.620000005,-0.280000091,2.35337543,1.28999972,0,4.05337572,1.24000001,-0.140000045,5.75337553,1.90999961,-0.280000091,7.45337629,1.86000001,0,9.15337658,2.52999973,-0.140000045,10.8533764
54,-0.18366228,-9.10236331e-09,0.294611126,0.83510977,-0.145000041,0.849459231,0.620000005,-0.290000081,2.20350051,1.29666638,0,3.9035008,1.24000001,-0.145000041,5.60350037,1.91666627,-0.290000081,7.30350113,1.86000001,0,9.00350189,2.53666639,-0.145000041,10.7035017
55,-0.244883046,-1.21364847e-08,0.295685947,0.894590914,-0.150000036,0.812179029,0.620000005,-0.300000072,2.05090046,1.30333304,0,3.75090075,1.24000001,-0.150000036,5.45090055,1.92333293,-0.300000072,7.15090132,1.86000001,0,8.8509016,2.54333305,-0.150000036,10.5509014
56,-0.306103796,-1.51706061e-08,0.296545744,0.954072058,-0.155000031,0.772173822,0.620000005,-0.310000062,1.89557552,1.3099997,0,3.59557581,1.24000001,-0.155000031,5.29557562,1.92999959,-0.310000062,6.99557638,1.86000001,0,8.69557667,2.54999971,-0.155000031,10.3955765
57,-0.367324561,-1.82047266e-08,0.297233522,1.01355314,-0.160000026,0.729443669,0.620000005,-0.320000052,1.73752558,1.31666636,0,3.43752575,1.24000001,-0.160000026,5.13752556,1.93666625,-0.320000052,6.83752632,1.86000001,0,8.53752708,2.55666637,-0.160000026,10.2375269
58,-0.428545326,-2.12388471e-08,0.297783703,1.08476901,-0.167911723,0.652656317,0.609772503,-0.327462345,1.60405827,1.32333302,0,3.2767508,1.24000001,-0.165000021,4.97675085,1.94333291,-0.330000043,6.67675161,1.86000001,0,8.3767519,2.56333303,-0.165000021,10.0767517
59,-0.489766091,-2.42729676e-08,0.298223823,1.15598488,-0.17582342,0.573143959,0.599545002,-0.334924638,1.46786594,1.32999969,0,3.11325097,1.24000001,-0.170000017,4.81325102,1.94999957,-0.340000033,6.51325178,1.86000001,0,8.21325207,2.56999969,-0.170000017,9.91325188
60,-0.550986826,-2.73070881e-08,0.298575908,1.22720075,-0.183735117,0.511251152,0.589317501,-0.342386931,1.32894874,1.33666635,0,2.94702601,1.24000001,-0.175000012,4.64702606,1.95666623,-0.350000024,6.34702682,1.86000001,0,8.04702759,2.57666636,-0.175000012,9.7470274
61,-0.612207592,-3.03412087e-08,0.29885754,1.29841661,-0.191646814,0.446633339,0.579089999,-0.349849224,1.18730652,1.34333301,0,2.77807617,1.24000001,-0.180000007,4.47807598,1.96333289,-0.360000014,6.17807674,1.86000001,0,7.87807751,2.58333302,-0.180000007,9.57807732
62,-0.673428357,-3.33753292e-08,0.299082845,1.36963248,-0.199558511,0.415951222,0.568862498,-0.357311517,1.04293931,1.34999967,0,2.60640121,1.24000001,-0.185000002,4.30640125,1.96999955,-0.370000005,6.00640202,1.86000001,0,7.70640278,2.58999968,-0.185000002,9.40640259
63,-0.734649122,-3.64094497e-08,0.29926306,1.47968256,-0.203052327,0.367860794,0.524788916,-0.36862424,0.973435342,1.35666633,0,2.43200135,1.24000001,-0.189999998,4.1320014,1.97666621,-0.379999995,5.83200216,1.86000001,0,7.53200293,2.59666634,-0.189999998,9.23200226
64,-0.795869887,-3.94435702e-08,0.299407214,1.59658515,-0.204171807,0.374378771,0.474742979,-0.382006317,0.915915668,1.36333299,0,2.25487638,1.24000001,-0.194999993,3.95487642,1.98333287,-0.389999986,5.65487719,1.86000001,0,7.35487795,2.603333,-0.194999993,9.05487728
65,-0.857090652,-4.24776907e-08,0.299522519,1.71348774,-0.205291286,0.379630804,0.424697042,-0.395388395,0.855670989,1.36999965,0,2.07502651,1.24000001,-0.199999988,3.77502656,1.98999953,-0.399999976,5.47502708,1.86000001,0,7.17502785,2.60999966,-0.199999988,8.87502766
66,-0.918311417,-4.55118112e-08,0.299614787,1.83039033,-0.206410766,0.383785397,0.374651104,-0.408770472,0.792701304,1.37666631,0,1.89245164,1.24000001,-0.204999983,3.59245157,1.99666619,-0.409999967,5.29245234,1.86000001,0,6.9924531,2.61666632,-0.204999983,8.69245243
67,-0.979532182,-4.85459317e-08,0.299688578,1.94729292,-0.207530245,0.387078792,0.324605167,-0.422152549,0.727006614,1.38333297,0,1.70715177,1.24000001,-0.209999979,3.4071517,2.00333285,-0.419999957,5.10715246,1.86000001,0,6.80715322,2.62333298,-0.209999979,8.50715256
68,-1.04075289,-5.15800522e-08,0.299747616,2.06419563,-0.208649725,0.389694124,0.27455923,-0.435534626,0.658586919,1.38999963,0,1.51912689,1.24000001,-0.214999974,3.2191267,2.00999951,-0.429999948,4.91912746,1.86000001,0,6.61912823,2.62999964,-0.214999974,8.31912804
69,-1.10197365,-5.46141727e-08,0.299794823,2.18109822,-0.209769204,0.391773969,0.224513277,-0.448916703,0.632349253,1.39666629,0,1.32837701,1.24000001,-0.219999969,3.02837682,2.01666617,-0.439999938,4.72837734,1.86000001,0,6.42837811,2.6366663,-0.219999969,8.12837791
70,-1.16319442,-5.76482933e-08,0.299832612,2.29800081,-0.210888684,0.393429875,0.174467325,-0.462298781,0.603386581,1.40333295,0,1.13490212,1.24000001,-0.224999964,2.83490181,2.02333283,-0.449999928,4.53490257,1.86000001,0,6.23490334,2.64333296,-0.224999964,7.93490314
71,-1.22441518,-6.06824173e-08,0.299862832,2.44448185,-0.235275388,0.394641012,0.124421373,-0.475680858,0.603811979,1.38733101,0.0178318024,0.998960614,1.24000001,-0.229999959,2.63870192,2.02999949,-0.459999919,4.33870268,1.86000001,0,6.03870344,2.64999962,-0.229999959,7.73870325
72,-1.28563595,-6.37165414e-08,0.299887002,2.59096289,-0.259662092,0.39571479,0.0743754208,-0.489062935,0.601550519,1.37132907,0.0356636047,0.860294163,1.24000001,-0.234999955,2.4397769,2.03666615,-0.469999909,4.13977766,1.86000001,0,5.83977842,2.65666628,-0.234999955,7.53977823
73,-1.34685671,-6.67506654e-08,0.299906343,2.73744392,-0.284048796,0.396571904,0.0243294705,-0.502445042,0.596596777,1.35532713,0.0534954071,0.718902707,1.24000001,-0.23999995,2.23812699,2.04333282,-0.4799999,3.93812776,1.86000001,0,5.63812876,2.66333294,-0.23999995,7.33812857
74,-1.40807748,-6.97847895e-08,0.299921811,2.88392496,-0.3084355,0.397256255,-0.0257164799,-0.515827119,0.589032948,1.33932519,0.0713272095,0.738859951,1.24000001,-0.244999945,2.0337522,2.04999948,-0.48999989,3.73375297,1.86000001,0,5.43375397,2.6699996,-0.244999945,7.13375378
75,-1.46929824,-7.28189136e-08,0.299934179,3.030406,-0.332822204,0.39780286,-0.0757624283,-0.529209197,0.57892257,1.32332325,0.0891590118,0.756092191,1.24000001,-0.24999994,1.82665229,2.05666614,-0.499999881,3.52665305,1.86000001,0,5.22665405,2.67666626,-0.24999994,6.92665386
76,-1.53051901,-7.58530376e-08,0.299944073,3.17688704,-0.357208908,0.398239583,-0.125808373,-0.542591274,0.566313624,1.34466231,0.134079024,0.77126056,1.20690727,-0.279006332,1.64716244,2.0633328,-0.509999871,3.31682825,1.86000001,0,5.01682901,2.68333292,-0.254999936,6.71682882
77,-1.59173977,-7.88871617e-08,0.299952,3.32336807,-0.381595612,0.398588598,-0.175854325,-0.555973351,0.551241577,1.37078321,0.183317363,0.78021431,1.16957664,-0.311839759,1.46963632,2.06999946,-0.519999862,3.10427833,1.86000001,0,4.80427933,2.68999958,-0.259999931,6.50427914
78,-1.65296054,-8.19212858e-08,0.299958348,3.46984911,-0.405982316,0.398867577,-0.225900277,-0.569355428,0.533732295,1.40220964,0.238803416,0.781561017,1.12754416,-0.3502101,1.29598606,2.07666612,-0.529999852,2.88900352,1.86000001,0,4.58900452,2.69666624,-0.264999926,6.28900433
79,-1.7141813,-8.49554098e-08,0.299963415,3.61633015,-0.43036902,0.399090588,-0.27594623,-0.582737505,0.513804734,1.43785918,0.301381588,0.774705887,1.08176899,-0.394865692,1.12681437,2.08333278,-0.539999843,2.67100358,1.86000001,0,4.37100458,2.7033329,-0.269999921,6.07100439
80,-1.77540207,-8.79895339e-08,0.299967468,3.76281118,-0.454755723,0.399268895,-0.325992167,-0.596119583,0.491152167,1.47600365,0.370997161,0.762210071,1.03378272,-0.445758045,0.96161592,2.08999944,-0.549999833,2.45027876,1.86000001,0,4.15027952,2.70999956,-0.274999917,5.85027933
81,-1.83662283,-9.10236579e-08,0.299970716,3.90929222,-0.479142427,0.39941147,-0.376038104,-0.60950166,0.465774596,1.5165509,0.459050447,0.745739937,0.983667076,-0.512990475,0.809022605,2.0966661,-0.559999824,2.22682881,1.86000001,0,3.92682958,2.71666622,-0.279999912,5.62682962
82,-1.8978436,-9.4057782e-08,0.299973309,4.05577326,-0.503529131,0.399525493,-0.426084042,-0.622883737,0.438850373,1.55710745,0.559127927,0.728366852,0.933543205,-0.590879142,0.663033128,2.10333276,-0.569999814,2.00065398,1.86000001,0,3.70065475,2.72333288,-0.284999907,5.40065479
83,-1.95906436,-9.70919061e-08,0.299975395,4.2022543,-0.527915835,0.399616688,-0.476129979,-0.636265814,0.437859863,1.597664,0.659205437,0.708268762,0.883419335,-0.66876781,0.677353144,2.10999942,-0.579999804,1.77175415,1.86000001,0,3.47175479,2.72999954,-0.289999902,5.17175484
84,-2.02028513,-1.0012603e-07,0.299977034,4.34873533,-0.552302539,0.399689615,-0.526175916,-0.649647892,0.434412479,1.63822055,0.759282947,0.685445666,0.79934001,-0.746741533,0.675737143,2.14696717,-0.589923918,1.61744082,1.86000001,0,3.24012995,2.7366662,-0.294999897,4.94012976
85,-2.08150578,-1.03160154e-07,0.299978346,4.49521637,-0.576689243,0.399747938,-0.576221883,-0.663029969,0.430259258,1.6787771,0.859360456,0.659897566,0.715260684,-0.824715257,0.678440034,2.18393493,-0.599848032,1.46040249,1.86000001,0,3.00577998,2.74333286,-0.299999893,4.70578003
86,-2.14272642,-1.06194278e-07,0.299979419,4.64169741,-0.601075947,0.399794579,-0.62626785,-0.676412046,0.424488127,1.71933365,0.959437966,0.63162446,0.631181359,-0.90268898,0.678417921,2.22090268,-0.609772146,1.30063915,1.86000001,0,2.76870513,2.74999952,-0.304999888,4.46870518
87,-2.20394707,-1.09228402e-07,0.299980253,4.78817844,-0.625462651,0.399831891,-0.676313818,-0.689794123,0.417126536,1.7598902,1.05951548,0.600626349,0.547102034,-0.980662704,0.675670862,2.25787044,-0.619696259,1.13815093,1.86000001,0,2.52890515,2.75666618,-0.309999883,4.2289052
88,-2.26516771,-1.12262526e-07,0.299980938,4.93465948,-0.649849355,0.399861723,-0.726359785,-0.7031762,0.4081783,1.80044675,1.15959299,0.566903234,0.463022709,-1.05863643,0.670198798,2.29483819,-0.629620373,0.972937644,1.86000001,0,2.28638029,2.76333284,-0.314999878,3.98638034
89,-2.32638836,-1.1529665e-07,0.299981475,5.08114052,-0.674236059,0.399885595,-0.776405752,-0.716558278,0.397020251,1.8410033,1.2596705,0.530455112,0.378943384,-1.13661015,0.662001729,2.33180594,-0.639544487,0.804999352,1.86000001,0,2.04113054,2.7699995,-0.319999874,3.74113059
90,-2.387609,-1.18330775e-07,0.299981922,5.22762156,-0.698622763,0.399904698,-0.826451719,-0.729940355,0.38495177,1.88155985,1.35974801,0.519180119,0.294864058,-1.21458387,0.651079655,2.3687737,-0.649468601,0.634336054,1.86000001,0,1.79315567,2.77666616,-0.324999869,3.49315572
91,-2.44882965,-1.21364891e-07,0.29998225,5.37410259,-0.723009467,0.399919987,-0.876497686,-0.743322432,0.371189564,1.9221164,1.45982552,0.520283818,0.210784748,-1.2925576,0.637432575,2.40574145,-0.659392715,0.570579767,1.86000001,0,1.54245579,2.78333282,-0.329999864,3.24245596
92,-2.5100503,-1.24399008e-07,0.299982518,5.52058363,-0.747396171,0.399932206,-0.926543653,-0.756704509,0.355695546,1.96267295,1.55990303,0.519571126,0.126705438,-1.37053132,0.621060491,2.44270921,-0.669316828,0.504098475,1.86000001,0,1.28903091,2.78999949,-0.334999859,2.98903108
93,-2.57127094,-1.27433125e-07,0.299982756,5.66706467,-0.771782875,0.399941981,-0.97658962,-0.770086586,0.338015795,2.00322938,1.65998054,0.517127097,0.0426261202,-1.44850504,0.601963401,2.47967696,-0.679240942,0.434892207,1.86000001,0,1.03288102,2.79666615,-0.339999855,2.73288131
94,-2.63249159,-1.30467242e-07,0.299982935,5.8135457,-0.796169579,0.399949789,-1.03618371,-0.781252146,0.341784567,2.04378581,1.76005805,0.513041914,-0.0340123847,-1.52820611,0.612131834,2.5170424,-0.690601528,0.386054039,1.85964274,0.00128978537,0.774397373,2.80333281,-0.34499985,2.47400641
95,-2.69371223,-1.33501359e-07,0.299983084,5.96002674,-0.820556283,0.399956048,-1.09577775,-0.792417705,0.343830436,2.08434224,1.86013556,0.507360816,-0.11065089,-1.60790718,0.620647788,2.55853224,-0.715662181,0.410470814,1.85558236,0.0148806982,0.517064214,2.80999947,-0.349999845,2.21240664
96,-2.75493288,-1.36535476e-07,0.299983203,6.10650778,-0.844942987,0.399961054,-1.15537179,-0.803583264,0.344185948,2.12489867,1.96021307,0.500093937,-0.187289387,-1.68760824,0.627425134,2.60002208,-0.740722835,0.432524025,1.85152197,0.0284716114,0.380611032,2.81666613,-0.35499984,1.94808185
97,-2.81615353,-1.39569593e-07,0.299983293,6.25298882,-0.869329691,0.399965048,-1.21496582,-0.814748824,0.345354915,2.1654551,2.06029058,0.491225213,-0.263927877,-1.76730931,0.632478952,2.64151192,-0.765783489,0.452239096,1.84746158,0.0420625247,0.312145323,2.82333279,-0.359999835,1.68103206
98,-2.87737417,-1.4260371e-07,0.299983352,6.39946985,-0.893716395,0.399968266,-1.27455986,-0.825914383,0.346282452,2.20601153,2.16036797,0.480720043,-0.340566367,-1.84701037,0.635822058,2.70333147,-0.838847756,0.466628551,1.84340119,0.055653438,0.358743817,2.81351876,-0.326084852,1.4480021
99,-2.93859482,-1.45637827e-07,0.299983412,6.54595089,-0.918103099,0.399970829,-1.33415389,-0.837079942,0.347023487,2.24656796,2.26044536,0.467904538,-0.417204857,-1.92671144,0.637464106,2.78552413,-0.956876695,0.470204651,1.78411412,0.120153651,0.385797828,2.83705115,-0.301682472,1.31233883
100,-2.99981546,-1.48671944e-07,0.299983472,6.69243193,-0.942489803,0.399972856,-1.39374793,-0.848245502,0.347615689,2.2871244,2.36052275,0.454099536,-0.493843347,-2.00641251,0.637411356,2.87569356,-1.0938971,0.464132398,1.72482705,0.184653863,0.410395324,2.85411692,-0.261884332,1.19878066
101,-3.06103611,-1.51706061e-07,0.299983501,6.83891296,-0.966876507,0.399974495,-1.45334196,-0.859411061,0.348089039,2.32768083,2.46060014,0.437972575,-0.570481837,-2.08611345,0.635666311,2.97016621,-1.24265552,0.446833432,1.66553998,0.249154076,0.432595462,2.86769414,-0.212570563,1.10140407
102,-3.12225676,-1.54740178e-07,0.299983531,6.985394,-0.991263211,0.399975806,-1.512936,-0.87057662,0.348467469,2.36823726,2.56067753,0.420573294,-0.647120357,-2.1658144,0.632227957,3.06599164,-1.39590311,0.420769125,1.60625291,0.313654274,0.452540547,2.88017488,-0.159617573,1.00986505
103,-3.1834774,-1.57774295e-07,0.299983561,7.13187504,-1.01564991,0.39997685,-1.57253003,-0.881742179,0.348770022,2.40879369,2.66075492,0.401237428,-0.723758876,-2.24551535,0.627092004,3.16181707,-1.54915071,0.392470509,1.54696584,0.378154486,0.470329911,2.89265561,-0.106664591,0.915601015
104,-3.24469805,-1.60808412e-07,0.299983591,7.27835608,-1.04003656,0.399977684,-1.63212407,-0.892907739,0.349011928,2.44935012,2.76083231,0.379176557,-0.800397396,-2.32521629,0.620251238,3.25764251,-1.7023983,0.380657792,1.48767877,0.442654699,0.486030996,2.90513635,-0.0537116081,0.818611979
105,-3.30591869,-1.63842529e-07,0.299983591,7.42483711,-1.0644232,0.39997834,-1.6917181,-0.904073298,0.349205375,2.48990655,2.8609097,0.384858787,-0.877035916,-2.40491724,0.611696243,3.35346794,-1.8556459,0.39052698,1.4283917,0.507154882,0.499688268,2.91761708,-0.000758624286,0.718897939
106,-3.36713934,-1.66876646e-07,0.299983591,7.57131815,-1.08880985,0.399978876,-1.75131214,-0.915238857,0.349360079,2.53046298,2.96098709,0.388529569,-0.953674436,-2.48461819,0.601416051,3.44929338,-2.00889349,0.3982566,1.36910462,0.571655095,0.511330307,2.93009782,0.0521943606,0.616458893
107,-3.42835999,-1.69910763e-07,0.299983591,7.71779919,-1.11319649,0.399979323,-1.81090617,-0.926404417,0.349483818,2.57101941,3.06106448,0.390286177,-1.0303129,-2.56431913,0.589398921,3.54511881,-2.16214108,0.40398258,1.30981755,0.636155307,0.520975411,2.94257855,0.105147347,0.511294901
108,-3.48958063,-1.7294488e-07,0.299983591,7.86428022,-1.13758314,0.399979651,-1.87050021,-0.937569976,0.349582791,2.61157584,3.16114187,0.390261322,-1.10695136,-2.64402008,0.575633228,3.64094424,-2.31538868,0.407877356,1.25053048,0.70065552,0.528636277,2.95505929,0.158100337,0.42779097
109,-3.55080128,-1.75978997e-07,0.299983591,8.01076126,-1.16196978,0.399979919,-1.93009424,-0.948735535,0.349661946,2.65213227,3.26121926,0.392213821,-1.18358982,-2.72372103,0.560108185,3.73676968,-2.46863627,0.410075665,1.19124341,0.765155733,0.534323633,2.96754003,0.211053327,0.436983138
110,-3.61202192,-1.79013114e-07,0.299983591,8.15724277,-1.18635643,0.399980158,-1.98968828,-0.959901094,0.349725246,2.6926887,3.36129665,0.393775225,-1.26022828,-2.80342197,0.542814732,3.83259511,-2.62188387,0.410680026,1.13195634,0.829655945,0.5380494,2.98002076,0.264006317,0.444703728
111,-3.67324257,-1.82047231e-07,0.299983591,8.30372429,-1.21074307,0.399980336,-2.04928231,-0.971066654,0.349775881,2.73324513,3.46137404,0.3950212,-1.33686674,-2.88312292,0.523746073,3.92842054,-2.77513146,0.409765393,1.07266927,0.894156158,0.539828897,2.9925015,0.316959292,0.450868607
112,-3.73446321,-1.85081348e-07,0.299983591,8.4502058,-1.23512971,0.399980485,-2.10887647,-0.982232213,0.349816382,2.77380157,3.56145144,0.396015912,-1.4135052,-2.96282387,0.511040449,4.02424574,-2.92837906,0.407383114,1.0133822,0.958656371,0.539682806,3.00498223,0.369912267,0.455728084
113,-3.79568386,-1.88115465e-07,0.299983591,8.59668732,-1.25951636,0.399980605,-2.16847062,-0.993397772,0.349848777,2.814358,3.66152883,0.396810353,-1.49014366,-3.04252481,0.496688962,4.12007093,-3.08162665,0.403564304,0.954095066,1.02315652,0.537638307,3.01746297,0.422865242,0.459601372
114,-3.85690451,-1.91149581e-07,0.299983591,8.74316883,-1.283903,0.399980694,-2.22806478,-1.00456333,0.349874705,2.85491443,3.76160622,0.397445023,-1.56678212,-3.12222576,0.480686277,4.21589613,-3.23487425,0.39832291,0.894807935,1.08765674,0.53373003,3.0299437,0.475818217,0.46269083
115,-3.91812515,-1.94183698e-07,0.299983591,8.88965034,-1.30828965,0.399980783,-2.28765893,-1.01572895,0.349895418,2.89547086,3.86168361,0.397952199,-1.64342058,-3.20192671,0.463048041,4.31172132,-3.38812184,0.398655176,0.835520804,1.15215695,0.528000236,3.04242444,0.528771222,0.465156466
116,-3.9793458,-1.97217815e-07,0.299983591,9.03613186,-1.33267629,0.399980843,-2.34725308,-1.02689457,0.349911988,2.93602729,3.961761,0.39835757,-1.72005904,-3.28162766,0.443788052,4.40754652,-3.54136944,0.400471121,0.776233673,1.21665716,0.52049911,3.05490518,0.581724226,0.467125118
117,-4.04056644,-2.00251932e-07,0.299983591,9.18261337,-1.35706294,0.399980873,-2.40684724,-1.03806019,0.34992525,2.97658372,4.06183863,0.398681641,-1.7966975,-3.3613286,0.42291972,4.50337172,-3.69461703,0.400967091,0.716946542,1.28115737,0.511284292,3.06738591,0.634677231,0.468697488
118,-4.10178709,-2.03286049e-07,0.299983591,9.32909489,-1.38144958,0.399980903,-2.46644139,-1.04922581,0.349935859,3.01714015,4.16191626,0.398940712,-1.87333596,-3.44102955,0.421557337,4.59919691,-3.84786463,0.400154233,0.657659411,1.34565759,0.5093804,3.07986665,0.687630236,0.469953746
119,-4.16300774,-2.06320166e-07,0.299983591,9.4755764,-1.40583622,0.399980932,-2.52603555,-1.06039143,0.349944353,3.05769658,4.26199389,0.399147868,-1.94997442,-3.5207305,0.418446422,4.69502211,-4.00111246,0.398041636,0.598372281,1.4101578,0.506594658,3.09234738,0.740583241,0.470957637
120,-4.22422838,-2.09354283e-07,0.299983591,9.62205791,-1.43022287,0.399980962,-2.5856297,-1.07155704,0.349951148,3.09825301,4.36207151,0.399313509,-2.026613,-3.60043144,0.413612396,4.7908473,-4.15436029,0.398421437,0.53908515,1.47465801,0.502878249,3.10482812,0.793536246,0.471760005
121,-4.28544903,-2.123884e-07,0.299983591,9.76853943,-1.45460951,0.399980962,-2.64522386,-1.08272266,0.349956572,3.13880944,4.46214914,0.399445981,-2.10325146,-3.68013239,0.407115579,4.8866725,-4.30760813,0.398731142,0.479798019,1.53915823,0.498208374,3.11730886,0.846489251,0.47240141
122,-4.34666967,-2.15422517e-07,0.299983591,9.91502094,-1.47899616,0.399980992,-2.70481801,-1.09388828,0.349960923,3.17936587,4.56222677,0.399551928,-2.17988992,-3.75983334,0.398988783,4.98249769,-4.46085596,0.398978859,0.420510888,1.60365844,0.492092669,3.12978959,0.899442255,0.472914219
123,-4.40789032,-2.18456634e-07,0.299983591,10.0615025,-1.5033828,0.399980992,-2.76441216,-1.1050539,0.34996441,3.2199223,4.6623044,0.399636656,-2.25652838,-3.83953428,0.393577129,5.07832289,-4.61410379,0.399176985,0.361223757,1.66815865,0.484561414,3.14227033,0.95239526,0.473324239
124,-4.46911097,-2.21490751e-07,0.299983591,10.207984,-1.52776945,0.399980992,-2.82400632,-1.11621952,0.349967182,3.26047873,4.76238203,0.399704427,-2.33316684,-3.91923523,0.394851089,5.17414808,-4.76735163,0.399335444,0.301936626,1.73265886,0.476917565,3.15475106,1.00534821,0.473652095
125,-4.53033161,-2.24524868e-07,0.299983591,10.3544655,-1.55215609,0.399980992,-2.88360047,-1.12738514,0.349969417,3.30103517,4.86245966,0.399758637,-2.4098053,-3.99893618,0.395876706,5.26997328,-4.92059946,0.399462193,0.242649511,1.79715908,0.468049586,3.1672318,1.05830121,0.473914266
126,-4.59155226,-2.27558985e-07,0.299983591,10.500947,-1.57654274,0.399980992,-2.94319463,-1.13855076,0.349971175,3.3415916,4.96253729,0.399801999,-2.48644376,-4.07863712,0.396696776,5.36579847,-5.07384729,0.399563581,0.183362395,1.86165929,0.457997411,3.17971253,1.11125422,0.474123925
127,-4.6527729,-2.30593102e-07,0.299983591,10.6474285,-1.60092938,0.399980992,-3.00278878,-1.14971638,0.349972576,3.38214803,5.06261492,0.399836689,-2.56308222,-4.15833807,0.397352546,5.46162367,-5.22709513,0.399644673,0.124075271,1.9261595,0.446807861,3.19219327,1.16420722,0.474291593
128,-4.71399355,-2.33627219e-07,0.299983591,10.79391,-1.62531602,0.399980992,-3.06238294,-1.160882,0.349973708,3.42270446,5.16269255,0.399864405,-2.63972068,-4.23803902,0.397876948,5.55744886,-5.38034296,0.399709523,0.0647881478,1.99065971,0.434533745,3.20467401,1.21716022,0.474425673
129,-4.7752142,-2.36661336e-07,0.299983591,10.9403915,-1.64970267,0.399980992,-3.12197709,-1.17204762,0.349974632,3.46326089,5.26277018,0.399886578,-2.71635914,-4.31773996,0.398296326,5.65327406,-5.53359079,0.399761409,0.00550102582,2.05515981,0.421233356,3.21715474,1.27011323,0.474532932
130,-4.83643484,-2.39695453e-07,0.299983591,11.0868731,-1.67408931,0.399980992,-3.18157125,-1.18321323,0.349975348,3.50381732,5.36284781,0.399904341,-2.7929976,-4.39744091,0.398631752,5.74909925,-5.68683863,0.399802893,-0.0537860952,2.1196599,0.406969965,3.22963548,1.32306623,0.474618703
131,-4.89765549,-2.42729584e-07,0.299983591,11.2333546,-1.69847596,0.399980992,-3.2411654,-1.19437885,0.349975944,3.54437375,5.46292543,0.399918526,-2.86963606,-4.47714186,0.398900032,5.84492445,-5.84008646,0.399836093,-0.113073215,2.18415999,0.399843723,3.24211621,1.37601924,0.474687308
132,-4.95887613,-2.45763715e-07,0.299983591,11.3798361,-1.7228626,0.399980992,-3.30075955,-1.20554447,0.349976391,3.58493018,5.56300306,0.399929881,-2.94627452,-4.5568428,0.399114609,5.94074965,-5.99333429,0.399862647,-0.172360331,2.24866009,0.401179194,3.25459695,1.42897224,0.474742174
133,-5.02009678,-2.48797846e-07,0.299983591,11.5263176,-1.74724925,0.399980992,-3.36035371,-1.21671009,0.349976778,3.62548661,5.66308069,0.399938971,-3.02291298,-4.63654375,0.399286211,6.03657484,-6.14658213,0.399883866,-0.231647447,2.31316018,0.401147097,3.26707768,1.48192525,0.474786073
134,-5.08131742,-2.51831977e-07,0.299983591,11.6727991,-1.77163589,0.399980992,-3.41994786,-1.22787571,0.349977076,3.66604304,5.76315832,0.399946243,-3.09955144,-4.7162447,0.39942348,6.13240004,-6.29982996,0.399900854,-0.290934563,2.37766027,0.39975065,3.27955842,1.53487825,0.47482118
135,-5.14253807,-2.54866109e-07,0.299983591,11.8192806,-1.79602253,0.399980992,-3.47954202,-1.23904133,0.349977314,3.70659947,5.86323595,0.399952054,-3.1761899,-4.79594564,0.399533272,6.22822523,-6.45307779,0.399914443,-0.350221694,2.44216037,0.397014409,3.29203916,1.58783126,0.474849254
136,-5.20375872,-2.5790024e-07,0.299983591,11.9657621,-1.82040918,0.399980992,-3.53913617,-1.25020695,0.349977493,3.7471559,5.96331358,0.399956703,-3.25282836,-4.87564659,0.399621069,6.32405043,-6.60632563,0.399925321,-0.409508824,2.50666046,0.397596389,3.30451989,1.64078426,0.474871725
137,-5.26497936,-2.60934371e-07,0.299983591,12.1122437,-1.84479582,0.399980992,-3.59873033,-1.26137257,0.349977642,3.78771234,6.06339121,0.399960428,-3.32946682,-4.95534754,0.399691314,6.41987562,-6.75957346,0.399933994,-0.468795955,2.57116055,0.398070633,3.31700063,1.69373727,0.474889696
138,-5.32620001,-2.63968502e-07,0.299983591,12.2587252,-1.86918247,0.399980992,-3.65832448,-1.27253819,0.349977762,3.82826877,6.16346884,0.399963379,-3.40610528,-5.03504848,0.399747491,6.51570082,-6.91282129,0.399940938,-0.528083086,2.63566065,0.398449928,3.32948136,1.74669027,0.47490406
139,-5.38742065,-2.67002633e-07,0.299983591,12.4052067,-1.89356911,0.399980992,-3.71791863,-1.2837038,0.349977851,3.8688252,6.26354647,0.399965763,-3.48274374,-5.11474943,0.399792433,6.61152601,-7.06606913,0.399946511,-0.587370217,2.70016074,0.398753256,3.3419621,1.79964328,0.474915534
140,-5.4486413,-2.70036765e-07,0.299983591,12.5516882,-1.91795576,0.399980992,-3.77751279,-1.29486942,0.34997794,3.90938163,6.3636241,0.39996767,-3.5593822,-5.19445038,0.399828374,6.70735121,-7.21931696,0.399950951,-0.646657348,2.76466084,0.398995847,3.35444283,1.85259628,0.474924713
141,-5.50986195,-2.73070896e-07,0.299983591,12.6981697,-1.9423424,0.399980992,-3.83710694,-1.30603504,0.349978,3.94993806,6.46370173,0.39996919,-3.63602066,-5.27415133,0.399857134,6.8031764,-7.37256479,0.399954498,-0.705944479,2.82916093,0.399189889,3.36692357,1.90554929,0.474932075
142,-5.57108259,-2.76105027e-07,0.299983591,12.8446512,-1.96672904,0.399980992,-3.8967011,-1.31720066,0.34997806,3.99049449,6.56377935,0.399970412,-3.71265912,-5.35385227,0.399880141,6.8990016,-7.52581263,0.399957359,-0.765231609,2.89366102,0.39934507,3.37940431,1.95850229,0.474937946
143,-5.63230324,-2.79139158e-07,0.299983591,12.9911327,-1.99111569,0.399980992,-3.95629525,-1.32836628,0.349978089,4.03105116,6.66385698,0.399971396,-3.78929758,-5.43355322,0.399898529,6.99482679,-7.67906046,0.399959624,-0.82451874,2.95816112,0.399469197,3.39188504,2.0114553,0.474942654
144,-5.69352388,-2.82173289e-07,0.299983621,13.1376143,-2.01550245,0.399980992,-4.01588917,-1.3395319,0.349978119,4.07160759,6.76393461,0.399972171,-3.86593604,-5.51325417,0.399913251,7.09065199,-7.83230829,0.399961442,-0.883805871,3.02266121,0.399568468,3.40436578,2.0644083,0.474946409
145,-5.75474453,-2.8520742e-07,0.299983621,13.2840958,-2.0398891,0.399980992,-4.07548332,-1.35069752,0.349978149,4.11216402,6.86401224,0.399972796,-3.9425745,-5.59295511,0.399925023,7.18647718,-7.98555613,0.399962902,-0.943093002,3.0871613,0.399647862,3.41684651,2.11736131,0.474949419
146,-5.81596518,-2.88241552e-07,0.299983621,13.4305773,-2.06427574,0.399980992,-4.13507748,-1.36186314,0.349978179,4.15272045,6.96408987,0.399973303,-4.0192132,-5.67265606,0.399934441,7.28230238,-8.13880348,0.399964064,-1.00238013,3.1516614,0.39971137,3.42932725,2.17031431,0.474951833
147,-5.87718582,-2.91275683e-07,0.299983621,13.5770588,-2.08866239,0.399980992,-4.19467163,-1.37302876,0.349978209,4.19327688,7.0641675,0.399973691,-4.0958519,-5.75235701,0.399941981,7.37812757,-8.29205132,0.399964988,-1.0616672,3.21616149,0.399762183,3.44180799,2.22326732,0.474953771
148,-5.93840647,-2.94309814e-07,0.299983621,13.7235403,-2.11304903,0.399980992,-4.25426579,-1.38419437,0.349978209,4.23383331,7.16424513,0.399973989,-4.1724906,-5.83205795,0.399948001,7.47395277,-8.44529915,0.399965733,-1.12095428,3.28066158,0.399802804,3.45428872,2.27622032,0.474955291
149,-5.99962711,-2.97343945e-07,0.299983621,13.8700218,-2.13743567,0.399980992,-4.31385994,-1.39535999,0.349978209,4.27438974,7.26432276,0.399974227,-4.2491293,-5.9117589,0.399952829,7.56977797,-8.59854698,0.399966359,-1.18024135,3.34516168,0.399835289,3.46676946,2.32917333,0.474956512
150,-6.06084776,-3.00378076e-07,0.299983621,14.0165033,-2.16182232,0.399980992,-4.37345409,-1.40652561,0.349978209,4.31494617,7.36440039,0.399974436,-4.32576799,-5.99145985,0.399956673,7.66560316,-8.75179482,0.399966836,-1.23952842,3.40966177,0.399861276,3.47925019,2.38212633,0.474957496
151,-6.12206841,-3.03412207e-07,0.299983621,14.1629848,-2.18620896,0.399980992,-4.43304825,-1.41769123,0.349978209,4.35550261,7.46447802,0.399974585,-4.40240669,-6.07116079,0.399959743,7.76142836,-8.90504265,0.399967223,-1.29881549,3.47416186,0.399882078,3.49173093,2.43507934,0.474958301
152,-6.18328905,-3.06446339e-07,0.299983621,14.3094664,-2.21059561,0.399980992,-4.4926424,-1.42885685,0.349978209,4.39605904,7.56455564,0.399974704,-4.47904539,-6.15086174,0.399962217,7.85725355,-9.05829048,0.399967521,-1.35810256,3.53866196,0.399898708,3.50421166,2.48803234,0.474958926
153,-6.2445097,-3.0948047e-07,0.299983621,14.4559479,-2.23498225,0.399981022,-4.55223656,-1.44002247,0.349978209,4.43661547,7.66463327,0.399974823,-4.55568409,-6.23056269,0.399964184,7.95307875,-9.21153831,0.39996776,-1.41738963,3.60316205,0.399912,3.5166924,2.54098535,0.474959433
154,-6.30573034,-3.12514601e-07,0.299983621,14.6024294,-2.2593689,0.399981022,-4.61183071,-1.45118809,0.349978209,4.4771719,7.7647109,0.399974912,-4.63232279,-6.31026363,0.399965763,8.04890442,-9.36478615,0.399967939,-1.4766767,3.66766214,0.399922639,3.52917314,2.59393835,0.47495985
155,-6.36695099,-3.15548732e-07,0.299983621,14.7489109,-2.28375554,0.399981022,-4.67142487,-1.46235371,0.349978209,4.51772833,7.86478853,0.399974972,-4.70896149,-6.38996458,0.399967015,8.14472961,-9.51803398,0.399968088,-1.53596377,3.73216224,0.399931163,3.54165387,2.64689136,0.474960178
156,-6.42817163,-3.18582863e-07,0.299983621,14.8953924,-2.30814219,0.399981022,-4.73101902,-1.47351933,0.349978209,4.55828476,7.96486616,0.399975032,-4.78560019,-6.46966553,0.399968028,8.24055481,-9.67128181,0.399968207,-1.59525084,3.79666233,0.399937958,3.55413461,2.69984436,0.474960446
157,-6.48939228,-3.21616994e-07,0.299983621,15.0418739,-2.33252883,0.399981022,-4.79061317,-1.48468494,0.349978209,4.59884119,8.06494331,0.399975061,-4.86223888,-6.54936647,0.399968833,8.33638,-9.82452965,0.399968296,-1.65453792,3.86116242,0.399943411,3.56661534,2.75279737,0.474960655
158,-6.55061293,-3.24651126e-07,0.299983621,15.1883554,-2.35691547,0.399981022,-4.85020733,-1.49585056,0.349978209,4.63939762,8.16502094,0.399975091,-4.93887758,-6.62906742,0.399969488,8.4322052,-9.97777748,0.399968386,-1.71382499,3.92566252,0.399947762,3.57909608,2.80575037,0.474960804
159,-6.61183357,-3.27685257e-07,0.299983621,15.334837,-2.38130212,0.399981022,-4.90980148,-1.50701618,0.349978209,4.67995405,8.26509857,0.399975121,-5.01551628,-6.70876837,0.399970025,8.5280304,-10.1310253,0.399968475,-1.77311206,3.99016261,0.399951249,3.59157681,2.85870337,0.474960923
160,-6.67305422,-3.30719388e-07,0.299983621,15.4813185,-2.40568876,0.399981022,-4.96939564,-1.5181818,0.349978209,4.72051048,8.3651762,0.399975151,-5.09215498,-6.78846931,0.399970442,8.62385559,-10.2842731,0.399968535,-1.83239913,4.0546627,0.399954051,3.60405755,2.91165638,0.474961042
161,-6.73427486,-3.33753519e-07,0.299983621,15.6278,-2.43007541,0.399981052,-5.02898979,-1.52934742,0.349978209,4.76106691,8.46525383,0.399975181,-5.16879368,-6.86817026,0.39997077,8.71968079,-10.437521,0.399968565,-1.8916862,4.11916304,0.399956286,3.61653829,2.96460938,0.474961132
162,-6.79549551,-3.3678765e-07,0.299983621,15.7742815,-2.45446205,0.399981052,-5.08858395,-1.54051304,0.349978209,4.80162334,8.56533146,0.399975181,-5.24543238,-6.94787121,0.399971038,8.81550598,-10.5907688,0.399968594,-1.95097327,4.18366337,0.399958074,3.62901902,3.01756239,0.474961191
163,-6.85671616,-3.39821781e-07,0.299983621,15.920763,-2.4788487,0.399981052,-5.1481781,-1.55167866,0.349978209,4.84217978,8.66540909,0.39997521,-5.32207108,-7.02757215,0.399971247,8.91133118,-10.7440166,0.399968624,-2.01026034,4.2481637,0.399959505,3.64149976,3.07051539,0.474961251
164,-6.9179368,-3.42855913e-07,0.299983621,16.0672436,-2.50323534,0.399981052,-5.20777225,-1.56284428,0.349978209,4.88273621,8.76548672,0.39997521,-5.39870977,-7.1072731,0.399971426,9.00715637,-10.8972645,0.399968654,-2.06954741,4.31266403,0.399960637,3.65398049,3.1234684,0.474961281
165,-6.97915745,-3.45890044e-07,0.299983621,16.2137241,-2.52762198,0.399981052,-5.26736641,-1.5740099,0.349978209,4.92329264,8.86556435,0.39997521,-5.47534847,-7.18697405,0.399971575,9.10298157,-11.0505123,0.399968684,-2.12883449,4.37716436,0.399961561,3.66646123,3.1764214,0.474961311
166,-7.04037809,-3.48924175e-07,0.299983621,16.3602047,-2.55200863,0.399981052,-5.32696056,-1.58517551,0.349978209,4.96384907,8.96564198,0.39997521,-5.55198717,-7.266675,0.399971664,9.19880676,-11.2037601,0.399968684,-2.18812156,4.4416647,0.399962306,3.67894197,3.22937441,0.47496134
167,-7.10159874,-3.51958306e-07,0.299983621,16.5066853,-2.57639527,0.399981052,-5.38655472,-1.59634113,0.349978209,5.0044055,9.0657196,0.39997521,-5.62862587,-7.34637594,0.399971753,9.29463196,-11.357008,0.399968684,-2.24740863,4.50616503,0.399962872,3.6914227,3.28232741,0.47496137
168,-7.16281939,-3.54992437e-07,0.299983621,16.6531658,-2.60078192,0.399981052,-5.44614887,-1.60750675,0.349978209,5.04496193,9.16579723,0.39997521,-5.70526457,-7.42607689,0.399971813,9.39045715,-11.5102558,0.399968684,-2.3066957,4.57066536,0.399963349,3.70390344,3.33528042,0.47496137
169,-7.22404003,-3.58026568e-07,0.299983621,16.7996464,-2.62516856,0.399981052,-5.50574303,-1.61867237,0.349978209,5.08551836,9.26587486,0.39997521,-5.78190327,-7.50577784,0.399971873,9.48628235,-11.6635036,0.399968684,-2.36598277,4.63516569,0.399963707,3.71638417,3.38823342,0.4749614
170,-7.28526068,-3.610607e-07,0.299983621,16.9461269,-2.64955521,0.399981052,-5.56533718,-1.62983799,0.349978209,5.12607479,9.36595249,0.39997521,-5.85854197,-7.58547878,0.399971902,9.58210754,-11.8167515,0.399968684,-2.42526984,4.69966602,0.399964005,3.72886491,3.44118643,0.4749614
171,-7.34648132,-3.64094831e-07,0.299983621,17.0926075,-2.67394185,0.399981052,-5.62493134,-1.64100361,0.349978209,5.16663122,9.46603012,0.39997521,-5.93518066,-7.66517973,0.399971962,9.67793274,-11.9699993,0.399968684,-2.48455691,4.76416636,0.399964243,3.74134564,3.49413943,0.4749614
172,-7.40770197,-3.67128962e-07,0.299983621,17.2390881,-2.6983285,0.399981052,-5.68452549,-1.65216923,0.349978209,5.20718765,9.56610775,0.39997521,-6.01181936,-7.74488068,0.399971992,9.77375793,-12.1232471,0.399968684,-2.54384398,4.82866669,0.399964422,3.75382638,3.54709244,0.4749614
173,-7.46892262,-3.70163093e-07,0.299983621,17.3855686,-2.72271514,0.399981052,-5.74411964,-1.66333485,0.349978209,5.24774408,9.66618538,0.39997521,-6.08845806,-7.82458162,0.399972022,9.86958313,-12.276495,0.399968684,-2.60313106,4.89316702,0.399964571,3.76630712,3.60004544,0.4749614
174,-7.53014326,-3.73197224e-07,0.299983621,17.5320492,-2.74710178,0.399981052,-5.8037138,-1.67450047,0.349978209,5.28830051,9.76626301,0.39997521,-6.16509676,-7.90428257,0.399972051,9.96540833,-12.4297428,0.399968684,-2.66241813,4.95766735,0.39996469,3.77878785,3.65299845,0.4749614
175,-7.59136391,-3.76231355e-07,0.299983621,17.6785297,-2.77148843,0.399981052,-5.86330795,-1.68566608,0.349978209,5.32885695,9.86634064,0.39997521,-6.24173546,-7.98398352,0.399972051,10.0612335,-12.5829906,0.399968714,-2.7217052,5.02216768,0.39996478,3.79126859,3.70595145,0.4749614
176,-7.65258455,-3.79265487e-07,0.299983621,17.8250103,-2.79587507,0.399981052,-5.92290211,-1.6968317,0.349978209,5.36941338,9.96641827,0.39997521,-6.31837416,-8.06368446,0.399972051,10.1570587,-12.7362385,0.399968714,-2.78099227,5.08666801,0.399964869,3.80374932,3.75890446,0.4749614
177,-7.7138052,-3.82299618e-07,0.299983621,17.9714909,-2.82026172,0.399981052,-5.98249626,-1.70799732,0.349978209,5.40996981,10.0664959,0.39997521,-6.39501286,-8.14338589,0.399972051,10.2528839,-12.8894863,0.399968714,-2.84027934,5.15116835,0.399964929,3.81623006,3.81185746,0.4749614
178,-7.77502584,-3.85333749e-07,0.299983621,18.1179714,-2.84464836,0.399981052,-6.04209042,-1.71916294,0.349978209,5.45052624,10.1665735,0.39997524,-6.47165155,-8.22308731,0.399972051,10.3487091,-13.0427341,0.399968714,-2.89956641,5.21566868,0.399964988,3.82871079,3.86481047,0.4749614
179,-7.83624649,-3.8836788e-07,0.299983621,18.264452,-2.86903501,0.399981052,-6.10168457,-1.73032856,0.349978209,5.49108267,10.2666512,0.39997527,-6.54829025,-8.30278873,0.399972051,10.4445343,-13.195982,0.399968714,-2.95885348,5.28016901,0.399965018,3.84119153,3.91776347,0.4749614
180,-7.89746714,-3.91402011e-07,0.299983621,18.4109325,-2.89342165,0.399981052,-6.16127872,-1.74149418,0.349978209,5.5316391,10.3667288,0.39997527,-6.62492895,-8.38249016,0.399972051,10.5403595,-13.3492298,0.399968714,-3.01814055,5.34466934,0.399965048,3.85367227,3.97071648,0.4749614
181,-7.95868778,-3.94436142e-07,0.299983621,18.5574131,-2.91780829,0.399981052,-6.22087288,-1.7526598,0.349978209,5.57219553,10.4668064,0.39997527,-6.70156765,-8.46219158,0.399972051,10.6361847,-13.5024776,0.399968714,-3.07742763,5.40916967,0.399965078,3.866153,4.02366924,0.4749614
182,-8.01990891,-3.97470274e-07,0.299983621,18.7038937,-2.94219494,0.399981052,-6.28046703,-1.76382542,0.349978209,5.61275196,10.566884,0.39997527,-6.77820635,-8.54189301,0.399972051,10.7320099,-13.6557255,0.399968743,-3.1367147,5.47367001,0.399965107,3.87863374,4.07662201,0.4749614
183,-8.08113003,-4.00504405e-07,0.299983621,18.8503742,-2.96658158,0.399981052,-6.34006119,-1.77499104,0.349978209,5.65330839,10.6669617,0.39997527,-6.85484505,-8.62159443,0.399972051,10.8278351,-13.8089733,0.399968743,-3.19600177,5.53817034,0.399965107,3.89111447,4.12957478,0.4749614
184,-8.14235115,-4.03538536e-07,0.299983621,18.9968548,-2.99096823,0.399981052,-6.39965534,-1.78615665,0.349978209,5.69386482,10.7670393,0.39997527,-6.93148375,-8.70129585,0.399972051,10.9236603,-13.9622211,0.399968743,-3.25528884,5.60267067,0.399965107,3.90359521,4.18252754,0.4749614
185,-8.20357227,-4.06572667e-07,0.299983621,19.1433353,-3.01535487,0.399981052,-6.4592495,-1.79732227,0.349978209,5.73442125,10.8671169,0.39997527,-7.00812244,-8.78099728,0.399972051,11.0194855,-14.115469,0.399968743,-3.31457591,5.667171,0.399965107,3.91607594,4.23548031,0.4749614
186,-8.2647934,-4.09606798e-07,0.299983621,19.2898159,-3.03974152,0.399981052,-6.51884365,-1.80848789,0.349978209,5.77497768,10.9671946,0.39997527,-7.08476114,-8.8606987,0.399972051,11.1153107,-14.2687168,0.399968743,-3.37386298,5.73167133,0.399965107,3.92855668,4.28843307,0.4749614
187,-8.32601452,-4.12640929e-07,0.299983621,19.4362965,-3.06412816,0.399981052,-6.57843781,-1.81965351,0.349978209,5.81553411,11.0672722,0.39997527,-7.16139984,-8.94040012,0.399972051,11.2111359,-14.4219646,0.399968743,-3.43315005,5.79617167,0.399965107,3.94103742,4.34138584,0.4749614
188,-8.38723564,-4.15675061e-07,0.299983621,19.582777,-3.0885148,0.399981052,-6.63803196,-1.83081913,0.349978209,5.85609055,11.1673498,0.39997527,-7.23803854,-9.02010155,0.399972051,11.3069611,-14.5752125,0.399968743,-3.49243712,5.860672,0.399965107,3.95351815,4.39433861,0.4749614
189,-8.44845676,-4.18709192e-07,0.299983621,19.7292576,-3.11290145,0.399981052,-6.69762611,-1.84198475,0.349978209,5.89664698,11.2674274,0.39997527,-7.31467724,-9.09980297,0.399972081,11.4027863,-14.7284603,0.399968743,-3.5517242,5.92517233,0.399965137,3.96599889,4.44729137,0.4749614
190,-8.50967789,-4.21743323e-07,0.299983621,19.8757381,-3.13728809,0.399981052,-6.75722027,-1.85315037,0.349978209,5.93720341,11.3675051,0.39997527,-7.39131594,-9.17950439,0.399972111,11.4986115,-14.8817081,0.399968743,-3.61101127,5.98967266,0.399965137,3.97847962,4.50024414,0.4749614
191,-8.57089901,-4.24777454e-07,0.299983621,20.0222187,-3.16167474,0.399981052,-6.81681442,-1.86431599,0.349978209,5.97775984,11.4675827,0.39997527,-7.46795464,-9.25920582,0.399972111,11.5944366,-15.034956,0.399968743,-3.67029834,6.05417299,0.399965137,3.99096036,4.55319691,0.4749614
192,-8.63212013,-4.27811585e-07,0.299983621,20.1686993,-3.18606138,0.399981052,-6.87640858,-1.87548161,0.349978209,6.01831627,11.5676603,0.39997527,-7.54459333,-9.33890724,0.399972111,11.6902618,-15.1882038,0.399968743,-3.72958541,6.11867332,0.399965137,4.00344086,4.60614967,0.4749614
193,-8.69334126,-4.30845716e-07,0.299983621,20.3151798,-3.21044803,0.399981052,-6.93600273,-1.88664722,0.349978209,6.0588727,11.667738,0.39997527,-7.62123203,-9.41860867,0.399972111,11.786087,-15.3414516,0.399968743,-3.78887248,6.18317366,0.399965137,4.01592159,4.65910244,0.4749614
194,-8.75456238,-4.33879848e-07,0.299983621,20.4616604,-3.23483467,0.399981052,-6.99559689,-1.89781284,0.349978209,6.09942913,11.7678156,0.39997527,-7.69787073,-9.49831009,0.399972111,11.8819122,-15.4946995,0.399968743,-3.84815955,6.24767399,0.399965137,4.02840233,4.71205521,0.4749614
195,-8.8157835,-4.36913979e-07,0.299983621,20.6081409,-3.25922132,0.399981052,-7.05519104,-1.90897846,0.349978209,6.13998556,11.8678932,0.39997527,-7.77450943,-9.57801151,0.399972111,11.9777374,-15.6479473,0.399968743,-3.90744662,6.31217432,0.399965137,4.04088306,4.76500797,0.4749614
196,-8.87700462,-4.3994811e-07,0.299983621,20.7546215,-3.28360796,0.399981052,-7.11478519,-1.92014408,0.349978209,6.18054199,11.9679708,0.39997527,-7.85114813,-9.65771294,0.399972111,12.0735626,-15.8011951,0.399968743,-3.96673369,6.37667465,0.399965137,4.0533638,4.81796074,0.4749614
197,-8.93822575,-4.42982241e-07,0.299983621,20.9011021,-3.3079946,0.399981052,-7.17437935,-1.9313097,0.349978209,6.22109842,12.0680485,0.39997527,-7.92778683,-9.73741436,0.399972111,12.1693878,-15.954443,0.399968743,-4.026021,6.44117498,0.399965137,4.06584454,4.87091351,0.4749614
198,-8.99944687,-4.46016372e-07,0.299983621,21.0475826,-3.33238125,0.399981052,-7.2339735,-1.94247532,0.349978209,6.26165485,12.1681261,0.39997527,-8.00442505,-9.81711578,0.399972111,12.265213,-16.1076908,0.399968743,-4.08530807,6.50567532,0.399965137,4.07832527,4.92386627,0.4749614
199,-9.06066799,-4.49050503e-07,0.299983621,21.1940632,-3.35676789,0.399981052,-7.29356766,-1.95364094,0.349978209,6.30221128,12.2682037,0.39997527,-8.08106327,-9.89681721,0.399972111,12.3610382,-16.2609386,0.399968743,-4.14459515,6.57017565,0.399965137,4.09080601,4.97681904,0.4749614
200,-9.12188911,-4.52084635e-07,0.299983621,21.3405437,-3.38115454,0.399981052,-7.35316181,-1.96480656,0.349978209,6.34276772,12.3682814,0.39997527,-8.15770149,-9.97651863,0.399972111,12.4568634,-16.4141865,0.399968743,-4.20388222,6.63467598,0.399965137,4.10328674,5.0297718,0.4749614
201,-9.18311024,-4.55118766e-07,0.299983621,21.4870243,-3.40554118,0.399981052,-7.41275597,-1.97597218,0.349978209,6.38332415,12.468359,0.39997527,-8.23433971,-10.0562201,0.399972111,12.5526886,-16.5674343,0.399968743,-4.26316929,6.69917631,0.399965167,4.11576748,5.08272457,0.4749614
202,-9.24433136,-4.58152897e-07,0.299983621,21.6335049,-3.42992783,0.399981052,-7.47235012,-1.98713779,0.349978209,6.42388058,12.5684366,0.39997527,-8.31097794,-10.1359215,0.399972111,12.6485138,-16.7206821,0.399968743,-4.32245636,6.76367664,0.399965167,4.12824821,5.13567734,0.4749614
203,-9.30555248,-4.61187028e-07,0.299983621,21.7799854,-3.45431447,0.399981052,-7.53194427,-1.99830341,0.349978209,6.46443701,12.6685143,0.39997527,-8.38761616,-10.2156229,0.399972111,12.744339,-16.87393,0.399968743,-4.38174343,6.82817698,0.399965167,4.14072895,5.1886301,0.4749614
204,-9.36677361,-4.64221159e-07,0.299983621,21.926466,-3.47870111,0.399981052,-7.59153843,-2.00946903,0.349978209,6.50499344,12.7685919,0.39997527,-8.46425438,-10.2953243,0.399972111,12.8401642,-17.0271778,0.399968743,-4.4410305,6.89267731,0.399965167,4.15320969,5.24158287,0.4749614
205,-9.42799473,-4.6725529e-07,0.299983621,22.0729465,-3.50308776,0.399981052,-7.65113258,-2.02063465,0.349978209,6.54554987,12.8686695,0.39997527,-8.5408926,-10.3750257,0.399972111,12.9359894,-17.1804256,0.399968743,-4.50031757,6.95717764,0.399965167,4.16569042,5.29453564,0.4749614
206,-9.48921585,-4.70289422e-07,0.299983621,22.2194271,-3.5274744,0.399981052,-7.71072674,-2.03180027,0.349978209,6.5861063,12.9687471,0.39997527,-8.61753082,-10.4547272,0.399972111,13.0318146,-17.3336735,0.399968743,-4.55960464,7.02167797,0.399965167,4.17817116,5.3474884,0.4749614
207,-9.55043697,-4.73323553e-07,0.299983621,22.3659077,-3.55186105,0.399981052,-7.77032089,-2.04296589,0.349978209,6.62666273,13.0688248,0.39997527,-8.69416904,-10.5344286,0.399972111,13.1276398,-17.4869213,0.399968743,-4.61889172,7.0861783,0.399965167,4.19065189,5.40044117,0.4749614
208,-9.6116581,-4.76357684e-07,0.299983621,22.5123882,-3.57624769,0.399981052,-7.82991505,-2.05413151,0.349978209,6.66721916,13.1689024,0.39997527,-8.77080727,-10.61413,0.399972111,13.223465,-17.6401691,0.399968743,-4.67817879,7.15067863,0.399965167,4.20313263,5.45339394,0.4749614
209,-9.67287922,-4.79391815e-07,0.299983621,22.6588688,-3.60063434,0.399981052,-7.8895092,-2.06529713,0.349978209,6.70777559,13.26898,0.39997527,-8.84744549,-10.6938314,0.399972111,13.3192902,-17.793417,0.399968743,-4.73746586,7.21517897,0.399965167,4.21561337,5.5063467,0.4749614
210,-9.73410034,-4.82425946e-07,0.299983621,22.8053493,-3.62502098,0.399981052,-7.94910336,-2.07646275,0.349978209,6.74833202,13.3690577,0.39997527,-8.92408371,-10.7735329,0.399972111,13.4151154,-17.9466648,0.399968743,-4.79675293,7.2796793,0.399965167,4.2280941,5.55929947,0.4749614
211,-9.79532146,-4.85460077e-07,0.299983621,22.9518299,-3.64940763,0.399981052,-8.00869751,-2.08762836,0.349978209,6.78888845,13.4691353,0.39997527,-9.00072193,-10.8532343,0.399972111,13.5109406,-18.0999126,0.399968743,-4.85604,7.34417963,0.399965167,4.24057484,5.61225224,0.4749614
212,-9.85654259,-4.88494209e-07,0.299983621,23.0983105,-3.67379427,0.399981052,-8.06829166,-2.09879398,0.349978209,6.82944489,13.5692129,0.39997527,-9.07736015,-10.9329357,0.399972111,13.6067657,-18.2531605,0.399968743,-4.91532707,7.40867996,0.399965167,4.25305557,5.665205,0.4749614
213,-9.91776371,-4.9152834e-07,0.299983621,23.244791,-3.69818091,0.399981052,-8.12788582,-2.1099596,0.349978209,6.87000132,13.6692905,0.39997527,-9.15399837,-11.0126371,0.399972111,13.7025909,-18.4064083,0.399968743,-4.97461414,7.47318029,0.399965167,4.26553631,5.71815777,0.4749614
214,-9.97898483,-4.94562471e-07,0.299983621,23.3912716,-3.72256756,0.399981052,-8.18747997,-2.12112522,0.349978209,6.91055775,13.7693682,0.39997527,-9.2306366,-11.0923386,0.399972111,13.7984161,-18.5596561,0.399968743,-5.03390121,7.53768063,0.399965167,4.27801704,5.77111053,0.4749614
215,-10.040206,-4.97596602e-07,0.299983621,23.5377522,-3.7469542,0.399981052,-8.24707413,-2.13229084,0.349978209,6.95111418,13.8694458,0.39997527,-9.30727482,-11.17204,0.399972111,13.8942413,-18.712904,0.399968743,-5.09318829,7.60218096,0.399965167,4.29049778,5.8240633,0.4749614
216,-10.1014271,-5.00630733e-07,0.299983621,23.6842327,-3.77134085,0.399981052,-8.30666828,-2.14345646,0.349978209,6.99167061,13.9695234,0.39997527,-9.38391304,-11.2517414,0.399972111,13.9900665,-18.8661518,0.399968743,-5.15247536,7.66668129,0.399965167,4.30297852,5.87701607,0.4749614
217,-10.1626482,-5.03664864e-07,0.299983621,23.8307133,-3.79572749,0.399981052,-8.36626244,-2.15462208,0.349978209,7.03222704,14.0696011,0.39997527,-9.46055126,-11.3314428,0.399972111,14.0858917,-19.0193996,0.399968743,-5.21176243,7.73118162,0.399965167,4.31545925,5.92996883,0.4749614
218,-10.2238693,-5.06698996e-07,0.299983621,23.9771938,-3.82011414,0.399981052,-8.42585659,-2.1657877,0.349978209,7.07278347,14.1696787,0.39997527,-9.53718948,-11.4111443,0.399972111,14.1817169,-19.1726475,0.399968743,-5.2710495,7.79568195,0.399965167,4.32793999,5.9829216,0.4749614
219,-10.2850904,-5.09733127e-07,0.299983621,24.1236744,-3.84450078,0.399981052,-8.48545074,-2.17695332,0.349978209,7.1133399,14.2697563,0.39997527,-9.61382771,-11.4908457,0.399972111,14.2775421,-19.3258953,0.399968743,-5.33033657,7.86018229,0.399965167,4.34042072,6.03587437,0.4749614
220,-10.3463116,-5.12767258e-07,0.299983621,24.270155,-3.86888742,0.399981052,-8.5450449,-2.18811893,0.349978209,7.15389633,14.3698339,0.39997527,-9.69046593,-11.5705471,0.399972111,14.3733673,-19.4791431,0.399968743,-5.38962364,7.92468262,0.399965167,4.35290146,6.08882713,0.4749614
221,-10.4075327,-5.15801389e-07,0.299983621,24.4166355,-3.89327407,0.399981052,-8.60463905,-2.19928455,0.349978209,7.19445276,14.4699116,0.39997527,-9.76710415,-11.6502485,0.399972111,14.4691925,-19.632391,0.399968743,-5.44891071,7.98918295,0.399965167,4.36538219,6.1417799,0.4749614
222,-10.4687538,-5.1883552e-07,0.299983621,24.5631161,-3.91766071,0.399981052,-8.66423321,-2.21045017,0.349978209,7.23500919,14.5699892,0.39997527,-9.84374237,-11.72995,0.399972111,14.5650177,-19.7856388,0.399968743,-5.50819778,8.05368328,0.399965167,4.37786293,6.19473267,0.4749614
223,-10.5299749,-5.21869651e-07,0.299983621,24.7095966,-3.94204736,0.399981052,-8.72382736,-2.22161579,0.349978209,7.27556562,14.6700668,0.39997527,-9.92038059,-11.8096514,0.399972111,14.6608429,-19.9388866,0.399968743,-5.56748486,8.11818314,0.399965167,4.39034367,6.24768543,0.4749614
224,-10.5911961,-5.24903783e-07,0.299983621,24.8560772,-3.966434,0.399981052,-8.78342152,-2.23278141,0.349978209,7.31612206,14.7701445,0.39997527,-9.99701881,-11.8893528,0.399972111,14.7566681,-20.0921345,0.399968743,-5.62677193,8.18268299,0.399965167,4.4028244,6.3006382,0.4749614
225,-10.6524172,-5.27937914e-07,0.299983621,25.0025578,-3.99082065,0.399981052,-8.84301567,-2.24394703,0.349978209,7.35667849,14.8702221,0.39997527,-10.073657,-11.9690542,0.399972111,14.8524933,-20.2453823,0.399968743,-5.686059,8.24718285,0.399965167,4.41530514,6.35359097,0.4749614
226,-10.7136383,-5.30972045e-07,0.299983621,25.1490383,-4.01520729,0.399981052,-8.90260983,-2.25511265,0.349978209,7.39723492,14.9702997,0.39997527,-10.1502953,-12.0487556,0.399972111,14.9483185,-20.3986301,0.399968743,-5.74534607,8.3116827,0.399965167,4.42778587,6.40654373,0.4749614
227,-10.7748594,-5.34006176e-07,0.299983621,25.2955189,-4.03959417,0.399981052,-8.96220398,-2.26627827,0.349978209,7.43779135,15.0703773,0.39997527,-10.2269335,-12.1284571,0.399972111,15.0441437,-20.551878,0.399968743,-5.80463314,8.37618256,0.399965167,4.44026661,6.4594965,0.4749614
228,-10.8360806,-5.37040307e-07,0.299983621,25.4419994,-4.06398106,0.399981052,-9.02179813,-2.27744389,0.349978209,7.47834778,15.170455,0.39997527,-10.3035717,-12.2081585,0.399972111,15.1399689,-20.7051258,0.399968743,-5.86392021,8.44068241,0.399965167,4.45274734,6.51244926,0.4749614
229,-10.8973017,-5.40074439e-07,0.299983621,25.58848,-4.08836794,0.399981052,-9.08139229,-2.2886095,0.349978209,7.51890421,15.2705326,0.39997527,-10.3802099,-12.2878599,0.399972111,15.2357941,-20.8583736,0.399968743,-5.92320728,8.50518227,0.399965167,4.46522808,6.56540203,0.4749614
230,-10.9585228,-5.4310857e-07,0.299983621,25.7349606,-4.11275482,0.399981052,-9.14098644,-2.29977512,0.349978209,7.55946064,15.3706102,0.39997527,-10.4568481,-12.3675613,0.399972111,15.3316193,-21.0116215,0.399968743,-5.98249435,8.56968212,0.399965167,4.47770882,6.6183548,0.4749614
231,-11.0197439,-5.46142701e-07,0.299983621,25.8814411,-4.1371417,0.399981052,-9.2005806,-2.31094074,0.349978209,7.60001707,15.4706879,0.39997527,-10.5334864,-12.4472628,0.399972111,15.4274445,-21.1648693,0.399968743,-6.04178143,8.63418198,0.399965167,4.49018955,6.67130756,0.4749614
232,-11.080965,-5.49176832e-07,0.299983621,26.0279217,-4.16152859,0.399981052,-9.26017475,-2.32210636,0.349978209,7.6405735,15.5707655,0.39997527,-10.6101246,-12.5269642,0.399972111,15.5232697,-21.3181171,0.399968743,-6.1010685,8.69868183,0.399965167,4.50267029,6.72426033,0.4749614
233,-11.1421862,-5.52210963e-07,0.299983621,26.1744022,-4.18591547,0.399981052,-9.31976891,-2.33327198,0.349978209,7.68112993,15.6708431,0.39997527,-10.6867628,-12.6066656,0.399972111,15.6190948,-21.471365,0.399968743,-6.16035557,8.76318169,0.399965167,4.51515102,6.7772131,0.4749614
234,-11.2034073,-5.55245094e-07,0.299983621,26.3208828,-4.21030235,0.399981052,-9.37936306,-2.3444376,0.349978209,7.72168636,15.7709208,0.39997527,-10.763401,-12.686367,0.399972111,15.71492,-21.6246128,0.399968743,-6.21964264,8.82768154,0.399965167,4.52763176,6.83016586,0.4749614
235,-11.2646284,-5.58279226e-07,0.299983621,26.4673634,-4.23468924,0.399981052,-9.43895721,-2.35560322,0.349978209,7.76224279,15.8709984,0.39997527,-10.8400393,-12.7660685,0.399972111,15.8107452,-21.7778606,0.399968743,-6.27892971,8.8921814,0.399965167,4.5401125,6.88311863,0.4749614
236,-11.3258495,-5.61313357e-07,0.299983621,26.6138439,-4.25907612,0.399981052,-9.49855137,-2.36676884,0.349978209,7.80279922,15.971076,0.39997527,-10.9166775,-12.8457699,0.399972111,15.9065704,-21.9311085,0.399968743,-6.33821678,8.95668125,0.399965167,4.55259323,6.9360714,0.4749614
237,-11.3870707,-5.64347488e-07,0.299983621,26.7603245,-4.283463,0.399981052,-9.55814552,-2.37793446,0.349978209,7.84335566,16.0711536,0.39997527,-10.9933157,-12.9254713,0.399972111,16.0023956,-22.0843563,0.399968743,-6.39750385,9.02118111,0.399965167,4.56507397,6.98902416,0.4749614
238,-11.4482918,-5.67381619e-07,0.299983621,26.906805,-4.30784988,0.399981052,-9.61773968,-2.38910007,0.349978209,7.88391209,16.1712303,0.39997527,-11.0699539,-13.0051727,0.399972111,16.0982208,-22.2376041,0.399968743,-6.45679092,9.08568096,0.399965167,4.5775547,7.04197693,0.4749614
239,-11.5095129,-5.7041575e-07,0.299983621,27.0532856,-4.33223677,0.399981052,-9.67733383,-2.40026569,0.349978209,7.92446852,16.271307,0.39997527,-11.1465921,-13.0848742,0.399972111,16.194046,-22.390852,0.399968743,-6.516078,9.15018082,0.399965167,4.59003544,7.0949297,0.4749614
240,-11.570734,-5.73449881e-07,0.299983621,27.1997662,-4.35662365,0.399981052,-9.73692799,-2.41143131,0.349978209,7.96502495,16.3713837,0.39997527,-11.2232304,-13.1645756,0.399972111,16.2898712,-22.5440998,0.399968743,-6.57536507,9.21468067,0.399965167,4.60251617,7.14788246,0.4749614
241,-11.6319551,-5.76484013e-07,0.299983621,27.3462467,-4.38101053,0.399981052,-9.79652214,-2.42259693,0.349978209,8.00558186,16.4714603,0.39997527,-11.2998686,-13.244277,0.399972111,16.3856964,-22.6973476,0.399968743,-6.63465214,9.27918053,0.399965167,4.61499691,7.20083523,0.4749614
242,-11.6931763,-5.79518144e-07,0.299983621,27.4927273,-4.40539742,0.399981052,-9.85611629,-2.43376255,0.349978209,8.04613876,16.571537,0.39997527,-11.3765068,-13.3239784,0.399972111,16.4815216,-22.8505955,0.399968743,-6.69393921,9.34368038,0.399965167,4.62747765,7.25378799,0.4749614
243,-11.7543974,-5.82552275e-07,0.299983621,27.6392078,-4.4297843,0.399981052,-9.91571045,-2.44492817,0.349978209,8.08669567,16.6716137,0.39997527,-11.453145,-13.4036798,0.399972111,16.5773468,-23.0038433,0.399968743,-6.75322628,9.40818024,0.399965167,4.63995838,7.30674076,0.4749614
244,-11.8156185,-5.85586406e-07,0.299983621,27.7856884,-4.45417118,0.399981052,-9.9753046,-2.45609379,0.349978209,8.12725258,16.7716904,0.39997527,-11.5297832,-13.4833813,0.399972111,16.673172,-23.1570911,0.399968743,-6.81251335,9.47268009,0.399965167,4.65243912,7.35969353,0.4749614
245,-11.8768396,-5.88620537e-07,0.299983621,27.932169,-4.47855806,0.399981052,-10.0348988,-2.46725941,0.349978209,8.16780949,16.871767,0.39997527,-11.6064215,-13.5630827,0.399972111,16.7689972,-23.310339,0.399968743,-6.87180042,9.53717995,0.399965167,4.66491985,7.41264629,0.4749614
246,-11.9380608,-5.91654668e-07,0.299983621,28.0786495,-4.50294495,0.399981052,-10.0944929,-2.47842503,0.349978209,8.20836639,16.9718437,0.39997527,-11.6830597,-13.6427841,0.399972111,16.8648224,-23.4635868,0.399968743,-6.93108749,9.6016798,0.399965167,4.67740059,7.46559906,0.4749614
247,-11.9992819,-5.946888e-07,0.299983621,28.2251301,-4.52733183,0.399981052,-10.1540871,-2.48959064,0.349978209,8.2489233,17.0719204,0.39997527,-11.7596979,-13.7224855,0.399972111,16.9606476,-23.6168346,0.399968743,-6.99037457,9.66617966,0.399965167,4.68988132,7.51855183,0.4749614
248,-12.060503,-5.97722931e-07,0.299983621,28.3716106,-4.55171871,0.399981052,-10.2136812,-2.50075626,0.349978209,8.28948021,17.1719971,0.39997527,-11.8363361,-13.802187,0.399972111,17.0564728,-23.7700825,0.399968743,-7.04966164,9.73067951,0.399965167,4.70236206,7.57150459,0.4749614
249,-12.1217241,-6.00757062e-07,0.299983621,28.5180912,-4.57610559,0.399981052,-10.2732754,-2.51192188,0.349978209,8.33003712,17.2720737,0.39997527,-11.9129744,-13.8818884,0.399972111,17.152298,-23.9233303,0.399968743,-7.10894871,9.79517937,0.399965167,4.7148428,7.62445736,0.4749614
250,-12.1829453,-6.03791193e-07,0.299983621,28.6645718,-4.60049248,0.399981052,-10.3328695,-2.5230875,0.349978209,8.37059402,17.3721504,0.39997527,-11.9896126,-13.9615898,0.399972111,17.2481232,-24.0765781,0.399968743,-7.16823578,9.85967922,0.399965167,4.72732353,7.67741013,0.4749614
251,-12.2441664,-6.06825324e-07,0.299983621,28.8110523,-4.62487936,0.399981052,-10.3924637,-2.53425312,0.349978209,8.41115093,17.4722271,0.39997527,-12.0662508,-14.0412912,0.399972111,17.3439484,-24.229826,0.399968743,-7.22752285,9.92417908,0.399965167,4.73980427,7.73036289,0.4749614
252,-12.3053875,-6.09859455e-07,0.299983621,28.9575329,-4.64926624,0.399981052,-10.4520578,-2.54541874,0.349978209,8.45170784,17.5723038,0.39997527,-12.142889,-14.1209927,0.399972111,17.4397736,-24.3830738,0.399968743,-7.28680992,9.98867893,0.399965167,4.752285,7.78331566,0.4749614
253,-12.3666086,-6.12893587e-07,0.299983621,29.1040134,-4.67365313,0.399981052,-10.511652,-2.55658436,0.349978209,8.49226475,17.6723804,0.39997527,-12.2195272,-14.2006941,0.399972111,17.5355988,-24.5363216,0.399968743,-7.34609699,10.0531788,0.399965167,4.76476574,7.83626842,0.4749614
254,-12.4278297,-6.15927718e-07,0.299983621,29.250494,-4.69804001,0.399981052,-10.5712461,-2.56774998,0.349978209,8.53282166,17.7724571,0.39997527,-12.2961655,-14.2803955,0.399972111,17.631424,-24.6895695,0.399968743,-7.40538406,10.1176786,0.399965167,4.77724648,7.88922119,0.4749614
255,-12.4890509,-6.18961849e-07,0.299983621,29.3969746,-4.72242689,0.399981052,-10.6308403,-2.5789156,0.349978209,8.57337856,17.8725338,0.39997527,-12.3728037,-14.3600969,0.399972111,17.7272491,-24.8428173,0.399968743,-7.46467113,10.1821785,0.399965167,4.78972721,7.94217396,0.4749614
256,-12.550272,-6.2199598e-07,0.299983621,29.5434551,-4.74681377,0.399981052,-10.6904345,-2.59008121,0.349978209,8.61393547,17.9726105,0.39997527,-12.4494419,-14.4397984,0.399972111,17.8230743,-24.9960651,0.399968743,-7.52395821,10.2466784,0.399965167,4.80220795,7.99512672,0.4749614
257,-12.6114931,-6.25030111e-07,0.299983621,29.6899357,-4.77120066,0.399981052,-10.7500286,-2.60124683,0.349978209,8.65449238,18.0726871,0.39997527,-12.5260801,-14.5194998,0.399972111,17.9188995,-25.149313,0.399968743,-7.58324528,10.3111782,0.399965167,4.81468868,8.04807949,0.4749614
258,-12.6727142,-6.28064242e-07,0.299983621,29.8364162,-4.79558754,0.399981052,-10.8096228,-2.61241245,0.349978209,8.69504929,18.1727638,0.39997527,-12.6027184,-14.5992012,0.399972111,18.0147247,-25.3025608,0.399968743,-7.64253235,10.3756781,0.399965167,4.82716942,8.10103226,0.4749614
259,-12.7339354,-6.31098374e-07,0.299983621,29.9828968,-4.81997442,0.399981052,-10.8692169,-2.62357807,0.349978209,8.73560619,18.2728405,0.39997527,-12.6793566,-14.6789026,0.399972111,18.1105499,-25.4558086,0.399968743,-7.70181942,10.4401779,0.399965167,4.83965015,8.15398502,0.4749614
260,-12.7951565,-6.34132505e-07,0.299983621,30.1293774,-4.84436131,0.399981052,-10.9288111,-2.63474369,0.349978209,8.7761631,18.3729172,0.39997527,-12.7559948,-14.758604,0.399972111,18.2063751,-25.6090565,0.399968743,-7.76110649,10.5046778,0.399965167,4.85213089,8.20693779,0.4749614
261,-12.8563776,-6.37166636e-07,0.299983621,30.2758579,-4.86874819,0.399981052,-10.9884052,-2.64590931,0.349978209,8.81672001,18.4729939,0.39997527,-12.832633,-14.8383055,0.399972111,18.3022003,-25.7623043,0.399968743,-7.82039356,10.5691776,0.399965167,4.86461163,8.25989056,0.4749614
262,-12.9175987,-6.40200767e-07,0.299983621,30.4223385,-4.89313507,0.399981052,-11.0479994,-2.65707493,0.349978209,8.85727692,18.5730705,0.39997527,-12.9092712,-14.9180069,0.399972111,18.3980255,-25.9155521,0.399968743,-7.87968063,10.6336775,0.399965167,4.87709236,8.31284332,0.4749614
263,-12.9788198,-6.43234898e-07,0.299983621,30.568819,-4.91752195,0.399981052,-11.1075935,-2.66824055,0.349978209,8.89783382,18.6731472,0.39997527,-12.9859095,-14.9977083,0.399972111,18.4938507,-26.0688,0.399968743,-7.9389677,10.6981773,0.399965167,4.8895731,8.36579609,0.4749614
264,-13.040041,-6.46269029e-07,0.299983621,30.7152996,-4.94190884,0.399981052,-11.1671877,-2.67940617,0.349978209,8.93839073,18.7732239,0.39997527,-13.0625477,-15.0774097,0.399972111,18.5896759,-26.2220478,0.399968743,-7.99825478,10.7626772,0.399965167,4.90205383,8.41874886,0.4749614
265,-13.1012621,-6.49303161e-07,0.299983621,30.8617802,-4.96629572,0.399981052,-11.2267818,-2.69057178,0.349978209,8.97894764,18.8733006,0.39997527,-13.1391859,-15.1571112,0.399972111,18.6855011,-26.3752956,0.399968743,-8.05754185,10.827177,0.399965167,4.91453457,8.47170162,0.4749614
266,-13.1624832,-6.52337292e-07,0.299983621,31.0082607,-4.9906826,0.399981052,-11.286376,-2.7017374,0.349978209,9.01950455,18.9733772,0.39997527,-13.2158241,-15.2368126,0.399972111,18.7813263,-26.5285435,0.399968743,-8.11682892,10.8916769,0.399965167,4.9270153,8.52465439,0.4749614
267,-13.2237043,-6.55371423e-07,0.299983621,31.1547413,-5.01506948,0.399981052,-11.3459702,-2.71290302,0.349978209,9.06006145,19.0734539,0.39997527,-13.2924623,-15.316514,0.399972111,18.8771515,-26.6817913,0.399968743,-8.17611599,10.9561768,0.399965167,4.93949604,8.57760715,0.47496143
268,-13.2849255,-6.58405554e-07,0.299983621,31.3012218,-5.03945637,0.399981052,-11.4055643,-2.72406864,0.349978209,9.10061836,19.1735306,0.39997527,-13.3691006,-15.3962154,0.399972111,18.9729767,-26.8350391,0.399968743,-8.23540306,11.0206766,0.399965167,4.95197678,8.63055992,0.47496143
269,-13.3461466,-6.61439685e-07,0.299983621,31.4477024,-5.06384325,0.399981052,-11.4651585,-2.73523426,0.349978209,9.14117527,19.2736073,0.39997527,-13.4457388,-15.4759169,0.399972111,19.0688019,-26.988287,0.399968743,-8.29469013,11.0851765,0.399965167,4.96445751,8.68351269,0.47496143
270,-13.4073677,-6.64473816e-07,0.299983621,31.594183,-5.08823013,0.399981052,-11.5247526,-2.74639988,0.349978209,9.18173218,19.3736839,0.39997527,-13.522377,-15.5556183,0.399972111,19.1646271,-27.1415348,0.399968743,-8.3539772,11.1496763,0.399965167,4.97693825,8.73646545,0.47496143
271,-13.4685888,-6.67507948e-07,0.299983621,31.7406635,-5.11261702,0.399981052,-11.5843468,-2.7575655,0.349978209,9.22228909,19.4737606,0.39997527,-13.5990152,-15.6353197,0.399972111,19.2604523,-27.2947826,0.399968743,-8.41326427,11.2141762,0.399965167,4.98941898,8.78941822,0.47496143
272,-13.52981,-6.70542079e-07,0.299983621,31.8871441,-5.1370039,0.399981052,-11.6439409,-2.76873112,0.349978209,9.26284599,19.5738373,0.39997527,-13.6756535,-15.7150211,0.399972111,19.3562775,-27.4480305,0.399968743,-8.47255135,11.278676,0.399965167,5.00189972,8.84237099,0.47496143
273,-13.5910311,-6.7357621e-07,0.299983621,32.0336266,-5.16139078,0.399981052,-11.7035351,-2.77989674,0.349978209,9.3034029,19.673914,0.39997527,-13.7522917,-15.7947226,0.399972111,19.4521027,-27.6012783,0.399968743,-8.53183842,11.3431759,0.399965167,5.01438046,8.89532375,0.47496143
274,-13.6522522,-6.76610341e-07,0.299983621,32.1801071,-5.18577766,0.399981052,-11.7631292,-2.79106236,0.349978209,9.34395981,19.7739906,0.39997527,-13.8289299,-15.874424,0.399972111,19.5479279,-27.7545261,0.399968743,-8.59112549,11.4076757,0.399965167,5.02686119,8.94827652,0.47496143
275,-13.7134733,-6.79644472e-07,0.299983621,32.3265877,-5.21016455,0.399981052,-11.8227234,-2.80222797,0.349978209,9.38451672,19.8740673,0.39997527,-13.9055681,-15.9541254,0.399972111,19.6437531,-27.907774,0.399968743,-8.65041256,11.4721756,0.399965167,5.03934193,9.00122929,0.47496143
276,-13.7746944,-6.82678603e-07,0.299983621,32.4730682,-5.23455143,0.399981052,-11.8823175,-2.81339359,0.349978209,9.42507362,19.974144,0.39997527,-13.9822063,-16.0338268,0.399972111,19.7395782,-28.0610218,0.399968743,-8.70969963,11.5366755,0.399965167,5.05182266,9.05418205,0.47496143
277,-13.8359156,-6.85712735e-07,0.299983621,32.6195488,-5.25893831,0.399981052,-11.9419117,-2.82455921,0.349978209,9.46563053,20.0742207,0.39997527,-14.0588446,-16.1135273,0.399972111,19.8354034,-28.2142696,0.399968743,-8.7689867,11.6011753,0.399965167,5.0643034,9.10713482,0.47496143
278,-13.8971367,-6.88746866e-07,0.299983621,32.7660294,-5.2833252,0.399981052,-12.0015059,-2.83572483,0.349978209,9.50618744,20.1742973,0.39997527,-14.1354828,-16.1932278,0.399972111,19.9312286,-28.3675175,0.399968743,-8.82827377,11.6656752,0.399965167,5.07678413,9.16008759,0.47496143
279,-13.9583578,-6.91780997e-07,0.299983621,32.9125099,-5.30771208,0.399981052,-12.0611,-2.84689045,0.349978209,9.54674435,20.274374,0.39997527,-14.212121,-16.2729282,0.399972111,20.0270538,-28.5207653,0.399968743,-8.88756084,11.730175,0.399965167,5.08926487,9.21304035,0.47496143
280,-14.0195789,-6.94815128e-07,0.299983621,33.0589905,-5.33209896,0.399981052,-12.1206942,-2.85805607,0.349978209,9.58730125,20.3744507,0.39997527,-14.2887592,-16.3526287,0.399972111,20.122879,-28.6740131,0.399968743,-8.94684792,11.7946749,0.399965167,5.10174561,9.26599312,0.47496143
281,-14.0808001,-6.97849259e-07,0.299983621,33.205471,-5.35648584,0.399981052,-12.1802883,-2.86922169,0.349978209,9.62785816,20.4745274,0.39997527,-14.3653975,-16.4323292,0.399972111,20.2187042,-28.827261,0.399968743,-9.00613499,11.8591747,0.399965167,5.11422634,9.31894588,0.47496143
282,-14.1420212,-7.0088339e-07,0.299983621,33.3519516,-5.38087273,0.399981052,-12.2398825,-2.88038731,0.349978209,9.66841507,20.574604,0.39997527,-14.4420357,-16.5120296,0.399972111,20.3145294,-28.9805088,0.399968743,-9.06542206,11.9236746,0.399965167,5.12670708,9.37189865,0.47496143
283,-14.2032423,-7.03917522e-07,0.299983621,33.4984322,-5.40525961,0.399981052,-12.2994766,-2.89155293,0.349978209,9.70897198,20.6746807,0.39997527,-14.5186739,-16.5917301,0.399972111,20.4103546,-29.1337566,0.399968743,-9.12470913,11.9881744,0.399965167,5.13918781,9.42485142,0.47496143
284,-14.2644634,-7.06951653e-07,0.299983621,33.6449127,-5.42964649,0.399981052,-12.3590708,-2.90271854,0.349978209,9.74952888,20.7747574,0.39997527,-14.5953121,-16.6714306,0.399972111,20.5061798,-29.2870045,0.399968743,-9.1839962,12.0526743,0.399965167,5.15166855,9.47780418,0.47496143
285,-14.3256845,-7.09985784e-07,0.299983621,33.7913933,-5.45403337,0.399981052,-12.4186649,-2.91388416,0.349978209,9.79008579,20.8748341,0.39997527,-14.6719503,-16.7511311,0.399972111,20.602005,-29.4402523,0.399968743,-9.24328327,12.1171741,0.399965167,5.16414928,9.53075695,0.47496143
286,-14.3869057,-7.13019915e-07,0.299983621,33.9378738,-5.47842026,0.399981052,-12.4782591,-2.92504978,0.349978209,9.8306427,20.9749107,0.39997527,-14.7485886,-16.8308315,0.399972111,20.6978302,-29.5935001,0.399968743,-9.30257034,12.181674,0.399965167,5.17663002,9.58370972,0.47496143
287,-14.4481268,-7.16054046e-07,0.299983621,34.0843544,-5.50280714,0.399981052,-12.5378532,-2.9362154,0.349978209,9.87119961,21.0749874,0.39997527,-14.8252268,-16.910532,0.399972111,20.7936554,-29.746748,0.399968743,-9.36185741,12.2461739,0.399965167,5.18911076,9.63666248,0.47496143
288,-14.5093479,-7.19088177e-07,0.299983621,34.230835,-5.52719402,0.399981052,-12.5974474,-2.94738102,0.349978209,9.91175652,21.1750641,0.39997527,-14.901865,-16.9902325,0.399972111,20.8894806,-29.8999958,0.399968743,-9.42114449,12.3106737,0.399965167,5.20159149,9.68961525,0.47496143
289,-14.570569,-7.22122309e-07,0.299983621,34.3773155,-5.55158091,0.399981052,-12.6570415,-2.95854664,0.349978209,9.95231342,21.2751408,0.39997527,-14.9785032,-17.0699329,0.399972111,20.9853058,-30.0532436,0.399968743,-9.48043156,12.3751736,0.399965167,5.21407223,9.74256802,0.47496146
290,-14.6317902,-7.2515644e-07,0.299983621,34.5237961,-5.57596779,0.399981052,-12.7166357,-2.96971226,0.349978209,9.99287033,21.3752174,0.39997527,-15.0551414,-17.1496334,0.399972111,21.081131,-30.2064915,0.399968743,-9.53971863,12.4396734,0.399965167,5.22655296,9.79552078,0.47496146
291,-14.6930113,-7.28190571e-07,0.299983621,34.6702766,-5.60035467,0.399981052,-12.7762299,-2.98087788,0.349978209,10.0334272,21.4752941,0.39997527,-15.1317797,-17.2293339,0.399972111,21.1769562,-30.3597393,0.399968743,-9.5990057,12.5041733,0.399965167,5.2390337,9.84847355,0.47496146
292,-14.7542324,-7.31224702e-07,0.299983621,34.8167572,-5.62474155,0.399981052,-12.835824,-2.9920435,0.349978209,10.0739841,21.5753708,0.39997527,-15.2084179,-17.3090343,0.399972111,21.2727814,-30.5129871,0.399968743,-9.65829277,12.5686731,0.399965167,5.25151443,9.90142632,0.47496146
293,-14.8154535,-7.34258833e-07,0.299983621,34.9632378,-5.64912844,0.399981052,-12.8954182,-3.00320911,0.349978209,10.1145411,21.6754475,0.39997527,-15.2850561,-17.3887348,0.399972111,21.3686066,-30.666235,0.399968743,-9.71757984,12.633173,0.399965167,5.26399517,9.95437908,0.47496146
294,-14.8766747,-7.37292964e-07,0.299983621,35.1097183,-5.67351532,0.399981052,-12.9550123,-3.01437473,0.349978209,10.155098,21.7755241,0.39997527,-15.3616943,-17.4684353,0.399972111,21.4644318,-30.8194828,0.399968743,-9.77686691,12.6976728,0.399965167,5.27647591,10.0073318,0.47496146
295,-14.9378958,-7.40327096e-07,0.299983621,35.2561989,-5.6979022,0.399981052,-13.0146065,-3.02554035,0.349978209,10.1956549,21.8756008,0.39997527,-15.4383326,-17.5481358,0.399972111,21.560257,-30.9727306,0.399968743,-9.83615398,12.7621727,0.399965167,5.28895664,10.0602846,0.47496146
296,-14.9991169,-7.43361227e-07,0.299983621,35.4026794,-5.72228909,0.399981052,-13.0742006,-3.03670597,0.349978209,10.2362118,21.9756775,0.39997527,-15.5149708,-17.6278362,0.399972111,21.6560822,-31.1259785,0.399968743,-9.89544106,12.8266726,0.399965167,5.30143738,10.1132374,0.47496146
297,-15.060338,-7.46395358e-07,0.299983621,35.54916,-5.74667597,0.399981052,-13.1337948,-3.04787159,0.349978209,10.2767687,22.0757542,0.39997527,-15.591609,-17.7075367,0.399972111,21.7519073,-31.2792263,0.399968743,-9.95472813,12.8911724,0.399965167,5.31391811,10.1661901,0.47496146
298,-15.1215591,-7.49429489e-07,0.299983621,35.6956406,-5.77106285,0.399981052,-13.1933889,-3.05903721,0.349978209,10.3173256,22.1758308,0.39997527,-15.6682472,-17.7872372,0.399972111,21.8477325,-31.4324741,0.399968743,-10.0140152,12.9556723,0.399965167,5.32639885,10.2191429,0.47496146
299,-15.1827803,-7.5246362e-07,0.299983621,35.8421211,-5.79544973,0.399981052,-13.2529831,-3.07020283,0.349978209,10.3578825,22.2759075,0.39997527,-15.7448854,-17.8669376,0.399972111,21.9435577,-31.585722,0.399968743,-10.0733023,13.0201721,0.399965167,5.33887959,10.2720957,0.47496146
300,-15.2440014,-7.55497751e-07,0.299983621,35.9886017,-5.81983662,0.399981052,-13.3125772,-3.08136845,0.349978209,10.3984394,22.3759842,0.39997527,-15.8215237,-17.9466381,0.399972111,22.0393829,-31.7389698,0.399968743,-10.1325893,13.084672,0.399965167,5.35136032,10.3250484,0.47496146
301,-15.3052225,-7.58531883e-07,0.299983621,36.1350822,-5.8442235,0.399981052,-13.3721714,-3.09253407,0.349978209,10.4389963,22.4760609,0.39997527,-15.8981619,-18.0263386,0.399972111,22.1352081,-31.8922176,0.399968743,-10.1918764,13.1491718,0.399965167,5.36384106,10.3780012,0.47496146
302,-15.3664436,-7.61566014e-07,0.299983621,36.2815628,-5.86861038,0.399981052,-13.4317656,-3.10369968,0.349978209,10.4795532,22.5761375,0.39997527,-15.9748001,-18.106039,0.399972111,22.2310333,-32.0454636,0.399968743,-10.2511635,13.2136717,0.399965167,5.37632179,10.430954,0.47496146
303,-15.4276648,-7.64600145e-07,0.299983621,36.4280434,-5.89299726,0.399981052,-13.4913597,-3.1148653,0.349978209,10.5201101,22.6762142,0.39997527,-16.0514393,-18.1857395,0.399972111,22.3268585,-32.1987114,0.399968743,-10.3104506,13.2781715,0.399965167,5.38880253,10.4839067,0.47496146
304,-15.4888859,-7.67634276e-07,0.299983621,36.5745239,-5.91738415,0.399981052,-13.5509539,-3.12603092,0.349978238,10.560667,22.7762909,0.39997527,-16.1280785,-18.26544,0.399972111,22.4226837,-32.3519592,0.399968743,-10.3697376,13.3426714,0.399965167,5.40128326,10.5368595,0.47496146
305,-15.550107,-7.70668407e-07,0.299983621,36.7210045,-5.94177103,0.399981052,-13.610548,-3.13719654,0.349978238,10.6012239,22.8763676,0.39997527,-16.2047176,-18.3451405,0.399972111,22.5185089,-32.5052071,0.399968743,-10.4290247,13.4071712,0.399965167,5.413764,10.5898123,0.47496146
306,-15.6113281,-7.73702538e-07,0.299983621,36.867485,-5.96615791,0.399981052,-13.6701422,-3.14836216,0.349978238,10.6417809,22.9764442,0.39997527,-16.2813568,-18.4248409,0.399972111,22.6143341,-32.6584549,0.399968743,-10.4883118,13.4716711,0.399965167,5.42624474,10.642765,0.47496146
307,-15.6725492,-7.7673667e-07,0.299983621,37.0139656,-5.9905448,0.399981052,-13.7297363,-3.15952778,0.349978238,10.6823378,23.0765209,0.39997527,-16.357996,-18.5045414,0.399972111,22.7101593,-32.8117027,0.399968743,-10.5475988,13.536171,0.399965167,5.43872547,10.6957178,0.47496146
308,-15.7337704,-7.79770801e-07,0.299983621,37.1604462,-6.01493168,0.399981052,-13.7893305,-3.1706934,0.349978238,10.7228947,23.1765976,0.39997527,-16.4346352,-18.5842419,0.399972111,22.8059845,-32.9649506,0.399968743,-10.6068859,13.6006708,0.399965167,5.45120621,10.7486706,0.47496146
309,-15.7949915,-7.82804932e-07,0.299983621,37.3069267,-6.03931856,0.399981052,-13.8489246,-3.18185902,0.349978238,10.7634516,23.2766743,0.39997527,-16.5112743,-18.6639423,0.399972111,22.9018097,-33.1181984,0.399968743,-10.666173,13.6651707,0.399965167,5.46368694,10.8016233,0.47496146
310,-15.8562126,-7.85839063e-07,0.299983621,37.4534073,-6.06370544,0.399981052,-13.9085188,-3.19302464,0.349978238,10.8040085,23.3767509,0.39997527,-16.5879135,-18.7436428,0.399972111,22.9976349,-33.2714462,0.399968743,-10.7254601,13.7296705,0.399965167,5.47616768,10.8545761,0.47496146
311,-15.9174337,-7.88873194e-07,0.299983621,37.5998878,-6.08809233,0.399981052,-13.9681129,-3.20419025,0.349978238,10.8445654,23.4768276,0.39997527,-16.6645527,-18.8233433,0.399972111,23.0934601,-33.4246941,0.399968743,-10.7847471,13.7941704,0.399965167,5.48864841,10.9075289,0.47496146
312,-15.9786549,-7.91907325e-07,0.299983621,37.7463684,-6.11247921,0.399981052,-14.0277071,-3.21535587,0.349978238,10.8851223,23.5769043,0.39997527,-16.7411919,-18.9030437,0.399972111,23.1892853,-33.5779419,0.399968743,-10.8440342,13.8586702,0.399965167,5.50112915,10.9604816,0.47496146
313,-16.039875,-7.94941457e-07,0.299983621,37.892849,-6.13686609,0.399981052,-14.0873013,-3.22652149,0.349978238,10.9256792,23.676981,0.39997527,-16.817831,-18.9827442,0.399972111,23.2851105,-33.7311897,0.399968743,-10.9033213,13.9231701,0.399965167,5.51360989,11.0134344,0.47496146
314,-16.1010952,-7.97975588e-07,0.299983621,38.0393295,-6.16125298,0.399981052,-14.1468954,-3.23768711,0.349978238,10.9662361,23.7770576,0.39997527,-16.8944702,-19.0624447,0.399972111,23.3809357,-33.8844376,0.399968743,-10.9626083,13.9876699,0.399965167,5.52609062,11.0663872,0.47496146
315,-16.1623154,-8.01009719e-07,0.299983621,38.1858101,-6.18563986,0.399981052,-14.2064896,-3.24885273,0.349978238,11.006793,23.8771343,0.39997527,-16.9711094,-19.1421452,0.399972111,23.4767609,-34.0376854,0.399968743,-11.0218954,14.0521698,0.399965167,5.53857136,11.1193399,0.47496146
316,-16.2235355,-8.0404385e-07,0.299983621,38.3322906,-6.21002674,0.399981052,-14.2660837,-3.26001835,0.349978238,11.0473499,23.977211,0.39997527,-17.0477486,-19.2218456,0.399972111,23.5725861,-34.1909332,0.399968743,-11.0811825,14.1166697,0.399965167,5.55105209,11.1722927,0.47496146
317,-16.2847557,-8.07077981e-07,0.299983621,38.4787712,-6.23441362,0.399981052,-14.3256779,-3.27118397,0.349978238,11.0879068,24.0772877,0.39997527,-17.1243877,-19.3015461,0.399972111,23.6684113,-34.3441811,0.399968743,-11.1404696,14.1811695,0.399965167,5.56353283,11.2252455,0.47496146
318,-16.3459759,-8.10112113e-07,0.299983621,38.6252518,-6.25880051,0.399981052,-14.385272,-3.28234959,0.349978238,11.1284637,24.1773643,0.39997527,-17.2010269,-19.3812466,0.399972111,23.7642365,-34.4974289,0.399968743,-11.1997566,14.2456694,0.399965167,5.57601357,11.2781982,0.47496146
319,-16.407196,-8.13146244e-07,0.299983621,38.7717323,-6.28318739,0.399981052,-14.4448662,-3.29351521,0.349978238,11.1690207,24.277441,0.39997527,-17.2776661,-19.460947,0.399972111,23.8600616,-34.6506767,0.399968743,-11.2590437,14.3101692,0.399965167,5.5884943,11.331151,0.47496146
320,-16.4684162,-8.16180375e-07,0.299983621,38.9182129,-6.30757427,0.399981052,-14.5044603,-3.30468082,0.349978238,11.2095776,24.3775177,0.39997527,-17.3543053,-19.5406475,0.399972111,23.9558868,-34.8039246,0.399968743,-11.3183308,14.3746691,0.399965167,5.60097504,11.3841038,0.47496146
321,-16.5296364,-8.19214506e-07,0.299983621,39.0646935,-6.33196115,0.399981052,-14.5640545,-3.31584644,0.349978238,11.2501345,24.4775944,0.39997527,-17.4309444,-19.620348,0.399972111,24.051712,-34.9571724,0.399968743,-11.3776178,14.4391689,0.399965167,5.61345577,11.4370565,0.47496146
322,-16.5908566,-8.22248637e-07,0.299983621,39.211174,-6.35634804,0.399981052,-14.6236486,-3.32701206,0.349978238,11.2906914,24.5776711,0.39997527,-17.5075836,-19.7000484,0.399972111,24.1475372,-35.1104202,0.399968743,-11.4369049,14.5036688,0.399965167,5.62593651,11.4900093,0.47496146
323,-16.6520767,-8.25282768e-07,0.299983621,39.3576546,-6.38073492,0.399981052,-14.6832428,-3.33817768,0.349978238,11.3312483,24.6777477,0.39997527,-17.5842228,-19.7797489,0.399972111,24.2433624,-35.2636681,0.399968743,-11.496192,14.5681686,0.399965167,5.63841724,11.5429621,0.47496146
324,-16.7132969,-8.283169e-07,0.299983621,39.5041351,-6.4051218,0.399981052,-14.742837,-3.3493433,0.349978238,11.3718052,24.7778244,0.39997527,-17.660862,-19.8594494,0.399972111,24.3391876,-35.4169159,0.399968743,-11.555479,14.6326685,0.399965167,5.65089798,11.5959148,0.47496146
325,-16.7745171,-8.31351031e-07,0.299983621,39.6506157,-6.42950869,0.399981052,-14.8024311,-3.36050892,0.349978238,11.4123621,24.8779011,0.39997527,-17.7375011,-19.9391499,0.399972111,24.4350128,-35.5701637,0.399968743,-11.6147661,14.6971684,0.399965167,5.66337872,11.6488676,0.47496146
326,-16.8357372,-8.34385162e-07,0.299983621,39.7970963,-6.45389557,0.399981052,-14.8620253,-3.37167454,0.349978238,11.452919,24.9779778,0.39997527,-17.8141403,-20.0188503,0.399972111,24.530838,-35.7234116,0.399968743,-11.6740532,14.7616682,0.399965167,5.67585945,11.7018204,0.47496146
327,-16.8969574,-8.37419293e-07,0.299983621,39.9435768,-6.47828245,0.399981052,-14.9216194,-3.38284016,0.349978238,11.4934759,25.0780544,0.39997527,-17.8907795,-20.0985508,0.399972111,24.6266632,-35.8766594,0.399968743,-11.7333403,14.8261681,0.399965167,5.68834019,11.7547731,0.47496146
328,-16.9581776,-8.40453424e-07,0.299983621,40.0900574,-6.50266933,0.399981052,-14.9812136,-3.39400578,0.349978238,11.5340328,25.1781311,0.39997527,-17.9674187,-20.1782513,0.399972111,24.7224884,-36.0299072,0.399968743,-11.7926273,14.8906679,0.399965167,5.70082092,11.8077259,0.47496146
329,-17.0193977,-8.43487555e-07,0.299983621,40.2365379,-6.52705622,0.399981052,-15.0408077,-3.40517139,0.349978238,11.5745897,25.2782078,0.39997527,-18.0440578,-20.2579517,0.399972111,24.8183136,-36.1831551,0.399968743,-11.8519144,14.9551678,0.399965167,5.71330166,11.8606787,0.47496146
330,-17.0806179,-8.46521687e-07,0.299983621,40.3830185,-6.5514431,0.399981052,-15.1004019,-3.41633701,0.349978238,11.6151466,25.3782845,0.39997527,-18.120697,-20.3376522,0.399972111,24.9141388,-36.3364029,0.399968743,-11.9112015,15.0196676,0.399965167,5.72578239,11.9136314,0.47496146
331,-17.1418381,-8.49555818e-07,0.299983621,40.5294991,-6.57582998,0.399981052,-15.159996,-3.42750263,0.349978238,11.6557035,25.4783611,0.39997527,-18.1973362,-20.4173527,0.399972111,25.009964,-36.4896507,0.399968743,-11.9704885,15.0841675,0.399965167,5.73826313,11.9665842,0.47496146
332,-17.2030582,-8.52589949e-07,0.299983621,40.6759796,-6.60021687,0.399981052,-15.2195902,-3.43866825,0.349978238,11.6962605,25.5784378,0.39997527,-18.2739754,-20.4970531,0.399972111,25.1057892,-36.6428986,0.399968743,-12.0297756,15.1486673,0.399965167,5.75074387,12.019537,0.47496146
333,-17.2642784,-8.5562408e-07,0.299983621,40.8224602,-6.62460375,0.399981052,-15.2791843,-3.44983387,0.349978238,11.7368174,25.6785145,0.39997527,-18.3506145,-20.5767536,0.399972111,25.2016144,-36.7961464,0.399968743,-12.0890627,15.2131672,0.399965167,5.7632246,12.0724897,0.47496146
334,-17.3254986,-8.58658211e-07,0.299983621,40.9689407,-6.64899063,0.399981052,-15.3387785,-3.46099949,0.349978238,11.7773743,25.7785912,0.39997527,-18.4272537,-20.6564541,0.399972111,25.2974396,-36.9493942,0.399968743,-12.1483498,15.277667,0.399965167,5.77570534,12.1254425,0.47496146
335,-17.3867188,-8.61692342e-07,0.299983621,41.1154213,-6.67337751,0.399981052,-15.3983727,-3.47216511,0.349978238,11.8179312,25.8786678,0.39997527,-18.5038929,-20.7361546,0.399972111,25.3932648,-37.1026421,0.399968743,-12.2076368,15.3421669,0.399965167,5.78818607,12.1783953,0.47496146
336,-17.4479389,-8.64726474e-07,0.299983621,41.2619019,-6.6977644,0.399981052,-15.4579668,-3.48333073,0.349978238,11.8584881,25.9787445,0.39997527,-18.5805321,-20.815855,0.399972111,25.48909,-37.2558899,0.399968743,-12.2669239,15.4066668,0.399965167,5.80066681,12.231348,0.47496146
337,-17.5091591,-8.67760605e-07,0.299983621,41.4083824,-6.72215128,0.399981052,-15.517561,-3.49449635,0.349978238,11.899045,26.0788212,0.39997527,-18.6571712,-20.8955555,0.399972111,25.5849152,-37.4091377,0.399968743,-12.326211,15.4711666,0.399965167,5.81314754,12.2843008,0.47496146
338,-17.5703793,-8.70794736e-07,0.299983621,41.554863,-6.74653816,0.399981052,-15.5771551,-3.50566196,0.349978238,11.9396019,26.1788979,0.39997527,-18.7338104,-20.975256,0.399972111,25.6807404,-37.5623856,0.399968743,-12.385498,15.5356665,0.399965167,5.82562828,12.3372536,0.47496146
339,-17.6315994,-8.73828867e-07,0.299983621,41.7013435,-6.77092505,0.399981052,-15.6367493,-3.51682758,0.349978238,11.9801588,26.2789745,0.39997527,-18.8104496,-21.0549564,0.399972111,25.7765656,-37.7156334,0.399968743,-12.4447851,15.6001663,0.399965167,5.83810902,12.3902063,0.47496146
340,-17.6928196,-8.76862998e-07,0.299983621,41.8478241,-6.79531193,0.399981052,-15.6963434,-3.5279932,0.349978238,12.0207157,26.3790512,0.39997527,-18.8870888,-21.1346569,0.399972111,25.8723907,-37.8688812,0.399968743,-12.5040722,15.6646662,0.399965167,5.85058975,12.4431591,0.47496146
341,-17.7540398,-8.79897129e-07,0.299983621,41.9943047,-6.81969881,0.399981052,-15.7559376,-3.53915882,0.349978238,12.0612726,26.4791279,0.39997527,-18.963728,-21.2143574,0.399972111,25.9682159,-38.0221291,0.399968743,-12.5633593,15.729166,0.399965167,5.86307049,12.4961119,0.47496146
342,-17.8152599,-8.82931261e-07,0.299983621,42.1407852,-6.84408569,0.399981052,-15.8155317,-3.55032444,0.349978238,12.1018295,26.5792046,0.39997527,-19.0403671,-21.2940578,0.399972111,26.0640411,-38.1753769,0.399968743,-12.6226463,15.7936659,0.399965167,5.87555122,12.5490646,0.47496146
343,-17.8764801,-8.85965392e-07,0.299983621,42.2872658,-6.86847258,0.399981052,-15.8751259,-3.56149006,0.349978238,12.1423864,26.6792812,0.39997527,-19.1170063,-21.3737583,0.399972111,26.1598663,-38.3286247,0.399968743,-12.6819334,15.8581657,0.399965167,5.88803196,12.6020174,0.47496146
344,-17.9377003,-8.88999523e-07,0.299983621,42.4337463,-6.89285946,0.399981052,-15.93472,-3.57265568,0.349978238,12.1829433,26.7793579,0.39997527,-19.1936455,-21.4534588,0.399972111,26.2556915,-38.4818726,0.399968743,-12.7412205,15.9226656,0.399965167,5.9005127,12.6549702,0.47496146
345,-17.9989204,-8.92033654e-07,0.299983621,42.5802269,-6.91724634,0.399981052,-15.9943142,-3.5838213,0.349978238,12.2235003,26.8794346,0.39997527,-19.2702847,-21.5331593,0.399972111,26.3515167,-38.6351204,0.399968743,-12.8005075,15.9871655,0.399965167,5.91299343,12.7079229,0.47496146
346,-18.0601406,-8.95067785e-07,0.299983621,42.7267075,-6.94163322,0.399981052,-16.0539074,-3.59498692,0.349978238,12.2640572,26.9795113,0.39997527,-19.3469238,-21.6128597,0.399972111,26.4473419,-38.7883682,0.399968743,-12.8597946,16.0516663,0.399965167,5.92547417,12.7608757,0.47496146
347,-18.1213608,-8.98101916e-07,0.299983621,42.873188,-6.96602011,0.399981052,-16.1135006,-3.60615253,0.349978238,12.3046141,27.0795879,0.39997527,-19.423563,-21.6925602,0.399972111,26.5431671,-38.9416161,0.399968743,-12.9190817,16.1161671,0.399965167,5.9379549,12.8138285,0.47496146
348,-18.1825809,-9.01136048e-07,0.299983621,43.0196686,-6.99040699,0.399981052,-16.1730938,-3.61731815,0.349978238,12.345171,27.1796646,0.39997527,-19.5002022,-21.7722607,0.399972111,26.6389923,-39.0948639,0.399968743,-12.9783688,16.1806679,0.399965167,5.95043564,12.8667812,0.47496146
349,-18.2438011,-9.04170179e-07,0.299983621,43.1661491,-7.01479387,0.399981052,-16.232687,-3.62848377,0.349978238,12.3857279,27.2797413,0.39997527,-19.5768414,-21.8519611,0.399972111,26.7348175,-39.2481117,0.399968743,-13.0376558,16.2451687,0.399965167,5.96291637,12.919734,0.47496146
350,-18.3050213,-9.0720431e-07,0.299983621,43.3126297,-7.03918076,0.399981052,-16.2922802,-3.63964939,0.349978238,12.4262848,27.379818,0.39997527,-19.6534805,-21.9316616,0.399972111,26.8306427,-39.4013596,0.399968743,-13.0969429,16.3096695,0.399965167,5.97539711,12.9726868,0.47496146
351,-18.3662415,-9.10238441e-07,0.299983621,43.4591103,-7.06356764,0.399981052,-16.3518734,-3.65081501,0.349978238,12.4668417,27.4798946,0.39997527,-19.7301197,-22.0113621,0.399972111,26.9264679,-39.5546074,0.399968743,-13.15623,16.3741703,0.399965167,5.98787785,13.0256395,0.47496146
352,-18.4274616,-9.13272572e-07,0.299983621,43.6055908,-7.08795452,0.399981052,-16.4114666,-3.66198063,0.349978238,12.5073986,27.5799713,0.39997527,-19.8067589,-22.0910625,0.399972111,27.0222931,-39.7078552,0.399968743,-13.215517,16.4386711,0.399965167,6.00035858,13.0785923,0.47496146
353,-18.4886818,-9.16306703e-07,0.299983621,43.7520714,-7.1123414,0.399981052,-16.4710598,-3.67314625,0.349978238,12.5479555,27.680048,0.39997527,-19.8833981,-22.170763,0.399972111,27.1181183,-39.8611031,0.399968743,-13.2748041,16.5031719,0.399965167,6.01283932,13.1315451,0.47496146
354,-18.549902,-9.19340835e-07,0.299983621,43.8985519,-7.13672829,0.399981052,-16.530653,-3.68431187,0.349978238,12.5885124,27.7801247,0.39997527,-19.9600372,-22.2504635,0.399972111,27.2139435,-40.0143509,0.399968743,-13.3340912,16.5676727,0.399965167,6.02532005,13.1844978,0.47496146
355,-18.6111221,-9.22374966e-07,0.299983621,44.0450325,-7.16111517,0.399981052,-16.5902462,-3.69547749,0.349978238,12.6290693,27.8802013,0.39997527,-20.0366764,-22.330164,0.399972111,27.3097687,-40.1675987,0.399968743,-13.3933783,16.6321735,0.399965167,6.03780079,13.2374506,0.47496146
356,-18.6723423,-9.25409097e-07,0.299983621,44.1915131,-7.18550205,0.399981052,-16.6498394,-3.7066431,0.349978238,12.6696262,27.980278,0.39997527,-20.1133156,-22.4098644,0.399972111,27.4055939,-40.3208466,0.399968743,-13.4526653,16.6966743,0.399965167,6.05028152,13.2904034,0.47496146
357,-18.7335625,-9.28443228e-07,0.299983621,44.3379936,-7.20988894,0.399981052,-16.7094326,-3.71780872,0.349978238,12.7101831,28.0803547,0.39997527,-20.1899548,-22.4895649,0.399972111,27.5014191,-40.4740944,0.399968743,-13.5119524,16.7611752,0.399965167,6.06276226,13.3433561,0.47496146
358,-18.7947826,-9.31477359e-07,0.299983621,44.4844742,-7.23427582,0.399981052,-16.7690258,-3.72897434,0.349978238,12.7507401,28.1804314,0.39997527,-20.2665939,-22.5692654,0.399972111,27.5972443,-40.6273422,0.399968743,-13.5712395,16.825676,0.399965167,6.075243,13.3963089,0.47496146
359,-18.8560028,-9.3451149e-07,0.299983621,44.6309547,-7.2586627,0.399981052,-16.828619,-3.74013996,0.349978238,12.791297,28.280508,0.39997527,-20.3432331,-22.6489658,0.399972111,27.6930695,-40.7805901,0.399968743,-13.6305265,16.8901768,0.399965167,6.08772373,13.4492617,0.47496146
360,-18.917223,-9.37545622e-07,0.299983621,44.7774353,-7.28304958,0.399981052,-16.8882122,-3.75130558,0.349978238,12.8318539,28.3805847,0.39997527,-20.4198723,-22.7286663,0.399972111,27.7888947,-40.9338379,0.399968743,-13.6898136,16.9546776,0.399965167,6.10020447,13.5022144,0.47496146
361,-18.9784431,-9.40579753e-07,0.299983621,44.9239159,-7.30743647,0.399981052,-16.9478054,-3.7624712,0.349978238,12.8724108,28.4806614,0.39997527,-20.4965115,-22.8083668,0.399972111,27.8847198,-41.0870857,0.399968743,-13.7491007,17.0191784,0.399965167,6.1126852,13.5551672,0.47496146
362,-19.0396633,-9.43613884e-07,0.299983621,45.0703964,-7.33182335,0.399981052,-17.0073986,-3.77363682,0.349978238,12.9129677,28.5807381,0.39997527,-20.5731506,-22.8880672,0.399972111,27.980545,-41.2403336,0.399968743,-13.8083878,17.0836792,0.399965167,6.12516594,13.60812,0.47496146
363,-19.1008835,-9.46648015e-07,0.299983621,45.216877,-7.35621023,0.399981052,-17.0669918,-3.78480244,0.349978238,12.9535246,28.6808147,0.39997527,-20.6497898,-22.9677677,0.399972111,28.0763702,-41.3935814,0.399968743,-13.8676748,17.14818,0.399965167,6.13764668,13.6610727,0.47496146
364,-19.1621037,-9.49682146e-07,0.299983621,45.3633575,-7.38059711,0.399981052,-17.126585,-3.79596806,0.349978238,12.9940815,28.7808914,0.39997527,-20.726429,-23.0474682,0.399972111,28.1721954,-41.5468292,0.399968743,-13.9269619,17.2126808,0.399965167,6.15012741,13.7140255,0.47496146
365,-19.2233238,-9.52716277e-07,0.299983621,45.5098381,-7.404984,0.399981052,-17.1861782,-3.80713367,0.349978238,13.0346384,28.8809681,0.39997527,-20.8030682,-23.1271687,0.399972111,28.2680206,-41.7000771,0.399968743,-13.986249,17.2771816,0.399965167,6.16260815,13.7669783,0.47496146
366,-19.284544,-9.55750352e-07,0.299983621,45.6563187,-7.42937088,0.399981052,-17.2457714,-3.81829929,0.349978238,13.0751953,28.9810448,0.39997527,-20.8797073,-23.2068691,0.399972111,28.3638458,-41.8533249,0.399968743,-14.045536,17.3416824,0.399965167,6.17508888,13.819931,0.47496146
367,-19.3457642,-9.58784426e-07,0.299983621,45.8027992,-7.45375776,0.399981052,-17.3053646,-3.82946491,0.349978238,13.1157522,29.0811214,0.39997527,-20.9563465,-23.2865696,0.399972111,28.459671,-42.0065727,0.399968743,-14.1048231,17.4061832,0.399965167,6.18756962,13.8728838,0.47496146
368,-19.4069843,-9.618185e-07,0.299983621,45.9492798,-7.47814465,0.399981052,-17.3649578,-3.84063053,0.349978238,13.1563091,29.1811981,0.39997527,-21.0329857,-23.3662701,0.399972111,28.5554962,-42.1598206,0.399968743,-14.1641102,17.4706841,0.399965167,6.20005035,13.9258366,0.47496146
369,-19.4682045,-9.64852575e-07,0.299983621,46.0957603,-7.50253153,0.399981052,-17.424551,-3.85179615,0.349978238,13.196866,29.2812748,0.39997527,-21.1096249,-23.4459705,0.399972111,28.6513214,-42.3130684,0.399968743,-14.2233973,17.5351849,0.399965167,6.21253109,13.9787893,0.47496146
370,-19.5294247,-9.67886649e-07,0.299983621,46.2422409,-7.52691841,0.399981052,-17.4841442,-3.86296177,0.349978238,13.2374229,29.3813515,0.39997527,-21.186264,-23.525671,0.399972111,28.7471466,-42.4663162,0.399968743,-14.2826843,17.5996857,0.399965167,6.22501183,14.0317421,0.47496146
371,-19.5906448,-9.70920723e-07,0.299983621,46.3887215,-7.55130529,0.399981052,-17.5437374,-3.87412739,0.349978238,13.2779799,29.4814281,0.39997527,-21.2629032,-23.6053715,0.399972111,28.8429718,-42.6195641,0.399968743,-14.3419714,17.6641865,0.399965167,6.23749256,14.0846949,0.47496146
372,-19.651865,-9.73954798e-07,0.299983621,46.535202,-7.57569218,0.399981052,-17.6033306,-3.88529301,0.349978238,13.3185368,29.5815048,0.39997527,-21.3395424,-23.6850719,0.399972111,28.938797,-42.7728119,0.399968743,-14.4012585,17.7286873,0.399965167,6.2499733,14.1376476,0.47496146
373,-19.7130852,-9.76988872e-07,0.299983621,46.6816826,-7.60007906,0.399981052,-17.6629238,-3.89645863,0.349978238,13.3590937,29.6815815,0.39997527,-21.4161816,-23.7647724,0.399972111,29.0346222,-42.9260597,0.399968743,-14.4605455,17.7931881,0.399965167,6.26245403,14.1906004,0.47496146
374,-19.7743053,-9.80022946e-07,0.299983621,46.8281631,-7.62446594,0.399981052,-17.722517,-3.90762424,0.349978238,13.3996506,29.7816582,0.39997527,-21.4928207,-23.8444729,0.399972111,29.1304474,-43.0793076,0.399968743,-14.5198326,17.8576889,0.399965167,6.27493477,14.2435532,0.47496146
375,-19.8355255,-9.83057021e-07,0.299983621,46.9746437,-7.64885283,0.399981052,-17.7821102,-3.91878986,0.349978238,13.4402075,29.8817348,0.39997527,-21.5694599,-23.9241734,0.399972111,29.2262726,-43.2325554,0.399968743,-14.5791197,17.9221897,0.399965167,6.2874155,14.2965059,0.47496146
376,-19.8967457,-9.86091095e-07,0.299983621,47.1211243,-7.67323971,0.399981052,-17.8417034,-3.92995548,0.349978238,13.4807644,29.9818115,0.39997527,-21.6460991,-24.0038738,0.399972111,29.3220978,-43.3858032,0.399968743,-14.6384068,17.9866905,0.399965167,6.29989624,14.3494587,0.47496146
377,-19.9579659,-9.89125169e-07,0.299983621,47.2676048,-7.69762659,0.399981052,-17.9012966,-3.9411211,0.349978238,13.5213213,30.0818882,0.39997527,-21.7227383,-24.0835743,0.399972111,29.417923,-43.5390511,0.399968743,-14.6976938,18.0511913,0.399965167,6.31237698,14.4024115,0.47496146
378,-20.019186,-9.92159244e-07,0.299983621,47.4140854,-7.72201347,0.399981052,-17.9608898,-3.95228672,0.349978238,13.5618782,30.1819649,0.39997527,-21.7993774,-24.1632748,0.399972111,29.5137482,-43.6922989,0.399968743,-14.7569809,18.1156921,0.399965167,6.32485771,14.4553642,0.47496146
379,-20.0804062,-9.95193318e-07,0.299983621,47.5605659,-7.74640036,0.399981052,-18.020483,-3.96345234,0.349978238,13.6024351,30.2820415,0.39997527,-21.8760166,-24.2429752,0.399972111,29.6095734,-43.8455467,0.399968743,-14.816268,18.1801929,0.399965167,6.33733845,14.508317,0.47496146
380,-20.1416264,-9.98227392e-07,0.299983621,47.7070465,-7.77078724,0.399981052,-18.0800762,-3.97461796,0.349978238,13.642992,30.3821182,0.39997527,-21.9526558,-24.3226757,0.399972111,29.7053986,-43.9987946,0.399968743,-14.875555,18.2446938,0.399965167,6.34981918,14.5612698,0.47496146
381,-20.2028465,-1.00126147e-06,0.299983621,47.8535271,-7.79517412,0.399981052,-18.1396694,-3.98578358,0.349978238,13.6835489,30.4821949,0.39997527,-22.029295,-24.4023762,0.399972111,29.8012238,-44.1520424,0.399968743,-14.9348421,18.3091946,0.399965167,6.36229992,14.6142225,0.47496146
382,-20.2640667,-1.00429554e-06,0.299983621,48.0000076,-7.819561,0.399981052,-18.1992626,-3.9969492,0.349978238,13.7241058,30.5822716,0.39997527,-22.1059341,-24.4820766,0.399972111,29.897049,-44.3052902,0.399968743,-14.9941292,18.3736954,0.399965167,6.37478065,14.6671753,0.47496146
383,-20.3252869,-1.00732962e-06,0.299983621,48.1464882,-7.84394789,0.399981052,-18.2588558,-4.00811481,0.349978238,13.7646627,30.6823483,0.39997527,-22.1825733,-24.5617771,0.399972111,29.9928741,-44.4585381,0.399968743,-15.0534163,18.4381962,0.399965167,6.38726139,14.7201281,0.47496146
384,-20.386507,-1.01036369e-06,0.299983621,48.2929688,-7.86833477,0.399981052,-18.318449,-4.01928043,0.349978238,13.8052197,30.7824249,0.39997527,-22.2592125,-24.6414776,0.399972111,30.0886993,-44.6117859,0.399968743,-15.1127033,18.502697,0.399965167,6.39974213,14.7730808,0.47496146
385,-20.4477272,-1.01339776e-06,0.299983621,48.4394493,-7.89272165,0.399981052,-18.3780422,-4.03044605,0.349978238,13.8457766,30.8825016,0.39997527,-22.3358517,-24.7211781,0.399972111,30.1845245,-44.7650337,0.399968743,-15.1719904,18.5671978,0.399965167,6.41222286,14.8260336,0.47496146
386,-20.5089474,-1.01643184e-06,0.299983621,48.5859299,-7.91710854,0.399981052,-18.4376354,-4.04161167,0.349978238,13.8863335,30.9825783,0.39997527,-22.4124908,-24.8008785,0.399972111,30.2803497,-44.9182816,0.399968743,-15.2312775,18.6316986,0.399965167,6.4247036,14.8789864,0.47496146
387,-20.5701675,-1.01946591e-06,0.299983621,48.7324104,-7.94149542,0.399981052,-18.4972286,-4.05277729,0.349978238,13.9268904,31.082655,0.39997527,-22.48913,-24.880579,0.399972111,30.3761749,-45.0715294,0.399968743,-15.2905645,18.6961994,0.399965167,6.43718433,14.9319391,0.47496146
388,-20.6313877,-1.02249999e-06,0.299983621,48.878891,-7.9658823,0.399981052,-18.5568218,-4.06394291,0.349978238,13.9674473,31.1827316,0.39997527,-22.5657692,-24.9602795,0.399972111,30.4720001,-45.2247772,0.399968743,-15.3498516,18.7607002,0.399965167,6.44966507,14.9848919,0.47496146
389,-20.6926079,-1.02553406e-06,0.299983621,49.0253716,-7.99026918,0.399981052,-18.616415,-4.07510853,0.349978238,14.0080042,31.2828083,0.39997527,-22.6424084,-25.0399799,0.399972111,30.5678253,-45.3780251,0.399968743,-15.4091387,18.825201,0.399965167,6.46214581,15.0378447,0.47496146
390,-20.753828,-1.02856814e-06,0.299983621,49.1718521,-8.01465607,0.399981052,-18.6760082,-4.08627415,0.349978238,14.0485611,31.382885,0.39997527,-22.7190475,-25.1196804,0.399972111,30.6636505,-45.5312729,0.399968743,-15.4684258,18.8897018,0.399965167,6.47462654,15.0907974,0.47496146
391,-20.8150482,-1.03160221e-06,0.299983621,49.3183327,-8.03904247,0.399981052,-18.7356014,-4.09743977,0.349978238,14.089118,31.4829617,0.39997527,-22.7956867,-25.1993809,0.399972111,30.7594757,-45.6845207,0.399968743,-15.5277128,18.9542027,0.399965167,6.48710728,15.1437502,0.47496146
392,-20.8762684,-1.03463628e-06,0.299983621,49.4648132,-8.06342888,0.399981052,-18.7951946,-4.10860538,0.349978238,14.1296749,31.5830383,0.39997527,-22.8723259,-25.2790813,0.399972111,30.8553009,-45.8377686,0.399968743,-15.5869999,19.0187035,0.399965167,6.49958801,15.196703,0.47496146
393,-20.9374886,-1.03767036e-06,0.299983621,49.6112938,-8.08781528,0.399981052,-18.8547878,-4.119771,0.349978238,14.1702318,31.683115,0.39997527,-22.9489651,-25.3587818,0.399972111,30.9511261,-45.9910164,0.399968743,-15.646287,19.0832043,0.399965167,6.51206875,15.2496557,0.47496146
394,-20.9987087,-1.04070443e-06,0.299983621,49.7577744,-8.11220169,0.399981052,-18.914381,-4.13093662,0.349978238,14.2107887,31.7831917,0.39997527,-23.0256042,-25.4384823,0.399972111,31.0469513,-46.1442642,0.399968743,-15.705574,19.1477051,0.399965167,6.52454948,15.3026085,0.47496146
395,-21.0599289,-1.04373851e-06,0.299983621,49.9042549,-8.1365881,0.399981052,-18.9739742,-4.14210224,0.349978238,14.2513456,31.8832684,0.39997527,-23.1022434,-25.5181828,0.399972111,31.1427765,-46.2975121,0.399968743,-15.7648611,19.2122059,0.399965167,6.53703022,15.3555613,0.47496146
396,-21.1211491,-1.04677258e-06,0.299983621,50.0507355,-8.1609745,0.399981052,-19.0335674,-4.15326786,0.349978238,14.2919025,31.983345,0.39997527,-23.1788826,-25.5978832,0.399972111,31.2386017,-46.4507599,0.399968743,-15.8241482,19.2767067,0.399965167,6.54951096,15.408514,0.47496146
397,-21.1823692,-1.04980666e-06,0.299983621,50.197216,-8.18536091,0.399981052,-19.0931606,-4.16443348,0.349978238,14.3324594,32.0834236,0.39997527,-23.2555218,-25.6775837,0.399972111,31.3344269,-46.6040077,0.399968743,-15.8834352,19.3412075,0.399965167,6.56199169,15.4614668,0.47496146
398,-21.2435894,-1.05284073e-06,0.299983621,50.3436966,-8.20974731,0.399981052,-19.1527538,-4.1755991,0.349978238,14.3730164,32.1835022,0.39997527,-23.3321609,-25.7572842,0.399972111,31.4302521,-46.7572556,0.399968743,-15.9427223,19.4057083,0.399965167,6.57447243,15.5144196,0.47496146
399,-21.3048096,-1.0558748e-06,0.299983621,50.4901772,-8.23413372,0.399981052,-19.212347,-4.18676472,0.349978238,14.4135733,32.2835808,0.39997527,-23.4088001,-25.8369846,0.399972111,31.5260773,-46.9105034,0.399968743,-16.0020103,19.4702091,0.399965167,6.58695316,15.5673723,0.47496146
400,-21.3660297,-1.05890888e-06,0.299983621,50.6366577,-8.25852013,0.399981052,-19.2719402,-4.19793034,0.349978238,14.4541302,32.3836594,0.39997527,-23.4854393,-25.9166851,0.399972111,31.6219025,-47.0637512,0.399968743,-16.0612984,19.5347099,0.399965167,6.5994339,15.6203251,0.47496146
401,-21.4272499,-1.06194295e-06,0.299983621,50.7831383,-8.28290653,0.399981052,-19.3315334,-4.20909595,0.349978238,14.4946871,32.4837379,0.39997527,-23.5620785,-25.9963856,0.399972111,31.7177277,-47.2169991,0.399968743,-16.1205864,19.5992107,0.399965167,6.61191463,15.6732779,0.47496146
402,-21.4884701,-1.06497703e-06,0.299983621,50.9296188,-8.30729294,0.399981052,-19.3911266,-4.22026157,0.349978238,14.535244,32.5838165,0.39997527,-23.6387177,-26.076086,0.399972111,31.8135529,-47.3702469,0.399968743,-16.1798744,19.6637115,0.399965167,6.62439537,15.7262306,0.47496146
403,-21.5496902,-1.0680111e-06,0.299983621,51.0760994,-8.33167934,0.399981052,-19.4507198,-4.23142719,0.349978238,14.5758009,32.6838951,0.39997527,-23.7153568,-26.1557865,0.399972111,31.9093781,-47.5234947,0.399968743,-16.2391624,19.7282124,0.399965167,6.63687611,15.7791834,0.47496146
404,-21.6109104,-1.07104518e-06,0.299983621,51.22258,-8.35606575,0.399981052,-19.510313,-4.24259281,0.349978238,14.6163578,32.7839737,0.39997527,-23.791996,-26.235487,0.399972111,32.0052032,-47.6767426,0.399968743,-16.2984505,19.7927132,0.399965167,6.64935684,15.8321362,0.47496146
405,-21.6721306,-1.07407925e-06,0.299983621,51.3690605,-8.38045216,0.399981052,-19.5699062,-4.25375843,0.349978238,14.6569147,32.8840523,0.39997527,-23.8686352,-26.3151875,0.399972111,32.1010284,-47.8299904,0.399968743,-16.3577385,19.857214,0.399965167,6.66183758,15.8850889,0.47496146
406,-21.7333508,-1.07711332e-06,0.299983621,51.5155411,-8.40483856,0.399981052,-19.6294994,-4.26492405,0.349978238,14.6974716,32.9841309,0.39997527,-23.9452744,-26.3948879,0.399972111,32.1968536,-47.9832382,0.399968743,-16.4170265,19.9217148,0.399965167,6.67431831,15.9380417,0.47496146
407,-21.7945709,-1.0801474e-06,0.299983621,51.6620216,-8.42922497,0.399981052,-19.6890926,-4.27608967,0.349978238,14.7380285,33.0842094,0.39997527,-24.0219135,-26.4745884,0.399972111,32.2926788,-48.1364861,0.399968743,-16.4763145,19.9862156,0.399965167,6.68679905,15.9909945,0.47496146
408,-21.8557911,-1.08318147e-06,0.299983621,51.8085022,-8.45361137,0.399981052,-19.7486858,-4.28725529,0.349978238,14.7785854,33.184288,0.39997527,-24.0985527,-26.5542889,0.399972111,32.388504,-48.2897339,0.399968743,-16.5356026,20.0507164,0.399965167,6.69927979,16.0439472,0.47496146
409,-21.9170113,-1.08621555e-06,0.299983621,51.9549828,-8.47799778,0.399981052,-19.808279,-4.29842091,0.349978238,14.8191423,33.2843666,0.39997527,-24.1751919,-26.6339893,0.399972111,32.4843292,-48.4429817,0.399968743,-16.5948906,20.1152172,0.399965167,6.71176052,16.0969009,0.47496146
410,-21.9782314,-1.08924962e-06,0.299983621,52.1014633,-8.50238419,0.399981052,-19.8678722,-4.30958652,0.349978238,14.8596992,33.3844452,0.39997527,-24.2518311,-26.7136898,0.399972111,32.5801544,-48.5962296,0.399968743,-16.6541786,20.179718,0.399965167,6.72424126,16.1498547,0.47496146
411,-22.0394516,-1.0922837e-06,0.299983621,52.2479439,-8.52677059,0.399981052,-19.9274654,-4.32075214,0.349978238,14.9002562,33.4845238,0.39997527,-24.3284702,-26.7933903,0.399972111,32.6759796,-48.7494774,0.399968743,-16.7134666,20.2442188,0.399965167,6.73672199,16.2028084,0.47496146
412,-22.1006718,-1.09531777e-06,0.299983621,52.3944244,-8.551157,0.399981052,-19.9870586,-4.33191776,0.349978238,14.9408131,33.5846024,0.39997527,-24.4051094,-26.8730907,0.399972111,32.7718048,-48.9027252,0.399968743,-16.7727547,20.3087196,0.399965167,6.74920273,16.2557621,0.47496146
413,-22.1618919,-1.09835185e-06,0.299983621,52.540905,-8.5755434,0.399981052,-20.0466518,-4.34308338,0.349978238,14.98137,33.6846809,0.39997527,-24.4817486,-26.9527912,0.399972111,32.86763,-49.0559731,0.399968743,-16.8320427,20.3732204,0.399965167,6.76168346,16.3087158,0.47496146
414,-22.2231121,-1.10138592e-06,0.299983621,52.6873856,-8.59992981,0.399981052,-20.106245,-4.354249,0.349978238,15.0219269,33.7847595,0.39997527,-24.5583878,-27.0324917,0.399972111,32.9634552,-49.2092209,0.399968743,-16.8913307,20.4377213,0.399965167,6.7741642,16.3616695,0.47496146
415,-22.2843323,-1.10441999e-06,0.299983621,52.8338661,-8.62431622,0.399981052,-20.1658382,-4.36541462,0.349978238,15.0624838,33.8848381,0.39997527,-24.6350269,-27.1121922,0.399972111,33.0592804,-49.3624687,0.399968743,-16.9506187,20.5022221,0.399965167,6.78664494,16.4146233,0.47496146
416,-22.3455524,-1.10745407e-06,0.299983621,52.9803467,-8.64870262,0.399981052,-20.2254314,-4.37658024,0.349978238,15.1030407,33.9849167,0.39997527,-24.7116661,-27.1918926,0.399972111,33.1551056,-49.5157166,0.399968743,-17.0099068,20.5667229,0.399965167,6.79912567,16.467577,0.47496146
417,-22.4067726,-1.11048814e-06,0.299983621,53.1268272,-8.67308903,0.399981052,-20.2850246,-4.38774586,0.349978238,15.1435976,34.0849953,0.39997527,-24.7883053,-27.2715931,0.399972111,33.2509308,-49.6689644,0.399968743,-17.0691948,20.6312237,0.399965167,6.81160641,16.5205307,0.47496146
418,-22.4679928,-1.11352222e-06,0.299983621,53.2733078,-8.69747543,0.399981052,-20.3446178,-4.39891148,0.349978238,15.1841545,34.1850739,0.39997527,-24.8649445,-27.3512936,0.399972111,33.346756,-49.8222122,0.399968743,-17.1284828,20.6957245,0.399965167,6.82408714,16.5734844,0.47496146
419,-22.529213,-1.11655629e-06,0.299983621,53.4197884,-8.72186184,0.399981052,-20.404211,-4.4100771,0.349978238,15.2247114,34.2851524,0.39997527,-24.9415836,-27.430994,0.399972111,33.4425812,-49.9754601,0.399968743,-17.1877708,20.7602253,0.399965167,6.83656788,16.6264381,0.47496146
420,-22.5904331,-1.11959037e-06,0.299983621,53.5662689,-8.74624825,0.399981052,-20.4638042,-4.42124271,0.349978238,15.2652683,34.385231,0.39997527,-25.0182228,-27.5106945,0.399972111,33.5384064,-50.1287079,0.399968743,-17.2470589,20.8247261,0.399965167,6.84904861,16.6793919,0.47496146
421,-22.6516533,-1.12262444e-06,0.299983621,53.7127495,-8.77063465,0.399981052,-20.5233974,-4.43240833,0.349978238,15.3058252,34.4853096,0.39997527,-25.094862,-27.590395,0.399972111,33.6342316,-50.2819557,0.399968743,-17.3063469,20.8892269,0.399965167,6.86152935,16.7323456,0.47496146
422,-22.7128735,-1.12565851e-06,0.299983621,53.85923,-8.79502106,0.399981052,-20.5829906,-4.44357395,0.349978238,15.3463821,34.5853882,0.39997527,-25.1715012,-27.6700954,0.399972111,33.7300568,-50.4352036,0.399968743,-17.3656349,20.9537277,0.399965167,6.87401009,16.7852993,0.47496146
423,-22.7740936,-1.12869259e-06,0.299983621,54.0057106,-8.81940746,0.399981052,-20.6425838,-4.45473957,0.349978238,15.386939,34.6854668,0.39997527,-25.2481403,-27.7497959,0.399972111,33.825882,-50.5884514,0.399968743,-17.4249229,21.0182285,0.399965167,6.88649082,16.838253,0.47496146
424,-22.8353138,-1.13172666e-06,0.299983621,54.1521912,-8.84379387,0.399981052,-20.702177,-4.46590519,0.349978238,15.427496,34.7855453,0.39997527,-25.3247795,-27.8294964,0.399972111,33.9217072,-50.7416992,0.399968743,-17.484211,21.0827293,0.399965167,6.89897156,16.8912067,0.47496146
425,-22.896534,-1.13476074e-06,0.299983621,54.2986717,-8.86818027,0.399981052,-20.7617702,-4.47707081,0.349978238,15.4680529,34.8856239,0.39997527,-25.4014187,-27.9091969,0.399972111,34.0175323,-50.8949471,0.399968743,-17.543499,21.1472301,0.399965167,6.91145229,16.9441605,0.47496146
426,-22.9577541,-1.13779481e-06,0.299983621,54.4451523,-8.89256668,0.399981052,-20.8213634,-4.48823643,0.349978238,15.5086098,34.9857025,0.39997527,-25.4780579,-27.9888973,0.399972111,34.1133575,-51.0481949,0.399968743,-17.602787,21.211731,0.399965167,6.92393303,16.9971142,0.47496146
427,-23.0189743,-1.14082889e-06,0.299983621,54.5916328,-8.91695309,0.399981052,-20.8809566,-4.49940205,0.349978238,15.5491667,35.0857811,0.39997527,-25.554697,-28.0685978,0.399972111,34.2091827,-51.2014427,0.399968743,-17.662075,21.2762318,0.399965167,6.93641376,17.0500679,0.47496146
428,-23.0801945,-1.14386296e-06,0.299983621,54.7381134,-8.94133949,0.399981052,-20.9405499,-4.51056767,0.349978238,15.5897236,35.1858597,0.39997527,-25.6313362,-28.1482983,0.399972111,34.3050079,-51.3546906,0.399968743,-17.7213631,21.3407326,0.399965167,6.9488945,17.1030216,0.47496146
429,-23.1414146,-1.14689703e-06,0.299983621,54.884594,-8.9657259,0.399981052,-21.0001431,-4.52173328,0.349978238,15.6302805,35.2859383,0.39997527,-25.7079754,-28.2279987,0.399972111,34.4008331,-51.5079384,0.399968743,-17.7806511,21.4052334,0.399965167,6.96137524,17.1559753,0.47496146
430,-23.2026348,-1.14993111e-06,0.299983621,55.0310745,-8.9901123,0.399981052,-21.0597363,-4.5328989,0.349978238,15.6708374,35.3860168,0.39997527,-25.7846146,-28.3076992,0.399972111,34.4966583,-51.6611862,0.399968743,-17.8399391,21.4697342,0.399965167,6.97385597,17.2089291,0.47496146
431,-23.263855,-1.15296518e-06,0.299983621,55.1775551,-9.01449871,0.399981052,-21.1193295,-4.54406452,0.349978238,15.7113943,35.4860954,0.39997527,-25.8612537,-28.3873997,0.399972111,34.5924835,-51.8144341,0.399968743,-17.8992271,21.534235,0.399965167,6.98633671,17.2618828,0.47496146
432,-23.3250751,-1.15599926e-06,0.299983621,55.3240356,-9.03888512,0.399981052,-21.1789227,-4.55523014,0.349978238,15.7519512,35.586174,0.39997527,-25.9378929,-28.4671001,0.399972111,34.6883087,-51.9676819,0.399968743,-17.9585152,21.5987358,0.399965167,6.99881744,17.3148365,0.47496146
433,-23.3862953,-1.15903333e-06,0.299983621,55.4705162,-9.06327152,0.399981052,-21.2385159,-4.56639576,0.349978238,15.7925081,35.6862526,0.39997527,-26.0145321,-28.5468006,0.399972111,34.7841339,-52.1209297,0.399968743,-18.0178032,21.6632366,0.399965167,7.01129818,17.3677902,0.47496146
434,-23.4475155,-1.16206741e-06,0.299983621,55.6169968,-9.08765793,0.399981052,-21.2981091,-4.57756138,0.349978238,15.833065,35.7863312,0.39997527,-26.0911713,-28.6265011,0.399972111,34.8799591,-52.2741776,0.399968743,-18.0770912,21.7277374,0.399965167,7.02377892,17.4207439,0.47496146
435,-23.5087357,-1.16510148e-06,0.299983621,55.7634773,-9.11204433,0.399981052,-21.3577023,-4.588727,0.349978238,15.8736219,35.8864098,0.39997527,-26.1678104,-28.7062016,0.399972111,34.9757843,-52.4274254,0.399968743,-18.1363792,21.7922382,0.399965167,7.03625965,17.4736977,0.47496146
436,-23.5699558,-1.16813555e-06,0.299983621,55.9099579,-9.13643074,0.399981052,-21.4172955,-4.59989262,0.349978238,15.9141788,35.9864883,0.39997527,-26.2444496,-28.785902,0.399972111,35.0716095,-52.5806732,0.399968743,-18.1956673,21.856739,0.399965167,7.04874039,17.5266514,0.47496146
437,-23.631176,-1.17116963e-06,0.299983621,56.0564384,-9.16081715,0.399981052,-21.4768887,-4.61105824,0.349978238,15.9547358,36.0865669,0.39997527,-26.3210888,-28.8656025,0.399972111,35.1674347,-52.7339211,0.399968743,-18.2549553,21.9212399,0.399965167,7.06122112,17.5796051,0.47496146
438,-23.6923962,-1.1742037e-06,0.299983621,56.202919,-9.18520355,0.399981052,-21.5364819,-4.62222385,0.349978238,15.9952927,36.1866455,0.39997527,-26.397728,-28.945303,0.399972111,35.2632599,-52.8871689,0.399968743,-18.3142433,21.9857407,0.399965167,7.07370186,17.6325588,0.47496146
439,-23.7536163,-1.17723778e-06,0.299983621,56.3493996,-9.20958996,0.399981052,-21.5960751,-4.63338947,0.349978238,16.0358486,36.2867241,0.39997527,-26.4743671,-29.0250034,0.399972111,35.3590851,-53.0404167,0.399968743,-18.3735313,22.0502415,0.399965167,7.08618259,17.6855125,0.47496146
440,-23.8148365,-1.18027185e-06,0.299983621,56.4958801,-9.23397636,0.399981052,-21.6556683,-4.64455509,0.349978238,16.0764046,36.3868027,0.39997527,-26.5510063,-29.1047039,0.399972111,35.4549103,-53.1936646,0.399968743,-18.4328194,22.1147423,0.399965167,7.09866333,17.7384663,0.47496146
441,-23.8760567,-1.18330593e-06,0.299983621,56.6423607,-9.25836277,0.399981052,-21.7152615,-4.65572071,0.349978238,16.1169605,36.4868813,0.39997527,-26.6276455,-29.1844044,0.399972111,35.5507355,-53.3469124,0.399968743,-18.4921074,22.1792431,0.399965167,7.11114407,17.79142,0.47496146
442,-23.9372768,-1.18634e-06,0.299983621,56.7888412,-9.28274918,0.399981052,-21.7748547,-4.66688633,0.349978238,16.1575165,36.5869598,0.39997527,-26.7042847,-29.2641048,0.399972111,35.6465607,-53.5001602,0.399968743,-18.5513954,22.2437439,0.399965167,7.1236248,17.8443737,0.47496146
443,-23.998497,-1.18937407e-06,0.299983621,56.9353218,-9.30713558,0.399981052,-21.8344479,-4.67805195,0.349978238,16.1980724,36.6870384,0.39997527,-26.7809238,-29.3438053,0.399972111,35.7423859,-53.6534081,0.399968743,-18.6106834,22.3082447,0.399965167,7.13610554,17.8973274,0.47496146
444,-24.0597172,-1.19240815e-06,0.299983621,57.0818024,-9.33152199,0.399981052,-21.8940411,-4.68921757,0.349978238,16.2386284,36.787117,0.39997527,-26.857563,-29.4235058,0.399972111,35.8382111,-53.8066559,0.399968743,-18.6699715,22.3727455,0.399965167,7.14858627,17.9502811,0.47496146
445,-24.1209373,-1.19544222e-06,0.299983621,57.2282829,-9.35590839,0.399981052,-21.9536343,-4.70038319,0.349978238,16.2791843,36.8871956,0.39997527,-26.9342022,-29.5032063,0.399972111,35.9340363,-53.9599037,0.399968743,-18.7292595,22.4372463,0.399965167,7.16106701,18.0032349,0.47496146
446,-24.1821575,-1.1984763e-06,0.299983621,57.3747635,-9.3802948,0.399981052,-22.0132275,-4.71154881,0.349978238,16.3197403,36.9872742,0.39997527,-27.0108414,-29.5829067,0.399972111,36.0298615,-54.1131516,0.399968743,-18.7885475,22.5017471,0.399965167,7.17354774,18.0561886,0.47496146
447,-24.2433777,-1.20151037e-06,0.299983621,57.521244,-9.40468121,0.399981052,-22.0728207,-4.72271442,0.349978238,16.3602962,37.0873528,0.39997527,-27.0874805,-29.6626072,0.399972111,36.1256866,-54.2663994,0.399968743,-18.8478355,22.5662479,0.399965167,7.18602848,18.1091423,0.47496146
448,-24.3045979,-1.20454445e-06,0.299983621,57.6677246,-9.42906761,0.399981052,-22.1324139,-4.73388004,0.349978238,16.4008522,37.1874313,0.39997527,-27.1641197,-29.7423077,0.399972111,36.2215118,-54.4196472,0.399968743,-18.9071236,22.6307487,0.399965167,7.19850922,18.162096,0.47496146
449,-24.365818,-1.20757852e-06,0.299983621,57.8142052,-9.45345402,0.399981052,-22.1920071,-4.74504566,0.349978238,16.4414082,37.2875099,0.39997527,-27.2407589,-29.8220081,0.399972111,36.317337,-54.5728951,0.399968743,-18.9664116,22.6952496,0.399965167,7.21098995,18.2150497,0.47496146
450,-24.4270382,-1.2106126e-06,0.299983621,57.9606857,-9.47784042,0.399981052,-22.2516003,-4.75621128,0.349978238,16.4819641,37.3875885,0.39997527,-27.3173981,-29.9017086,0.399972111,36.4131622,-54.7261429,0.399968743,-19.0256996,22.7597504,0.399965167,7.22347069,18.2680035,0.47496146
451,-24.4882584,-1.21364667e-06,0.299983621,58.1071663,-9.50222683,0.399981052,-22.3111935,-4.7673769,0.349978238,16.5225201,37.4876671,0.39997527,-27.3940372,-29.9814091,0.399972111,36.5089874,-54.8793907,0.399968743,-19.0849876,22.8242512,0.399965167,7.23595142,18.3209572,0.47496146
452,-24.5494785,-1.21668074e-06,0.299983621,58.2536469,-9.52661324,0.399981052,-22.3707867,-4.77854252,0.349978238,16.563076,37.5877457,0.39997527,-27.4706764,-30.0611095,0.399972111,36.6048126,-55.0326385,0.399968743,-19.1442757,22.888752,0.399965167,7.24843216,18.3739109,0.47496146
453,-24.6106987,-1.21971482e-06,0.299983621,58.4001274,-9.55099964,0.399981052,-22.4303799,-4.78970814,0.349978238,16.603632,37.6878242,0.39997527,-27.5473156,-30.14081,0.399972111,36.7006378,-55.1858864,0.399968743,-19.2035637,22.9532528,0.399965167,7.2609129,18.4268646,0.47496146
454,-24.6719189,-1.22274889e-06,0.299983621,58.546608,-9.57538605,0.399981052,-22.4899731,-4.80087376,0.349978238,16.6441879,37.7879028,0.39997527,-27.6239548,-30.2205105,0.399972111,36.796463,-55.3391342,0.399968743,-19.2628517,23.0177536,0.399965167,7.27339363,18.4798183,0.47496146
455,-24.733139,-1.22578297e-06,0.299983621,58.6930885,-9.59977245,0.399981052,-22.5495663,-4.81203938,0.349978238,16.6847439,37.8879814,0.39997527,-27.7005939,-30.300211,0.399972111,36.8922882,-55.492382,0.399968743,-19.3221397,23.0822544,0.399965167,7.28587437,18.5327721,0.47496146
456,-24.7943592,-1.22881704e-06,0.299983621,58.8395691,-9.62415886,0.399981052,-22.6091595,-4.82320499,0.349978238,16.7252998,37.98806,0.39997527,-27.7772331,-30.3799114,0.399972111,36.9881134,-55.6456299,0.399968743,-19.3814278,23.1467552,0.399965167,7.2983551,18.5857258,0.47496146
457,-24.8555794,-1.23185112e-06,0.299983621,58.9860497,-9.64854527,0.399981052,-22.6687527,-4.83437061,0.349978238,16.7658558,38.0881386,0.39997527,-27.8538723,-30.4596119,0.399972111,37.0839386,-55.7988777,0.399968743,-19.4407158,23.211256,0.399965167,7.31083584,18.6386795,0.47496146
458,-24.9167995,-1.23488519e-06,0.299983621,59.1325302,-9.67293167,0.399981052,-22.7283459,-4.84553623,0.349978238,16.8064117,38.1882172,0.39997527,-27.9305115,-30.5393124,0.399972111,37.1797638,-55.9521255,0.399968743,-19.5000038,23.2757568,0.399965167,7.32331657,18.6916332,0.47496146
459,-24.9780197,-1.23791926e-06,0.299983621,59.2790108,-9.69731808,0.399981052,-22.7879391,-4.85670185,0.349978238,16.8469677,38.2882957,0.39997527,-28.0071507,-30.6190128,0.399972111,37.275589,-56.1053734,0.399968743,-19.5592918,23.3402576,0.399965167,7.33579731,18.7445869,0.47496146
460,-25.0392399,-1.24095334e-06,0.299983621,59.4254913,-9.72170448,0.399981052,-22.8475323,-4.86786747,0.349978238,16.8875237,38.3883743,0.39997527,-28.0837898,-30.6987133,0.399972111,37.3714142,-56.2586212,0.399968743,-19.6185799,23.4047585,0.399965167,7.34827805,18.7975407,0.47496146
461,-25.1004601,-1.24398741e-06,0.299983621,59.5719719,-9.74609089,0.399981052,-22.9071255,-4.87903309,0.349978238,16.9280796,38.4884529,0.39997527,-28.160429,-30.7784138,0.399972111,37.4672394,-56.411869,0.399968743,-19.6778679,23.4692593,0.399965167,7.36075878,18.8504944,0.47496146
462,-25.1616802,-1.24702149e-06,0.299983621,59.7184525,-9.77047729,0.399981052,-22.9667187,-4.89019871,0.349978238,16.9686356,38.5885315,0.39997527,-28.2370682,-30.8581142,0.399972111,37.5630646,-56.5651169,0.399968743,-19.7371559,23.5337601,0.399965167,7.37323952,18.9034481,0.47496146
463,-25.2229004,-1.25005556e-06,0.299983621,59.864933,-9.7948637,0.399981052,-23.0263119,-4.90136433,0.349978238,17.0091915,38.6886101,0.39997527,-28.3137074,-30.9378147,0.399972111,37.6588898,-56.7183647,0.399968743,-19.7964439,23.5982609,0.399965167,7.38572025,18.9564018,0.47496146
464,-25.2841206,-1.25308964e-06,0.299983621,60.0114136,-9.81925011,0.399981052,-23.0859051,-4.91252995,0.349978238,17.0497475,38.7886887,0.39997527,-28.3903465,-31.0175152,0.399972111,37.754715,-56.8716125,0.399968743,-19.855732,23.6627617,0.399965167,7.39820099,19.0093555,0.47496146
465,-25.3453407,-1.25612371e-06,0.299983621,60.1578941,-9.84363651,0.399981052,-23.1454983,-4.92369556,0.349978238,17.0903034,38.8887672,0.39997527,-28.4669857,-31.0972157,0.399972111,37.8505402,-57.0248604,0.399968743,-19.91502,23.7272625,0.399965167,7.41068172,19.0623093,0.47496146
466,-25.4065609,-1.25915778e-06,0.299983621,60.3043747,-9.86802292,0.399981052,-23.2050915,-4.93486118,0.349978238,17.1308594,38.9888458,0.39997527,-28.5436249,-31.1769161,0.399972111,37.9463654,-57.1781082,0.399968743,-19.974308,23.7917633,0.399965167,7.42316246,19.115263,0.47496146
467,-25.4677811,-1.26219186e-06,0.299983621,60.4508553,-9.89240932,0.399981052,-23.2646847,-4.9460268,0.349978238,17.1714153,39.0889244,0.39997527,-28.6202641,-31.2566166,0.399972111,38.0421906,-57.331356,0.399968743,-20.033596,23.8562641,0.399965167,7.4356432,19.1682167,0.47496146
468,-25.5290012,-1.26522593e-06,0.299983621,60.5973358,-9.91679573,0.399981052,-23.3242779,-4.95719242,0.349978238,17.2119713,39.189003,0.39997527,-28.6969032,-31.3363171,0.399972111,38.1380157,-57.4846039,0.399968743,-20.0928841,23.9207649,0.399965167,7.44812393,19.2211704,0.47496146
469,-25.5902214,-1.26826001e-06,0.299983621,60.7438164,-9.94118214,0.399981052,-23.3838711,-4.96835804,0.349978238,17.2525272,39.2890816,0.39997527,-28.7735424,-31.4160175,0.399972111,38.2338409,-57.6378517,0.399968743,-20.1521721,23.9852657,0.399965167,7.46060467,19.2741241,0.47496146
470,-25.6514416,-1.27129408e-06,0.299983621,60.8902969,-9.96556854,0.399981052,-23.4434643,-4.97952366,0.349978238,17.2930832,39.3891602,0.39997527,-28.8501816,-31.495718,0.399972111,38.3296661,-57.7910995,0.399968743,-20.2114601,24.0497665,0.399965167,7.4730854,19.3270779,0.47496146
471,-25.7126617,-1.27432816e-06,0.299983621,61.0367775,-9.98995495,0.399981052,-23.5030575,-4.99068928,0.349978238,17.3336391,39.4892387,0.39997527,-28.9268208,-31.5754185,0.399972111,38.4254913,-57.9443474,0.399968743,-20.2707481,24.1142673,0.399965167,7.48556614,19.3800316,0.47496146
472,-25.7738819,-1.27736223e-06,0.299983621,61.1832581,-10.0143414,0.399981052,-23.5626507,-5.0018549,0.349978238,17.3741951,39.5893173,0.39997527,-29.0034599,-31.6551189,0.399972111,38.5213165,-58.0975952,0.399968743,-20.3300362,24.1787682,0.399965167,7.49804688,19.4329853,0.47496146
473,-25.8351021,-1.2803963e-06,0.299983621,61.3297386,-10.0387278,0.399981052,-23.6222439,-5.01302052,0.349978238,17.4147511,39.6893959,0.39997527,-29.0800991,-31.7348194,0.399972111,38.6171417,-58.250843,0.399968743,-20.3893242,24.243269,0.399965167,7.51052761,19.485939,0.47496146
474,-25.8963223,-1.28343038e-06,0.299983621,61.4762192,-10.0631142,0.399981052,-23.6818371,-5.02418613,0.349978238,17.455307,39.7894745,0.39997527,-29.1567383,-31.8145199,0.399972111,38.7129669,-58.4040909,0.399968743,-20.4486122,24.3077698,0.399965167,7.52300835,19.5388927,0.47496146
475,-25.9575424,-1.28646445e-06,0.299983621,61.6226997,-10.0875006,0.399981052,-23.7414303,-5.03535175,0.349978238,17.495863,39.8895531,0.39997527,-29.2333775,-31.8942204,0.399972111,38.8087921,-58.5573387,0.399968743,-20.5079002,24.3722706,0.399965167,7.53548908,19.5918465,0.47496146
476,-26.0187626,-1.28949853e-06,0.299983621,61.7691803,-10.111887,0.399981052,-23.8010235,-5.04651737,0.349978238,17.5364189,39.9896317,0.39997527,-29.3100166,-31.9739208,0.399972111,38.9046173,-58.7105865,0.399968743,-20.5671883,24.4367714,0.399965167,7.54796982,19.6448002,0.47496146
477,-26.0799828,-1.2925326e-06,0.299983621,61.9156609,-10.1362734,0.399981052,-23.8606167,-5.05768299,0.349978238,17.5769749,40.0897102,0.39997527,-29.3866558,-32.0536232,0.399972111,39.0004425,-58.8638344,0.399968743,-20.6264763,24.5012722,0.399965167,7.56045055,19.6977539,0.47496146
478,-26.1412029,-1.29556668e-06,0.299983621,62.0621414,-10.1606598,0.399981052,-23.9202099,-5.06884861,0.349978238,17.6175308,40.1897888,0.39997527,-29.463295,-32.1333237,0.399972111,39.0962677,-59.0170822,0.399968743,-20.6857643,24.565773,0.399965167,7.57293129,19.7507076,0.47496146
479,-26.2024231,-1.29860075e-06,0.299983621,62.208622,-10.1850462,0.399981052,-23.9798031,-5.08001423,0.349978238,17.6580868,40.2898674,0.39997527,-29.5399342,-32.2130241,0.399972111,39.1920929,-59.17033,0.399968743,-20.7450523,24.6302738,0.399965167,7.58541203,19.8036613,0.47496146
480,-26.2636433,-1.30163482e-06,0.299983621,62.3551025,-10.2094326,0.399981052,-24.0393963,-5.09117985,0.349978238,17.6986427,40.389946,0.39997527,-29.6165733,-32.2927246,0.399972111,39.2879181,-59.3235779,0.399968743,-20.8043404,24.6947746,0.399965167,7.59789276,19.8566151,0.47496146
481,-26.3248634,-1.3046689e-06,0.299983621,62.5015831,-10.233819,0.399981052,-24.0989895,-5.10234547,0.349978238,17.7391987,40.4900246,0.39997527,-29.6932125,-32.3724251,0.399972111,39.3837433,-59.4768257,0.399968743,-20.8636284,24.7592754,0.399965167,7.6103735,19.9095688,0.47496146
482,-26.3860836,-1.30770297e-06,0.299983621,62.6480637,-10.2582054,0.399981052,-24.1585827,-5.11351109,0.349978238,17.7797546,40.5901031,0.39997527,-29.7698517,-32.4521255,0.399972111,39.4795685,-59.6300735,0.399968743,-20.9229164,24.8237762,0.399965167,7.62285423,19.9625225,0.47496146
483,-26.4473038,-1.31073705e-06,0.299983621,62.7945442,-10.2825918,0.399981052,-24.2181759,-5.1246767,0.349978238,17.8203106,40.6901817,0.39997527,-29.8464909,-32.531826,0.399972111,39.5753937,-59.7833214,0.399968743,-20.9822044,24.8882771,0.399965167,7.63533497,20.0154762,0.47496146
484,-26.5085239,-1.31377112e-06,0.299983621,62.9410248,-10.3069782,0.399981052,-24.2777691,-5.13584232,0.349978238,17.8608665,40.7902603,0.39997527,-29.92313,-32.6115265,0.399972111,39.6712189,-59.9365692,0.399968743,-21.0414925,24.9527779,0.399965167,7.6478157,20.0684299,0.47496146
485,-26.5697441,-1.3168052e-06,0.299983621,63.0875053,-10.3313646,0.399981052,-24.3373623,-5.14700794,0.349978238,17.9014225,40.8903389,0.39997527,-29.9997692,-32.691227,0.399972111,39.7670441,-60.089817,0.399968743,-21.1007805,25.0172787,0.399965167,7.66029644,20.1213837,0.47496146
486,-26.6309643,-1.31983927e-06,0.299983621,63.2339859,-10.355751,0.399981052,-24.3969555,-5.15817356,0.349978238,17.9419785,40.9904175,0.39997527,-30.0764084,-32.7709274,0.399972111,39.8628693,-60.2430649,0.399968743,-21.1600685,25.0817795,0.399965167,7.67277718,20.1743374,0.47496146
487,-26.6921844,-1.32287335e-06,0.299983621,63.3804665,-10.3801374,0.399981052,-24.4565487,-5.16933918,0.349978238,17.9825344,41.0904961,0.39997527,-30.1530476,-32.8506279,0.399972111,39.9586945,-60.3963127,0.399968743,-21.2193565,25.1462803,0.399965167,7.68525791,20.2272911,0.47496146
488,-26.7534046,-1.32590742e-06,0.299983621,63.526947,-10.4045238,0.399981052,-24.5161419,-5.1805048,0.349978238,18.0230904,41.1905746,0.39997527,-30.2296867,-32.9303284,0.399972111,40.0545197,-60.5495605,0.399968743,-21.2786446,25.2107811,0.399965167,7.69773865,20.2802448,0.47496146
489,-26.8146248,-1.32894149e-06,0.299983621,63.6734276,-10.4289103,0.399981052,-24.5757351,-5.19167042,0.349978238,18.0636463,41.2906532,0.39997527,-30.3063259,-33.0100288,0.399972111,40.1503448,-60.7028084,0.399968743,-21.3379326,25.2752819,0.399965167,7.71021938,20.3331985,0.47496146
490,-26.875845,-1.33197557e-06,0.299983621,63.8199081,-10.4532967,0.399981052,-24.6353283,-5.20283604,0.349978238,18.1042023,41.3907318,0.39997527,-30.3829651,-33.0897293,0.399972111,40.24617,-60.8560562,0.399968743,-21.3972206,25.3397827,0.399965167,7.72270012,20.3861523,0.47496146
491,-26.9370651,-1.33500964e-06,0.299983621,63.9663887,-10.4776831,0.399981052,-24.6949215,-5.21400166,0.349978238,18.1447582,41.4908104,0.39997527,-30.4596043,-33.1694298,0.399972111,40.3419952,-61.009304,0.399968743,-21.4565086,25.4042835,0.399965167,7.73518085,20.439106,0.47496146
492,-26.9982853,-1.33804372e-06,0.299983621,64.1128693,-10.5020695,0.399981052,-24.7545147,-5.22516727,0.349978238,18.1853142,41.590889,0.39997527,-30.5362434,-33.2491302,0.399972111,40.4378204,-61.1625519,0.399968743,-21.5157967,25.4687843,0.399965167,7.74766159,20.4920597,0.47496146
493,-27.0595055,-1.34107779e-06,0.299983621,64.2593536,-10.5264559,0.399981052,-24.8141079,-5.23633289,0.349978238,18.2258701,41.6909676,0.39997527,-30.6128826,-33.3288307,0.399972111,40.5336456,-61.3157997,0.399968743,-21.5750847,25.5332851,0.399965167,7.76014233,20.5450134,0.47496146
494,-27.1207256,-1.34411187e-06,0.299983621,64.405838,-10.5508423,0.399981052,-24.8737011,-5.24749851,0.349978238,18.2664261,41.7910461,0.39997527,-30.6895218,-33.4085312,0.399972111,40.6294708,-61.4690475,0.399968743,-21.6343727,25.5977859,0.399965167,7.77262306,20.5979671,0.47496146
495,-27.1819458,-1.34714594e-06,0.299983621,64.5523224,-10.5752287,0.399981052,-24.9332943,-5.25866413,0.349978238,18.306982,41.8911247,0.39997527,-30.766161,-33.4882317,0.399972111,40.725296,-61.6222954,0.399968743,-21.6936607,25.6622868,0.399965167,7.7851038,20.6509209,0.47496146
496,-27.243166,-1.35018001e-06,0.299983621,64.6988068,-10.5996151,0.399981052,-24.9928875,-5.26982975,0.349978238,18.347538,41.9912033,0.39997527,-30.8428001,-33.5679321,0.399972111,40.8211212,-61.7755432,0.399968743,-21.7529488,25.7267876,0.399965167,7.79758453,20.7038746,0.47496146
497,-27.3043861,-1.35321409e-06,0.299983621,64.8452911,-10.6240015,0.399981052,-25.0524807,-5.28099537,0.349978238,18.3880939,42.0912819,0.39997527,-30.9194393,-33.6476326,0.399972111,40.9169464,-61.928791,0.399968743,-21.8122368,25.7912884,0.399965167,7.81006527,20.7568283,0.47496146
498,-27.3656063,-1.35624816e-06,0.299983621,64.9917755,-10.6483879,0.399981052,-25.1120739,-5.29216099,0.349978238,18.4286499,42.1913605,0.39997527,-30.9960785,-33.7273331,0.399972111,41.0127716,-62.0820389,0.399968743,-21.8715248,25.8557892,0.399965167,7.82254601,20.809782,0.47496146
499,-27.4268265,-1.35928224e-06,0.299983621,65.1382599,-10.6727743,0.399981052,-25.1716671,-5.30332661,0.349978238,18.4692059,42.2914391,0.39997527,-31.0727177,-33.8070335,0.399972111,41.1085968,-62.2352867,0.399968743,-21.9308128,25.92029,0.399965167,7.83502674,20.8627357,0.47496146
500,-27.4880466,-1.36231631e-06,0.299983621,65.2847443,-10.6971607,0.399981052,-25.2312603,-5.31449223,0.349978238,18.5097618,42.3915176,0.39997527,-31.1493568,-33.886734,0.399972111,41.204422,-62.3885345,0.399968743,-21.9901009,25.9847908,0.399965167,7.84750748,20.9156895,0.47496146
501,-27.5492668,-1.36535039e-06,0.299983621,65.4312286,-10.7215471,0.399981052,-25.2908535,-5.32565784,0.349978238,18.5503178,42.4915962,0.39997527,-31.225996,-33.9664345,0.399972111,41.3002472,-62.5417824,0.399968743,-22.0493889,26.0492916,0.399965167,7.85998821,20.9686432,0.47496146
502,-27.610487,-1.36838446e-06,0.299983621,65.577713,-10.7459335,0.399981052,-25.3504467,-5.33682346,0.349978238,18.5908737,42.5916748,0.39997527,-31.3026352,-34.0461349,0.399972111,41.3960724,-62.6950302,0.399968743,-22.1086769,26.1137924,0.399965167,7.87246895,21.0215969,0.47496146
503,-27.6717072,-1.37141853e-06,0.299983621,65.7241974,-10.7703199,0.399981052,-25.4100399,-5.34798908,0.349978238,18.6314297,42.6917534,0.39997527,-31.3792744,-34.1258354,0.399972111,41.4918976,-62.848278,0.399968743,-22.1679649,26.1782932,0.399965167,7.88494968,21.0745506,0.47496146
504,-27.7329273,-1.37445261e-06,0.299983621,65.8706818,-10.7947063,0.399981052,-25.4696331,-5.3591547,0.349978238,18.6719856,42.791832,0.39997527,-31.4559135,-34.2055359,0.399972111,41.5877228,-63.0015259,0.399968743,-22.227253,26.242794,0.399965167,7.89743042,21.1275043,0.47496146
505,-27.7941475,-1.37748668e-06,0.299983621,66.0171661,-10.8190928,0.399981052,-25.5292263,-5.37032032,0.349978238,18.7125416,42.8919106,0.39997527,-31.5325527,-34.2852364,0.399972111,41.683548,-63.1547737,0.399968743,-22.286541,26.3072948,0.399965167,7.90991116,21.1804581,0.47496146
506,-27.8553677,-1.38052076e-06,0.299983621,66.1636505,-10.8434792,0.399981052,-25.5888195,-5.38148594,0.349978238,18.7530975,42.9919891,0.39997527,-31.6091919,-34.3649368,0.399972111,41.7793732,-63.3080215,0.399968743,-22.345829,26.3717957,0.399965167,7.92239189,21.2334118,0.47496146
507,-27.9165878,-1.38355483e-06,0.299983621,66.3101349,-10.8678656,0.399981052,-25.6484127,-5.39265156,0.349978238,18.7936535,43.0920677,0.39997527,-31.6858311,-34.4446373,0.399972111,41.8751984,-63.4612694,0.399968743,-22.405117,26.4362965,0.399965167,7.93487263,21.2863655,0.47496146
508,-27.977808,-1.38658891e-06,0.299983621,66.4566193,-10.892252,0.399981052,-25.7080059,-5.40381718,0.349978238,18.8342094,43.1921463,0.39997527,-31.7624702,-34.5243378,0.399972111,41.9710236,-63.6145172,0.399968743,-22.4644051,26.5007973,0.399965167,7.94735336,21.3393192,0.47496146
509,-28.0390282,-1.38962298e-06,0.299983621,66.6031036,-10.9166384,0.399981052,-25.7675991,-5.4149828,0.349978238,18.8747654,43.2922249,0.39997527,-31.8391094,-34.6040382,0.399972111,42.0668488,-63.767765,0.399968743,-22.5236931,26.5652981,0.399965167,7.9598341,21.3922729,0.47496146
510,-28.1002483,-1.39265705e-06,0.299983621,66.749588,-10.9410248,0.399981052,-25.8271923,-5.42614841,0.349978238,18.9153214,43.3923035,0.39997527,-31.9157486,-34.6837387,0.399972111,42.162674,-63.9210129,0.399968743,-22.5829811,26.6297989,0.399965167,7.97231483,21.4452267,0.47496146
511,-28.1614685,-1.39569113e-06,0.299983621,66.8960724,-10.9654112,0.399981052,-25.8867855,-5.43731403,0.349978238,18.9558773,43.492382,0.39997527,-31.9923878,-34.7634392,0.399972111,42.2584991,-64.0742569,0.399968743,-22.6422691,26.6942997,0.399965167,7.98479557,21.4981804,0.47496146
512,-28.2226887,-1.3987252e-06,0.299983621,67.0425568,-10.9897976,0.399981052,-25.9463787,-5.44847965,0.349978238,18.9964333,43.5924606,0.39997527,-32.0690269,-34.8431396,0.399972111,42.3543243,-64.2275009,0.399968743,-22.7015572,26.7588005,0.399965167,7.99727631,21.5511341,0.47496146
513,-28.2839088,-1.40175928e-06,0.299983621,67.1890411,-11.014184,0.399981052,-26.0059719,-5.45964527,0.349978238,19.0369892,43.6925392,0.39997527,-32.1456642,-34.9228401,0.399972111,42.4501495,-64.3807449,0.399968743,-22.7608452,26.8233013,0.399965167,8.00975704,21.6040878,0.47496146
514,-28.345129,-1.40479335e-06,0.299983621,67.3355255,-11.0385704,0.399981052,-26.0655651,-5.47081089,0.349978238,19.0775452,43.7926178,0.39997527,-32.2223015,-35.0025406,0.399972111,42.5459747,-64.533989,0.399968743,-22.8201332,26.8878021,0.399965167,8.02223778,21.6570415,0.47496146
515,-28.4063492,-1.40782743e-06,0.299983621,67.4820099,-11.0629568,0.399981052,-26.1251583,-5.48197651,0.349978238,19.1181011,43.8926964,0.39997527,-32.2989388,-35.0822411,0.399972111,42.6417999,-64.687233,0.399968743,-22.8794212,26.9523029,0.399965167,8.03471851,21.7099953,0.47496146
516,-28.4675694,-1.4108615e-06,0.299983621,67.6284943,-11.0873432,0.399981052,-26.1847515,-5.49314213,0.349978238,19.1586571,43.992775,0.39997527,-32.375576,-35.1619415,0.399972111,42.7376251,-64.840477,0.399968743,-22.9387093,27.0168037,0.399965167,8.04719925,21.762949,0.47496146
517,-28.5287895,-1.41389557e-06,0.299983621,67.7749786,-11.1117296,0.399981052,-26.2443447,-5.50430775,0.349978238,19.199213,44.0928535,0.39997527,-32.4522133,-35.241642,0.399972111,42.8334503,-64.993721,0.399968743,-22.9979973,27.0813046,0.399965167,8.05967999,21.8159027,0.47496146
518,-28.5900097,-1.41692965e-06,0.299983621,67.921463,-11.136116,0.399981052,-26.3039379,-5.51547337,0.349978238,19.239769,44.1929321,0.39997527,-32.5288506,-35.3213425,0.399972111,42.9292755,-65.146965,0.399968743,-23.0572853,27.1458054,0.399965167,8.07216072,21.8688564,0.47496146
519,-28.6512299,-1.41996372e-06,0.299983621,68.0679474,-11.1605024,0.399981052,-26.3635311,-5.52663898,0.349978238,19.2803249,44.2930107,0.39997527,-32.6054878,-35.4010429,0.399972111,43.0251007,-65.300209,0.399968743,-23.1165733,27.2103062,0.399965167,8.08464146,21.9218102,0.47496146
520,-28.71245,-1.4229978e-06,0.299983621,68.2144318,-11.1848888,0.399981052,-26.4231243,-5.5378046,0.349978238,19.3208809,44.3930893,0.39997527,-32.6821251,-35.4807434,0.399972111,43.1209259,-65.4534531,0.399968743,-23.1758614,27.274807,0.399965167,8.09712219,21.9747639,0.47496146
521,-28.7736702,-1.42603187e-06,0.299983621,68.3609161,-11.2092752,0.399981052,-26.4827175,-5.54897022,0.349978238,19.3614368,44.4931679,0.39997527,-32.7587624,-35.5604439,0.399972111,43.2167511,-65.6066971,0.399968743,-23.2351494,27.3393078,0.399965167,8.10960293,22.0277176,0.47496146
522,-28.8348904,-1.42906595e-06,0.299983621,68.5074005,-11.2336617,0.399981052,-26.5423107,-5.56013584,0.349978238,19.4019928,44.5932465,0.39997527,-32.8353996,-35.6401443,0.399972111,43.3125763,-65.7599411,0.399968743,-23.2944374,27.4038086,0.399965167,8.12208366,22.0806713,0.47496146
523,-28.8961105,-1.43210002e-06,0.299983621,68.6538849,-11.2580481,0.399981052,-26.6019039,-5.57130146,0.349978238,19.4425488,44.693325,0.39997527,-32.9120369,-35.7198448,0.399972111,43.4084015,-65.9131851,0.399968743,-23.3537254,27.4683094,0.399965167,8.1345644,22.133625,0.47496146
524,-28.9573307,-1.4351341e-06,0.299983621,68.8003693,-11.2824345,0.399981052,-26.6614971,-5.58246708,0.349978238,19.4831047,44.7934036,0.39997527,-32.9886742,-35.7995453,0.399972111,43.5042267,-66.0664291,0.399968743,-23.4130135,27.5328102,0.399965167,8.14704514,22.1865788,0.47496146
525,-29.0185509,-1.43816817e-06,0.299983621,68.9468536,-11.3068209,0.399981052,-26.7210903,-5.5936327,0.349978238,19.5236607,44.8934822,0.39997527,-33.0653114,-35.8792458,0.399972111,43.6000519,-66.2196732,0.399968743,-23.4723015,27.597311,0.399965167,8.15952587,22.2395325,0.47496146
526,-29.079771,-1.44120224e-06,0.299983621,69.093338,-11.3312073,0.399981052,-26.7806835,-5.60479832,0.349978238,19.5642166,44.9935608,0.39997527,-33.1419487,-35.9589462,0.399972111,43.6958771,-66.3729172,0.399968743,-23.5315895,27.6618118,0.399965167,8.17200661,22.2924862,0.47496146
527,-29.1409912,-1.44423632e-06,0.299983621,69.2398224,-11.3555937,0.399981052,-26.8402767,-5.61596394,0.349978238,19.6047726,45.0936394,0.39997527,-33.218586,-36.0386467,0.399972111,43.7917023,-66.5261612,0.399968743,-23.5908775,27.7263126,0.399965167,8.18448734,22.3454399,0.47496146
528,-29.2022114,-1.44727039e-06,0.299983621,69.3863068,-11.3799801,0.399981052,-26.8998699,-5.62712955,0.349978238,19.6453285,45.193718,0.39997527,-33.2952232,-36.1183472,0.399972111,43.8875275,-66.6794052,0.399968743,-23.6501656,27.7908134,0.399965167,8.19696808,22.3983936,0.47496146
529,-29.2634315,-1.45030447e-06,0.299983621,69.5327911,-11.4043665,0.399981052,-26.9594631,-5.63829517,0.349978238,19.6858845,45.2937965,0.39997527,-33.3718605,-36.1980476,0.399972111,43.9833527,-66.8326492,0.399968743,-23.7094536,27.8553143,0.399965167,8.20944881,22.4513474,0.47496146
530,-29.3246517,-1.45333854e-06,0.299983621,69.6792755,-11.4287529,0.399981052,-27.0190563,-5.64946079,0.349978238,19.7264404,45.3938751,0.39997527,-33.4484978,-36.2777481,0.399972111,44.0791779,-66.9858932,0.399968743,-23.7687416,27.9198151,0.399965167,8.22192955,22.5043011,0.47496146
531,-29.3858719,-1.45637262e-06,0.299983621,69.8257599,-11.4531393,0.399981052,-27.0786495,-5.66062641,0.349978238,19.7669964,45.4939537,0.39997527,-33.525135,-36.3574486,0.399972111,44.1750031,-67.1391373,0.399968743,-23.8280296,27.9843159,0.399965167,8.23441029,22.5572548,0.47496146
532,-29.4470921,-1.45940669e-06,0.299983621,69.9722443,-11.4775257,0.399981052,-27.1382427,-5.67179203,0.349978238,19.8075523,45.5940323,0.39997527,-33.6017723,-36.437149,0.399972111,44.2708282,-67.2923813,0.399968743,-23.8873177,28.0488167,0.399965167,8.24689102,22.6102085,0.47496146
533,-29.5083122,-1.46244076e-06,0.299983621,70.1187286,-11.5019121,0.399981052,-27.1978359,-5.68295765,0.349978238,19.8481083,45.6941109,0.39997527,-33.6784096,-36.5168495,0.399972111,44.3666534,-67.4456253,0.399968743,-23.9466057,28.1133175,0.399965167,8.25937176,22.6631622,0.47496146
534,-29.5695324,-1.46547484e-06,0.299983621,70.265213,-11.5262985,0.399981052,-27.2574291,-5.69412327,0.349978238,19.8886642,45.7941895,0.39997527,-33.7550468,-36.59655,0.399972111,44.4624786,-67.5988693,0.399968743,-24.0058937,28.1778183,0.399965167,8.27185249,22.716116,0.47496146
535,-29.6307526,-1.46850891e-06,0.299983621,70.4116974,-11.5506849,0.399981052,-27.3170223,-5.70528889,0.349978238,19.9292202,45.894268,0.39997527,-33.8316841,-36.6762505,0.399972111,44.5583038,-67.7521133,0.399968743,-24.0651817,28.2423191,0.399965167,8.28433323,22.7690697,0.47496146
536,-29.6919727,-1.47154299e-06,0.299983621,70.5581818,-11.5750713,0.399981052,-27.3766155,-5.71645451,0.349978238,19.9697762,45.9943466,0.39997527,-33.9083214,-36.7559509,0.399972111,44.654129,-67.9053574,0.399968743,-24.1244698,28.3068199,0.399965167,8.29681396,22.8220234,0.47496146
537,-29.7531929,-1.47457706e-06,0.299983621,70.7046661,-11.5994577,0.399981052,-27.4362087,-5.72762012,0.349978238,20.0103321,46.0944252,0.39997527,-33.9849586,-36.8356514,0.399972111,44.7499542,-68.0586014,0.399968743,-24.1837578,28.3713207,0.399965167,8.3092947,22.8749771,0.47496146
538,-29.8144131,-1.47761114e-06,0.299983621,70.8511505,-11.6238441,0.399981052,-27.4958019,-5.73878574,0.349978238,20.0508881,46.1945038,0.39997527,-34.0615959,-36.9153519,0.399972111,44.8457794,-68.2118454,0.399968743,-24.2430458,28.4358215,0.399965167,8.32177544,22.9279308,0.47496146
539,-29.8756332,-1.48064521e-06,0.299983621,70.9976349,-11.6482306,0.399981052,-27.5553951,-5.74995136,0.349978238,20.091444,46.2945824,0.39997527,-34.1382332,-36.9950523,0.399972111,44.9416046,-68.3650894,0.399968743,-24.3023338,28.5003223,0.399965167,8.33425617,22.9808846,0.47496146
540,-29.9368534,-1.48367928e-06,0.299983621,71.1441193,-11.672617,0.399981052,-27.6149883,-5.76111698,0.349978238,20.132,46.3946609,0.39997527,-34.2148705,-37.0747528,0.399972111,45.0374298,-68.5183334,0.399968743,-24.3616219,28.5648232,0.399965167,8.34673691,23.0338383,0.47496146
541,-29.9980736,-1.48671336e-06,0.299983621,71.2906036,-11.6970034,0.399981052,-27.6745815,-5.7722826,0.349978238,20.1725559,46.4947395,0.39997527,-34.2915077,-37.1544533,0.399972111,45.133255,-68.6715775,0.399968743,-24.4209099,28.629324,0.399965167,8.35921764,23.086792,0.47496146
542,-30.0592937,-1.48974743e-06,0.299983621,71.437088,-11.7213898,0.399981052,-27.7341747,-5.78344822,0.349978238,20.2131119,46.5948181,0.39997527,-34.368145,-37.2341537,0.399972111,45.2290802,-68.8248215,0.399968743,-24.4801979,28.6938248,0.399965167,8.37169838,23.1397457,0.47496146
543,-30.1205139,-1.49278151e-06,0.299983621,71.5835724,-11.7457762,0.399981052,-27.7937679,-5.79461384,0.349978238,20.2536678,46.6948967,0.39997527,-34.4447823,-37.3138542,0.399972111,45.3249054,-68.9780655,0.399968743,-24.5394859,28.7583256,0.399965167,8.38417912,23.1926994,0.47496146
544,-30.1817341,-1.49581558e-06,0.299983621,71.7300568,-11.7701626,0.399981052,-27.8533611,-5.80577946,0.349978238,20.2942238,46.7949753,0.39997527,-34.5214195,-37.3935547,0.399972111,45.4207306,-69.1313095,0.399968743,-24.598774,28.8228264,0.399965167,8.39665985,23.2456532,0.47496146
545,-30.2429543,-1.49884966e-06,0.299983621,71.8765411,-11.794549,0.399981052,-27.9129543,-5.81694508,0.349978238,20.3347797,46.8950539,0.39997527,-34.5980568,-37.4732552,0.399972111,45.5165558,-69.2845535,0.399968743,-24.658062,28.8873272,0.399965167,8.40914059,23.2986069,0.47496146
546,-30.3041744,-1.50188373e-06,0.299983621,72.0230255,-11.8189354,0.399981052,-27.9725475,-5.82811069,0.349978238,20.3753357,46.9951324,0.39997527,-34.6746941,-37.5529556,0.399972111,45.612381,-69.4377975,0.399968743,-24.71735,28.951828,0.399965167,8.42162132,23.3515606,0.47496146
547,-30.3653946,-1.5049178e-06,0.299983621,72.1695099,-11.8433218,0.399981052,-28.0321407,-5.83927631,0.349978238,20.4158916,47.095211,0.39997527,-34.7513313,-37.6326561,0.399972111,45.7082062,-69.5910416,0.399968743,-24.776638,29.0163288,0.399965167,8.43410206,23.4045143,0.47496146
548,-30.4266148,-1.50795188e-06,0.299983621,72.3159943,-11.8677082,0.399981052,-28.0917339,-5.85044193,0.349978238,20.4564476,47.1952896,0.39997527,-34.8279686,-37.7123566,0.399972111,45.8040314,-69.7442856,0.399968743,-24.8359261,29.0808296,0.399965167,8.44658279,23.457468,0.47496146
549,-30.4878349,-1.51098595e-06,0.299983621,72.4624786,-11.8920946,0.399981052,-28.1513271,-5.86160755,0.349978238,20.4970036,47.2953682,0.39997527,-34.9046059,-37.792057,0.399972111,45.8998566,-69.8975296,0.399968743,-24.8952141,29.1453304,0.399965167,8.45906353,23.5104218,0.47496146
550,-30.5490551,-1.51402003e-06,0.299983621,72.608963,-11.916481,0.399981052,-28.2109203,-5.87277317,0.349978238,20.5375595,47.3954468,0.39997527,-34.9812431,-37.8717575,0.399972111,45.9956818,-70.0507736,0.399968743,-24.9545021,29.2098312,0.399965167,8.47154427,23.5633755,0.47496146
551,-30.6102753,-1.5170541e-06,0.299983621,72.7554474,-11.9408674,0.399981052,-28.2705135,-5.88393879,0.349978238,20.5781155,47.4955254,0.39997527,-35.0578804,-37.951458,0.399972111,46.091507,-70.2040176,0.399968743,-25.0137901,29.274332,0.399965167,8.484025,23.6163292,0.47496146
552,-30.6714954,-1.52008818e-06,0.299983621,72.9019318,-11.9652538,0.399981052,-28.3301067,-5.89510441,0.349978238,20.6186714,47.5956039,0.39997527,-35.1345177,-38.0311584,0.399972111,46.1873322,-70.3572617,0.399968743,-25.0730782,29.3388329,0.399965167,8.49650574,23.6692829,0.47496146
553,-30.7327156,-1.52312225e-06,0.299983621,73.0484161,-11.9896402,0.399981052,-28.3896999,-5.90627003,0.349978238,20.6592274,47.6956825,0.39997527,-35.2111549,-38.1108589,0.399972111,46.2831573,-70.5105057,0.399968743,-25.1323662,29.4033337,0.399965167,8.50898647,23.7222366,0.47496146
554,-30.7939358,-1.52615632e-06,0.299983621,73.1949005,-12.0140266,0.399981052,-28.4492931,-5.91743565,0.349978238,20.6997833,47.7957611,0.39997527,-35.2877922,-38.1905594,0.399972111,46.3789825,-70.6637497,0.399968743,-25.1916542,29.4678345,0.399965167,8.52146721,23.7751904,0.47496146
555,-30.8551559,-1.5291904e-06,0.299983621,73.3413849,-12.038413,0.399981052,-28.5088863,-5.92860126,0.349978238,20.7403393,47.8958397,0.39997527,-35.3644295,-38.2702599,0.399972111,46.4748077,-70.8169937,0.399968743,-25.2509422,29.5323353,0.399965167,8.53394794,23.8281441,0.47496146
556,-30.9163761,-1.53222447e-06,0.299983621,73.4878693,-12.0627995,0.399981052,-28.5684795,-5.93976688,0.349978238,20.7808952,47.9959183,0.39997527,-35.4410667,-38.3499603,0.399972111,46.5706329,-70.9702377,0.399968743,-25.3102303,29.5968361,0.399965167,8.54642868,23.8810978,0.47496146
557,-30.9775963,-1.53525855e-06,0.299983621,73.6343536,-12.0871859,0.399981052,-28.6280727,-5.9509325,0.349978238,20.8214512,48.0959969,0.39997527,-35.517704,-38.4296608,0.399972111,46.6664581,-71.1234818,0.399968743,-25.3695183,29.6613369,0.399965167,8.55890942,23.9340515,0.47496146
558,-31.0388165,-1.53829262e-06,0.299983621,73.780838,-12.1115723,0.399981052,-28.6876659,-5.96209812,0.349978238,20.8620071,48.1960754,0.39997527,-35.5943413,-38.5093613,0.399972111,46.7622833,-71.2767258,0.399968743,-25.4288063,29.7258377,0.399965167,8.57139015,23.9870052,0.47496146
559,-31.1000366,-1.5413267e-06,0.299983621,73.9273224,-12.1359587,0.399981052,-28.7472591,-5.97326374,0.349978238,20.9025631,48.296154,0.39997527,-35.6709785,-38.5890617,0.399972111,46.8581085,-71.4299698,0.399968743,-25.4880943,29.7903385,0.399965167,8.58387089,24.039959,0.47496146
560,-31.1612568,-1.54436077e-06,0.299983621,74.0738068,-12.1603451,0.399981052,-28.8068523,-5.98442936,0.349978238,20.943119,48.3962326,0.39997527,-35.7476158,-38.6687622,0.399972111,46.9539337,-71.5832138,0.399968743,-25.5473824,29.8548393,0.399965167,8.59635162,24.0929127,0.47496146
561,-31.222477,-1.54739485e-06,0.299983621,74.2202911,-12.1847315,0.399981052,-28.8664455,-5.99559498,0.349978238,20.983675,48.4963112,0.39997527,-35.8242531,-38.7484627,0.399972111,47.0497589,-71.7364578,0.399968743,-25.6066704,29.9193401,0.399965167,8.60883236,24.1458664,0.47496146
562,-31.2836971,-1.55042892e-06,0.299983621,74.3667755,-12.2091179,0.399981052,-28.9260387,-6.0067606,0.349978238,21.024231,48.5963898,0.39997527,-35.9008904,-38.8281631,0.399972111,47.1455841,-71.8897018,0.399968743,-25.6659584,29.9838409,0.399965167,8.6213131,24.1988201,0.47496146
563,-31.3449173,-1.55346299e-06,0.299983621,74.5132599,-12.2335043,0.399981052,-28.9856319,-6.01792622,0.349978238,21.0647869,48.6964684,0.39997527,-35.9775276,-38.9078636,0.399972111,47.2414093,-72.0429459,0.399968743,-25.7252464,30.0483418,0.399965167,8.63379383,24.2517738,0.47496146
564,-31.4061375,-1.55649707e-06,0.299983621,74.6597443,-12.2578907,0.399981052,-29.0452251,-6.02909184,0.349978238,21.1053429,48.7965469,0.39997527,-36.0541649,-38.9875641,0.399972111,47.3372345,-72.1961899,0.399968743,-25.7845345,30.1128426,0.399965167,8.64627457,24.3047276,0.47496146
565,-31.4673576,-1.55953114e-06,0.299983621,74.8062286,-12.2822771,0.399981052,-29.1048183,-6.04025745,0.349978238,21.1458988,48.8966255,0.39997527,-36.1308022,-39.0672646,0.399972111,47.4330597,-72.3494339,0.399968743,-25.8438225,30.1773434,0.399965167,8.6587553,24.3576813,0.47496146
566,-31.5285778,-1.56256522e-06,0.299983621,74.952713,-12.3066635,0.399981052,-29.1644115,-6.05142307,0.349978238,21.1864548,48.9967041,0.39997527,-36.2074394,-39.146965,0.399972111,47.5288849,-72.5026779,0.399968743,-25.9031105,30.2418442,0.399965167,8.67123604,24.410635,0.47496146
567,-31.589798,-1.56559929e-06,0.299983621,75.0991974,-12.3310499,0.399981052,-29.2240047,-6.06258869,0.349978238,21.2270107,49.0967827,0.39997527,-36.2840767,-39.2266655,0.399972111,47.6247101,-72.6559219,0.399968743,-25.9623985,30.306345,0.399965167,8.68371677,24.4635887,0.47496146
568,-31.6510181,-1.56863337e-06,0.299983621,75.2456818,-12.3554363,0.399981052,-29.2835979,-6.07375431,0.349978238,21.2675667,49.1968613,0.39997527,-36.360714,-39.306366,0.399972111,47.7205353,-72.809166,0.399968743,-26.0216866,30.3708458,0.399965167,8.69619751,24.5165424,0.47496146
569,-31.7122383,-1.57166744e-06,0.299983621,75.3921661,-12.3798227,0.399981052,-29.3431911,-6.08491993,0.349978238,21.3081226,49.2969398,0.39997527,-36.4373512,-39.3860664,0.399972111,47.8163605,-72.96241,0.399968743,-26.0809746,30.4353466,0.399965167,8.70867825,24.5694962,0.47496146
570,-31.7734585,-1.57470151e-06,0.299983621,75.5386505,-12.4042091,0.399981052,-29.4027843,-6.09608555,0.349978238,21.3486786,49.3970184,0.39997527,-36.5139885,-39.4657669,0.399972111,47.9121857,-73.115654,0.399968743,-26.1402626,30.4998474,0.399965167,8.72115898,24.6224499,0.47496146
571,-31.8346786,-1.57773559e-06,0.299983621,75.6851349,-12.4285955,0.399981052,-29.4623775,-6.10725117,0.349978238,21.3892345,49.497097,0.39997527,-36.5906258,-39.5454674,0.399972111,48.0080109,-73.268898,0.399968743,-26.1995506,30.5643482,0.399965167,8.73363972,24.6754036,0.47496146
572,-31.8958988,-1.58076966e-06,0.299983621,75.8316193,-12.4529819,0.399981052,-29.5219707,-6.11841679,0.349978238,21.4297905,49.5971756,0.39997527,-36.667263,-39.6251678,0.399972111,48.1038361,-73.422142,0.399968743,-26.2588387,30.628849,0.399965167,8.74612045,24.7283573,0.47496146
573,-31.957119,-1.58380374e-06,0.299983621,75.9781036,-12.4773684,0.399981052,-29.5815639,-6.12958241,0.349978238,21.4703465,49.6972542,0.39997527,-36.7439003,-39.7048683,0.399972111,48.1996613,-73.575386,0.399968743,-26.3181267,30.6933498,0.399965167,8.75860119,24.781311,0.47496146
574,-32.0183411,-1.58683781e-06,0.299983621,76.124588,-12.5017548,0.399981052,-29.6411572,-6.14074802,0.349978238,21.5109024,49.7973328,0.39997527,-36.8205376,-39.7845688,0.399972111,48.2954865,-73.7286301,0.399968743,-26.3774147,30.7578506,0.399965167,8.77108192,24.8342648,0.47496146
575,-32.0795631,-1.58987189e-06,0.299983621,76.2710724,-12.5261412,0.399981052,-29.7007504,-6.15191364,0.349978238,21.5514584,49.8974113,0.39997527,-36.8971748,-39.8642693,0.399972111,48.3913116,-73.8818741,0.399968743,-26.4367027,30.8223515,0.399965167,8.78356266,24.8872185,0.47496146
576,-32.1407852,-1.59290596e-06,0.299983621,76.4175568,-12.5505276,0.399981052,-29.7603436,-6.16307926,0.349978238,21.5920143,49.9974899,0.39997527,-36.9738121,-39.9439697,0.399972111,48.4871368,-74.0351181,0.399968743,-26.4959908,30.8868523,0.399965167,8.7960434,24.9401722,0.47496146
577,-32.2020073,-1.59594003e-06,0.299983621,76.5640411,-12.574914,0.399981052,-29.8199368,-6.17424488,0.349978238,21.6325703,50.0975685,0.39997527,-37.0504494,-40.0236702,0.399972111,48.582962,-74.1883621,0.399968743,-26.5552788,30.9513531,0.399965167,8.80852413,24.9931259,0.47496146
578,-32.2632294,-1.59897411e-06,0.299983621,76.7105255,-12.5993004,0.399981052,-29.87953,-6.1854105,0.349978238,21.6731262,50.1976471,0.39997527,-37.1270866,-40.1033707,0.399972111,48.6787872,-74.3416061,0.399968743,-26.6145668,31.0158539,0.399965167,8.82100487,25.0460796,0.47496146
579,-32.3244514,-1.60200818e-06,0.299983621,76.8570099,-12.6236868,0.399981052,-29.9391232,-6.19657612,0.349978238,21.7136822,50.2977257,0.39997527,-37.2037239,-40.1830711,0.399972111,48.7746124,-74.4948502,0.399968743,-26.6738548,31.0803547,0.399965167,8.8334856,25.0990334,0.47496146
580,-32.3856735,-1.60504226e-06,0.299983621,77.0034943,-12.6480732,0.399981052,-29.9987164,-6.20774174,0.349978238,21.7542381,50.3978043,0.39997527,-37.2803612,-40.2627716,0.399972111,48.8704376,-74.6480942,0.399968743,-26.7331429,31.1448555,0.399965167,8.84596634,25.1519871,0.47496146
581,-32.4468956,-1.60807633e-06,0.299983621,77.1499786,-12.6724596,0.399981052,-30.0583096,-6.21890736,0.349978238,21.7947941,50.4978828,0.39997527,-37.3569984,-40.3424721,0.399972111,48.9662628,-74.8013382,0.399968743,-26.7924309,31.2093563,0.399965167,8.85844707,25.2049408,0.47496146
582,-32.5081177,-1.61111041e-06,0.299983621,77.296463,-12.696846,0.399981052,-30.1179028,-6.23007298,0.349978238,21.83535,50.5979614,0.39997527,-37.4336357,-40.4221725,0.399972111,49.062088,-74.9545822,0.399968743,-26.8517189,31.2738571,0.399965167,8.87092781,25.2578945,0.47496146
583,-32.5693398,-1.61414448e-06,0.299983621,77.4429474,-12.7212324,0.399981052,-30.177496,-6.24123859,0.349978238,21.875906,50.69804,0.39997527,-37.510273,-40.501873,0.399972111,49.1579132,-75.1078262,0.399968743,-26.9110069,31.3383579,0.399965167,8.88340855,25.3108482,0.47496146
584,-32.6305618,-1.61717855e-06,0.299983621,77.5894318,-12.7456188,0.399981052,-30.2370892,-6.25240421,0.349978238,21.9164619,50.7981186,0.39997527,-37.5869102,-40.5815735,0.399972111,49.2537384,-75.2610703,0.399968743,-26.970295,31.4028587,0.399965167,8.89588928,25.363802,0.47496146
585,-32.6917839,-1.62021263e-06,0.299983621,77.7359161,-12.7700052,0.399981052,-30.2966824,-6.26356983,0.349978238,21.9570179,50.8981972,0.39997527,-37.6635475,-40.661274,0.399972111,49.3495636,-75.4143143,0.399968743,-27.029583,31.4673595,0.399965167,8.90837002,25.4167557,0.47496146
586,-32.753006,-1.6232467e-06,0.299983621,77.8824005,-12.7943916,0.399981052,-30.3562756,-6.27473545,0.349978238,21.9975739,50.9982758,0.39997527,-37.7401848,-40.7409744,0.399972111,49.4453888,-75.5675583,0.399968743,-27.088871,31.5318604,0.399965167,8.92085075,25.4697094,0.47496146
587,-32.8142281,-1.62628078e-06,0.299983621,78.0288849,-12.818778,0.399981052,-30.4158688,-6.28590107,0.349978238,22.0381298,51.0983543,0.39997527,-37.8168221,-40.8206749,0.399972111,49.541214,-75.7208023,0.399968743,-27.148159,31.5963612,0.399965167,8.93333149,25.5226631,0.47496146
588,-32.8754501,-1.62931485e-06,0.299983621,78.1753693,-12.8431644,0.399981052,-30.475462,-6.29706669,0.349978238,22.0786858,51.1984329,0.39997527,-37.8934593,-40.9003754,0.399972111,49.6370392,-75.8740463,0.399968743,-27.2074471,31.660862,0.399965167,8.94581223,25.5756168,0.47496146
589,-32.9366722,-1.63234893e-06,0.299983621,78.3218536,-12.8675508,0.399981052,-30.5350552,-6.30823231,0.349978238,22.1192417,51.2985115,0.39997527,-37.9700966,-40.9800758,0.399972111,49.7328644,-76.0272903,0.399968743,-27.2667351,31.7253628,0.399965167,8.95829296,25.6285706,0.47496146
590,-32.9978943,-1.635383e-06,0.299983621,78.468338,-12.8919373,0.399981052,-30.5946484,-6.31939793,0.349978238,22.1597977,51.3985901,0.39997527,-38.0467339,-41.0597763,0.399972111,49.8286896,-76.1805344,0.399968743,-27.3260231,31.7898636,0.399965167,8.9707737,25.6815243,0.47496146
591,-33.0591164,-1.63841707e-06,0.299983621,78.6148224,-12.9163237,0.399981052,-30.6542416,-6.33056355,0.349978238,22.2003536,51.4986687,0.39997527,-38.1233711,-41.1394768,0.399972111,49.9245148,-76.3337784,0.399968743,-27.3853111,31.8543644,0.399965167,8.98325443,25.734478,0.47496146
592,-33.1203384,-1.64145115e-06,0.299983621,78.7613068,-12.9407101,0.399981052,-30.7138348,-6.34172916,0.349978238,22.2409096,51.5987473,0.39997527,-38.2000084,-41.2191772,0.399972111,50.02034,-76.4870224,0.399968743,-27.4445992,31.9188652,0.399965167,8.99573517,25.7874317,0.47496146
593,-33.1815605,-1.64448522e-06,0.299983621,78.9077911,-12.9650965,0.399981052,-30.773428,-6.35289478,0.349978238,22.2814655,51.6988258,0.39997527,-38.2766457,-41.2988777,0.399972111,50.1161652,-76.6402664,0.399968743,-27.5038872,31.983366,0.399965167,9.0082159,25.8403854,0.47496146
594,-33.2427826,-1.6475193e-06,0.299983621,79.0542755,-12.9894829,0.399981052,-30.8330212,-6.3640604,0.349978238,22.3220215,51.7989044,0.39997527,-38.3532829,-41.3785782,0.399972111,50.2119904,-76.7935104,0.399968743,-27.5631752,32.0478668,0.399965167,9.02069664,25.8933392,0.47496146
595,-33.3040047,-1.65055337e-06,0.299983621,79.2007599,-13.0138693,0.399981052,-30.8926144,-6.37522602,0.349978238,22.3625774,51.898983,0.39997527,-38.4299202,-41.4582787,0.399972111,50.3078156,-76.9467545,0.399968743,-27.6224632,32.1123657,0.399965167,9.03317738,25.9462929,0.47496146
596,-33.3652267,-1.65358745e-06,0.299983621,79.3472443,-13.0382557,0.399981052,-30.9522076,-6.38639164,0.349978238,22.4031334,51.9990616,0.39997527,-38.5065575,-41.5379791,0.399972111,50.4036407,-77.0999985,0.399968743,-27.6817513,32.1768646,0.399965167,9.04565811,25.9992466,0.47496146
597,-33.4264488,-1.65662152e-06,0.299983621,79.4937286,-13.0626421,0.399981052,-31.0118008,-6.39755726,0.349978238,22.4436893,52.0991402,0.39997527,-38.5831947,-41.6176796,0.399972111,50.4994659,-77.2532425,0.399968743,-27.7410393,32.2413635,0.399965167,9.05813885,26.0522003,0.47496146
598,-33.4876709,-1.6596556e-06,0.299983621,79.640213,-13.0870285,0.399981052,-31.071394,-6.40872288,0.349978238,22.4842453,52.1992188,0.39997527,-38.659832,-41.6973801,0.399972111,50.5952911,-77.4064865,0.399968743,-27.8003273,32.3058624,0.399965167,9.07061958,26.105154,0.47496146
599,-33.548893,-1.66268967e-06,0.299983621,79.7866974,-13.1114149,0.399981052,-31.1309872,-6.4198885,0.349978238,22.5248013,52.2992973,0.39997527,-38.7364693,-41.7770805,0.399972111,50.6911163,-77.5597305,0.399968743,-27.8596153,32.3703613,0.399965167,9.08310032,26.1581078,0.47496146
600,-33.6101151,-1.66572374e-06,0.299983621,79.9331818,-13.1358013,0.399981052,-31.1905804,-6.43105412,0.349978238,22.5653572,52.3993759,0.39997527,-38.8131065,-41.856781,0.399972111,50.7869415,-77.7129745,0.399968743,-27.9189034,32.4348602,0.399965167,9.09558105,26.2110615,0.47496146
601,-33.6713371,-1.66875782e-06,0.299983621,80.0796661,-13.1601877,0.399981052,-31.2501736,-6.44221973,0.349978238,22.6059132,52.4994545,0.39997527,-38.8897438,-41.9364815,0.399972111,50.8827667,-77.8662186,0.399968743,-27.9781914,32.4993591,0.399965167,9.10806179,26.2640152,0.47496146
602,-33.7325592,-1.67179189e-06,0.299983621,80.2261505,-13.1845741,0.399981052,-31.3097668,-6.45338535,0.349978238,22.6464691,52.5995331,0.39997527,-38.9663811,-42.0161819,0.399972111,50.9785919,-78.0194626,0.399968743,-28.0374794,32.563858,0.399965167,9.12054253,26.3169689,0.47496146
603,-33.7937813,-1.67482597e-06,0.299983621,80.3726349,-13.2089605,0.399981052,-31.36936,-6.46455097,0.349978238,22.6870251,52.6996117,0.39997527,-39.0430183,-42.0958824,0.399972111,51.0744171,-78.1727066,0.399968743,-28.0967674,32.6283569,0.399965167,9.13302326,26.3699226,0.47496146
604,-33.8550034,-1.67786004e-06,0.299983621,80.5191193,-13.2333469,0.399981052,-31.4289532,-6.47571659,0.349978238,22.727581,52.7996902,0.39997527,-39.1196556,-42.1755829,0.399972111,51.1702423,-78.3259506,0.399968743,-28.1560555,32.6928558,0.399965167,9.145504,26.4228764,0.47496146
605,-33.9162254,-1.68089412e-06,0.299983621,80.6656036,-13.2577333,0.399981052,-31.4885464,-6.48688221,0.349978238,22.768137,52.8997688,0.39997527,-39.1962929,-42.2552834,0.399972111,51.2660675,-78.4791946,0.399968743,-28.2153435,32.7573547,0.399965167,9.15798473,26.4758301,0.47496146
606,-33.9774475,-1.68392819e-06,0.299983621,80.812088,-13.2821198,0.399981052,-31.5481396,-6.49804783,0.349978238,22.8086929,52.9998474,0.39997527,-39.2729301,-42.3349838,0.399972111,51.3618927,-78.6324387,0.399968743,-28.2746315,32.8218536,0.399965167,9.17046547,26.5287838,0.47496146
607,-34.0386696,-1.68696226e-06,0.299983621,80.9585724,-13.3065062,0.399981052,-31.6077328,-6.50921345,0.349978238,22.8492489,53.099926,0.39997527,-39.3495674,-42.4146843,0.399972111,51.4577179,-78.7856827,0.399968743,-28.3339195,32.8863525,0.399965167,9.18294621,26.5817375,0.47496146
608,-34.0998917,-1.68999634e-06,0.299983621,81.1050568,-13.3308926,0.399981052,-31.667326,-6.52037907,0.349978238,22.8898048,53.2000046,0.39997527,-39.4262047,-42.4943848,0.399972111,51.5535431,-78.9389267,0.399968743,-28.3932076,32.9508514,0.399965167,9.19542694,26.6346912,0.47496146
609,-34.1611137,-1.69303041e-06,0.299983621,81.2515411,-13.355279,0.399981052,-31.7269192,-6.53154469,0.349978238,22.9303608,53.3000832,0.39997527,-39.5028419,-42.5740852,0.399972111,51.6493683,-79.0921707,0.399968743,-28.4524956,33.0153503,0.399965167,9.20790768,26.687645,0.47496146
610,-34.2223358,-1.69606449e-06,0.299983621,81.3980255,-13.3796654,0.399981052,-31.7865124,-6.5427103,0.349978238,22.9709167,53.4001617,0.39997527,-39.5794792,-42.6537857,0.399972111,51.7451935,-79.2454147,0.399968743,-28.5117836,33.0798492,0.399965167,9.22038841,26.7405987,0.47496146
611,-34.2835579,-1.69909856e-06,0.299983621,81.5445099,-13.4040518,0.399981052,-31.8461056,-6.55387592,0.349978238,23.0114727,53.5002403,0.39997527,-39.6561165,-42.7334862,0.399972111,51.8410187,-79.3986588,0.399968743,-28.5710716,33.1443481,0.399965167,9.23286915,26.7935524,0.47496146
612,-34.34478,-1.70213264e-06,0.299983621,81.6909943,-13.4284382,0.399981052,-31.9056988,-6.56504154,0.349978238,23.0520287,53.6003189,0.39997527,-39.7327538,-42.8131866,0.399972111,51.9368439,-79.5519028,0.399968743,-28.6303596,33.208847,0.399965167,9.24534988,26.8465061,0.47496146
613,-34.406002,-1.70516671e-06,0.299983621,81.8374786,-13.4528246,0.399981052,-31.965292,-6.57620716,0.349978238,23.0925846,53.7003975,0.39997527,-39.809391,-42.8928871,0.399972111,52.0326691,-79.7051468,0.399968743,-28.6896477,33.2733459,0.399965167,9.25783062,26.8994598,0.47496146
614,-34.4672241,-1.70820078e-06,0.299983621,81.983963,-13.477211,0.399981052,-32.0248871,-6.58737278,0.349978238,23.1331406,53.8004761,0.39997527,-39.8860283,-42.9725876,0.399972111,52.1284943,-79.8583908,0.399968743,-28.7489357,33.3378448,0.399965167,9.27031136,26.9524136,0.47496146
615,-34.5284462,-1.71123486e-06,0.299983621,82.1304474,-13.5015974,0.399981052,-32.0844803,-6.5985384,0.349978238,23.1736965,53.9005547,0.39997527,-39.9626656,-43.0522881,0.399972111,52.2243195,-80.0116348,0.399968743,-28.8082237,33.4023438,0.399965167,9.28279209,27.0053673,0.47496146
616,-34.5896683,-1.71426893e-06,0.299983621,82.2769318,-13.5259838,0.399981052,-32.1440735,-6.60970402,0.349978238,23.2142525,54.0006332,0.39997527,-40.0393028,-43.1319885,0.399972111,52.3201447,-80.1648788,0.399968743,-28.8675117,33.4668427,0.399965167,9.29527283,27.058321,0.47496146
617,-34.6508904,-1.71730301e-06,0.299983621,82.4234161,-13.5503702,0.399981052,-32.2036667,-6.62086964,0.349978238,23.2548084,54.1007118,0.39997527,-40.1159401,-43.211689,0.399972111,52.4159698,-80.3181229,0.399968743,-28.9267998,33.5313416,0.399965167,9.30775356,27.1112747,0.47496146
618,-34.7121124,-1.72033708e-06,0.299983621,82.5699005,-13.5747566,0.399981052,-32.2632599,-6.63203526,0.349978238,23.2953644,54.2007904,0.39997527,-40.1925774,-43.2913895,0.399972111,52.511795,-80.4713669,0.399968743,-28.9860878,33.5958405,0.399965167,9.3202343,27.1642284,0.47496146
619,-34.7733345,-1.72337116e-06,0.299983621,82.7163849,-13.599143,0.399981052,-32.3228531,-6.64320087,0.349978238,23.3359203,54.300869,0.39997527,-40.2692146,-43.3710899,0.399972111,52.6076202,-80.6246109,0.399968743,-29.0453758,33.6603394,0.399965167,9.33271503,27.2171822,0.47496146
620,-34.8345566,-1.72640523e-06,0.299983621,82.8628693,-13.6235294,0.399981052,-32.3824463,-6.65436649,0.349978238,23.3764763,54.4009476,0.39997527,-40.3458519,-43.4507904,0.399972111,52.7034454,-80.7778549,0.399968743,-29.1046638,33.7248383,0.399965167,9.34519577,27.2701359,0.47496146
621,-34.8957787,-1.7294393e-06,0.299983621,83.0093536,-13.6479158,0.399981052,-32.4420395,-6.66553211,0.349978238,23.4170322,54.5010262,0.39997527,-40.4224892,-43.5304909,0.399972111,52.7992706,-80.9310989,0.399968743,-29.1639519,33.7893372,0.399965167,9.35767651,27.3230896,0.47496146
622,-34.9570007,-1.73247338e-06,0.299983621,83.155838,-13.6723022,0.399981052,-32.5016327,-6.67669773,0.349978238,23.4575882,54.6011047,0.39997527,-40.4991264,-43.6101913,0.399972111,52.8950958,-81.084343,0.399968743,-29.2232399,33.8538361,0.399965167,9.37015724,27.3760433,0.47496146
623,-35.0182228,-1.73550745e-06,0.299983621,83.3023224,-13.6966887,0.399981052,-32.5612259,-6.68786335,0.349978238,23.4981441,54.7011833,0.39997527,-40.5757637,-43.6898918,0.399972111,52.990921,-81.237587,0.399968743,-29.2825279,33.918335,0.399965167,9.38263798,27.428997,0.47496146
624,-35.0794449,-1.73854153e-06,0.299983621,83.4488068,-13.7210751,0.399981052,-32.6208191,-6.69902897,0.349978238,23.5387001,54.8012619,0.39997527,-40.652401,-43.7695923,0.399972111,53.0867462,-81.390831,0.399968743,-29.3418159,33.9828339,0.399965167,9.39511871,27.4819508,0.47496146
625,-35.140667,-1.7415756e-06,0.299983621,83.5952911,-13.7454615,0.399981052,-32.6804123,-6.71019459,0.349978238,23.5792561,54.9013405,0.39997527,-40.7290382,-43.8492928,0.399972111,53.1825714,-81.544075,0.399968743,-29.401104,34.0473328,0.399965167,9.40759945,27.5349045,0.47496146
626,-35.201889,-1.74460968e-06,0.299983621,83.7417755,-13.7698479,0.399981052,-32.7400055,-6.72136021,0.349978238,23.619812,55.0014191,0.39997527,-40.8056755,-43.9289932,0.399972111,53.2783966,-81.697319,0.399968743,-29.460392,34.1118317,0.399965167,9.42008018,27.5878582,0.47496146
627,-35.2631111,-1.74764375e-06,0.299983621,83.8882599,-13.7942343,0.399981052,-32.7995987,-6.73252583,0.349978238,23.660368,55.1014977,0.39997527,-40.8823128,-44.0086937,0.399972111,53.3742218,-81.850563,0.399968743,-29.51968,34.1763306,0.399965167,9.43256092,27.6408119,0.47496146
628,-35.3243332,-1.75067782e-06,0.299983621,84.0347443,-13.8186207,0.399981052,-32.8591919,-6.74369144,0.349978238,23.7009239,55.2015762,0.39997527,-40.95895,-44.0883942,0.399972111,53.470047,-82.0038071,0.399968743,-29.578968,34.2408295,0.399965167,9.44504166,27.6937656,0.47496146
629,-35.3855553,-1.7537119e-06,0.299983621,84.1812286,-13.8430071,0.399981052,-32.9187851,-6.75485706,0.349978238,23.7414799,55.3016548,0.39997527,-41.0355873,-44.1680946,0.399972111,53.5658722,-82.1570511,0.399968743,-29.6382561,34.3053284,0.399965167,9.45752239,27.7467194,0.47496146
630,-35.4467773,-1.75674597e-06,0.299983621,84.327713,-13.8673935,0.399981052,-32.9783783,-6.76602268,0.349978238,23.7820358,55.4017334,0.39997527,-41.1122246,-44.2477951,0.399972111,53.6616974,-82.3102951,0.399968743,-29.6975441,34.3698273,0.399965167,9.47000313,27.7996731,0.47496146
631,-35.5079994,-1.75978005e-06,0.299983621,84.4741974,-13.8917799,0.399981052,-33.0379715,-6.7771883,0.349978238,23.8225918,55.501812,0.39997527,-41.1888618,-44.3274956,0.399972111,53.7575226,-82.4635391,0.399968743,-29.7568321,34.4343262,0.399965167,9.48248386,27.8526268,0.47496146
632,-35.5692215,-1.76281412e-06,0.299983621,84.6206818,-13.9161663,0.399981052,-33.0975647,-6.78835392,0.349978238,23.8631477,55.6018906,0.39997527,-41.2654991,-44.407196,0.399972111,53.8533478,-82.6167831,0.399968743,-29.8161201,34.4988251,0.399965167,9.4949646,27.9055805,0.47496146
633,-35.6304436,-1.7658482e-06,0.299983621,84.7671661,-13.9405527,0.399981052,-33.1571579,-6.79951954,0.349978238,23.9037037,55.7019691,0.39997527,-41.3421364,-44.4868965,0.399972111,53.949173,-82.7700272,0.399968743,-29.8754082,34.563324,0.399965167,9.50744534,27.9585342,0.47496146
634,-35.6916656,-1.76888227e-06,0.299983621,84.9136505,-13.9649391,0.399981052,-33.2167511,-6.81068516,0.349978238,23.9442596,55.8020477,0.39997527,-41.4187737,-44.566597,0.399972111,54.0449982,-82.9232712,0.399968743,-29.9346962,34.6278229,0.399965167,9.51992607,28.011488,0.47496146
635,-35.7528877,-1.77191635e-06,0.299983621,85.0601349,-13.9893255,0.399981052,-33.2763443,-6.82185078,0.349978238,23.9848156,55.9021263,0.39997527,-41.4954109,-44.6462975,0.399972111,54.1408234,-83.0765152,0.399968743,-29.9939842,34.6923218,0.399965167,9.53240681,28.0644417,0.47496146
636,-35.8141098,-1.77495042e-06,0.299983621,85.2066193,-14.0137119,0.399981052,-33.3359375,-6.8330164,0.349978238,24.0253716,56.0022049,0.39997527,-41.5720482,-44.7259979,0.399972111,54.2366486,-83.2297592,0.399968743,-30.0532722,34.7568207,0.399965167,9.54488754,28.1173954,0.47496146
637,-35.8753319,-1.77798449e-06,0.299983621,85.3531036,-14.0380983,0.399981052,-33.3955307,-6.84418201,0.349978238,24.0659275,56.1022835,0.39997527,-41.6486855,-44.8056984,0.399972111,54.3324738,-83.3830032,0.399968743,-30.1125603,34.8213196,0.399965167,9.55736828,28.1703491,0.47496146
638,-35.936554,-1.78101857e-06,0.299983621,85.499588,-14.0624847,0.399981052,-33.4551239,-6.85534763,0.349978238,24.1064835,56.2023621,0.39997527,-41.7253227,-44.8853989,0.399972111,54.428299,-83.5362473,0.399968743,-30.1718483,34.8858185,0.399965167,9.56984901,28.2233028,0.47496146
639,-35.997776,-1.78405264e-06,0.299983621,85.6460724,-14.0868711,0.399981052,-33.5147171,-6.86651325,0.349978238,24.1470394,56.3024406,0.39997527,-41.80196,-44.9650993,0.399972111,54.5241241,-83.6894913,0.399968743,-30.2311363,34.9503174,0.399965167,9.58232975,28.2762566,0.47496146
640,-36.0589981,-1.78708672e-06,0.299983621,85.7925568,-14.1112576,0.399981052,-33.5743103,-6.87767887,0.349978238,24.1875954,56.4025192,0.39997527,-41.8785973,-45.0447998,0.399972111,54.6199493,-83.8427353,0.399968743,-30.2904243,35.0148163,0.399965167,9.59481049,28.3292103,0.47496146
641,-36.1202202,-1.79012079e-06,0.299983621,85.9390411,-14.135644,0.399981052,-33.6339035,-6.88884449,0.349978238,24.2281513,56.5025978,0.39997527,-41.9552345,-45.1245003,0.399972111,54.7157745,-83.9959793,0.399968743,-30.3497124,35.0793152,0.399965167,9.60729122,28.382164,0.47496146
642,-36.1814423,-1.79315487e-06,0.299983621,86.0855255,-14.1600304,0.399981052,-33.6934967,-6.90001011,0.349978238,24.2687073,56.6026764,0.39997527,-42.0318718,-45.2042007,0.399972111,54.8115997,-84.1492233,0.399968743,-30.4090004,35.1438141,0.399965167,9.61977196,28.4351177,0.47496146
643,-36.2426643,-1.79618894e-06,0.299983621,86.2320099,-14.1844168,0.399981052,-33.7530899,-6.91117573,0.349978238,24.3092632,56.702755,0.39997527,-42.1085091,-45.2839012,0.399972111,54.9074249,-84.3024673,0.399968743,-30.4682884,35.208313,0.399965167,9.63225269,28.4880714,0.47496146
644,-36.3038864,-1.79922301e-06,0.299983621,86.3784943,-14.2088032,0.399981052,-33.8126831,-6.92234135,0.349978238,24.3498192,56.8028336,0.39997527,-42.1851463,-45.3636017,0.399972111,55.0032501,-84.4557114,0.399968743,-30.5275764,35.2728119,0.399965167,9.64473343,28.5410252,0.47496146
645,-36.3651085,-1.80225709e-06,0.299983621,86.5249786,-14.2331896,0.399981052,-33.8722763,-6.93350697,0.349978238,24.3903751,56.9029121,0.39997527,-42.2617836,-45.4433022,0.399972111,55.0990753,-84.6089554,0.399968743,-30.5868645,35.3373108,0.399965167,9.65721416,28.5939789,0.47496146
646,-36.4263306,-1.80529116e-06,0.299983621,86.671463,-14.257576,0.399981052,-33.9318695,-6.94467258,0.349978238,24.4309311,57.0029907,0.39997527,-42.3384209,-45.5230026,0.399972111,55.1949005,-84.7621994,0.399968743,-30.6461525,35.4018097,0.399965167,9.6696949,28.6469326,0.47496146
647,-36.4875526,-1.80832524e-06,0.299983621,86.8179474,-14.2819624,0.399981052,-33.9914627,-6.9558382,0.349978238,24.471487,57.1030693,0.39997527,-42.4150581,-45.6027031,0.399972111,55.2907257,-84.9154434,0.399968743,-30.7054405,35.4663086,0.399965167,9.68217564,28.6998863,0.47496146
648,-36.5487747,-1.81135931e-06,0.299983621,86.9644318,-14.3063488,0.399981052,-34.0510559,-6.96700382,0.349978238,24.512043,57.2031479,0.39997527,-42.4916954,-45.6824036,0.399972111,55.3865509,-85.0686874,0.399968743,-30.7647285,35.5308075,0.399965167,9.69465637,28.75284,0.47496146
649,-36.6099968,-1.81439339e-06,0.299983621,87.1109161,-14.3307352,0.399981052,-34.1106491,-6.97816944,0.349978238,24.552599,57.3032265,0.39997527,-42.5683327,-45.762104,0.399972111,55.4823761,-85.2219315,0.399968743,-30.8240166,35.5953064,0.399965167,9.70713711,28.8057938,0.47496146
650,-36.6712189,-1.81742746e-06,0.299983621,87.2574005,-14.3551216,0.399981052,-34.1702423,-6.98933506,0.349978238,24.5931549,57.4033051,0.39997527,-42.6449699,-45.8418045,0.399972111,55.5782013,-85.3751755,0.399968743,-30.8833046,35.6598053,0.399965167,9.71961784,28.8587475,0.47496146
651,-36.7324409,-1.82046153e-06,0.299983621,87.4038849,-14.379508,0.399981052,-34.2298355,-7.00050068,0.349978238,24.6337109,57.5033836,0.39997527,-42.7216072,-45.921505,0.399972111,55.6740265,-85.5284195,0.399968743,-30.9425926,35.7243042,0.399965167,9.73209858,28.9117012,0.47496146
652,-36.793663,-1.82349561e-06,0.299983621,87.5503693,-14.4038944,0.399981052,-34.2894287,-7.0116663,0.349978238,24.6742668,57.6034622,0.39997527,-42.7982445,-46.0012054,0.399972111,55.7698517,-85.6816635,0.399968743,-31.0018806,35.7888031,0.399965167,9.74457932,28.9646549,0.47496146
653,-36.8548851,-1.82652968e-06,0.299983621,87.6968536,-14.4282808,0.399981052,-34.3490219,-7.02283192,0.349978238,24.7148228,57.7035408,0.39997527,-42.8748817,-46.0809059,0.399972111,55.8656769,-85.8349075,0.399968743,-31.0611687,35.853302,0.399965167,9.75706005,29.0176086,0.47496146
654,-36.9161072,-1.82956376e-06,0.299983621,87.843338,-14.4526672,0.399981052,-34.4086151,-7.03399754,0.349978238,24.7553787,57.8036194,0.39997527,-42.951519,-46.1606064,0.399972111,55.9615021,-85.9881516,0.399968743,-31.1204567,35.9178009,0.399965167,9.76954079,29.0705624,0.47496146
655,-36.9773293,-1.83259783e-06,0.299983621,87.9898224,-14.4770536,0.399981052,-34.4682083,-7.04516315,0.349978238,24.7959347,57.903698,0.39997527,-43.0281563,-46.2403069,0.399972111,56.0573273,-86.1413956,0.399968743,-31.1797447,35.9822998,0.399965167,9.78202152,29.1235161,0.47496146
656,-37.0385513,-1.83563191e-06,0.299983621,88.1363068,-14.50144,0.399981052,-34.5278015,-7.05632877,0.349978238,24.8364906,58.0037766,0.39997527,-43.1047935,-46.3200073,0.399972111,56.1531525,-86.2946396,0.399968743,-31.2390327,36.0467987,0.399965167,9.79450226,29.1764698,0.47496146
657,-37.0997734,-1.83866598e-06,0.299983621,88.2827911,-14.5258265,0.399981052,-34.5873947,-7.06749439,0.349978238,24.8770466,58.1038551,0.39997527,-43.1814308,-46.3997078,0.399972111,56.2489777,-86.4478836,0.399968743,-31.2983208,36.1112976,0.399965167,9.80698299,29.2294235,0.47496146
658,-37.1609955,-1.84170005e-06,0.299983621,88.4292755,-14.5502129,0.399981052,-34.6469879,-7.07866001,0.349978238,24.9176025,58.2039337,0.39997527,-43.2580681,-46.4794083,0.399972111,56.3448029,-86.6011276,0.399968743,-31.3576088,36.1757965,0.399965167,9.81946373,29.2823772,0.47496146
659,-37.2222176,-1.84473413e-06,0.299983621,88.5757599,-14.5745993,0.399981052,-34.7065811,-7.08982563,0.349978238,24.9581585,58.3040123,0.39997527,-43.3347054,-46.5591087,0.399972111,56.4406281,-86.7543716,0.399968743,-31.4168968,36.2402954,0.399965167,9.83194447,29.335331,0.47496146
660,-37.2834396,-1.8477682e-06,0.299983621,88.7222443,-14.5989857,0.399981052,-34.7661743,-7.10099125,0.349978238,24.9987144,58.4040909,0.39997527,-43.4113426,-46.6388092,0.399972111,56.5364532,-86.9076157,0.399968743,-31.4761848,36.3047943,0.399965167,9.8444252,29.3882847,0.47496146
661,-37.3446617,-1.85080228e-06,0.299983621,88.8687286,-14.6233721,0.399981052,-34.8257675,-7.11215687,0.349978238,25.0392704,58.5041695,0.39997527,-43.4879799,-46.7185097,0.399972111,56.6322784,-87.0608597,0.399968743,-31.5354729,36.3692932,0.399965167,9.85690594,29.4412384,0.47496146
662,-37.4058838,-1.85383635e-06,0.299983621,89.015213,-14.6477585,0.399981052,-34.8853607,-7.12332249,0.349978238,25.0798264,58.604248,0.39997527,-43.5646172,-46.7982101,0.399972111,56.7281036,-87.2141037,0.399968743,-31.5947609,36.4337921,0.399965167,9.86938667,29.4941921,0.47496146
663,-37.4671059,-1.85687043e-06,0.299983621,89.1616974,-14.6721449,0.399981052,-34.9449539,-7.13448811,0.349978238,25.1203823,58.7043266,0.39997527,-43.6412544,-46.8779106,0.399972111,56.8239288,-87.3673477,0.399968743,-31.6540489,36.498291,0.399965167,9.88186741,29.5471458,0.47496146
664,-37.5283279,-1.8599045e-06,0.299983621,89.3081818,-14.6965313,0.399981052,-35.0045471,-7.14565372,0.349978238,25.1609383,58.8044052,0.39997527,-43.7178917,-46.9576111,0.399972111,56.919754,-87.5205917,0.399968743,-31.7133369,36.5627899,0.399965167,9.89434814,29.6000996,0.47496146
665,-37.58955,-1.86293857e-06,0.299983621,89.4546661,-14.7209177,0.399981052,-35.0641403,-7.15681934,0.349978238,25.2014942,58.9044838,0.39997527,-43.794529,-47.0373116,0.399972111,57.0155792,-87.6738358,0.399968743,-31.772625,36.6272888,0.399965167,9.90682888,29.6530533,0.47496146
666,-37.6507721,-1.86597265e-06,0.299983621,89.6011505,-14.7453041,0.399981052,-35.1237335,-7.16798496,0.349978238,25.2420502,59.0045624,0.39997527,-43.8711662,-47.117012,0.399972111,57.1114044,-87.8270798,0.399968743,-31.831913,36.6917877,0.399965167,9.91930962,29.706007,0.47496146
667,-37.7119942,-1.86900672e-06,0.299983621,89.7476349,-14.7696905,0.399981052,-35.1833267,-7.17915058,0.349978238,25.2826061,59.104641,0.39997527,-43.9478035,-47.1967125,0.399972111,57.2072296,-87.9803238,0.399968743,-31.891201,36.7562866,0.399965167,9.93179035,29.7589607,0.47496146
668,-37.7732162,-1.8720408e-06,0.299983621,89.8941193,-14.7940769,0.399981052,-35.2429199,-7.1903162,0.349978238,25.3231621,59.2047195,0.39997527,-44.0244408,-47.276413,0.399972111,57.3030548,-88.1335678,0.399968743,-31.950489,36.8207855,0.399965167,9.94427109,29.8119144,0.47496146
669,-37.8344383,-1.87507487e-06,0.299983621,90.0406036,-14.8184633,0.399981052,-35.3025131,-7.20148182,0.349978238,25.363718,59.3047981,0.39997527,-44.101078,-47.3561134,0.399972111,57.39888,-88.2868118,0.399968743,-32.0097771,36.8852844,0.399965167,9.95675182,29.8648682,0.47496146
670,-37.8956604,-1.87810895e-06,0.299983621,90.187088,-14.8428497,0.399981052,-35.3621063,-7.21264744,0.349978238,25.404274,59.4048767,0.39997527,-44.1777153,-47.4358139,0.399972111,57.4947052,-88.4400558,0.399968743,-32.0690651,36.9497833,0.399965167,9.96923256,29.9178219,0.47496146
671,-37.9568825,-1.88114302e-06,0.299983621,90.3335724,-14.8672361,0.399981052,-35.4216995,-7.22381306,0.349978238,25.4448299,59.5049553,0.39997527,-44.2543526,-47.5155144,0.399972111,57.5905304,-88.5932999,0.399968743,-32.1283531,37.0142822,0.399965167,9.98171329,29.9707756,0.47496146
672,-38.0181046,-1.8841771e-06,0.299983621,90.4800568,-14.8916225,0.399981052,-35.4812927,-7.23497868,0.349978238,25.4853859,59.6050339,0.39997527,-44.3309898,-47.5952148,0.399972111,57.6863556,-88.7465439,0.399968743,-32.1876411,37.0787811,0.399965167,9.99419403,30.0237293,0.47496146
673,-38.0793266,-1.88721117e-06,0.299983621,90.6265411,-14.9160089,0.399981052,-35.5408859,-7.24614429,0.349978238,25.5259418,59.7051125,0.39997527,-44.4076271,-47.6749153,0.399972111,57.7821808,-88.8997879,0.399968743,-32.2469292,37.14328,0.399965167,10.0066748,30.076683,0.47496146
674,-38.1405487,-1.89024524e-06,0.299983621,90.7730255,-14.9403954,0.399981052,-35.6004791,-7.25730991,0.349978238,25.5664978,59.805191,0.39997527,-44.4842644,-47.7546158,0.399972111,57.878006,-89.0530319,0.399968743,-32.3062172,37.2077789,0.399965167,10.0191555,30.1296368,0.47496146
675,-38.2017708,-1.89327932e-06,0.299983621,90.9195099,-14.9647818,0.399981052,-35.6600723,-7.26847553,0.349978238,25.6070538,59.9052696,0.39997527,-44.5609016,-47.8343163,0.399972111,57.9738312,-89.2062759,0.399968743,-32.3655052,37.2722778,0.399965167,10.0316362,30.1825905,0.47496146
676,-38.2629929,-1.89631339e-06,0.299983621,91.0659943,-14.9891682,0.399981052,-35.7196655,-7.27964115,0.349978238,25.6476097,60.0053482,0.39997527,-44.6375389,-47.9140167,0.399972111,58.0696564,-89.35952,0.399968743,-32.4247932,37.3367767,0.399965167,10.044117,30.2355442,0.47496146
677,-38.3242149,-1.89934747e-06,0.299983621,91.2124786,-15.0135546,0.399981052,-35.7792587,-7.29080677,0.349978238,25.6881657,60.1054268,0.39997527,-44.7141762,-47.9937172,0.399972111,58.1654816,-89.512764,0.399968743,-32.4840813,37.4012756,0.399965167,10.0565977,30.2884979,0.47496146
678,-38.385437,-1.90238154e-06,0.299983621,91.358963,-15.037941,0.399981052,-35.8388519,-7.30197239,0.349978238,25.7287216,60.2055054,0.39997527,-44.7908134,-48.0734177,0.399972111,58.2613068,-89.666008,0.399968743,-32.5433693,37.4657745,0.399965167,10.0690784,30.3414516,0.47496146
679,-38.4466591,-1.90541562e-06,0.299983621,91.5054474,-15.0623274,0.399981052,-35.8984451,-7.31313801,0.349978238,25.7692776,60.305584,0.39997527,-44.8674507,-48.1531181,0.399972111,58.357132,-89.819252,0.399968743,-32.6026573,37.5302734,0.399965167,10.0815592,30.3944054,0.47496146
680,-38.5078812,-1.9084498e-06,0.299983621,91.6519318,-15.0867138,0.399981052,-35.9580383,-7.32430363,0.349978238,25.8098335,60.4056625,0.39997527,-44.944088,-48.2328186,0.399972111,58.4529572,-89.972496,0.399968743,-32.6619453,37.5947723,0.399965167,10.0940399,30.4473591,0.47496146
681,-38.5691032,-1.91148388e-06,0.299983621,91.7984161,-15.1111002,0.399981052,-36.0176315,-7.33546925,0.349978238,25.8503895,60.5057411,0.39997527,-45.0207253,-48.3125191,0.399972111,58.5487823,-90.1257401,0.399968743,-32.7212334,37.6592712,0.399965167,10.1065207,30.5003128,0.47496146
682,-38.6303253,-1.91451795e-06,0.299983621,91.9449005,-15.1354866,0.399981052,-36.0772247,-7.34663486,0.349978238,25.8909454,60.6058197,0.39997527,-45.0973625,-48.3922195,0.399972111,58.6446075,-90.2789841,0.399968743,-32.7805214,37.7237701,0.399965167,10.1190014,30.5532665,0.47496146
683,-38.6915474,-1.91755203e-06,0.299983621,92.0913849,-15.159873,0.399981052,-36.1368179,-7.35780048,0.349978238,25.9315014,60.7058983,0.39997527,-45.1739998,-48.47192,0.399972111,58.7404327,-90.4322281,0.399968743,-32.8398094,37.788269,0.399965167,10.1314821,30.6062202,0.47496146
684,-38.7527695,-1.9205861e-06,0.299983621,92.2378693,-15.1842594,0.399981052,-36.1964111,-7.3689661,0.349978238,25.9720573,60.8059769,0.39997527,-45.2506371,-48.5516205,0.399972111,58.8362579,-90.5854721,0.399968743,-32.8990974,37.8527679,0.399965167,10.1439629,30.659174,0.47496146
685,-38.8139915,-1.92362018e-06,0.299983621,92.3843536,-15.2086458,0.399981052,-36.2560043,-7.38013172,0.349978238,26.0126133,60.9060555,0.39997527,-45.3272743,-48.631321,0.399972111,58.9320831,-90.7387161,0.399968743,-32.9583855,37.9172668,0.399965167,10.1564436,30.7121277,0.47496146
686,-38.8752136,-1.92665425e-06,0.299983621,92.530838,-15.2330322,0.399981052,-36.3155975,-7.39129734,0.349978238,26.0531693,61.006134,0.39997527,-45.4039116,-48.7110214,0.399972111,59.0279083,-90.8919601,0.399968743,-33.0176735,37.9817657,0.399965167,10.1689243,30.7650814,0.47496146
687,-38.9364357,-1.92968832e-06,0.299983621,92.6773224,-15.2574186,0.399981052,-36.3751907,-7.40246296,0.349978238,26.0937252,61.1062126,0.39997527,-45.4805489,-48.7907219,0.399972111,59.1237335,-91.0452042,0.399968743,-33.0769615,38.0462646,0.399965167,10.1814051,30.8180351,0.47496146
688,-38.9976578,-1.9327224e-06,0.299983621,92.8238068,-15.281805,0.399981052,-36.4347839,-7.41362858,0.349978238,26.1342812,61.2062912,0.39997527,-45.5571861,-48.8704224,0.399972111,59.2195587,-91.1984482,0.399968743,-33.1362495,38.1107635,0.399965167,10.1938858,30.8709888,0.47496146
689,-39.0588799,-1.93575647e-06,0.299983621,92.9702911,-15.3061914,0.399981052,-36.4943771,-7.4247942,0.349978238,26.1748371,61.3063698,0.39997527,-45.6338234,-48.9501228,0.399972111,59.3153839,-91.3516922,0.399968743,-33.1955376,38.1752625,0.399965167,10.2063665,30.9239426,0.47496146
690,-39.1201019,-1.93879055e-06,0.299983621,93.1167755,-15.3305779,0.399981052,-36.5539703,-7.43595982,0.349978238,26.2153931,61.4064484,0.39997527,-45.7104607,-49.0298233,0.399972111,59.4112091,-91.5049362,0.399968743,-33.2548256,38.2397614,0.399965167,10.2188473,30.9768963,0.47496146
691,-39.181324,-1.94182462e-06,0.299983621,93.2632599,-15.3549643,0.399981052,-36.6135635,-7.44712543,0.349978238,26.255949,61.5065269,0.39997527,-45.7870979,-49.1095238,0.399972111,59.5070343,-91.6581802,0.399968743,-33.3141136,38.3042603,0.399965167,10.231328,31.02985,0.47496146
692,-39.2425461,-1.9448587e-06,0.299983621,93.4097443,-15.3793507,0.399981052,-36.6731567,-7.45829105,0.349978238,26.296505,61.6066055,0.39997527,-45.8637352,-49.1892242,0.399972111,59.6028595,-91.8114243,0.399968743,-33.3734016,38.3687592,0.399965167,10.2438087,31.0828037,0.47496146
693,-39.3037682,-1.94789277e-06,0.299983621,93.5562286,-15.4037371,0.399981052,-36.7327499,-7.46945667,0.349978238,26.3370609,61.7066841,0.39997527,-45.9403725,-49.2689247,0.399972111,59.6986847,-91.9646683,0.399968743,-33.4326897,38.4332581,0.399965167,10.2562895,31.1357574,0.47496146
694,-39.3649902,-1.95092684e-06,0.299983621,93.702713,-15.4281235,0.399981052,-36.7923431,-7.48062229,0.349978238,26.3776169,61.8067627,0.39997527,-46.0170097,-49.3486252,0.399972111,59.7945099,-92.1179123,0.399968743,-33.4919777,38.497757,0.399965167,10.2687702,31.1887112,0.47496146
695,-39.4262123,-1.95396092e-06,0.299983621,93.8491974,-15.4525099,0.399981052,-36.8519363,-7.49178791,0.349978238,26.4181728,61.9068413,0.39997527,-46.093647,-49.4283257,0.399972111,59.8903351,-92.2711563,0.399968743,-33.5512657,38.5622559,0.399965167,10.281251,31.2416649,0.47496146
696,-39.4874344,-1.95699499e-06,0.299983621,93.9956818,-15.4768963,0.399981052,-36.9115295,-7.50295353,0.349978238,26.4587288,62.0069199,0.39997527,-46.1702843,-49.5080261,0.399972111,59.9861603,-92.4244003,0.399968743,-33.6105537,38.6267548,0.399965167,10.2937317,31.2946186,0.47496146
697,-39.5486565,-1.96002907e-06,0.299983621,94.1421661,-15.5012827,0.399981052,-36.9711227,-7.51411915,0.349978238,26.4992847,62.1069984,0.39997527,-46.2469215,-49.5877266,0.399972111,60.0819855,-92.5776443,0.399968743,-33.6698418,38.6912537,0.399965167,10.3062124,31.3475723,0.47496146
698,-39.6098785,-1.96306314e-06,0.299983621,94.2886505,-15.5256691,0.399981052,-37.0307159,-7.52528477,0.349978238,26.5398407,62.207077,0.39997527,-46.3235588,-49.6674271,0.399972111,60.1778107,-92.7308884,0.399968743,-33.7291298,38.7557526,0.399965167,10.3186932,31.400526,0.47496146
699,-39.6711006,-1.96609722e-06,0.299983621,94.4351349,-15.5500555,0.399981052,-37.0903091,-7.53645039,0.349978238,26.5803967,62.3071556,0.39997527,-46.4001961,-49.7471275,0.399972111,60.2736359,-92.8841324,0.399968743,-33.7884178,38.8202515,0.399965167,10.3311739,31.4534798,0.47496146
700,-39.7323227,-1.96913129e-06,0.299983621,94.5816193,-15.5744419,0.399981052,-37.1499023,-7.547616,0.349978238,26.6209526,62.4072342,0.39997527,-46.4768333,-49.826828,0.399972111,60.3694611,-93.0373764,0.399968743,-33.8477058,38.8847504,0.399965167,10.3436546,31.5064335,0.47496146
701,-39.7935448,-1.97216536e-06,0.299983621,94.7281036,-15.5988283,0.399981052,-37.2094955,-7.55878162,0.349978238,26.6615086,62.5073128,0.39997527,-46.5534706,-49.9065285,0.399972111,60.4652863,-93.1906204,0.399968743,-33.9069939,38.9492493,0.399965167,10.3561354,31.5593872,0.47496146
702,-39.8547668,-1.97519944e-06,0.299983621,94.874588,-15.6232147,0.399981052,-37.2690887,-7.56994724,0.349978238,26.7020645,62.6073914,0.39997527,-46.6301079,-49.9862289,0.399972111,60.5611115,-93.3438644,0.399968743,-33.9662819,39.0137482,0.399965167,10.3686161,31.6123409,0.47496146
703,-39.9159889,-1.97823351e-06,0.299983621,95.0210724,-15.6476011,0.399981052,-37.3286819,-7.58111286,0.349978238,26.7426205,62.7074699,0.39997527,-46.7067451,-50.0659294,0.399972111,60.6569366,-93.4971085,0.399968743,-34.0255699,39.0782471,0.399965167,10.3810968,31.6652946,0.47496146
704,-39.977211,-1.98126759e-06,0.299983621,95.1675568,-15.6719875,0.399981052,-37.3882751,-7.59227848,0.349978238,26.7831764,62.8075485,0.39997527,-46.7833824,-50.1456299,0.399972111,60.7527618,-93.6503525,0.399968743,-34.0848579,39.142746,0.399965167,10.3935776,31.7182484,0.47496146
705,-40.0384331,-1.98430166e-06,0.299983621,95.3140411,-15.6963739,0.399981052,-37.4478683,-7.6034441,0.349978238,26.8237324,62.9076271,0.39997527,-46.8600197,-50.2253304,0.399972111,60.848587,-93.8035965,0.399968743,-34.144146,39.2072449,0.399965167,10.4060583,31.7712021,0.47496146
706,-40.0996552,-1.98733574e-06,0.299983621,95.4605255,-15.7207603,0.399981052,-37.5074615,-7.61460972,0.349978238,26.8642883,63.0077057,0.39997527,-46.936657,-50.3050308,0.399972111,60.9444122,-93.9568405,0.399968743,-34.203434,39.2717438,0.399965167,10.418539,31.8241558,0.47496146
707,-40.1608772,-1.99036981e-06,0.299983621,95.6070099,-15.7451468,0.399981052,-37.5670547,-7.62577534,0.349978238,26.9048443,63.1077843,0.39997527,-47.0132942,-50.3847313,0.399972111,61.0402374,-94.1100845,0.399968743,-34.262722,39.3362427,0.399965167,10.4310198,31.8771095,0.47496146
708,-40.2220993,-1.99340388e-06,0.299983621,95.7534943,-15.7695332,0.399981052,-37.6266479,-7.63694096,0.349978238,26.9454002,63.2078629,0.39997527,-47.0899315,-50.4644318,0.399972111,61.1360626,-94.2633286,0.399968743,-34.32201,39.4007416,0.399965167,10.4435005,31.9300632,0.47496146
709,-40.2833214,-1.99643796e-06,0.299983621,95.8999786,-15.7939196,0.399981052,-37.6862411,-7.64810658,0.349978238,26.9859562,63.3079414,0.39997527,-47.1665688,-50.5441322,0.399972111,61.2318878,-94.4165726,0.399968743,-34.3812981,39.4652405,0.399965167,10.4559813,31.983017,0.47496146
710,-40.3445435,-1.99947203e-06,0.299983621,96.046463,-15.818306,0.399981052,-37.7458344,-7.65927219,0.349978238,27.0265121,63.40802,0.39997527,-47.243206,-50.6238327,0.399972111,61.327713,-94.5698166,0.399968743,-34.4405861,39.5297394,0.399965167,10.468462,32.0359688,0.47496146
711,-40.4057655,-2.00250611e-06,0.299983621,96.1929474,-15.8426924,0.399981052,-37.8054276,-7.67043781,0.349978238,27.0670681,63.5080986,0.39997527,-47.3198433,-50.7035332,0.399972111,61.4235382,-94.7230606,0.399968743,-34.4998741,39.5942383,0.399965167,10.4809427,32.0889206,0.47496146
712,-40.4669876,-2.00554018e-06,0.299983621,96.3394318,-15.8670788,0.399981052,-37.8650208,-7.68160343,0.349978238,27.1076241,63.6081772,0.39997527,-47.3964806,-50.7832336,0.399972111,61.5193634,-94.8763046,0.399968743,-34.5591621,39.6587372,0.399965167,10.4934235,32.1418724,0.47496146
713,-40.5282097,-2.00857426e-06,0.299983621,96.4859161,-15.8914652,0.399981052,-37.924614,-7.69276905,0.349978238,27.14818,63.7082558,0.39997527,-47.4731178,-50.8629341,0.399972111,61.6151886,-95.0295486,0.399968743,-34.6184502,39.7232361,0.399965167,10.5059042,32.1948242,0.47496146
714,-40.5894318,-2.01160833e-06,0.299983621,96.6324005,-15.9158516,0.399981052,-37.9842072,-7.70393467,0.349978238,27.188736,63.8083344,0.39997527,-47.5497551,-50.9426346,0.399972111,61.7110138,-95.1827927,0.399968743,-34.6777382,39.787735,0.399965167,10.5183849,32.247776,0.47496146
715,-40.6506538,-2.0146424e-06,0.299983621,96.7788849,-15.940238,0.399981052,-38.0438004,-7.71510029,0.349978238,27.2292919,63.9084129,0.39997527,-47.6263924,-51.0223351,0.399972111,61.806839,-95.3360367,0.399968743,-34.7370262,39.8522339,0.399965167,10.5308657,32.3007278,0.47496146
716,-40.7118759,-2.01767648e-06,0.299983621,96.9253693,-15.9646244,0.399981052,-38.1033936,-7.72626591,0.349978238,27.2698479,64.0084915,0.39997527,-47.7030296,-51.1020355,0.399972111,61.9026642,-95.4892807,0.399968743,-34.7963142,39.9167328,0.399965167,10.5433464,32.3536797,0.47496146
717,-40.773098,-2.02071055e-06,0.299983621,97.0718536,-15.9890108,0.399981052,-38.1629868,-7.73743153,0.349978238,27.3104038,64.1085663,0.39997527,-47.7796669,-51.181736,0.399972111,61.9984894,-95.6425247,0.399968743,-34.8556023,39.9812317,0.399965167,10.5558271,32.4066315,0.47496146
718,-40.8343201,-2.02374463e-06,0.299983621,97.218338,-16.0133972,0.399981052,-38.22258,-7.74859715,0.349978238,27.3509598,64.2086411,0.39997527,-47.8563042,-51.2614365,0.399972111,62.0943146,-95.7957687,0.399968743,-34.9148903,40.0457306,0.399965167,10.5683079,32.4595833,0.47496146
719,-40.8955421,-2.0267787e-06,0.299983621,97.3648224,-16.0377846,0.399981052,-38.2821732,-7.75976276,0.349978238,27.3915157,64.3087158,0.39997527,-47.9329414,-51.3411369,0.399972111,62.1901398,-95.9490128,0.399968743,-34.9741783,40.1102295,0.399965167,10.5807886,32.5125351,0.47496146
720,-40.9567642,-2.02981278e-06,0.299983621,97.5113068,-16.0621719,0.399981052,-38.3417664,-7.77092838,0.349978238,27.4320717,64.4087906,0.39997527,-48.0095787,-51.4208374,0.399972111,62.285965,-96.1022568,0.399968743,-35.0334663,40.1747284,0.399965167,10.5932693,32.5654869,0.47496146
721,-41.0179863,-2.03284685e-06,0.299983621,97.6577911,-16.0865593,0.399981052,-38.4013596,-7.782094,0.349978238,27.4726276,64.5088654,0.39997527,-48.086216,-51.5005379,0.399972111,62.3817902,-96.2555008,0.399968743,-35.0927544,40.2392273,0.399965167,10.6057501,32.6184387,0.47496146
722,-41.0792084,-2.03588093e-06,0.299983621,97.8042755,-16.1109467,0.399981052,-38.4609528,-7.79325962,0.349978238,27.5131836,64.6089401,0.39997527,-48.1628532,-51.5802383,0.399972111,62.4776154,-96.4087448,0.399968743,-35.1520424,40.3037262,0.399965167,10.6182308,32.6713905,0.47496146
723,-41.1404305,-2.038915e-06,0.299983621,97.9507599,-16.135334,0.399981052,-38.520546,-7.80442524,0.349978238,27.5537395,64.7090149,0.39997527,-48.2394905,-51.6599388,0.399972111,62.5734406,-96.5619888,0.399968743,-35.2113304,40.3682251,0.399965167,10.6307116,32.7243423,0.47496146
724,-41.2016525,-2.04194907e-06,0.299983621,98.0972443,-16.1597214,0.399981052,-38.5801392,-7.81559086,0.349978238,27.5942955,64.8090897,0.39997527,-48.3161278,-51.7396393,0.399972111,62.6692657,-96.7152328,0.399968743,-35.2706184,40.432724,0.399965167,10.6431923,32.7772942,0.47496146
725,-41.2628746,-2.04498315e-06,0.299983621,98.2437286,-16.1841087,0.399981052,-38.6397324,-7.82675648,0.349978238,27.6348515,64.9091644,0.39997527,-48.392765,-51.8193398,0.399972111,62.7650909,-96.8684769,0.399968743,-35.3299065,40.4972229,0.399965167,10.655673,32.830246,0.47496146
726,-41.3240967,-2.04801722e-06,0.299983621,98.390213,-16.2084961,0.399981052,-38.6993256,-7.8379221,0.349978238,27.6754074,65.0092392,0.39997527,-48.4694023,-51.8990402,0.399972111,62.8609161,-97.0217209,0.399968743,-35.3891945,40.5617218,0.399965167,10.6681538,32.8831978,0.47496146
727,-41.3853188,-2.0510513e-06,0.299983621,98.5366974,-16.2328835,0.399981052,-38.7589188,-7.84908772,0.349978238,27.7159634,65.109314,0.39997527,-48.5460396,-51.9787407,0.399972111,62.9567413,-97.1749649,0.399968743,-35.4484825,40.6262207,0.399965167,10.6806345,32.9361496,0.47496146
728,-41.4465408,-2.05408537e-06,0.299983621,98.6831818,-16.2572708,0.399981052,-38.818512,-7.86025333,0.349978238,27.7565193,65.2093887,0.39997527,-48.6226768,-52.0584412,0.399972111,63.0525665,-97.3282089,0.399968743,-35.5077705,40.6907196,0.399965167,10.6931152,32.9891014,0.47496146
729,-41.5077629,-2.05711945e-06,0.299983621,98.8296661,-16.2816582,0.399981052,-38.8781052,-7.87141895,0.349978238,27.7970753,65.3094635,0.39997527,-48.6993141,-52.1381416,0.399972111,63.1483917,-97.4814529,0.399968743,-35.5670586,40.7552185,0.399965167,10.705596,33.0420532,0.47496146
730,-41.568985,-2.06015352e-06,0.299983621,98.9761505,-16.3060455,0.399981052,-38.9376984,-7.88258457,0.349978238,27.8376312,65.4095383,0.39997527,-48.7759514,-52.2178421,0.399972111,63.2442169,-97.634697,0.399968743,-35.6263466,40.8197174,0.399965167,10.7180767,33.095005,0.47496146
731,-41.6302071,-2.06318759e-06,0.299983621,99.1226349,-16.3304329,0.399981052,-38.9972916,-7.89375019,0.349978238,27.8781872,65.509613,0.39997527,-48.8525887,-52.2975426,0.399972111,63.3400421,-97.787941,0.399968743,-35.6856346,40.8842163,0.399965167,10.7305574,33.1479568,0.47496146
732,-41.6914291,-2.06622167e-06,0.299983621,99.2691193,-16.3548203,0.399981052,-39.0568848,-7.90491581,0.349978238,27.9187431,65.6096878,0.39997527,-48.9292259,-52.377243,0.399972111,63.4358673,-97.941185,0.399968743,-35.7449226,40.9487152,0.399965167,10.7430382,33.2009087,0.47496146
733,-41.7526512,-2.06925574e-06,0.299983621,99.4156036,-16.3792076,0.399981052,-39.116478,-7.91608143,0.349978238,27.9592991,65.7097626,0.39997527,-49.0058632,-52.4569435,0.399972111,63.5316925,-98.094429,0.399968743,-35.8042107,41.0132141,0.399965167,10.7555189,33.2538605,0.47496146
734,-41.8138733,-2.07228982e-06,0.299983621,99.562088,-16.403595,0.399981052,-39.1760712,-7.92724705,0.349978238,27.999855,65.8098373,0.39997527,-49.0825005,-52.536644,0.399972111,63.6275177,-98.247673,0.399968743,-35.8634987,41.077713,0.399965167,10.7679996,33.3068123,0.47496146
735,-41.8750954,-2.07532389e-06,0.299983621,99.7085724,-16.4279823,0.399981052,-39.2356644,-7.93841267,0.349978238,28.040411,65.9099121,0.39997527,-49.1591377,-52.6163445,0.399972111,63.7233429,-98.4009171,0.399968743,-35.9227867,41.1422119,0.399965167,10.7804804,33.3597641,0.47496146
736,-41.9363174,-2.07835797e-06,0.299983621,99.8550568,-16.4523697,0.399981052,-39.2952576,-7.94957829,0.349978238,28.0809669,66.0099869,0.39997527,-49.235775,-52.6960449,0.399972111,63.8191681,-98.5541611,0.399968743,-35.9820747,41.2067108,0.399965167,10.7929611,33.4127159,0.47496146
737,-41.9975395,-2.08139204e-06,0.299983621,100.001541,-16.476757,0.399981052,-39.3548508,-7.9607439,0.349978238,28.1215229,66.1100616,0.39997527,-49.3124123,-52.7757454,0.399972111,63.9149933,-98.7074051,0.399968743,-36.0413628,41.2712097,0.399965167,10.8054419,33.4656677,0.47496146
738,-42.0587616,-2.08442611e-06,0.299983621,100.148026,-16.5011444,0.399981052,-39.414444,-7.97190952,0.349978238,28.1620789,66.2101364,0.39997527,-49.3890495,-52.8554459,0.399972111,64.0108185,-98.8606491,0.399968743,-36.1006508,41.3357086,0.399965167,10.8179226,33.5186195,0.47496146
739,-42.1199837,-2.08746019e-06,0.299983621,100.29451,-16.5255318,0.399981052,-39.4740372,-7.98307514,0.349978238,28.2026348,66.3102112,0.39997527,-49.4656868,-52.9351463,0.399972111,64.1066437,-99.0138931,0.399968743,-36.1599388,41.4002075,0.399965167,10.8304033,33.5715714,0.47496146
740,-42.1812057,-2.09049426e-06,0.299983621,100.440994,-16.5499191,0.399981052,-39.5336304,-7.99424076,0.349978238,28.2431908,66.4102859,0.39997527,-49.5423241,-53.0148468,0.399972111,64.2024689,-99.1671371,0.399968743,-36.2192268,41.4647064,0.399965167,10.8428841,33.6245232,0.47496146
741,-42.2424278,-2.09352834e-06,0.299983621,100.587479,-16.5743065,0.399981052,-39.5932236,-8.00540638,0.349978238,28.2837467,66.5103607,0.39997527,-49.6189613,-53.0945473,0.399972111,64.2982941,-99.3203812,0.399968743,-36.2785149,41.5292053,0.399965167,10.8553648,33.677475,0.47496146
742,-42.3036499,-2.09656241e-06,0.299983621,100.733963,-16.5986938,0.399981052,-39.6528168,-8.016572,0.349978238,28.3243027,66.6104355,0.39997527,-49.6955986,-53.1742477,0.399972111,64.3941193,-99.4736252,0.399968743,-36.3378029,41.5937042,0.399965167,10.8678455,33.7304268,0.47496146
743,-42.364872,-2.09959649e-06,0.299983621,100.880447,-16.6230812,0.399981052,-39.71241,-8.02773762,0.349978238,28.3648586,66.7105103,0.39997527,-49.7722359,-53.2539482,0.399972111,64.4899445,-99.6268692,0.399968743,-36.3970909,41.6582031,0.399965167,10.8803263,33.7833786,0.47496146
744,-42.4260941,-2.10263056e-06,0.299983621,101.026932,-16.6474686,0.399981052,-39.7720032,-8.03890324,0.349978238,28.4054146,66.810585,0.39997527,-49.8488731,-53.3336487,0.399972111,64.5857697,-99.7801132,0.399968743,-36.4563789,41.722702,0.399965167,10.892807,33.8363304,0.47496146
745,-42.4873161,-2.10566463e-06,0.299983621,101.173416,-16.6718559,0.399981052,-39.8315964,-8.05006886,0.349978238,28.4459705,66.9106598,0.39997527,-49.9255104,-53.4133492,0.399972111,64.6815948,-99.9333572,0.399968743,-36.515667,41.7872009,0.399965167,10.9052877,33.8892822,0.47496146
746,-42.5485382,-2.10869871e-06,0.299983621,101.319901,-16.6962433,0.399981052,-39.8911896,-8.06123447,0.349978238,28.4865265,67.0107346,0.39997527,-50.0021477,-53.4930496,0.399972111,64.77742,-100.086601,0.399968743,-36.574955,41.8516998,0.399965167,10.9177685,33.942234,0.47496146
747,-42.6097603,-2.11173278e-06,0.299983621,101.466385,-16.7206306,0.399981052,-39.9507828,-8.07240009,0.349978238,28.5270824,67.1108093,0.39997527,-50.0787849,-53.5727501,0.399972111,64.8732452,-100.239845,0.399968743,-36.634243,41.9161987,0.399965167,10.9302492,33.9951859,0.47496146
748,-42.6709824,-2.11476686e-06,0.299983621,101.612869,-16.745018,0.399981052,-40.010376,-8.08356571,0.349978238,28.5676384,67.2108841,0.39997527,-50.1554222,-53.6524506,0.399972111,64.9690704,-100.393089,0.399968743,-36.693531,41.9806976,0.399965167,10.9427299,34.0481377,0.47496146
749,-42.7322044,-2.11780093e-06,0.299983621,101.759354,-16.7694054,0.399981052,-40.0699692,-8.09473133,0.349978238,28.6081944,67.3109589,0.39997527,-50.2320595,-53.732151,0.399972111,65.0648956,-100.546333,0.399968743,-36.7528191,42.0451965,0.399965167,10.9552107,34.1010895,0.47496146
750,-42.7934265,-2.12083501e-06,0.299983621,101.905838,-16.7937927,0.399981052,-40.1295624,-8.10589695,0.349978238,28.6487503,67.4110336,0.39997527,-50.3086967,-53.8118515,0.399972111,65.1607208,-100.699577,0.399968743,-36.8121071,42.1096954,0.399965167,10.9676914,34.1540413,0.47496146
751,-42.8546486,-2.12386908e-06,0.299983621,102.052322,-16.8181801,0.399981052,-40.1891556,-8.11706257,0.349978238,28.6893063,67.5111084,0.39997527,-50.385334,-53.891552,0.399972111,65.256546,-100.852821,0.399968743,-36.8713951,42.1741943,0.399965167,10.9801722,34.2069931,0.47496146
752,-42.9158707,-2.12690315e-06,0.299983621,102.198807,-16.8425674,0.399981052,-40.2487488,-8.12822819,0.349978238,28.7298622,67.6111832,0.39997527,-50.4619713,-53.9712524,0.399972111,65.3523712,-101.006065,0.399968743,-36.9306831,42.2386932,0.399965167,10.9926529,34.2599449,0.47496146
753,-42.9770927,-2.12993723e-06,0.299983621,102.345291,-16.8669548,0.399981052,-40.308342,-8.13939381,0.349978238,28.7704182,67.7112579,0.39997527,-50.5386086,-54.0509529,0.399972111,65.4481964,-101.159309,0.399968743,-36.9899712,42.3031921,0.399965167,11.0051336,34.3128967,0.47496146
754,-43.0383148,-2.1329713e-06,0.299983621,102.491776,-16.8913422,0.399981052,-40.3679352,-8.15055943,0.349978238,28.8109741,67.8113327,0.39997527,-50.6152458,-54.1306534,0.399972111,65.5440216,-101.312553,0.399968743,-37.0492592,42.367691,0.399965167,11.0176144,34.3658485,0.47496146
755,-43.0995369,-2.13600538e-06,0.299983621,102.63826,-16.9157295,0.399981052,-40.4275284,-8.16172504,0.349978238,28.8515301,67.9114075,0.39997527,-50.6918831,-54.2103539,0.399972111,65.6398468,-101.465797,0.399968743,-37.1085472,42.4321899,0.399965167,11.0300951,34.4188004,0.47496146
756,-43.160759,-2.13903945e-06,0.299983621,102.784744,-16.9401169,0.399981052,-40.4871216,-8.17289066,0.349978238,28.892086,68.0114822,0.39997527,-50.7685204,-54.2900543,0.399972111,65.735672,-101.619041,0.399968743,-37.1678352,42.4966888,0.399965167,11.0425758,34.4717522,0.47496146
757,-43.221981,-2.14207353e-06,0.299983621,102.931229,-16.9645042,0.399981052,-40.5467148,-8.18405628,0.349978238,28.932642,68.111557,0.39997527,-50.8451576,-54.3697548,0.399972111,65.8314972,-101.772285,0.399968743,-37.2271233,42.5611877,0.399965167,11.0550566,34.524704,0.47496146
758,-43.2832031,-2.1451076e-06,0.299983621,103.077713,-16.9888916,0.399981052,-40.606308,-8.1952219,0.349978238,28.9731979,68.2116318,0.39997527,-50.9217949,-54.4494553,0.399972111,65.9273224,-101.925529,0.399968743,-37.2864113,42.6256866,0.399965167,11.0675373,34.5776558,0.47496146
759,-43.3444252,-2.14814168e-06,0.299983621,103.224197,-17.013279,0.399981052,-40.6659012,-8.20638752,0.349978238,29.0137539,68.3117065,0.39997527,-50.9984322,-54.5291557,0.399972111,66.0231476,-102.078773,0.399968743,-37.3456993,42.6901855,0.399965167,11.080018,34.6306076,0.47496146
760,-43.4056473,-2.15117575e-06,0.299983621,103.370682,-17.0376663,0.399981052,-40.7254944,-8.21755314,0.349978238,29.0543098,68.4117813,0.39997527,-51.0750694,-54.6088562,0.399972111,66.1189728,-102.232018,0.399968743,-37.4049873,42.7546844,0.399965167,11.0924988,34.6835594,0.47496146
761,-43.4668694,-2.15420982e-06,0.299983621,103.517166,-17.0620537,0.399981052,-40.7850876,-8.22871876,0.349978238,29.0948658,68.5118561,0.39997527,-51.1517067,-54.6885567,0.399972111,66.214798,-102.385262,0.399968743,-37.4642754,42.8191833,0.399965167,11.1049795,34.7365112,0.47496146
762,-43.5280914,-2.1572439e-06,0.299983621,103.663651,-17.086441,0.399981052,-40.8446808,-8.23988438,0.349978238,29.1354218,68.6119308,0.39997527,-51.228344,-54.7682571,0.399972111,66.3106232,-102.538506,0.399968743,-37.5235634,42.8836823,0.399965167,11.1174603,34.789463,0.47496146
763,-43.5893135,-2.16027797e-06,0.299983621,103.810135,-17.1108284,0.399981052,-40.904274,-8.25105,0.349978238,29.1759777,68.7120056,0.39997527,-51.3049812,-54.8479576,0.399972111,66.4064484,-102.69175,0.399968743,-37.5828514,42.9481812,0.399965167,11.129941,34.8424149,0.47496146
764,-43.6505356,-2.16331205e-06,0.299983621,103.956619,-17.1352158,0.399981052,-40.9638672,-8.26221561,0.349978238,29.2165337,68.8120804,0.39997527,-51.3816185,-54.9276581,0.399972111,66.5022736,-102.844994,0.399968743,-37.6421394,43.0126801,0.399965167,11.1424217,34.8953667,0.47496146
765,-43.7117577,-2.16634612e-06,0.299983621,104.103104,-17.1596031,0.399981052,-41.0234604,-8.27338123,0.349978238,29.2570896,68.9121552,0.39997527,-51.4582558,-55.0073586,0.399972111,66.5980988,-102.998238,0.399968743,-37.7014275,43.077179,0.399965167,11.1549025,34.9483185,0.47496146
766,-43.7729797,-2.1693802e-06,0.299983621,104.249588,-17.1839905,0.399981052,-41.0830536,-8.28454685,0.349978238,29.2976456,69.0122299,0.39997527,-51.534893,-55.087059,0.399972111,66.693924,-103.151482,0.399968743,-37.7607155,43.1416779,0.399965167,11.1673832,35.0012703,0.47496146
767,-43.8342018,-2.17241427e-06,0.299983621,104.396072,-17.2083778,0.399981052,-41.1426468,-8.29571247,0.349978238,29.3382015,69.1123047,0.39997527,-51.6115303,-55.1667595,0.399972111,66.7897491,-103.304726,0.399968743,-37.8200035,43.2061768,0.399965167,11.1798639,35.0542221,0.47496146
768,-43.8954239,-2.17544834e-06,0.299983621,104.542557,-17.2327652,0.399981052,-41.20224,-8.30687809,0.349978238,29.3787575,69.2123795,0.39997527,-51.6881676,-55.24646,0.399972111,66.8855743,-103.45797,0.399968743,-37.8792915,43.2706757,0.399965167,11.1923447,35.1071739,0.47496146
769,-43.956646,-2.17848242e-06,0.299983621,104.689041,-17.2571526,0.399981052,-41.2618332,-8.31804371,0.349978238,29.4193134,69.3124542,0.39997527,-51.7648048,-55.3261604,0.399972111,66.9813995,-103.611214,0.399968743,-37.9385796,43.3351746,0.399965167,11.2048254,35.1601257,0.47496146
770,-44.017868,-2.18151649e-06,0.299983621,104.835526,-17.2815399,0.399981052,-41.3214264,-8.32920933,0.349978238,29.4598694,69.412529,0.39997527,-51.8414421,-55.4058609,0.399972111,67.0772247,-103.764458,0.399968743,-37.9978676,43.3996735,0.399965167,11.2173061,35.2130775,0.47496146
771,-44.0790901,-2.18455057e-06,0.299983621,104.98201,-17.3059273,0.399981052,-41.3810196,-8.34037495,0.349978238,29.5004253,69.5126038,0.39997527,-51.9180794,-55.4855614,0.399972111,67.1730499,-103.917702,0.399968743,-38.0571556,43.4641724,0.399965167,11.2297869,35.2660294,0.47496146
772,-44.1403122,-2.18758464e-06,0.299983621,105.128494,-17.3303146,0.399981052,-41.4406128,-8.35154057,0.349978238,29.5409813,69.6126785,0.39997527,-51.9947166,-55.5652618,0.399972111,67.2688751,-104.070946,0.399968743,-38.1164436,43.5286713,0.399965167,11.2422676,35.3189812,0.47496146
773,-44.2015343,-2.19061872e-06,0.299983621,105.274979,-17.354702,0.399981052,-41.500206,-8.36270618,0.349978238,29.5815372,69.7127533,0.39997527,-52.0713539,-55.6449623,0.399972111,67.3647003,-104.22419,0.399968743,-38.1757317,43.5931702,0.399965167,11.2547483,35.371933,0.47496146
774,-44.2627563,-2.19365279e-06,0.299983621,105.421463,-17.3790894,0.399981052,-41.5597992,-8.3738718,0.349978238,29.6220932,69.8128281,0.39997527,-52.1479912,-55.7246628,0.399972111,67.4605255,-104.377434,0.399968743,-38.2350197,43.6576691,0.399965167,11.2672291,35.4248848,0.47496146
775,-44.3239784,-2.19668686e-06,0.299983621,105.567947,-17.4034767,0.399981052,-41.6193924,-8.38503742,0.349978238,29.6626492,69.9129028,0.39997527,-52.2246284,-55.8043633,0.399972111,67.5563507,-104.530678,0.399968743,-38.2943077,43.722168,0.399965167,11.2797098,35.4778366,0.47496146
776,-44.3852005,-2.19972094e-06,0.299983621,105.714432,-17.4278641,0.399981052,-41.6789856,-8.39620304,0.349978238,29.7032051,70.0129776,0.39997527,-52.3012657,-55.8840637,0.399972111,67.6521759,-104.683922,0.399968743,-38.3535957,43.7866669,0.399965167,11.2921906,35.5307884,0.47496146
777,-44.4464226,-2.20275501e-06,0.299983621,105.860916,-17.4522514,0.399981052,-41.7385788,-8.40736866,0.349978238,29.7437611,70.1130524,0.39997527,-52.377903,-55.9637642,0.399972111,67.7480011,-104.837166,0.399968743,-38.4128838,43.8511658,0.399965167,11.3046713,35.5837402,0.47496146
778,-44.5076447,-2.20578909e-06,0.299983621,106.007401,-17.4766388,0.399981052,-41.798172,-8.41853428,0.349978238,29.784317,70.2131271,0.39997527,-52.4545403,-56.0434647,0.399972111,67.8438263,-104.99041,0.399968743,-38.4721718,43.9156647,0.399965167,11.317152,35.636692,0.47496146
779,-44.5688667,-2.20882316e-06,0.299983621,106.153885,-17.5010262,0.399981052,-41.8577652,-8.4296999,0.349978238,29.824873,70.3132019,0.39997527,-52.5311775,-56.1231651,0.399972111,67.9396515,-105.143654,0.399968743,-38.5314598,43.9801636,0.399965167,11.3296328,35.6896439,0.47496146
780,-44.6300888,-2.21185724e-06,0.299983621,106.300369,-17.5254135,0.399981052,-41.9173584,-8.44086552,0.349978238,29.8654289,70.4132767,0.39997527,-52.6078148,-56.2028656,0.399972111,68.0354767,-105.296898,0.399968743,-38.5907478,44.0446625,0.399965167,11.3421135,35.7425957,0.47496146
781,-44.6913109,-2.21489131e-06,0.299983621,106.446854,-17.5498009,0.399981052,-41.9769516,-8.45203114,0.349978238,29.9059849,70.5133514,0.39997527,-52.6844521,-56.2825661,0.399972111,68.1313019,-105.450142,0.399968743,-38.6500359,44.1091614,0.399965167,11.3545942,35.7955475,0.47496146
782,-44.752533,-2.21792538e-06,0.299983621,106.593338,-17.5741882,0.399981052,-42.0365448,-8.46319675,0.349978238,29.9465408,70.6134262,0.39997527,-52.7610893,-56.3622665,0.399972111,68.2271271,-105.603386,0.399968743,-38.7093239,44.1736603,0.399965167,11.367075,35.8484993,0.47496146
783,-44.813755,-2.22095946e-06,0.299983621,106.739822,-17.5985756,0.399981052,-42.096138,-8.47436237,0.349978238,29.9870968,70.713501,0.39997527,-52.8377266,-56.441967,0.399972111,68.3229523,-105.75663,0.399968743,-38.7686119,44.2381592,0.399965167,11.3795557,35.9014511,0.47496146
784,-44.8749771,-2.22399353e-06,0.299983621,106.886307,-17.622963,0.399981052,-42.1557312,-8.48552799,0.349978238,30.0276527,70.8135757,0.39997527,-52.9143639,-56.5216675,0.399972111,68.4187775,-105.909874,0.399968743,-38.8278999,44.3026581,0.399965167,11.3920364,35.9544029,0.47496146
785,-44.9361992,-2.22702761e-06,0.299983621,107.032791,-17.6473503,0.399981052,-42.2153244,-8.49669361,0.349978238,30.0682087,70.9136505,0.39997527,-52.9910011,-56.601368,0.399972111,68.5146027,-106.063118,0.399968743,-38.887188,44.367157,0.399965167,11.4045172,36.0073547,0.47496146
786,-44.9974213,-2.23006168e-06,0.299983621,107.179276,-17.6717377,0.399981052,-42.2749176,-8.50785923,0.349978238,30.1087646,71.0137253,0.39997527,-53.0676384,-56.6810684,0.399972111,68.6104279,-106.216362,0.399968743,-38.946476,44.4316559,0.399965167,11.4169979,36.0603065,0.47496146
787,-45.0586433,-2.23309576e-06,0.299983621,107.32576,-17.696125,0.399981052,-42.3345108,-8.51902485,0.349978238,30.1493206,71.1138,0.39997527,-53.1442757,-56.7607689,0.399972111,68.7062531,-106.369606,0.399968743,-39.005764,44.4961548,0.399965167,11.4294786,36.1132584,0.47496146
788,-45.1198654,-2.23612983e-06,0.299983621,107.472244,-17.7205124,0.399981052,-42.394104,-8.53019047,0.349978238,30.1898766,71.2138748,0.39997527,-53.2209129,-56.8404694,0.399972111,68.8020782,-106.52285,0.399968743,-39.065052,44.5606537,0.399965167,11.4419594,36.1662102,0.47496146
789,-45.1810875,-2.2391639e-06,0.299983621,107.618729,-17.7448997,0.399981052,-42.4536972,-8.54135609,0.349978238,30.2304325,71.3139496,0.39997527,-53.2975502,-56.9201698,0.399972111,68.8979034,-106.676094,0.399968743,-39.1243401,44.6251526,0.399965167,11.4544401,36.219162,0.47496146
790,-45.2423096,-2.24219798e-06,0.299983621,107.765213,-17.7692871,0.399981052,-42.5132904,-8.55252171,0.349978238,30.2709885,71.4140244,0.39997527,-53.3741875,-56.9998703,0.399972111,68.9937286,-106.829338,0.399968743,-39.1836281,44.6896515,0.399965167,11.4669209,36.2721138,0.47496146
791,-45.3035316,-2.24523205e-06,0.299983621,107.911697,-17.7936745,0.399981052,-42.5728836,-8.56368732,0.349978238,30.3115444,71.5140991,0.39997527,-53.4508247,-57.0795708,0.399972111,69.0895538,-106.982582,0.399968743,-39.2429161,44.7541504,0.399965167,11.4794016,36.3250656,0.47496146
792,-45.3647537,-2.24826613e-06,0.299983621,108.058182,-17.8180618,0.399981052,-42.6324768,-8.57485294,0.349978238,30.3521004,71.6141739,0.39997527,-53.527462,-57.1592712,0.399972111,69.185379,-107.135826,0.399968743,-39.3022041,44.8186493,0.399965167,11.4918823,36.3780174,0.47496146
793,-45.4259758,-2.2513002e-06,0.299983621,108.204666,-17.8424492,0.399981052,-42.69207,-8.58601856,0.349978238,30.3926563,71.7142487,0.39997527,-53.6040993,-57.2389717,0.399972111,69.2812042,-107.28907,0.399968743,-39.3614922,44.8831482,0.399965167,11.5043631,36.4309692,0.47496146
794,-45.4871979,-2.25433428e-06,0.299983621,108.351151,-17.8668365,0.399981052,-42.7516632,-8.59718418,0.349978238,30.4332123,71.8143234,0.39997527,-53.6807365,-57.3186722,0.399972111,69.3770294,-107.442314,0.399968743,-39.4207802,44.9476471,0.399965167,11.5168438,36.4839211,0.47496146
795,-45.54842,-2.25736835e-06,0.299983621,108.497635,-17.8912239,0.399981052,-42.8112564,-8.6083498,0.349978238,30.4737682,71.9143982,0.39997527,-53.7573738,-57.3983727,0.399972111,69.4728546,-107.595558,0.399968743,-39.4800682,45.012146,0.399965167,11.5293245,36.5368729,0.47496146
796,-45.609642,-2.26040243e-06,0.299983621,108.644119,-17.9156113,0.399981052,-42.8708496,-8.61951542,0.349978238,30.5143242,72.014473,0.39997527,-53.8340111,-57.4780731,0.399972111,69.5686798,-107.748802,0.399968743,-39.5393562,45.0766449,0.399965167,11.5418053,36.5898247,0.47496146
797,-45.6708641,-2.2634365e-06,0.299983621,108.790604,-17.9399986,0.399981052,-42.9304428,-8.63068104,0.349978238,30.5548801,72.1145477,0.39997527,-53.9106483,-57.5577736,0.399972111,69.664505,-107.902046,0.399968743,-39.5986443,45.1411438,0.399965167,11.554286,36.6427765,0.47496146
798,-45.7320862,-2.26647057e-06,0.299983621,108.937088,-17.964386,0.399981052,-42.990036,-8.64184666,0.349978238,30.5954361,72.2146225,0.39997527,-53.9872856,-57.6374741,0.399972111,69.7603302,-108.05529,0.399968743,-39.6579323,45.2056427,0.399965167,11.5667667,36.6957283,0.47496146
799,-45.7933083,-2.26950465e-06,0.299983621,109.083572,-17.9887733,0.399981052,-43.0496292,-8.65301228,0.349978238,30.6359921,72.3146973,0.39997527,-54.0639229,-57.7171745,0.399972111,69.8561554,-108.208534,0.399968743,-39.7172203,45.2701416,0.399965167,11.5792475,36.7486801,0.47496146
800,-45.8545303,-2.27253872e-06,0.299983621,109.230057,-18.0131607,0.399981052,-43.1092224,-8.66417789,0.349978238,30.676548,72.414772,0.39997527,-54.1405602,-57.796875,0.399972111,69.9519806,-108.361778,0.399968743,-39.7765083,45.3346405,0.399965167,11.5917282,36.8016319,0.47496146
801,-45.9157524,-2.2755728e-06,0.299983621,109.376541,-18.0375481,0.399981052,-43.1688156,-8.67534351,0.349978238,30.717104,72.5148468,0.39997527,-54.2171974,-57.8765755,0.399972111,70.0478058,-108.515022,0.399968743,-39.8357964,45.3991394,0.399965167,11.6042089,36.8545837,0.47496146
802,-45.9769745,-2.27860687e-06,0.299983621,109.523026,-18.0619354,0.399981052,-43.2284088,-8.68650913,0.349978238,30.7576599,72.6149216,0.39997527,-54.2938347,-57.9562759,0.399972111,70.143631,-108.668266,0.399968743,-39.8950844,45.4636383,0.399965167,11.6166897,36.9075356,0.47496146
803,-46.0381966,-2.28164095e-06,0.299983621,109.66951,-18.0863228,0.399981052,-43.288002,-8.69767475,0.349978238,30.7982159,72.7149963,0.39997527,-54.370472,-58.0359764,0.399972111,70.2394562,-108.82151,0.399968743,-39.9543724,45.5281372,0.399965167,11.6291704,36.9604874,0.47496146
804,-46.0994186,-2.28467502e-06,0.299983621,109.815994,-18.1107101,0.399981052,-43.3475952,-8.70884037,0.349978238,30.8387718,72.8150711,0.39997527,-54.4471092,-58.1156769,0.399972111,70.3352814,-108.974754,0.399968743,-40.0136604,45.5926361,0.399965167,11.6416512,37.0134392,0.47496146
805,-46.1606407,-2.28770909e-06,0.299983621,109.962479,-18.1350975,0.399981052,-43.4071884,-8.72000599,0.349978238,30.8793278,72.9151459,0.39997527,-54.5237465,-58.1953773,0.399972111,70.4311066,-109.127998,0.399968743,-40.0729485,45.657135,0.399965167,11.6541319,37.066391,0.47496146
806,-46.2218628,-2.29074317e-06,0.299983621,110.108963,-18.1594849,0.399981052,-43.4667816,-8.73117161,0.349978238,30.9198837,73.0152206,0.39997527,-54.6003838,-58.2750778,0.399972111,70.5269318,-109.281242,0.399968743,-40.1322365,45.7216339,0.399965167,11.6666126,37.1193428,0.47496146
807,-46.2830849,-2.29377724e-06,0.299983621,110.255447,-18.1838722,0.399981052,-43.5263748,-8.74233723,0.349978238,30.9604397,73.1152954,0.39997527,-54.677021,-58.3547783,0.399972111,70.622757,-109.434486,0.399968743,-40.1915245,45.7861328,0.399965167,11.6790934,37.1722946,0.47496146
808,-46.3443069,-2.29681132e-06,0.299983621,110.401932,-18.2082596,0.399981052,-43.585968,-8.75350285,0.349978238,31.0009956,73.2153702,0.39997527,-54.7536583,-58.4344788,0.399972111,70.7185822,-109.58773,0.399968743,-40.2508125,45.8506317,0.399965167,11.6915741,37.2252464,0.47496146
809,-46.405529,-2.29984539e-06,0.299983621,110.548416,-18.2326469,0.399981052,-43.6455612,-8.76466846,0.349978238,31.0415516,73.3154449,0.39997527,-54.8302956,-58.5141792,0.399972111,70.8144073,-109.740974,0.399968743,-40.3101006,45.9151306,0.399965167,11.7040548,37.2781982,0.47496146
810,-46.4667511,-2.30287947e-06,0.299983621,110.694901,-18.2570343,0.399981052,-43.7051544,-8.77583408,0.349978238,31.0821075,73.4155197,0.39997527,-54.9069328,-58.5938797,0.399972111,70.9102325,-109.894218,0.399968743,-40.3693886,45.9796295,0.399965167,11.7165356,37.3311501,0.47496146
811,-46.5279732,-2.30591354e-06,0.299983621,110.841385,-18.2814217,0.399981052,-43.7647476,-8.7869997,0.349978238,31.1226635,73.5155945,0.39997527,-54.9835701,-58.6735802,0.399972111,71.0060577,-110.047462,0.399968743,-40.4286766,46.0441284,0.399965167,11.7290163,37.3841019,0.47496146
812,-46.5891953,-2.30894761e-06,0.299983621,110.987869,-18.305809,0.399981052,-43.8243408,-8.79816532,0.349978238,31.1632195,73.6156693,0.39997527,-55.0602074,-58.7532806,0.399972111,71.1018829,-110.200706,0.399968743,-40.4879646,46.1086273,0.399965167,11.741497,37.4370537,0.47496146
813,-46.6504173,-2.31198169e-06,0.299983621,111.134354,-18.3301964,0.399981052,-43.883934,-8.80933094,0.349978238,31.2037754,73.715744,0.39997527,-55.1368446,-58.8329811,0.399972111,71.1977081,-110.353951,0.399968743,-40.5472527,46.1731262,0.399965167,11.7539778,37.4900055,0.47496146
814,-46.7116394,-2.31501576e-06,0.299983621,111.280838,-18.3545837,0.399981052,-43.9435272,-8.82049656,0.349978238,31.2443314,73.8158188,0.39997527,-55.2134819,-58.9126816,0.399972111,71.2935333,-110.507195,0.399968743,-40.6065407,46.2376251,0.399965167,11.7664585,37.5429573,0.47496146
815,-46.7728615,-2.31804984e-06,0.299983621,111.427322,-18.3789711,0.399981052,-44.0031204,-8.83166218,0.349978238,31.2848873,73.9158936,0.39997527,-55.2901192,-58.992382,0.399972111,71.3893585,-110.660439,0.399968743,-40.6658287,46.302124,0.399965167,11.7789392,37.5959091,0.47496146
816,-46.8340836,-2.32108391e-06,0.299983621,111.573807,-18.4033585,0.399981052,-44.0627136,-8.8428278,0.349978238,31.3254433,74.0159683,0.39997527,-55.3667564,-59.0720825,0.399972111,71.4851837,-110.813683,0.399968743,-40.7251167,46.3666229,0.399965167,11.79142,37.6488609,0.47496146
817,-46.8953056,-2.32411799e-06,0.299983621,111.720291,-18.4277458,0.399981052,-44.1223068,-8.85399342,0.349978238,31.3659992,74.1160431,0.39997527,-55.4433937,-59.151783,0.399972111,71.5810089,-110.966927,0.399968743,-40.7844048,46.4311218,0.399965167,11.8039007,37.7018127,0.47496146
818,-46.9565277,-2.32715206e-06,0.299983621,111.866776,-18.4521332,0.399981052,-44.1819,-8.86515903,0.349978238,31.4065552,74.2161179,0.39997527,-55.520031,-59.2314835,0.399972111,71.6768341,-111.120171,0.399968743,-40.8436928,46.4956207,0.399965167,11.8163815,37.7547646,0.47496146
819,-47.0177498,-2.33018613e-06,0.299983621,112.01326,-18.4765205,0.399981052,-44.2414932,-8.87632465,0.349978238,31.4471111,74.3161926,0.39997527,-55.5966682,-59.3111839,0.399972111,71.7726593,-111.273415,0.399968743,-40.9029808,46.5601196,0.399965167,11.8288622,37.8077164,0.47496146
820,-47.0789719,-2.33322021e-06,0.299983621,112.159744,-18.5009079,0.399981052,-44.3010864,-8.88749027,0.349978238,31.4876671,74.4162674,0.39997527,-55.6733055,-59.3908844,0.399972111,71.8684845,-111.426659,0.399968743,-40.9622688,46.6246185,0.399965167,11.8413429,37.8606682,0.47496146
821,-47.1401939,-2.33625428e-06,0.299983621,112.306229,-18.5252953,0.399981052,-44.3606796,-8.89865589,0.349978238,31.528223,74.5163422,0.39997527,-55.7499428,-59.4705849,0.399972111,71.9643097,-111.579903,0.399968743,-41.0215569,46.6891174,0.399965167,11.8538237,37.91362,0.47496146
822,-47.201416,-2.33928836e-06,0.299983621,112.452713,-18.5496826,0.399981052,-44.4202728,-8.90982151,0.349978238,31.568779,74.6164169,0.39997527,-55.82658,-59.5502853,0.399972111,72.0601349,-111.733147,0.399968743,-41.0808449,46.7536163,0.399965167,11.8663044,37.9665718,0.47496146
823,-47.2626381,-2.34232243e-06,0.299983621,112.599197,-18.57407,0.399981052,-44.479866,-8.92098713,0.349978238,31.6093349,74.7164917,0.39997527,-55.9032173,-59.6299858,0.399972111,72.1559601,-111.886391,0.399968743,-41.1401329,46.8181152,0.399965167,11.8787851,38.0195236,0.47496146
824,-47.3238602,-2.34535651e-06,0.299983621,112.745682,-18.5984573,0.399981052,-44.5394592,-8.93215275,0.349978238,31.6498909,74.8165665,0.39997527,-55.9798546,-59.7096863,0.399972111,72.2517853,-112.039635,0.399968743,-41.1994209,46.8826141,0.399965167,11.8912659,38.0724754,0.47496146
825,-47.3850822,-2.34839058e-06,0.299983621,112.892166,-18.6228447,0.399981052,-44.5990524,-8.94331837,0.349978238,31.6904469,74.9166412,0.39997527,-56.0564919,-59.7893867,0.399972111,72.3476105,-112.192879,0.399968743,-41.258709,46.947113,0.399965167,11.9037466,38.1254272,0.47496146
826,-47.4463043,-2.35142465e-06,0.299983621,113.038651,-18.6472321,0.399981052,-44.6586456,-8.95448399,0.349978238,31.7310028,75.016716,0.39997527,-56.1331291,-59.8690872,0.399972111,72.4434357,-112.346123,0.399968743,-41.317997,47.0116119,0.399965167,11.9162273,38.1783791,0.47496146
827,-47.5075264,-2.35445873e-06,0.299983621,113.185135,-18.6716194,0.399981052,-44.7182388,-8.9656496,0.349978238,31.7715588,75.1167908,0.39997527,-56.2097664,-59.9487877,0.399972111,72.5392609,-112.499367,0.399968743,-41.377285,47.0761108,0.399965167,11.9287081,38.2313309,0.47496146
828,-47.5687485,-2.3574928e-06,0.299983621,113.331619,-18.6960068,0.399981052,-44.777832,-8.97681522,0.349978238,31.8121147,75.2168655,0.39997527,-56.2864037,-60.0284882,0.399972111,72.6350861,-112.652611,0.399968743,-41.436573,47.1406097,0.399965167,11.9411888,38.2842827,0.47496146
829,-47.6299706,-2.36052688e-06,0.299983621,113.478104,-18.7203941,0.399981052,-44.8374252,-8.98798084,0.349978238,31.8526707,75.3169403,0.39997527,-56.3630409,-60.1081886,0.399972111,72.7309113,-112.805855,0.399968743,-41.4958611,47.2051086,0.399965167,11.9536695,38.3372345,0.47496146
830,-47.6911926,-2.36356095e-06,0.299983621,113.624588,-18.7447815,0.399981052,-44.8970184,-8.99914646,0.349978238,31.8932266,75.4170151,0.39997527,-56.4396782,-60.1878891,0.399972111,72.8267365,-112.959099,0.399968743,-41.5551491,47.2696075,0.399965167,11.9661503,38.3901863,0.47496146
831,-47.7524147,-2.36659503e-06,0.299983621,113.771072,-18.7691689,0.399981052,-44.9566116,-9.01031208,0.349978238,31.9337826,75.5170898,0.39997527,-56.5163155,-60.2675896,0.399972111,72.9225616,-113.112343,0.399968743,-41.6144371,47.3341064,0.399965167,11.978631,38.4431381,0.47496146
832,-47.8136368,-2.3696291e-06,0.299983621,113.917557,-18.7935562,0.399981052,-45.0162048,-9.0214777,0.349978238,31.9743385,75.6171646,0.39997527,-56.5929527,-60.34729,0.399972111,73.0183868,-113.265587,0.399968743,-41.6737251,47.3986053,0.399965167,11.9911118,38.4960899,0.47496146
833,-47.8748589,-2.37266318e-06,0.299983621,114.064041,-18.8179436,0.399981052,-45.075798,-9.03264332,0.349978238,32.0148964,75.7172394,0.39997527,-56.66959,-60.4269905,0.399972111,73.114212,-113.418831,0.399968743,-41.7330132,47.4631042,0.399965167,12.0035925,38.5490417,0.47496146
834,-47.9360809,-2.37569725e-06,0.299983621,114.210526,-18.8423309,0.399981052,-45.1353912,-9.04380894,0.349978238,32.0554543,75.8173141,0.39997527,-56.7462273,-60.506691,0.399972111,73.2100372,-113.572075,0.399968743,-41.7923012,47.5276031,0.399965167,12.0160732,38.6019936,0.47496146
835,-47.997303,-2.37873132e-06,0.299983621,114.35701,-18.8667183,0.399981052,-45.1949844,-9.05497456,0.349978238,32.0960121,75.9173889,0.39997527,-56.8228645,-60.5863914,0.399972111,73.3058624,-113.725319,0.399968743,-41.8515892,47.5921021,0.399965167,12.028554,38.6549454,0.47496146
836,-48.0585251,-2.3817654e-06,0.299983621,114.503494,-18.8911057,0.399981052,-45.2545776,-9.06614017,0.349978238,32.13657,76.0174637,0.39997527,-56.8995018,-60.6660919,0.399972111,73.4016876,-113.878563,0.399968743,-41.9108772,47.656601,0.399965167,12.0410347,38.7078972,0.47496146
837,-48.1197472,-2.38479947e-06,0.299983621,114.649979,-18.915493,0.399981052,-45.3141708,-9.07730579,0.349978238,32.1771278,76.1175385,0.39997527,-56.9761391,-60.7457924,0.399972111,73.4975128,-114.031807,0.399968743,-41.9701653,47.7210999,0.399965167,12.0535154,38.760849,0.47496146
838,-48.1809692,-2.38783355e-06,0.299983621,114.796463,-18.9398804,0.399981052,-45.373764,-9.08847141,0.349978238,32.2176857,76.2176132,0.39997527,-57.0527763,-60.8254929,0.399972111,73.593338,-114.185051,0.399968743,-42.0294533,47.7855988,0.399965167,12.0659962,38.8138008,0.47496146
839,-48.2421913,-2.39086762e-06,0.299983621,114.942947,-18.9642677,0.399981052,-45.4333572,-9.09963703,0.349978238,32.2582436,76.317688,0.39997527,-57.1294136,-60.9051933,0.399972111,73.6891632,-114.338295,0.399968743,-42.0887413,47.8500977,0.399965167,12.0784769,38.8667526,0.47496146
840,-48.3034134,-2.3939017e-06,0.299983621,115.089432,-18.9886551,0.399981052,-45.4929504,-9.11080265,0.349978238,32.2988014,76.4177628,0.39997527,-57.2060509,-60.9848938,0.399972111,73.7849884,-114.491539,0.399968743,-42.1480293,47.9145966,0.399965167,12.0909576,38.9197044,0.47496146
841,-48.3646355,-2.39693577e-06,0.299983621,115.235916,-19.0130424,0.399981052,-45.5525436,-9.12196827,0.349978238,32.3393593,76.5178375,0.39997527,-57.2826881,-61.0645943,0.399972111,73.8808136,-114.644783,0.399968743,-42.2073174,47.9790955,0.399965167,12.1034384,38.9726562,0.47496146
842,-48.4258575,-2.39996984e-06,0.299983621,115.382401,-19.0374298,0.399981052,-45.6121368,-9.13313389,0.349978238,32.3799171,76.6179123,0.39997527,-57.3593254,-61.1442947,0.399972111,73.9766388,-114.798027,0.399968743,-42.2666054,48.0435944,0.399965167,12.1159191,39.0256081,0.47496146
843,-48.4870796,-2.40300392e-06,0.299983621,115.528885,-19.0618172,0.399981052,-45.67173,-9.14429951,0.349978238,32.420475,76.7179871,0.39997527,-57.4359627,-61.2239952,0.399972111,74.072464,-114.951271,0.399968743,-42.3258934,48.1080933,0.399965167,12.1283998,39.0785599,0.47496146
844,-48.5483017,-2.40603799e-06,0.299983621,115.675369,-19.0862045,0.399981052,-45.7313232,-9.15546513,0.349978238,32.4610329,76.8180618,0.39997527,-57.5125999,-61.3036957,0.399972111,74.1682892,-115.104515,0.399968743,-42.3851814,48.1725922,0.399965167,12.1408806,39.1315117,0.47496146
845,-48.6095238,-2.40907207e-06,0.299983621,115.821854,-19.1105919,0.399981052,-45.7909164,-9.16663074,0.349978238,32.5015907,76.9181366,0.39997527,-57.5892372,-61.3833961,0.399972111,74.2641144,-115.257759,0.399968743,-42.4444695,48.2370911,0.399965167,12.1533613,39.1844635,0.47496146
846,-48.6707458,-2.41210614e-06,0.299983621,115.968338,-19.1349792,0.399981052,-45.8505096,-9.17779636,0.349978238,32.5421486,77.0182114,0.39997527,-57.6658745,-61.4630966,0.399972111,74.3599396,-115.411003,0.399968743,-42.5037575,48.30159,0.399965167,12.1658421,39.2374153,0.47496146
847,-48.7319679,-2.41514022e-06,0.299983621,116.114822,-19.1593666,0.399981052,-45.9101028,-9.18896198,0.349978238,32.5827065,77.1182861,0.39997527,-57.7425117,-61.5427971,0.399972111,74.4557648,-115.564247,0.399968743,-42.5630455,48.3660889,0.399965167,12.1783228,39.2903671,0.47496146
848,-48.79319,-2.41817429e-06,0.299983621,116.261307,-19.183754,0.399981052,-45.969696,-9.2001276,0.349978238,32.6232643,77.2183609,0.39997527,-57.819149,-61.6224976,0.399972111,74.55159,-115.717491,0.399968743,-42.6223335,48.4305878,0.399965167,12.1908035,39.3433189,0.47496146
849,-48.8544121,-2.42120836e-06,0.299983621,116.407791,-19.2081413,0.399981052,-46.0292892,-9.21129322,0.349978238,32.6638222,77.3184357,0.39997527,-57.8957863,-61.702198,0.399972111,74.6474152,-115.870735,0.399968743,-42.6816216,48.4950867,0.399965167,12.2032843,39.3962708,0.47496146
850,-48.9156342,-2.42424244e-06,0.299983621,116.554276,-19.2325287,0.399981052,-46.0888824,-9.22245884,0.349978238,32.70438,77.4185104,0.39997527,-57.9724236,-61.7818985,0.399972111,74.7432404,-116.023979,0.399968743,-42.7409096,48.5595856,0.399965167,12.215765,39.4492226,0.47496146
851,-48.9768562,-2.42727651e-06,0.299983621,116.70076,-19.256916,0.399981052,-46.1484756,-9.23362446,0.349978238,32.7449379,77.5185852,0.39997527,-58.0490608,-61.861599,0.399972111,74.8390656,-116.177223,0.399968743,-42.8001976,48.6240845,0.399965167,12.2282457,39.5021744,0.47496146
852,-49.0380783,-2.43031059e-06,0.299983621,116.847244,-19.2813034,0.399981052,-46.2080688,-9.24479008,0.349978238,32.7854958,77.61866,0.39997527,-58.1256981,-61.9412994,0.399972111,74.9348907,-116.330467,0.399968743,-42.8594856,48.6885834,0.399965167,12.2407265,39.5551262,0.47496146
853,-49.0993004,-2.43334466e-06,0.299983621,116.993729,-19.3056908,0.399981052,-46.267662,-9.2559557,0.349978238,32.8260536,77.7187347,0.39997527,-58.2023354,-62.0209999,0.399972111,75.0307159,-116.483711,0.399968743,-42.9187737,48.7530823,0.399965167,12.2532072,39.608078,0.47496146
854,-49.1605225,-2.43637874e-06,0.299983621,117.140213,-19.3300781,0.399981052,-46.3272552,-9.26712132,0.349978238,32.8666115,77.8188095,0.39997527,-58.2789726,-62.1007004,0.399972111,75.1265411,-116.636955,0.399968743,-42.9780617,48.8175812,0.399965167,12.2656879,39.6610298,0.47496146
855,-49.2217445,-2.43941281e-06,0.299983621,117.286697,-19.3544655,0.399981052,-46.3868484,-9.27828693,0.349978238,32.9071693,77.9188843,0.39997527,-58.3556099,-62.1804008,0.399972111,75.2223663,-116.790199,0.399968743,-43.0373497,48.8820801,0.399965167,12.2781687,39.7139816,0.47496146
856,-49.2829666,-2.44244688e-06,0.299983621,117.433182,-19.3788528,0.399981052,-46.4464417,-9.28945255,0.349978238,32.9477272,78.018959,0.39997527,-58.4322472,-62.2601013,0.399972111,75.3181915,-116.943443,0.399968743,-43.0966377,48.946579,0.399965167,12.2906494,39.7669334,0.47496146
857,-49.3441887,-2.44548096e-06,0.299983621,117.579666,-19.4032402,0.399981052,-46.5060349,-9.30061817,0.349978238,32.9882851,78.1190338,0.39997527,-58.5088844,-62.3398018,0.399972111,75.4140167,-117.096687,0.399968743,-43.1559258,49.0110779,0.399965167,12.3031301,39.8198853,0.47496146
858,-49.4054108,-2.44851503e-06,0.299983621,117.726151,-19.4276276,0.399981052,-46.5656281,-9.31178379,0.349978238,33.0288429,78.2191086,0.39997527,-58.5855217,-62.4195023,0.399972111,75.5098419,-117.249931,0.399968743,-43.2152138,49.0755768,0.399965167,12.3156109,39.8728371,0.47496146
859,-49.4666328,-2.45154911e-06,0.299983621,117.872635,-19.4520149,0.399981052,-46.6252213,-9.32294941,0.349978238,33.0694008,78.3191833,0.39997527,-58.662159,-62.4992027,0.399972111,75.6056671,-117.403175,0.399968743,-43.2745018,49.1400757,0.399965167,12.3280916,39.9257889,0.47496146
860,-49.5278549,-2.45458318e-06,0.299983621,118.019119,-19.4764023,0.399981052,-46.6848145,-9.33411503,0.349978238,33.1099586,78.4192581,0.39997527,-58.7387962,-62.5789032,0.399972111,75.7014923,-117.556419,0.399968743,-43.3337898,49.2045746,0.399965167,12.3405724,39.9787407,0.47496146
861,-49.589077,-2.45761726e-06,0.299983621,118.165604,-19.5007896,0.399981052,-46.7444077,-9.34528065,0.349978238,33.1505165,78.5193329,0.39997527,-58.8154335,-62.6586037,0.399972111,75.7973175,-117.709663,0.399968743,-43.3930779,49.2690735,0.399965167,12.3530531,40.0316925,0.47496146
862,-49.6502991,-2.46065133e-06,0.299983621,118.312088,-19.525177,0.399981052,-46.8040009,-9.35644627,0.349978238,33.1910744,78.6194077,0.39997527,-58.8920708,-62.7383041,0.399972111,75.8931427,-117.862907,0.399968743,-43.4523659,49.3335724,0.399965167,12.3655338,40.0846443,0.47496146
863,-49.7115211,-2.46368541e-06,0.299983621,118.458572,-19.5495644,0.399981052,-46.8635941,-9.36761189,0.349978238,33.2316322,78.7194824,0.39997527,-58.968708,-62.8180046,0.399972111,75.9889679,-118.016151,0.399968743,-43.5116539,49.3980713,0.399965167,12.3780146,40.1375961,0.47496146
864,-49.7727432,-2.46671948e-06,0.299983621,118.605057,-19.5739517,0.399981052,-46.9231873,-9.3787775,0.349978238,33.2721901,78.8195572,0.39997527,-59.0453453,-62.8977051,0.399972111,76.0847931,-118.169395,0.399968743,-43.5709419,49.4625702,0.399965167,12.3904953,40.1905479,0.47496146
865,-49.8339653,-2.46975355e-06,0.299983621,118.751541,-19.5983391,0.399981052,-46.9827805,-9.38994312,0.349978238,33.312748,78.919632,0.39997527,-59.1219826,-62.9774055,0.399972111,76.1806183,-118.322639,0.399968743,-43.6302299,49.5270691,0.399965167,12.402976,40.2434998,0.47496146
866,-49.8951874,-2.47278763e-06,0.299983621,118.898026,-19.6227264,0.399981052,-47.0423737,-9.40110874,0.349978238,33.3533058,79.0197067,0.39997527,-59.1986198,-63.057106,0.399972111,76.2764435,-118.475883,0.399968743,-43.689518,49.591568,0.399965167,12.4154568,40.2964516,0.47496146
867,-49.9564095,-2.4758217e-06,0.299983621,119.04451,-19.6471138,0.399981052,-47.1019669,-9.41227436,0.349978238,33.3938637,79.1197815,0.39997527,-59.2752571,-63.1368065,0.399972111,76.3722687,-118.629128,0.399968743,-43.748806,49.6560669,0.399965167,12.4279375,40.3494034,0.47496146
868,-50.0176315,-2.47885578e-06,0.299983621,119.190994,-19.6715012,0.399981052,-47.1615601,-9.42343998,0.349978238,33.4344215,79.2198563,0.39997527,-59.3518944,-63.216507,0.399972111,76.4680939,-118.782372,0.399968743,-43.808094,49.7205658,0.399965167,12.4404182,40.4023552,0.47496146
869,-50.0788536,-2.48188985e-06,0.299983621,119.337479,-19.6958885,0.399981052,-47.2211533,-9.4346056,0.349978238,33.4749794,79.319931,0.39997527,-59.4285316,-63.2962074,0.399972111,76.5639191,-118.935616,0.399968743,-43.867382,49.7850647,0.399965167,12.452899,40.455307,0.47496146
870,-50.1400757,-2.48492393e-06,0.299983621,119.483963,-19.7202759,0.399981052,-47.2807465,-9.44577122,0.349978238,33.5155373,79.4200058,0.39997527,-59.5051689,-63.3759079,0.399972111,76.6597443,-119.08886,0.399968743,-43.9266701,49.8495636,0.399965167,12.4653797,40.5082588,0.47496146
871,-50.2012978,-2.487958e-06,0.299983621,119.630447,-19.7446632,0.399981052,-47.3403397,-9.45693684,0.349978238,33.5560951,79.5200806,0.39997527,-59.5818062,-63.4556084,0.399972111,76.7555695,-119.242104,0.399968743,-43.9859581,49.9140625,0.399965167,12.4778605,40.5612106,0.47496146
872,-50.2625198,-2.49099207e-06,0.299983621,119.776932,-19.7690506,0.399981052,-47.3999329,-9.46810246,0.349978238,33.596653,79.6201553,0.39997527,-59.6584435,-63.5353088,0.399972111,76.8513947,-119.395348,0.399968743,-44.0452461,49.9785614,0.399965167,12.4903412,40.6141624,0.47496146
873,-50.3237419,-2.49402615e-06,0.299983621,119.923416,-19.793438,0.399981052,-47.4595261,-9.47926807,0.349978238,33.6372108,79.7202301,0.39997527,-59.7350807,-63.6150093,0.399972111,76.9472198,-119.548592,0.399968743,-44.1045341,50.0430603,0.399965167,12.5028219,40.6671143,0.47496146
874,-50.384964,-2.49706022e-06,0.299983621,120.069901,-19.8178253,0.399981052,-47.5191193,-9.49043369,0.349978238,33.6777687,79.8203049,0.39997527,-59.811718,-63.6947098,0.399972111,77.043045,-119.701836,0.399968743,-44.1638222,50.1075592,0.399965167,12.5153027,40.7200661,0.47496146
875,-50.4461861,-2.5000943e-06,0.299983621,120.216385,-19.8422127,0.399981052,-47.5787125,-9.50159931,0.349978238,33.7183266,79.9203796,0.39997527,-59.8883553,-63.7744102,0.399972111,77.1388702,-119.85508,0.399968743,-44.2231102,50.1720581,0.399965167,12.5277834,40.7730179,0.47496146
876,-50.5074081,-2.50312837e-06,0.299983621,120.362869,-19.8666,0.399981052,-47.6383057,-9.51276493,0.349978238,33.7588844,80.0204544,0.39997527,-59.9649925,-63.8541107,0.399972111,77.2346954,-120.008324,0.399968743,-44.2823982,50.236557,0.399965167,12.5402641,40.8259697,0.47496146
877,-50.5686302,-2.50616245e-06,0.299983621,120.509354,-19.8909874,0.399981052,-47.6978989,-9.52393055,0.349978238,33.7994423,80.1205292,0.39997527,-60.0416298,-63.9338112,0.399972111,77.3305206,-120.161568,0.399968743,-44.3416862,50.3010559,0.399965167,12.5527449,40.8789215,0.47496146
878,-50.6298523,-2.50919652e-06,0.299983621,120.655838,-19.9153748,0.399981052,-47.7574921,-9.53509617,0.349978238,33.8400002,80.2206039,0.39997527,-60.1182671,-64.0135117,0.399972111,77.4263458,-120.314812,0.399968743,-44.4009743,50.3655548,0.399965167,12.5652256,40.9318733,0.47496146
879,-50.6910744,-2.51223059e-06,0.299983621,120.802322,-19.9397621,0.399981052,-47.8170853,-9.54626179,0.349978238,33.880558,80.3206787,0.39997527,-60.1949043,-64.0932159,0.399972111,77.522171,-120.468056,0.399968743,-44.4602623,50.4300537,0.399965167,12.5777063,40.9848251,0.47496146
880,-50.7522964,-2.51526467e-06,0.299983621,120.948807,-19.9641495,0.399981052,-47.8766785,-9.55742741,0.349978238,33.9211159,80.4207535,0.39997527,-60.2715416,-64.1729202,0.399972111,77.6179962,-120.6213,0.399968743,-44.5195503,50.4945526,0.399965167,12.5901871,41.0377769,0.47496146
881,-50.8135185,-2.51829874e-06,0.299983621,121.095291,-19.9885368,0.399981052,-47.9362717,-9.56859303,0.349978238,33.9616737,80.5208282,0.39997527,-60.3481789,-64.2526245,0.399972111,77.7138214,-120.774544,0.399968743,-44.5788383,50.5590515,0.399965167,12.6026678,41.0907288,0.47496146
882,-50.8747406,-2.52133282e-06,0.299983621,121.241776,-20.0129242,0.399981052,-47.9958649,-9.57975864,0.349978238,34.0022316,80.620903,0.39997527,-60.4248161,-64.3323288,0.399972111,77.8096466,-120.927788,0.399968743,-44.6381264,50.6235504,0.399965167,12.6151485,41.1436806,0.47496146
883,-50.9359627,-2.52436689e-06,0.299983621,121.38826,-20.0373116,0.399981052,-48.0554581,-9.59092426,0.349978238,34.0427895,80.7209778,0.39997527,-60.5014534,-64.4120331,0.399972111,77.9054718,-121.081032,0.399968743,-44.6974144,50.6880493,0.399965167,12.6276293,41.1966324,0.47496146
884,-50.9971848,-2.52740097e-06,0.299983621,121.534744,-20.0616989,0.399981052,-48.1150513,-9.60208988,0.349978238,34.0833473,80.8210526,0.39997527,-60.5780907,-64.4917374,0.399972111,78.001297,-121.234276,0.399968743,-44.7567024,50.7525482,0.399965167,12.64011,41.2495842,0.47496146
885,-51.0584068,-2.53043504e-06,0.299983621,121.681229,-20.0860863,0.399981052,-48.1746445,-9.6132555,0.349978238,34.1239052,80.9211273,0.39997527,-60.6547279,-64.5714417,0.399972111,78.0971222,-121.38752,0.399968743,-44.8159904,50.8170471,0.399965167,12.6525908,41.302536,0.47496146
886,-51.1196289,-2.53346911e-06,0.299983621,121.827713,-20.1104736,0.399981052,-48.2342377,-9.62442112,0.349978238,34.164463,81.0212021,0.39997527,-60.7313652,-64.6511459,0.399972111,78.1929474,-121.540764,0.399968743,-44.8752785,50.881546,0.399965167,12.6650715,41.3554878,0.47496146
887,-51.180851,-2.53650319e-06,0.299983621,121.974197,-20.134861,0.399981052,-48.2938309,-9.63558674,0.349978238,34.2050209,81.1212769,0.39997527,-60.8080025,-64.7308502,0.399972111,78.2887726,-121.694008,0.399968743,-44.9345665,50.9460449,0.399965167,12.6775522,41.4084396,0.47496146
888,-51.2420731,-2.53953726e-06,0.299983621,122.120682,-20.1592484,0.399981052,-48.3534241,-9.64675236,0.349978238,34.2455788,81.2213516,0.39997527,-60.8846397,-64.8105545,0.399972111,78.3845978,-121.847252,0.399968743,-44.9938545,51.0105438,0.399965167,12.690033,41.4613914,0.47496146
889,-51.3032951,-2.54257134e-06,0.299983621,122.267166,-20.1836357,0.399981052,-48.4130173,-9.65791798,0.349978238,34.2861366,81.3214264,0.39997527,-60.961277,-64.8902588,0.399972111,78.480423,-122.000496,0.399968743,-45.0531425,51.0750427,0.399965167,12.7025137,41.5143433,0.47496146
890,-51.3645172,-2.54560541e-06,0.299983621,122.413651,-20.2080231,0.399981052,-48.4726105,-9.6690836,0.349978238,34.3266945,81.4215012,0.39997527,-61.0379143,-64.9699631,0.399972111,78.5762482,-122.15374,0.399968743,-45.1124306,51.1395416,0.399965167,12.7149944,41.5672951,0.47496146
891,-51.4257393,-2.54863949e-06,0.299983621,122.560135,-20.2324104,0.399981052,-48.5322037,-9.68024921,0.349978238,34.3672523,81.5215759,0.39997527,-61.1145515,-65.0496674,0.399972111,78.6720734,-122.306984,0.399968743,-45.1717186,51.2040405,0.399965167,12.7274752,41.6202469,0.47496146
892,-51.4869614,-2.55167356e-06,0.299983621,122.706619,-20.2567978,0.399981052,-48.5917969,-9.69141483,0.349978238,34.4078102,81.6216507,0.39997527,-61.1911888,-65.1293716,0.399972111,78.7678986,-122.460228,0.399968743,-45.2310066,51.2685394,0.399965167,12.7399559,41.6731987,0.47496146
893,-51.5481834,-2.55470763e-06,0.299983621,122.853104,-20.2811852,0.399981052,-48.6513901,-9.70258045,0.349978238,34.4483681,81.7217255,0.39997527,-61.2678261,-65.2090759,0.399972111,78.8637238,-122.613472,0.399968743,-45.2902946,51.3330383,0.399965167,12.7524366,41.7261505,0.47496146
894,-51.6094055,-2.55774171e-06,0.299983621,122.999588,-20.3055725,0.399981052,-48.7109833,-9.71374607,0.349978238,34.4889259,81.8218002,0.39997527,-61.3444633,-65.2887802,0.399972111,78.959549,-122.766716,0.399968743,-45.3495827,51.3975372,0.399965167,12.7649174,41.7791023,0.47496146
895,-51.6706276,-2.56077578e-06,0.299983621,123.146072,-20.3299599,0.399981052,-48.7705765,-9.72491169,0.349978238,34.5294838,81.921875,0.39997527,-61.4211006,-65.3684845,0.399972111,79.0553741,-122.91996,0.399968743,-45.4088707,51.4620361,0.399965167,12.7773981,41.8320541,0.47496146
896,-51.7318497,-2.56380986e-06,0.299983621,123.292557,-20.3543472,0.399981052,-48.8301697,-9.73607731,0.349978238,34.5700417,82.0219498,0.39997527,-61.4977379,-65.4481888,0.399972111,79.1511993,-123.073204,0.399968743,-45.4681587,51.526535,0.399965167,12.7898788,41.885006,0.47496146
897,-51.7930717,-2.56684393e-06,0.299983621,123.439041,-20.3787346,0.399981052,-48.8897629,-9.74724293,0.349978238,34.6105995,82.1220245,0.39997527,-61.5743752,-65.5278931,0.399972111,79.2470245,-123.226448,0.399968743,-45.5274467,51.5910339,0.399965167,12.8023596,41.9379578,0.47496146
898,-51.8542938,-2.56987801e-06,0.299983621,123.585526,-20.4031219,0.399981052,-48.9493561,-9.75840855,0.349978238,34.6511574,82.2220993,0.39997527,-61.6510124,-65.6075974,0.399972111,79.3428497,-123.379692,0.399968743,-45.5867348,51.6555328,0.399965167,12.8148403,41.9909096,0.47496146
899,-51.9155159,-2.57291208e-06,0.299983621,123.73201,-20.4275093,0.399981052,-49.0089493,-9.76957417,0.349978238,34.6917152,82.3221741,0.39997527,-61.7276497,-65.6873016,0.399972111,79.4386749,-123.532936,0.399968743,-45.6460228,51.7200317,0.399965167,12.8273211,42.0438614,0.47496146
