step,b0_x,b0_y,b0_z,b1_x,b1_y,b1_z,b2_x,b2_y,b2_z,b3_x,b3_y,b3_z,b4_x,b4_y,b4_z,b5_x,b5_y,b5_z,b6_x,b6_y,b6_z,b7_x,b7_y,b7_z
0,0,0,2.99727511,0.316666663,0.124999993,4.69727468,0.620000005,0.249999985,6.39727497,0.936666667,0,8.09727573,1.24000001,0.124999993,9.79727554,1.55666661,0.249999985,11.4972754,1.86000001,0,13.1972761,2.17666674,0.124999993,14.8972759
1,0,0,2.9918251,0.323333323,0.11999999,4.69182491,0.620000005,0.23999998,6.3918252,0.943333328,0,8.09182549,1.24000001,0.11999999,9.79182529,1.56333327,0.23999998,11.4918251,1.86000001,0,13.1918259,2.1833334,0.11999999,14.8918257
2,0,0,2.98365021,0.329999983,0.114999987,4.68365002,0.620000005,0.229999974,6.3836503,0.949999988,0,8.08365059,1.24000001,0.114999987,9.7836504,1.56999993,0.229999974,11.4836502,1.86000001,0,13.183651,2.19000006,0.114999987,14.8836508
3,0,0,2.97275019,0.336666644,0.109999985,4.67275,0.620000005,0.219999969,6.37275028,0.956666648,0,8.07275105,1.24000001,0.109999985,9.77275085,1.57666659,0.219999969,11.4727507,1.86000001,0,13.1727514,2.19666672,0.109999985,14.8727512
4,0,0,2.95912528,0.343333304,0.104999982,4.65912485,0.620000005,0.209999964,6.35912514,0.963333309,0,8.0591259,1.24000001,0.104999982,9.75912571,1.58333325,0.209999964,11.4591255,1.86000001,0,13.1591263,2.20333338,0.104999982,14.8591261
5,0,0,2.94277525,0.349999964,0.0999999791,4.64277506,0.620000005,0.199999958,6.34277534,0.969999969,0,8.04277611,1.24000001,0.0999999791,9.74277592,1.58999991,0.199999958,11.4427757,1.86000001,0,13.1427765,2.21000004,0.0999999791,14.8427763
6,0,0,2.92370033,0.356666625,0.0949999765,4.62370014,0.620000005,0.189999953,6.32370043,0.976666629,0,8.02370071,1.24000001,0.0949999765,9.72370052,1.59666657,0.189999953,11.4237003,1.86000001,0,13.1237011,2.2166667,0.0949999765,14.8237009
7,0,0,2.90190029,0.363333285,0.0899999738,4.6019001,0.620000005,0.179999948,6.30190039,0.98333329,0,8.00190067,1.24000001,0.0899999738,9.70190048,1.60333323,0.179999948,11.4019003,1.86000001,0,13.1019011,2.22333336,0.0899999738,14.8019009
8,0,0,2.87737536,0.369999945,0.0849999711,4.57737494,0.620000005,0.169999942,6.27737522,0.98999995,0,7.97737551,1.24000001,0.0849999711,9.67737579,1.6099999,0.169999942,11.3773756,1.86000001,0,13.0773764,2.23000002,0.0849999711,14.7773762
9,0,0,2.85012531,0.376666605,0.0799999684,4.55012512,0.620000005,0.159999937,6.25012541,0.99666661,0,7.95012569,1.24000001,0.0799999684,9.6501255,1.61666656,0.159999937,11.3501253,1.86000001,0,13.0501261,2.23666668,0.0799999684,14.7501259
10,0,0,2.82015038,0.383333266,0.0749999657,4.52015018,0.620000005,0.149999931,6.22015047,1.00333333,0,7.92015076,1.24000001,0.0749999657,9.62015057,1.62333322,0.149999931,11.3201504,1.86000001,0,13.0201511,2.24333334,0.0749999657,14.7201509
11,0,0,2.78745031,0.389999926,0.069999963,4.48745012,0.620000005,0.139999926,6.18745041,1.00999999,0,7.8874507,1.24000001,0.069999963,9.58745098,1.62999988,0.139999926,11.2874508,1.86000001,0,12.9874516,2.25,0.069999963,14.6874514
12,0,0,2.75202537,0.396666586,0.0649999604,4.45202494,0.620000005,0.129999921,6.15202522,1.01666665,0,7.85202551,1.24000001,0.0649999604,9.55202579,1.63666654,0.129999921,11.2520256,1.86000001,0,12.9520264,2.25666666,0.0649999604,14.6520262
13,0,0,2.71387529,0.403333247,0.0599999614,4.4138751,0.620000005,0.119999923,6.11387539,1.02333331,0,7.81387568,1.24000001,0.0599999614,9.51387596,1.6433332,0.119999923,11.2138758,1.86000001,0,12.9138765,2.26333332,0.0599999614,14.6138763
14,0,0,2.67300034,0.409999907,0.0549999624,4.37300014,0.620000005,0.109999925,6.07300043,1.02999997,0,7.77300072,1.24000001,0.0549999624,9.47300053,1.64999986,0.109999925,11.1730003,1.86000001,0,12.8730011,2.26999998,0.0549999624,14.5730009
15,0,0,2.62940025,0.416666567,0.0499999635,4.32940006,0.620000005,0.099999927,6.02940035,1.03666663,0,7.72940063,1.24000001,0.0499999635,9.42940044,1.65666652,0.099999927,11.1294003,1.86000001,0,12.829401,2.27666664,0.0499999635,14.5294008
16,0,0,2.58307528,0.423333228,0.0449999645,4.28307486,0.620000005,0.0899999291,5.98307514,1.04333329,0,7.68307543,1.24000001,0.0449999645,9.38307571,1.66333318,0.0899999291,11.0830755,1.86000001,0,12.7830763,2.2833333,0.0449999645,14.4830761
17,0,0,2.53402519,0.429999888,0.0399999656,4.234025,0.620000005,0.0799999312,5.93402529,1.04999995,0,7.63402557,1.24000001,0.0399999656,9.33402538,1.66999984,0.0799999312,11.0340252,1.86000001,0,12.734026,2.28999996,0.0399999656,14.4340258
18,0,0,2.48225021,0.436666548,0.0349999666,4.18225002,0.620000005,0.0699999332,5.88225031,1.05666661,0,7.5822506,1.24000001,0.0349999666,9.2822504,1.6766665,0.0699999332,10.9822502,1.86000001,0,12.682251,2.29666662,0.0349999666,14.3822508
19,0,0,2.42775011,0.443333209,0.0299999658,4.12774992,0.620000005,0.0599999316,5.82775021,1.06333327,0,7.52775049,1.24000001,0.0299999658,9.22775078,1.68333316,0.0599999316,10.9277506,1.86000001,0,12.6277514,2.30333328,0.0299999658,14.3277512
20,0,0,2.37052512,0.449999869,0.024999965,4.07052469,0.620000005,0.04999993,5.77052498,1.06999993,0,7.47052526,1.24000001,0.024999965,9.17052555,1.68999982,0.04999993,10.8705254,1.86000001,0,12.5705261,2.30999994,0.024999965,14.2705259
21,0,0,2.31057501,0.456666529,0.0199999642,4.01057482,0.620000005,0.0399999283,5.7105751,1.07666659,0,7.41057539,1.24000001,0.0199999642,9.11057568,1.69666648,0.0399999283,10.8105755,1.86000001,0,12.5105762,2.3166666,0.0199999642,14.2105761
22,0,0,2.24790001,0.463333189,0.0149999633,3.94789982,0.620000005,0.0299999267,5.6479001,1.08333325,0,7.34790039,1.24000001,0.0149999633,9.0479002,1.70333314,0.0299999267,10.7479,1.86000001,0,12.4479008,2.32333326,0.0149999633,14.1479006
23,0,0,2.18249989,0.46999985,0.00999996252,3.88249969,0.620000005,0.019999925,5.58249998,1.08999991,0,7.28250027,1.24000001,0.00999996252,8.98250008,1.7099998,0.019999925,10.6824999,1.86000001,0,12.3825006,2.32999992,0.00999996252,14.0825005
24,0,0,2.11437488,0.47666651,0.00499996217,3.81437469,0.620000005,0.00999992434,5.51437473,1.09666657,0,7.2143755,1.24000001,0.00499996217,8.91437531,1.71666646,0.00999992434,10.6143751,1.86000001,0,12.3143759,2.33666658,0.00499996217,14.0143757
25,0,0,2.04352474,0.48333317,-3.81842256e-08,3.74352455,0.620000005,-7.63684511e-08,5.44352484,1.10333323,0,7.1435256,1.24000001,-3.81842256e-08,8.84352493,1.72333312,-7.63684511e-08,10.5435247,1.86000001,0,12.2435255,2.34333324,-3.81842256e-08,13.9435253
26,0,0,1.96994972,0.489999831,-0.00500003854,3.66994953,0.620000005,-0.0100000771,5.36994982,1.1099999,0,7.06995058,1.24000001,-0.00500003854,8.76994991,1.72999978,-0.0100000771,10.4699497,1.86000001,0,12.1699505,2.3499999,-0.00500003854,13.8699503
27,0,0,1.8936497,0.496666491,-0.0100000389,3.59364963,0.620000005,-0.0200000778,5.29364967,1.11666656,0,6.99365044,1.24000001,-0.0100000389,8.69365025,1.73666644,-0.0200000778,10.3936501,1.86000001,0,12.0936508,2.35666656,-0.0100000389,13.7936506
28,0,0,1.81462467,0.503333151,-0.0150000397,3.5146246,0.620000005,-0.0300000794,5.21462488,1.12333322,0,6.91462564,1.24000001,-0.0150000397,8.61462498,1.7433331,-0.0300000794,10.3146248,1.86000001,0,12.0146255,2.36333323,-0.0150000397,13.7146254
29,0,0,1.73287463,0.509999812,-0.0200000405,3.43287468,0.620000005,-0.0400000811,5.13287497,1.12999988,0,6.83287573,1.24000001,-0.0200000405,8.53287506,1.74999976,-0.0400000811,10.2328749,1.86000001,0,11.9328756,2.36999989,-0.0200000405,13.6328754
30,0,0,1.64839959,0.516666472,-0.0250000414,3.34839964,0.620000005,-0.0500000827,5.04839993,1.13666654,0,6.74840069,1.24000001,-0.0250000414,8.4484005,1.75666642,-0.0500000827,10.1484003,1.86000001,0,11.8484011,2.37666655,-0.0250000414,13.5484009
31,0,0,1.56119955,0.523333132,-0.0300000422,3.26119971,0.620000005,-0.0600000843,4.96119976,1.1433332,0,6.66120052,1.24000001,-0.0300000422,8.36120033,1.76333308,-0.0600000843,10.0612001,1.86000001,0,11.7612009,2.38333321,-0.0300000422,13.4612007
32,0,0,1.4712745,0.529999793,-0.0350000411,3.17127466,0.620000005,-0.0700000823,4.87127495,1.14999986,0,6.57127571,1.24000001,-0.0350000411,8.27127552,1.76999974,-0.0700000823,9.97127533,1.86000001,0,11.6712761,2.38999987,-0.0350000411,13.3712759
33,0,0,1.37862444,0.536666453,-0.0400000401,3.07862473,0.620000005,-0.0800000802,4.77862501,1.15666652,0,6.47862577,1.24000001,-0.0400000401,8.17862511,1.7766664,-0.0800000802,9.87862492,1.86000001,0,11.5786257,2.39666653,-0.0400000401,13.2786255
34,0,0,1.2832495,0.543333113,-0.045000039,2.98324966,0.620000005,-0.0900000781,4.68324995,1.16333318,0,6.38325071,1.24000001,-0.045000039,8.08325005,1.78333306,-0.0900000781,9.78324986,1.86000001,0,11.4832506,2.40333319,-0.045000039,13.1832504
35,0,0,1.18514955,0.549999774,-0.050000038,2.88514972,0.620000005,-0.100000076,4.58514977,1.16999984,0,6.28515053,1.24000001,-0.050000038,7.98514986,1.78999972,-0.100000076,9.68515015,1.86000001,0,11.3851509,2.40999985,-0.050000038,13.0851507
36,0,0,1.0843246,0.556666434,-0.055000037,2.78432465,0.620000005,-0.110000074,4.48432493,1.1766665,0,6.1843257,1.24000001,-0.055000037,7.88432503,1.79666638,-0.110000074,9.58432484,1.86000001,0,11.2843256,2.41666651,-0.055000037,12.9843254
37,0,0,0.980774641,0.563333094,-0.0600000359,2.68077469,0.620000005,-0.120000072,4.38077497,1.18333316,0,6.08077574,1.24000001,-0.0600000359,7.78077507,1.80333304,-0.120000072,9.48077488,1.86000001,0,11.1807756,2.42333317,-0.0600000359,12.8807755
38,0,0,0.874499679,0.569999754,-0.0650000349,2.57449961,0.620000005,-0.13000007,4.27449989,1.18999982,0,5.97450066,1.24000001,-0.0650000349,7.67449999,1.8099997,-0.13000007,9.37450027,1.86000001,0,11.074501,2.42999983,-0.0650000349,12.7745008
39,0,0,0.765499711,0.576666415,-0.0700000376,2.46549964,0.620000005,-0.140000075,4.16549969,1.19666648,0,5.86550045,1.24000001,-0.0700000376,7.56549978,1.81666636,-0.140000075,9.26550007,1.86000001,0,10.9655008,2.43666649,-0.0700000376,12.6655006
40,0,0,0.653774738,0.583333075,-0.0750000402,2.35377455,0.620000005,-0.15000008,4.05377483,1.20333314,0,5.7537756,1.24000001,-0.0750000402,7.45377493,1.82333302,-0.15000008,9.15377522,1.86000001,0,10.853776,2.44333315,-0.0750000402,12.5537758
41,0,0,0.53932476,0.589999735,-0.0800000429,2.23932457,0.620000005,-0.160000086,3.93932486,1.2099998,0,5.63932562,1.24000001,-0.0800000429,7.33932495,1.82999969,-0.160000086,9.03932571,1.86000001,0,10.7393265,2.44999981,-0.0800000429,12.4393253
42,0,0,0.422149777,0.596666396,-0.0850000456,2.12214971,0.620000005,-0.170000091,3.82214999,1.21666646,0,5.52215052,1.24000001,-0.0850000456,7.22214985,1.83666635,-0.170000091,8.92215061,1.86000001,0,10.6221514,2.45666647,-0.0850000456,12.3221502
43,0,0,0.302249789,0.603333056,-0.0900000483,2.00224972,0.620000005,-0.180000097,3.70225,1.22333312,0,5.40225077,1.24000001,-0.0900000483,7.1022501,1.84333301,-0.180000097,8.80225086,1.86000001,0,10.5022516,2.46333313,-0.0900000483,12.2022505
44,0,0,0.179624826,0.609999716,-0.095000051,1.87962472,0.620000005,-0.190000102,3.57962513,1.22999978,0,5.27962589,1.24000001,-0.095000051,6.97962523,1.84999967,-0.190000102,8.67962551,1.86000001,0,10.3796263,2.46999979,-0.095000051,12.0796251
45,0,0,0.20352076,0.616666377,-0.100000054,1.75427473,0.620000005,-0.200000107,3.45427513,1.23666644,0,5.15427589,1.24000001,-0.100000054,6.85427523,1.85666633,-0.200000107,8.55427551,1.86000001,0,10.2542763,2.47666645,-0.100000054,11.9542751
46,0,0,0.224691704,0.623333037,-0.105000056,1.62619972,0.620000005,-0.210000113,3.32620025,1.2433331,0,5.02620077,1.24000001,-0.105000056,6.7262001,1.86333299,-0.210000113,8.42620087,1.86000001,0,10.1262016,2.48333311,-0.105000056,11.8262005
47,0,0,0.243137643,0.629999697,-0.110000059,1.49539971,0.620000005,-0.220000118,3.19540024,1.24999976,0,4.895401,1.24000001,-0.110000059,6.59540033,1.86999965,-0.220000118,8.29540062,1.86000001,0,9.99540138,2.48999977,-0.110000059,11.6954002
48,0,0,0.258858591,0.636666358,-0.115000062,1.3618747,0.620000005,-0.230000123,3.06187534,1.25666642,0,4.76187611,1.24000001,-0.115000062,6.46187544,1.87666631,-0.230000123,8.16187572,1.86000001,0,9.86187649,2.49666643,-0.115000062,11.5618753
49,0,0,0.27185452,0.643333018,-0.120000064,1.2256248,0.620000005,-0.240000129,2.92562532,1.26333308,0,4.62562609,1.24000001,-0.120000064,6.32562542,1.88333297,-0.240000129,8.02562618,1.86000001,0,9.72562695,2.50333309,-0.120000064,11.4256258
50,0,0,0.282125443,0.649999678,-0.12500006,1.08664989,0.620000005,-0.250000119,2.78665042,1.26999974,0,4.48665094,1.24000001,-0.12500006,6.18665028,1.88999963,-0.250000119,7.88665104,1.86000001,0,9.5866518,2.50999975,-0.12500006,11.2866507
51,0,0,0.289671391,0.656666338,-0.130000055,0.944949925,0.620000005,-0.26000011,2.64495039,1.2766664,0,4.34495115,1.24000001,-0.130000055,6.04495049,1.89666629,-0.26000011,7.74495125,1.86000001,0,9.44495201,2.51666641,-0.130000055,11.1449509
52,-0.061220739,-1.51147663e-08,0.291588068,0.716147423,-0.135000035,0.915844738,0.620000005,-0.2700001,2.50052547,1.28333306,0,4.20052624,1.24000001,-0.13500005,5.90052557,1.90333295,-0.2700001,7.60052633,1.86000001,0,9.30052662,2.52333307,-0.13500005,11.0005255
53,-0.122441478,-3.02295327e-08,0.293267488,0.775628507,-0.140000015,0.884014547,0.620000005,-0.280000091,2.35337543,1.28999972,0,4.0533762,1.24000001,-0.140000045,5.75337553,1.90999961,-0.280000091,7.45337629,1.86000001,0,9.15337658,2.52999973,-0.140000045,10.8533754
54,-0.183662221,-4.53443008e-08,0.294611126,0.835109591,-0.144999996,0.84945941,0.620000005,-0.290000081,2.20350051,1.29666638,0,3.90350127,1.24000001,-0.145000041,5.60350037,1.91666627,-0.290000081,7.30350113,1.86000001,0,9.00350189,2.53666639,-0.145000041,10.7035007
55,-0.244882956,-6.04590653e-08,0.295685947,0.894590676,-0.149999976,0.812179267,0.620000005,-0.300000072,2.05090046,1.30333304,0,3.75090122,1.24000001,-0.150000036,5.45090055,1.92333293,-0.300000072,7.15090132,1.86000001,0,8.8509016,2.54333305,-0.150000036,10.5509005
56,-0.306103706,-7.55738299e-08,0.296545744,0.95407176,-0.154999956,0.77217412,0.620000005,-0.310000062,1.89557552,1.3099997,0,3.59557629,1.24000001,-0.155000031,5.29557562,1.92999959,-0.310000062,6.99557638,1.86000001,0,8.69557667,2.54999971,-0.155000031,10.3955755
57,-0.367324442,-9.06885944e-08,0.297233522,1.0135529,-0.159999937,0.729443967,0.620000005,-0.320000052,1.73752558,1.31666636,0,3.43752646,1.24000001,-0.160000026,5.13752556,1.93666625,-0.320000052,6.83752632,1.86000001,0,8.53752708,2.55666637,-0.160000026,10.2375259
58,-0.428545177,-1.05803359e-07,0.297783703,1.08476889,-0.167911634,0.652656436,0.609772444,-0.327462345,1.6040585,1.32333302,0,3.27675152,1.24000001,-0.165000021,4.97675085,1.94333291,-0.330000043,6.67675161,1.86000001,0,8.3767519,2.56333303,-0.165000021,10.0767508
59,-0.489765912,-1.20918131e-07,0.298223823,1.15598488,-0.175823331,0.573143959,0.599544883,-0.334924638,1.46786642,1.32999969,0,3.11325169,1.24000001,-0.170000017,4.81325102,1.94999957,-0.340000033,6.51325178,1.86000001,0,8.21325207,2.56999969,-0.170000017,9.91325092
60,-0.550986648,-1.36032895e-07,0.298575908,1.22720087,-0.183735028,0.511250794,0.589317322,-0.342386931,1.32894933,1.33666635,0,2.94702673,1.24000001,-0.175000012,4.64702606,1.95666623,-0.350000024,6.34702682,1.86000001,0,8.04702759,2.57666636,-0.175000012,9.74702644
61,-0.612207413,-1.5114766e-07,0.29885754,1.29841685,-0.191646725,0.446632653,0.579089761,-0.349849224,1.18730724,1.34333301,0,2.77807689,1.24000001,-0.180000007,4.47807598,1.96333289,-0.360000014,6.17807674,1.86000001,0,7.87807751,2.58333302,-0.180000007,9.57807636
62,-0.673428178,-1.66262424e-07,0.299082845,1.36963284,-0.199558422,0.415950239,0.5688622,-0.357311517,1.04294014,1.34999967,0,2.60640192,1.24000001,-0.185000002,4.30640125,1.96999955,-0.370000005,6.00640202,1.86000001,0,7.70640278,2.58999968,-0.185000002,9.40640163
63,-0.734648943,-1.81377189e-07,0.29926306,1.47968268,-0.203052431,0.367859423,0.524788797,-0.368624061,0.973435581,1.35666633,0,2.43200207,1.24000001,-0.189999998,4.1320014,1.97666621,-0.379999995,5.83200216,1.86000001,0,7.53200293,2.59666634,-0.189999998,9.2320013
64,-0.795869708,-1.96491953e-07,0.299407214,1.59658515,-0.204172119,0.374377698,0.474742979,-0.38200596,0.91591537,1.36333299,0,2.25487709,1.24000001,-0.194999993,3.95487642,1.98333287,-0.389999986,5.65487719,1.86000001,0,7.35487795,2.603333,-0.194999993,9.05487633
65,-0.857090473,-2.11606718e-07,0.299522549,1.71348763,-0.205291808,0.37962985,0.424697161,-0.395387858,0.855670154,1.36999965,0,2.07502723,1.24000001,-0.199999988,3.77502656,1.98999953,-0.399999976,5.47502708,1.86000001,0,7.17502785,2.60999966,-0.199999988,8.8750267
66,-0.918311238,-2.26721482e-07,0.299614787,1.8303901,-0.206411496,0.383784622,0.374651343,-0.408769757,0.792699933,1.37666631,0,1.89245236,1.24000001,-0.204999983,3.59245157,1.99666619,-0.409999967,5.29245234,1.86000001,0,6.9924531,2.61666632,-0.204999983,8.69245148
67,-0.979532003,-2.41836261e-07,0.299688578,1.94729257,-0.207531184,0.387078196,0.324605525,-0.422151655,0.727004766,1.38333297,0,1.70715249,1.24000001,-0.209999979,3.4071517,2.00333285,-0.419999957,5.10715246,1.86000001,0,6.80715322,2.62333298,-0.209999979,8.5071516
68,-1.04075277,-2.5695104e-07,0.299747616,2.06419516,-0.208650872,0.389693677,0.274559706,-0.435533553,0.658584595,1.38999963,0,1.51912761,1.24000001,-0.214999974,3.2191267,2.00999951,-0.429999948,4.91912746,1.86000001,0,6.61912823,2.62999964,-0.214999974,8.31912708
69,-1.10197353,-2.72065819e-07,0.299794853,2.18109751,-0.20977056,0.391773641,0.224513888,-0.448915452,0.632347107,1.39666629,0,1.32837772,1.24000001,-0.219999969,3.02837682,2.01666617,-0.439999938,4.72837734,1.86000001,0,6.42837811,2.6366663,-0.219999969,8.12837696
70,-1.1631943,-2.87180598e-07,0.299832642,2.29799986,-0.210890248,0.393429607,0.17446807,-0.46229735,0.603384614,1.40333295,0,1.13490283,1.24000001,-0.224999964,2.83490181,2.02333283,-0.449999928,4.53490257,1.86000001,0,6.23490334,2.64333296,-0.224999964,7.93490219
71,-1.22441506,-3.02295376e-07,0.299862862,2.44448066,-0.235276565,0.394640803,0.124422252,-0.475679249,0.60380882,1.38733101,0.017831333,0.998961151,1.24000001,-0.229999959,2.63870192,2.02999949,-0.459999919,4.33870268,1.86000001,0,6.03870344,2.64999962,-0.229999959,7.7387023
72,-1.28563583,-3.17410155e-07,0.299887031,2.59096146,-0.259662867,0.395714611,0.0743764341,-0.489061147,0.601546168,1.37132907,0.035662666,0.860294461,1.24000001,-0.234999955,2.4397769,2.03666615,-0.469999909,4.13977766,1.86000001,0,5.83977842,2.65666628,-0.234999955,7.53977728
73,-1.34685659,-3.32524934e-07,0.299906373,2.73744226,-0.284049183,0.396571755,0.0243306123,-0.502443016,0.596591175,1.35532713,0.0534939989,0.718902767,1.24000001,-0.23999995,2.23812699,2.04333282,-0.4799999,3.93812776,1.86000001,0,5.63812828,2.66333294,-0.23999995,7.33812714
74,-1.40807736,-3.47639713e-07,0.29992184,2.88392305,-0.3084355,0.397256136,-0.0257152095,-0.515824914,0.589026093,1.33932519,0.0713253319,0.738859951,1.24000001,-0.244999945,2.0337522,2.04999948,-0.48999989,3.73375297,1.86000001,0,5.43375349,2.6699996,-0.244999945,7.13375235
75,-1.46929812,-3.62754491e-07,0.299934208,3.03040385,-0.332821816,0.39780277,-0.0757610351,-0.529206812,0.578914464,1.32332325,0.0891566649,0.756092131,1.24000001,-0.24999994,1.82665229,2.05666614,-0.499999881,3.52665305,1.86000001,0,5.22665358,2.67666626,-0.24999994,6.92665243
76,-1.53051889,-3.7786927e-07,0.299944103,3.17688465,-0.357208133,0.398239523,-0.125806853,-0.542588711,0.566304147,1.34466279,0.134076625,0.771260917,1.2069068,-0.27900672,1.64716291,2.0633328,-0.509999871,3.31682825,1.86000001,0,5.01682854,2.68333292,-0.254999936,6.71682739
77,-1.59173965,-3.92984049e-07,0.29995203,3.32336545,-0.381594449,0.398588568,-0.175852671,-0.555970609,0.551230669,1.37078416,0.18331486,0.780215025,1.16957569,-0.311840475,1.46963716,2.06999946,-0.519999862,3.10427833,1.86000001,0,4.80427885,2.68999958,-0.259999931,6.50427771
78,-1.65296042,-4.08098828e-07,0.299958378,3.46984625,-0.405980766,0.398867548,-0.225898489,-0.569352508,0.533719957,1.40221095,0.238800704,0.78156209,1.12754285,-0.350211054,1.29598713,2.07666612,-0.529999852,2.88900352,1.86000001,0,4.58900404,2.69666624,-0.264999926,6.2890029
79,-1.71418118,-4.23213606e-07,0.299963444,3.61632705,-0.430367082,0.399090588,-0.275944322,-0.582734406,0.513790905,1.43786085,0.301378608,0.774707317,1.08176732,-0.394866854,1.12681568,2.08333278,-0.539999843,2.67100358,1.86000001,0,4.3710041,2.7033329,-0.269999921,6.07100296
80,-1.77540195,-4.38328385e-07,0.299967498,3.76280785,-0.454753399,0.399268895,-0.32599014,-0.596116304,0.491136879,1.47600579,0.370993853,0.7622118,1.03378069,-0.445759356,0.96161741,2.08999944,-0.549999833,2.45027876,1.86000001,0,4.15027905,2.70999956,-0.274999917,5.8502779
81,-1.83662271,-4.53443164e-07,0.299970746,3.90928864,-0.479139715,0.39941147,-0.376035959,-0.609498203,0.465757847,1.51690388,0.461734712,0.743876994,0.983354092,-0.515374005,0.811259031,2.0966661,-0.559999824,2.22682881,1.86000001,0,3.9268291,2.71666622,-0.279999912,5.62682819
82,-1.89784348,-4.68557943e-07,0.299973339,4.05576944,-0.503526032,0.399525493,-0.426081777,-0.622880101,0.438832015,1.55762768,0.56020695,0.724144459,0.933081925,-0.591840446,0.664069653,2.10333276,-0.569999814,2.00065398,1.86000001,0,3.70065427,2.72333288,-0.284999907,5.40065336
83,-1.95906425,-4.83672693e-07,0.299975395,4.20225048,-0.527912319,0.399616659,-0.476127595,-0.636262,0.437845349,1.59835148,0.658679187,0.701686919,0.882809758,-0.668306887,0.673419774,2.10999942,-0.579999804,1.77175415,1.86000001,0,3.47175431,2.72999954,-0.289999902,5.17175341
84,-2.02028489,-4.98787472e-07,0.299977034,4.34873152,-0.552298605,0.399689585,-0.526173413,-0.649643898,0.434401274,1.63907528,0.757151425,0.676504374,0.828693748,-0.742255032,0.698317528,2.12009621,-0.592247069,1.54154539,1.86000001,0,3.24012947,2.7366662,-0.294999897,4.94012833
85,-2.08150554,-5.13902251e-07,0.299978375,4.49521255,-0.576684892,0.399747908,-0.576219261,-0.663025796,0.430250555,1.67979908,0.855623662,0.648596823,0.774577737,-0.816203177,0.720490277,2.130193,-0.604494333,1.30861163,1.86000001,0,3.0057795,2.74333286,-0.299999893,4.7057786
86,-2.14272618,-5.29017029e-07,0.299979419,4.64169359,-0.601071179,0.399794549,-0.626265109,-0.676407695,0.424481481,1.72052288,0.9540959,0.617964327,0.720461726,-0.890151322,0.739938021,2.14028978,-0.616741598,1.07295287,1.86000001,0,2.76870465,2.74999952,-0.304999888,4.46870375
87,-2.20394683,-5.44131808e-07,0.299980283,4.78817463,-0.625457466,0.399831861,-0.676310956,-0.689789593,0.417121619,1.76124668,1.05256808,0.584606826,0.666345716,-0.964099467,0.756660759,2.15038657,-0.628988862,0.834569097,1.86000001,0,2.52890491,2.75666618,-0.309999883,4.22890377
88,-2.26516747,-5.59246587e-07,0.299980968,4.93465567,-0.649843752,0.399861693,-0.726356804,-0.703171492,0.408174872,1.80197048,1.15104032,0.54852432,0.612229705,-1.03804767,0.770658493,2.16048336,-0.641236126,0.593460321,1.86000001,0,2.28638005,2.76333284,-0.314999878,3.98637891
89,-2.32638812,-5.74361366e-07,0.299981505,5.0811367,-0.674230039,0.399885565,-0.776402652,-0.71655339,0.397018135,1.84269428,1.24951255,0.535397589,0.558113694,-1.11199582,0.781931221,2.17058015,-0.653483391,0.622049809,1.86000001,0,2.0411303,2.7699995,-0.319999874,3.74112916
90,-2.38760877,-5.89476144e-07,0.299981952,5.22761774,-0.698616326,0.399904668,-0.8264485,-0.729935288,0.384950846,1.88341808,1.34798479,0.519909978,0.503997684,-1.18594396,0.790478945,2.18067694,-0.665730655,0.64791429,1.86000001,0,1.79315543,2.77666616,-0.324999869,3.49315429
91,-2.44882941,-6.04590923e-07,0.29998228,5.37409878,-0.723002613,0.399919927,-0.876494348,-0.743317187,0.371189713,1.92414188,1.44645703,0.517674506,0.449881703,-1.25989211,0.796301663,2.17280126,-0.677789569,0.636478722,1.87613726,-0.000169096616,1.62248778,2.78333282,-0.329999864,3.24245453
92,-2.51005006,-6.19705702e-07,0.299982548,5.52057981,-0.747388899,0.399932146,-0.926540196,-0.756699085,0.355696708,1.96486568,1.54492927,0.513443053,0.395765722,-1.33384025,0.799399376,2.16152978,-0.714511573,0.68554616,1.89532351,0.0218064617,1.61135876,2.78999949,-0.334999859,2.98902965
93,-2.5712707,-6.34820481e-07,0.299982756,5.66706085,-0.771775186,0.399941921,-0.976586044,-0.770080984,0.338017911,2.00558949,1.6434015,0.507249177,0.341649741,-1.4077884,0.799772084,2.16280365,-0.763143599,0.734208167,1.90324545,0.0544759035,1.64942122,2.79666615,-0.339999855,2.73287988
94,-2.63249135,-6.49935259e-07,0.299982935,5.81354189,-0.796161473,0.399949759,-1.02663183,-0.783462882,0.340398133,2.04631329,1.74187374,0.499148041,0.28753376,-1.48173654,0.797419786,2.18147206,-0.822357833,0.780549705,1.86127818,0.144401819,1.63644195,2.83427453,-0.388115823,2.54906511
95,-2.693712,-6.65050038e-07,0.299983084,5.96002293,-0.82054776,0.399956018,-1.07667768,-0.79684478,0.34232834,2.08703709,1.84034598,0.48916167,0.233417779,-1.55568469,0.792342484,2.20014048,-0.881572068,0.824166238,1.8193109,0.234327734,1.62073767,2.87188292,-0.436231792,2.36252546
96,-2.75493264,-6.80164817e-07,0.299983203,6.10650396,-0.844934046,0.399961025,-1.12672353,-0.810226679,0.34386757,2.12776089,1.93881822,0.476809263,0.179301798,-1.62963283,0.784540176,2.21880889,-0.940786302,0.865057766,1.77734363,0.324253649,1.60230839,2.9094913,-0.484347761,2.17326069
97,-2.81615329,-6.95279596e-07,0.299983293,6.252985,-0.869320333,0.399965018,-1.17676938,-0.823608577,0.345095724,2.16848469,2.03729033,0.46312058,0.125185817,-1.70358098,0.774012923,2.21269393,-1.00122237,0.890978575,1.73537636,0.414179564,1.58115411,2.96719098,-0.531473279,1.9918344
98,-2.87737393,-7.10394374e-07,0.299983382,6.39946604,-0.89370662,0.399968237,-1.22681522,-0.836990476,0.346076161,2.20920849,2.13576245,0.447083116,0.0710698366,-1.77752912,0.760760665,2.20526767,-1.06180394,0.913570046,1.69340909,0.504105449,1.55727482,3.02595353,-0.57848084,1.80817294
99,-2.93859458,-7.25509153e-07,0.299983442,6.54594707,-0.918092906,0.3999708,-1.27686107,-0.850372374,0.346859157,2.24993229,2.23423457,0.428708196,0.0169538558,-1.85147727,0.744783401,2.18285632,-1.12620902,0.924815178,1.65144181,0.594031334,1.53067052,3.09686422,-0.62238878,1.6287756
100,-2.99981523,-7.40623932e-07,0.299983472,6.69242811,-0.942479193,0.399972856,-1.32690692,-0.863754272,0.347484678,2.29065609,2.33270669,0.409284681,-0.0371621251,-1.92542541,0.726081133,2.14639378,-1.19684362,0.923510432,1.60947454,0.683957219,1.50134122,3.1791656,-0.661246657,1.45461798
101,-3.06103587,-7.55738711e-07,0.299983501,6.83890915,-0.96686548,0.399974495,-1.37695277,-0.877136171,0.347984523,2.33137989,2.43117881,0.387773067,-0.091278106,-1.99937356,0.704653859,2.10405827,-1.27147329,0.914776266,1.56750727,0.773883104,1.46928692,3.26622796,-0.696865857,1.28154898
102,-3.12225652,-7.70853489e-07,0.299983531,6.98539019,-0.991251767,0.399975806,-1.42699862,-0.890518069,0.348384023,2.37210369,2.52965093,0.392430037,-0.145394087,-2.07332182,0.68050158,2.06172276,-1.34610295,0.903317094,1.52553999,0.86380899,1.43450761,3.35329032,-0.732485056,1.10575509
103,-3.18347716,-7.85968268e-07,0.299983561,7.13187122,-1.01563811,0.39997685,-1.47704446,-0.903899968,0.348703384,2.41282749,2.62812304,0.395434767,-0.199510068,-2.14726996,0.653624296,2.01938725,-1.42073262,0.889132917,1.48357272,0.953734875,1.39700329,3.44035268,-0.768104255,0.92723614
104,-3.24469781,-8.01083047e-07,0.299983561,7.27835226,-1.0400244,0.399977684,-1.52709031,-0.917281866,0.348958701,2.45355129,2.72659516,0.396822602,-0.253626049,-2.22121811,0.624022007,1.97705173,-1.49536228,0.872223735,1.44160545,1.04366076,1.35677397,3.52741504,-0.803723454,0.745992184
105,-3.30591846,-8.16197826e-07,0.299983591,7.4248333,-1.06441069,0.39997834,-1.57713616,-0.930663764,0.349162847,2.49427509,2.82506728,0.396673024,-0.307742029,-2.29516625,0.62137413,1.93471622,-1.56999195,0.852589548,1.39963818,1.13358665,1.31381965,3.6144774,-0.839342654,0.694111228
106,-3.3671391,-8.31312605e-07,0.299983621,7.57131433,-1.08879697,0.399978906,-1.62718201,-0.944045663,0.349326104,2.53499889,2.9235394,0.395041019,-0.36185801,-2.3691144,0.616322339,1.89238071,-1.64462161,0.830230355,1.3576709,1.22351253,1.26814032,3.70153975,-0.874961853,0.639505267
107,-3.42835975,-8.46427383e-07,0.299983621,7.71779537,-1.11318326,0.399979323,-1.67722785,-0.957427561,0.349456638,2.57572269,3.02201152,0.396025836,-0.415973991,-2.44306254,0.60886842,1.8500452,-1.71925128,0.805146158,1.31570363,1.31343842,1.21973598,3.78860211,-0.910581052,0.582174301
108,-3.48958039,-8.61542162e-07,0.299983621,7.86427641,-1.13756955,0.399979681,-1.7272737,-0.97080946,0.349561065,2.6164465,3.12048364,0.396817774,-0.470089972,-2.51701069,0.599102914,1.80770969,-1.79388094,0.777336955,1.27373636,1.4033643,1.16860664,3.87566447,-0.946200252,0.52211833
109,-3.55080104,-8.76656941e-07,0.299983621,8.01075745,-1.16195583,0.399979949,-1.77731955,-0.984191358,0.349644572,2.6571703,3.21895576,0.397450656,-0.524205923,-2.59095883,0.587094307,1.76537418,-1.8685106,0.746802747,1.23176908,1.49329019,1.11475229,3.96272683,-0.981819451,0.524624467
110,-3.61202168,-8.9177172e-07,0.299983621,8.15723801,-1.18634212,0.399980187,-1.8273654,-0.997573256,0.349711359,2.6978941,3.31742787,0.397956491,-0.578321934,-2.66490698,0.572893858,1.72303867,-1.94314027,0.713543534,1.18980181,1.58321607,1.05817294,4.04978943,-1.01743865,0.532090127
111,-3.67324233,-9.06886498e-07,0.29998365,8.30371857,-1.21072841,0.399980366,-1.87741125,-1.0109551,0.349764794,2.7386179,3.41589999,0.398360878,-0.632437944,-2.73885512,0.556539774,1.68070316,-2.01776981,0.677559316,1.14783454,1.67314196,0.998868644,4.13685179,-1.05305791,0.537923217
112,-3.73446298,-9.22001277e-07,0.29998365,8.45019913,-1.23511469,0.399980515,-1.92745709,-1.02433693,0.349807531,2.7793417,3.51437211,0.398684174,-0.686553955,-2.81280327,0.538060606,1.63836765,-2.09239936,0.638850093,1.10586727,1.76306784,0.936839342,4.22391415,-1.08867717,0.542124271
113,-3.79568362,-9.37116056e-07,0.29998365,8.59667969,-1.25950098,0.399980634,-1.97750294,-1.03771877,0.349841714,2.8200655,3.61284423,0.398942709,-0.740669966,-2.88675141,0.517478466,1.59603214,-2.1670289,0.620804012,1.06389999,1.85299373,0.872085035,4.31097651,-1.12429643,0.544715047
114,-3.85690427,-9.52230835e-07,0.29998365,8.74316025,-1.28388727,0.399980724,-2.02754879,-1.05110061,0.349869072,2.8607893,3.71131635,0.399149448,-0.794785976,-2.96069956,0.50070864,1.55369663,-2.24165845,0.600032926,1.02193272,1.94291961,0.804605722,4.39803886,-1.15991569,0.545712709
115,-3.91812491,-9.67345613e-07,0.29998365,8.88964081,-1.30827355,0.399980813,-2.07759452,-1.06448245,0.349890918,2.9015131,3.80978847,0.399314761,-0.848901987,-3.0346477,0.482181281,1.51136112,-2.31628799,0.576536834,0.979965508,2.0328455,0.734401405,4.48510122,-1.19553494,0.545130312
116,-3.97934556,-9.82460392e-07,0.29998365,9.03612137,-1.33265984,0.399980873,-2.12764025,-1.07786429,0.349908412,2.9422369,3.90826058,0.399446964,-0.903017998,-3.10859585,0.461883217,1.46902561,-2.39091754,0.584228396,0.937998295,2.1227715,0.661472082,4.57216358,-1.2311542,0.542977035
117,-4.04056644,-9.97575171e-07,0.29998365,9.18260193,-1.35704613,0.399980903,-2.17768598,-1.09124613,0.349922389,2.9829607,4.00673294,0.399552703,-0.957134008,-3.18254399,0.439817607,1.4266901,-2.46554708,0.589441538,0.896031082,2.21269751,0.636256754,4.65922594,-1.26677346,0.539258778
118,-4.10178709,-1.01268995e-06,0.29998365,9.32908249,-1.38143241,0.399980932,-2.2277317,-1.10462797,0.349933565,3.0236845,4.10520506,0.399637282,-1.01125002,-3.25649214,0.415988445,1.38435459,-2.54017663,0.592237175,0.854063869,2.30262351,0.608316422,4.7462883,-1.30239272,0.53397876
119,-4.16300774,-1.02780473e-06,0.29998365,9.47556305,-1.4058187,0.399980962,-2.27777743,-1.11800981,0.349942505,3.0644083,4.20367718,0.399704933,-1.06536603,-3.33044028,0.410755038,1.34201908,-2.61480618,0.592774451,0.812096655,2.39254951,0.640030861,4.83335066,-1.33801198,0.540000737
120,-4.22422838,-1.04291951e-06,0.29998365,9.62204361,-1.43020499,0.399980962,-2.32782316,-1.13139164,0.349949658,3.1051321,4.3021493,0.399759024,-1.11948204,-3.40438843,0.403919756,1.29968357,-2.68943572,0.591183007,0.770129442,2.48247552,0.670557976,4.92041302,-1.37363124,0.544960022
121,-4.28544903,-1.05803429e-06,0.29998365,9.76852417,-1.45459127,0.399980992,-2.37786889,-1.14477348,0.34995538,3.1458559,4.40062141,0.399802297,-1.17359805,-3.47833657,0.39544785,1.25734806,-2.76406527,0.587569416,0.728162229,2.57240152,0.699601948,5.00747538,-1.4092505,0.548909664
122,-4.34666967,-1.07314906e-06,0.29998365,9.91500473,-1.47897756,0.399981022,-2.42791462,-1.15815532,0.34995997,3.1865797,4.49909353,0.399836928,-1.22771406,-3.55228472,0.396399409,1.21501255,-2.83869481,0.582022309,0.686195016,2.66232753,0.72712183,5.09453773,-1.44486976,0.551947773
123,-4.40789032,-1.08826384e-06,0.29998365,10.0614853,-1.50336385,0.399981022,-2.47796035,-1.17153716,0.349963635,3.2273035,4.59756565,0.399864614,-1.28183007,-3.62623286,0.400744587,1.17267704,-2.91332436,0.574616492,0.644227803,2.75225353,0.753074408,5.18160009,-1.48048902,0.554153204
124,-4.46911097,-1.10337862e-06,0.29998365,10.2079659,-1.52775013,0.399981022,-2.52800608,-1.184919,0.349966556,3.26802731,4.69603777,0.399886757,-1.33594608,-3.70018101,0.403669089,1.13034153,-2.9879539,0.565416157,0.60226059,2.84217954,0.777412951,5.26866245,-1.51610827,0.555587053
125,-4.53033161,-1.1184934e-06,0.29998365,10.3544464,-1.55213642,0.399981022,-2.57805181,-1.19830084,0.34996891,3.30875111,4.79450989,0.39990446,-1.39006209,-3.77412915,0.405214041,1.08800602,-3.06258345,0.57901758,0.560293376,2.93210554,0.800086975,5.35572481,-1.55172753,0.556294262
126,-4.59155226,-1.13360818e-06,0.29998365,10.500927,-1.57652271,0.399981052,-2.62809753,-1.21168268,0.349970788,3.34947491,4.89298201,0.399918646,-1.4441781,-3.8480773,0.405418992,1.04567051,-3.13721299,0.590808511,0.518326163,3.02203155,0.821041524,5.44278717,-1.58734679,0.556304932
127,-4.6527729,-1.14872296e-06,0.29998365,10.6474075,-1.60090899,0.399981052,-2.67814326,-1.22506452,0.349972278,3.39019871,4.99145412,0.399929971,-1.49829412,-3.92202544,0.404308885,1.003335,-3.21184254,0.60079962,0.47635892,3.11195755,0.840216696,5.52984953,-1.62296605,0.555635571
128,-4.71399355,-1.16383774e-06,0.29998365,10.7938881,-1.62529528,0.399981052,-2.72818899,-1.23844635,0.34997347,3.43092251,5.08992624,0.39993906,-1.55241013,-3.99597359,0.401895016,0.960999548,-3.28647208,0.609077394,0.434391677,3.20188355,0.857546985,5.61691189,-1.65858531,0.554290056
129,-4.7752142,-1.17895252e-06,0.29998365,10.9403687,-1.64968157,0.399981052,-2.77823472,-1.25182819,0.349974424,3.47164631,5.18839836,0.399946302,-1.60652614,-4.06992197,0.398176283,0.918664098,-3.36110163,0.615713716,0.392424434,3.29180956,0.872960925,5.70397425,-1.69420457,0.552260518
130,-4.83643484,-1.19406729e-06,0.29998365,11.0868492,-1.67406785,0.399981052,-2.82828045,-1.26521003,0.349975199,3.51237011,5.28687048,0.399952114,-1.66064215,-4.14387035,0.398527175,0.876328647,-3.43573117,0.620767713,0.350457191,3.38173556,0.886381507,5.79103661,-1.72982383,0.549528182
131,-4.89765549,-1.20918207e-06,0.29998365,11.2333298,-1.69845414,0.399981052,-2.87832618,-1.27859187,0.349975824,3.55309391,5.3853426,0.399956763,-1.71475816,-4.21781874,0.398816288,0.833993196,-3.51036072,0.624287367,0.308489949,3.47166157,0.897077084,5.87809896,-1.76544309,0.545012534
132,-4.95887613,-1.22429685e-06,0.29998365,11.3798103,-1.72284043,0.399981052,-2.92837191,-1.29197371,0.349976331,3.59381771,5.48381472,0.399960458,-1.76887417,-4.29176712,0.399047583,0.791657746,-3.58499026,0.626310825,0.266522706,3.56158757,0.905047655,5.96516132,-1.80106235,0.540949702
133,-5.02009678,-1.23941163e-06,0.29998365,11.5262909,-1.74722672,0.399981052,-2.97841763,-1.30535555,0.349976718,3.63454151,5.58228683,0.399963409,-1.82299018,-4.3657155,0.399232596,0.749322295,-3.65961981,0.626867533,0.224555463,3.65151358,0.912351787,6.05222368,-1.8366816,0.536040485
134,-5.08131742,-1.25452641e-06,0.29998365,11.6727715,-1.771613,0.399981052,-3.02846336,-1.31873739,0.349977046,3.67526531,5.68075895,0.399965793,-1.87710619,-4.43966389,0.399380565,0.706986845,-3.73424935,0.625979006,0.18258822,3.74143958,0.916930914,6.13928604,-1.87230086,0.530231953
135,-5.14253807,-1.26964119e-06,0.29998365,11.819252,-1.79599929,0.399981052,-3.07850909,-1.33211923,0.349977285,3.71598911,5.77923107,0.39996767,-1.9312222,-4.51361227,0.39949894,0.664651394,-3.8088789,0.62365973,0.140620977,3.83136559,0.918785036,6.2263484,-1.90792012,0.522737503
136,-5.20375872,-1.28475597e-06,0.29998365,11.9657326,-1.82038558,0.399981081,-3.12855482,-1.34550107,0.349977463,3.75671291,5.87770319,0.39996919,-1.98533821,-4.58756065,0.399593621,0.622315943,-3.88350844,0.619917929,0.0986537412,3.92129159,0.917914152,6.31341076,-1.94353938,0.515075922
137,-5.26497936,-1.29987075e-06,0.29998365,12.1122131,-1.84477186,0.399981081,-3.17860055,-1.3588829,0.349977612,3.79743671,5.97617531,0.399970412,-2.03945422,-4.66150904,0.399669349,0.579980493,-3.95813799,0.614756525,0.0566865057,4.01121759,0.914318264,6.40047312,-1.97915864,0.506311953
138,-5.32620001,-1.31498552e-06,0.29998365,12.2586937,-1.86915815,0.399981052,-3.22864628,-1.37226474,0.349977732,3.83816051,6.07464743,0.399971366,-2.09357023,-4.73545742,0.399729937,0.537645042,-4.03276777,0.608173907,0.0147192702,4.10114336,0.90799737,6.48753548,-2.0147779,0.495903194
139,-5.38742065,-1.3301003e-06,0.29998365,12.4051743,-1.89354444,0.399981052,-3.27869201,-1.38564658,0.349977851,3.87888432,6.17311954,0.399972141,-2.14768624,-4.8094058,0.399778396,0.495309591,-4.10739756,0.600164771,-0.0272479653,4.19106913,0.901569366,6.57459784,-2.05039716,0.483842582
140,-5.4486413,-1.34521508e-06,0.29998365,12.5516548,-1.91793072,0.399981052,-3.32873774,-1.39902842,0.34997794,3.91960812,6.27159166,0.399972767,-2.20180225,-4.88335419,0.399817139,0.452974141,-4.18202734,0.590721011,-0.0692152008,4.28099489,0.892416418,6.66166019,-2.08601642,0.471566677
141,-5.50986195,-1.36032986e-06,0.29998365,12.6981354,-1.94231701,0.399981052,-3.37878346,-1.41241026,0.349978,3.96033192,6.37006378,0.399973273,-2.25591826,-4.95730257,0.399848133,0.41063869,-4.25665712,0.579832733,-0.111182436,4.37092066,0.880538464,6.74872255,-2.12163568,0.474599451
142,-5.57108259,-1.37544464e-06,0.29998365,12.8446159,-1.9667033,0.399981052,-3.42882919,-1.4257921,0.34997806,4.00105572,6.4685359,0.399973691,-2.31003428,-5.03125095,0.399872959,0.368303239,-4.33128691,0.567488968,-0.153149664,4.46084642,0.865935504,6.83578491,-2.15725493,0.476540953
143,-5.63230324,-1.39055942e-06,0.29998365,12.9910965,-1.99108958,0.399981052,-3.47887492,-1.43917394,0.349978089,4.04177952,6.56700802,0.399973989,-2.36415029,-5.10519934,0.399892777,0.325967789,-4.40591669,0.553678632,-0.195116907,4.55077219,0.850822568,6.92284727,-2.19287419,0.477357954
144,-5.69352388,-1.4056742e-06,0.29998365,13.1375771,-2.01547599,0.399981052,-3.52892065,-1.45255578,0.349978119,4.08250332,6.66548014,0.399974257,-2.4182663,-5.17914772,0.399908632,0.283632338,-4.48054647,0.559113741,-0.23708415,4.64069796,0.832984626,7.00990963,-2.22849345,0.477075815
145,-5.75474453,-1.42078898e-06,0.29998365,13.2840576,-2.03986239,0.399981052,-3.57896638,-1.46593761,0.349978149,4.12322712,6.76395226,0.399974465,-2.47238231,-5.2530961,0.399921328,0.241296887,-4.55517626,0.563652277,-0.279051393,4.73062372,0.814042985,7.09697199,-2.26411271,0.475708157
146,-5.81596518,-1.43590376e-06,0.29998365,13.4305382,-2.0642488,0.399981052,-3.62901211,-1.47931945,0.349978179,4.16395092,6.86242437,0.399974614,-2.52649832,-5.32704449,0.399931461,0.198961437,-4.62980604,0.567367017,-0.321018636,4.82054949,0.792376339,7.18403435,-2.29973197,0.473257333
147,-5.87718582,-1.45101853e-06,0.29998365,13.5770187,-2.08863521,0.399981052,-3.67905784,-1.49270129,0.349978209,4.20467472,6.96089649,0.399974734,-2.58061433,-5.40099287,0.399939567,0.156625986,-4.70443583,0.570406973,-0.362985879,4.91047525,0.785896361,7.27109671,-2.33535123,0.473590285
148,-5.93840647,-1.46613331e-06,0.29998365,13.7234993,-2.11302161,0.399981052,-3.72910357,-1.50608313,0.349978238,4.24539852,7.05936861,0.399974853,-2.63473034,-5.47494125,0.399946064,0.114290535,-4.77906561,0.572894692,-0.404953122,5.00040102,0.778189898,7.35815907,-2.37097049,0.473864704
149,-5.99962711,-1.48124809e-06,0.29998365,13.8699799,-2.13740802,0.399981052,-3.77914929,-1.51946497,0.349978238,4.28612232,7.15784073,0.399974942,-2.68884635,-5.54888964,0.399951249,0.0719550848,-4.85369539,0.574930668,-0.446920365,5.09032679,0.769271553,7.44522142,-2.40658975,0.474084228
150,-6.06084776,-1.49636287e-06,0.29998365,14.0164604,-2.16179442,0.399981052,-3.82919502,-1.53284681,0.349978238,4.32684612,7.25631285,0.399975032,-2.74296236,-5.62283802,0.399955422,0.0296196342,-4.92832518,0.576597154,-0.488887608,5.18025255,0.759149015,7.53228378,-2.44220901,0.474259824
151,-6.12206841,-1.51147765e-06,0.29998365,14.162941,-2.18618083,0.399981052,-3.87924075,-1.54622865,0.349978238,4.36756992,7.35478497,0.399975091,-2.79707837,-5.6967864,0.39995876,-0.0127158165,-5.00295496,0.577961266,-0.530854821,5.27017832,0.747831523,7.61934614,-2.47782826,0.474400252
152,-6.18328905,-1.52659243e-06,0.29998365,14.3094215,-2.21056724,0.399981052,-3.92928648,-1.55961049,0.349978238,4.40829372,7.45325708,0.399975121,-2.85119438,-5.77073479,0.399961442,-0.0550512671,-5.07758474,0.57907784,-0.572822034,5.36010408,0.735329986,7.7064085,-2.51344752,0.474512577
153,-6.2445097,-1.54170721e-06,0.29998365,14.4559021,-2.23495364,0.399981052,-3.97933221,-1.57299232,0.349978238,4.44901752,7.5517292,0.399975151,-2.90531039,-5.84468317,0.399963588,-0.0973867178,-5.15221453,0.579991639,-0.614789248,5.45002985,0.721657634,7.79347086,-2.54906678,0.474602431
154,-6.30573034,-1.55682199e-06,0.29998365,14.6023827,-2.25934005,0.399981052,-4.02937794,-1.58637416,0.349978238,4.48974133,7.65020132,0.399975181,-2.9594264,-5.91863155,0.399965286,-0.139722168,-5.22684431,0.580739141,-0.656756461,5.53995562,0.706830084,7.88053322,-2.58468604,0.474674284
155,-6.36695099,-1.57193676e-06,0.29998365,14.7488632,-2.28372645,0.399981052,-4.0794239,-1.599756,0.349978238,4.53046513,7.74867344,0.399975181,-3.01354241,-5.99257994,0.399966627,-0.182057619,-5.30147409,0.581350029,-0.698723674,5.62988138,0.690865517,7.96759558,-2.6203053,0.474731743
156,-6.42817163,-1.58705154e-06,0.29998365,14.8953438,-2.30811286,0.399981052,-4.12946987,-1.61313784,0.349978238,4.57118893,7.84714556,0.39997521,-3.06765842,-6.06652832,0.3999677,-0.22439307,-5.37610388,0.580256879,-0.740690887,5.71980715,0.673785031,8.05465794,-2.65592456,0.474777728
157,-6.48939228,-1.60216632e-06,0.29998365,15.0418243,-2.33249927,0.399981052,-4.17951584,-1.62651968,0.349978238,4.61191273,7.94561768,0.39997524,-3.12177444,-6.1404767,0.399968594,-0.26672852,-5.45073366,0.58098048,-0.7826581,5.80973291,0.655612826,8.14172077,-2.69154382,0.474814504
158,-6.55061293,-1.6172811e-06,0.29998365,15.1883049,-2.35688567,0.399981052,-4.22956181,-1.63990152,0.349978238,4.65263653,8.04409027,0.39997527,-3.17589045,-6.21442509,0.39996928,-0.309063971,-5.52536345,0.581570685,-0.824625313,5.89965868,0.636376262,8.22878361,-2.72716308,0.474843919
159,-6.61183357,-1.63239588e-06,0.29998365,15.3347855,-2.38127208,0.399981022,-4.27960777,-1.65328336,0.349978268,4.69336033,8.14256287,0.39997527,-3.23000646,-6.28837347,0.399969846,-0.351399422,-5.59999323,0.582042873,-0.866592526,5.98958445,0.616106212,8.31584644,-2.76278234,0.474867433
160,-6.67305422,-1.64751066e-06,0.29998365,15.481266,-2.40565848,0.399981022,-4.32965374,-1.6666652,0.349978268,4.73408413,8.24103546,0.39997527,-3.28412247,-6.36232185,0.399970293,-0.393734872,-5.67462301,0.582418263,-0.90855974,6.07951021,0.59483707,8.40290928,-2.79840159,0.474886239
161,-6.73427486,-1.66262544e-06,0.29998365,15.6277466,-2.43004489,0.399981022,-4.37969971,-1.68004704,0.349978268,4.77480793,8.33950806,0.39997527,-3.33823848,-6.43627024,0.399970651,-0.436070323,-5.7492528,0.582713783,-0.950526953,6.16943598,0.57260716,8.48997211,-2.83402085,0.474901289
162,-6.79549551,-1.67774022e-06,0.29998365,15.7742271,-2.4544313,0.399981022,-4.42974567,-1.69342887,0.349978298,4.81553173,8.43798065,0.39997527,-3.39235449,-6.51021862,0.399970919,-0.478405774,-5.82388258,0.582942843,-0.992494166,6.25936174,0.583177447,8.57703495,-2.86964011,0.474913329
163,-6.85671616,-1.69285499e-06,0.29998365,15.9207077,-2.4788177,0.399981022,-4.47979164,-1.70681071,0.349978298,4.85625553,8.53645325,0.39997527,-3.4464705,-6.584167,0.399971157,-0.520741224,-5.89851236,0.581433833,-1.03446138,6.34928751,0.592995465,8.66409779,-2.90525937,0.474922955
164,-6.9179368,-1.70796977e-06,0.29998365,16.0671883,-2.50320411,0.399981022,-4.52983761,-1.72019255,0.349978298,4.89697933,8.63492584,0.39997527,-3.50058651,-6.65811539,0.399971336,-0.563076675,-5.97314215,0.581887364,-1.07642865,6.43921328,0.602012753,8.75116062,-2.94087863,0.474930644
165,-6.97915745,-1.72308455e-06,0.29998365,16.2136688,-2.52759051,0.399981022,-4.57988358,-1.73357439,0.349978298,4.93770313,8.73339844,0.39997527,-3.55470252,-6.73206377,0.399971485,-0.605412126,-6.04777193,0.582240701,-1.11839592,6.52913904,0.610217035,8.83822346,-2.97649789,0.474936813
166,-7.04037809,-1.73819933e-06,0.29998365,16.3601494,-2.55197692,0.399981052,-4.62992954,-1.74695623,0.349978298,4.97842693,8.83187103,0.39997527,-3.60881853,-6.80601215,0.399971604,-0.647747576,-6.12240171,0.582500517,-1.1603632,6.61906481,0.617599308,8.92528629,-3.01211715,0.47494173
167,-7.10159874,-1.75331411e-06,0.29998365,16.5066299,-2.57636333,0.399981052,-4.67997551,-1.76033807,0.349978298,5.01915073,8.93034363,0.39997527,-3.66293454,-6.87996054,0.399971694,-0.690083027,-6.1970315,0.582680762,-1.20233047,6.70899057,0.624153078,9.01234913,-3.04773641,0.474945664
168,-7.16281939,-1.76842889e-06,0.29998365,16.6531105,-2.60074973,0.399981052,-4.73002148,-1.77371991,0.349978298,5.05987453,9.02881622,0.39997527,-3.71705055,-6.95390892,0.399971783,-0.732418478,-6.27166128,0.582791805,-1.24429774,6.79891634,0.629873872,9.09941196,-3.08335567,0.474948823
169,-7.22404003,-1.78354367e-06,0.29998365,16.7995911,-2.62513614,0.399981052,-4.78006744,-1.78710175,0.349978298,5.10059834,9.12728882,0.39997527,-3.77116656,-7.0278573,0.399971843,-0.774753928,-6.34629107,0.582841098,-1.28626502,6.88884211,0.63475877,9.1864748,-3.11897492,0.474951357
170,-7.28526068,-1.79865845e-06,0.29998365,16.9460716,-2.64952254,0.399981052,-4.83011341,-1.80048358,0.349978298,5.14132214,9.22576141,0.3999753,-3.82528257,-7.10180569,0.399971902,-0.817089379,-6.42092085,0.58283323,-1.32823229,6.97876787,0.638805866,9.27353764,-3.15459418,0.474953383
171,-7.34648132,-1.81377322e-06,0.29998365,17.0925522,-2.67390895,0.399981052,-4.88015938,-1.81386542,0.349978298,5.18204594,9.32423401,0.3999753,-3.87939858,-7.17575407,0.399971932,-0.859424829,-6.49555063,0.581095874,-1.37019956,7.06869364,0.642014027,9.36060047,-3.19021344,0.474955022
172,-7.40770197,-1.828888e-06,0.29998365,17.2390327,-2.69829535,0.399981052,-4.93020535,-1.82724726,0.349978298,5.22276974,9.4227066,0.3999753,-3.9335146,-7.24970245,0.399971962,-0.90176028,-6.57018042,0.581297636,-1.41216683,7.1586194,0.644382596,9.44766331,-3.2258327,0.474956304
173,-7.46892262,-1.84400278e-06,0.29998365,17.3855133,-2.72268176,0.399981052,-4.98025131,-1.8406291,0.349978298,5.26349354,9.5211792,0.3999753,-3.98763061,-7.32365084,0.399971992,-0.944095731,-6.6448102,0.58138603,-1.45413411,7.24854517,0.645911038,9.53472614,-3.26145196,0.474957347
174,-7.53014326,-1.85911756e-06,0.29998365,17.5319939,-2.74706817,0.399981052,-5.03029728,-1.85401094,0.349978298,5.30421734,9.61965179,0.3999753,-4.04174662,-7.39759922,0.399972022,-0.986431181,-6.71943998,0.581359446,-1.49610138,7.33847094,0.646598876,9.62178898,-3.29707122,0.474958181
175,-7.59136391,-1.87423234e-06,0.29998365,17.6784744,-2.77145457,0.399981052,-5.08034325,-1.86739278,0.349978298,5.34494114,9.71812439,0.3999753,-4.09586239,-7.4715476,0.399972022,-1.02876663,-6.79406977,0.58122313,-1.53806865,7.4283967,0.646445453,9.70885181,-3.33269048,0.474958837
176,-7.65258455,-1.88934712e-06,0.29998365,17.824955,-2.79584098,0.399981052,-5.13038921,-1.88077462,0.349978298,5.38566494,9.81659698,0.3999753,-4.14997816,-7.54549599,0.399972051,-1.07110214,-6.86869955,0.580978036,-1.58003592,7.51832247,0.645449817,9.79591465,-3.36830974,0.474959373
177,-7.7138052,-1.9044619e-06,0.29998365,17.9714355,-2.82022738,0.399981052,-5.18043518,-1.89415646,0.349978298,5.42638874,9.91506958,0.3999753,-4.20409393,-7.61944437,0.399972051,-1.11343765,-6.94332933,0.580621123,-1.6220032,7.60824823,0.643610775,9.88297749,-3.403929,0.474959791
178,-7.77502584,-1.91957656e-06,0.29998365,18.1179161,-2.84461379,0.399981052,-5.23048115,-1.90753829,0.349978298,5.46711254,10.0135422,0.3999753,-4.25820971,-7.69339275,0.399972051,-1.15577316,-7.01795912,0.57858479,-1.66397047,7.698174,0.640926898,9.97004032,-3.43954825,0.474960148
179,-7.83624649,-1.93469123e-06,0.29998365,18.2643967,-2.8690002,0.399981052,-5.28052711,-1.92092013,0.349978298,5.50783634,10.1120148,0.3999753,-4.31232548,-7.76734114,0.399972051,-1.19810867,-7.0925889,0.578267932,-1.70593774,7.78809977,0.651487052,10.0571032,-3.47516751,0.474960417
180,-7.89746714,-1.94980589e-06,0.29998365,18.4108772,-2.8933866,0.399981052,-5.33057308,-1.93430197,0.349978298,5.54856014,10.2104874,0.3999753,-4.36644125,-7.84128952,0.399972051,-1.24044418,-7.16721869,0.577753842,-1.74790502,7.87802553,0.66046387,10.144166,-3.51078677,0.474960625
181,-7.95868778,-1.96492056e-06,0.29998365,18.5573578,-2.91777301,0.399981052,-5.38061905,-1.94768381,0.349978298,5.58928394,10.30896,0.3999753,-4.42055702,-7.9152379,0.399972051,-1.28277969,-7.24184847,0.577025831,-1.78987229,7.9679513,0.667839468,10.2312288,-3.54640603,0.474960774
182,-8.01990891,-1.98003522e-06,0.29998365,18.7038383,-2.94215941,0.399981052,-5.43066502,-1.96106565,0.349978298,5.63000774,10.4074326,0.3999753,-4.47467279,-7.98918629,0.399972051,-1.3251152,-7.31647825,0.576071084,-1.83183956,8.05787754,0.673654795,10.3182917,-3.58202529,0.474960893
183,-8.08113003,-1.99514989e-06,0.29998365,18.8503189,-2.96654582,0.399981052,-5.48071098,-1.97444749,0.349978298,5.67073154,10.5059052,0.3999753,-4.52878857,-8.06313419,0.399972051,-1.36745071,-7.39110804,0.573496819,-1.87380683,8.14780331,0.677944064,10.4053545,-3.61764455,0.474961013
184,-8.14235115,-2.01026455e-06,0.29998365,18.9967995,-2.99093223,0.399981052,-5.53075695,-1.98782933,0.349978298,5.71145535,10.6043777,0.3999753,-4.58290434,-8.1370821,0.399972051,-1.40978622,-7.46573782,0.57226783,-1.91577411,8.23772907,0.680735648,10.4924173,-3.65326381,0.474961102
185,-8.20357227,-2.02537922e-06,0.29998365,19.14328,-3.01531863,0.399981052,-5.58080292,-2.00121117,0.349978298,5.75217915,10.7028503,0.3999753,-4.63702011,-8.21103001,0.399972051,-1.45212173,-7.5403676,0.570685327,-1.95774138,8.32765484,0.682053089,10.5794802,-3.68888307,0.474961162
186,-8.2647934,-2.04049388e-06,0.29998365,19.2897606,-3.03970504,0.399981052,-5.63084888,-2.01459312,0.349978298,5.79290295,10.8013229,0.3999753,-4.69113588,-8.28497791,0.399972051,-1.49445724,-7.61499739,0.5687114,-1.99970865,8.4175806,0.681915939,10.666543,-3.72450233,0.474961221
187,-8.32601452,-2.05560855e-06,0.29998365,19.4362411,-3.06409144,0.399981052,-5.68089485,-2.02797508,0.349978298,5.83362675,10.8997955,0.3999753,-4.74525166,-8.35892582,0.399972051,-1.53679276,-7.68962717,0.565174401,-2.04167581,8.50750637,0.680340528,10.7536058,-3.76012158,0.474961251
188,-8.38723564,-2.07072321e-06,0.29998365,19.5827217,-3.08847785,0.399981052,-5.73094082,-2.04135704,0.349978298,5.87435055,10.9982681,0.3999753,-4.79936743,-8.43287373,0.399972051,-1.57912827,-7.76425695,0.562488735,-2.08364296,8.59743214,0.677340508,10.8406687,-3.79574084,0.474961281
189,-8.44845676,-2.08583788e-06,0.29998365,19.7292023,-3.11286426,0.399981052,-5.78098679,-2.054739,0.349978298,5.91507435,11.0967407,0.3999753,-4.8534832,-8.50682163,0.399972051,-1.62146378,-7.83888674,0.559230149,-2.12561011,8.6873579,0.672927618,10.9277315,-3.8313601,0.474961311
190,-8.50967789,-2.10095254e-06,0.29998365,19.8756828,-3.13725066,0.399981052,-5.83103275,-2.06812096,0.349978298,5.95579815,11.1952133,0.3999753,-4.90759897,-8.58076954,0.399972081,-1.66379929,-7.91351652,0.554449379,-2.16757727,8.77728367,0.667111933,11.0147943,-3.86697936,0.47496134
191,-8.57089901,-2.11606721e-06,0.29998365,20.0221634,-3.16163707,0.399981052,-5.88107872,-2.08150291,0.349978298,5.99652195,11.2936859,0.39997527,-4.96171474,-8.65471745,0.399972081,-1.7061348,-7.98814631,0.550003231,-2.20954442,8.86720943,0.659902811,11.1018572,-3.90259862,0.47496137
192,-8.63212013,-2.13118187e-06,0.29998365,20.168644,-3.18602347,0.399981052,-5.93112469,-2.09488487,0.349978298,6.03724575,11.3921585,0.39997527,-5.01583052,-8.72866535,0.399972081,-1.74847031,-8.06277561,0.544059396,-2.25151157,8.9571352,0.651309013,11.18892,-3.93821788,0.4749614
193,-8.69334126,-2.14629654e-06,0.29998365,20.3151245,-3.21040988,0.399981052,-5.98117065,-2.10826683,0.349978298,6.07796955,11.4906311,0.39997527,-5.06994629,-8.80261326,0.399972081,-1.79080582,-8.1374054,0.538036704,-2.29347873,9.04706097,0.64133954,11.2759829,-3.97383714,0.4749614
194,-8.75456238,-2.1614112e-06,0.29998365,20.4616051,-3.23479629,0.399981052,-6.03121662,-2.12164879,0.349978298,6.11869335,11.5891037,0.39997527,-5.12406206,-8.87656116,0.399972081,-1.83314133,-8.21203518,0.53053242,-2.33544588,9.13698673,0.63000381,11.3630457,-4.00945616,0.4749614
195,-8.8157835,-2.17652587e-06,0.29998365,20.6080856,-3.25918269,0.399981052,-6.08126259,-2.13503075,0.349978298,6.15941715,11.6875763,0.39997527,-5.17817783,-8.95050907,0.399972081,-1.87547684,-8.28666496,0.521537423,-2.37741303,9.2269125,0.617312372,11.4501085,-4.04507542,0.4749614
196,-8.87700462,-2.19164053e-06,0.29998365,20.7545662,-3.2835691,0.399981052,-6.13130856,-2.1484127,0.349978298,6.20014095,11.7860489,0.39997527,-5.23229361,-9.02445698,0.399972081,-1.91781235,-8.36129475,0.512503266,-2.41938019,9.31683826,0.603277206,11.5371714,-4.08069468,0.4749614
197,-8.93822575,-2.2067552e-06,0.29998365,20.9010468,-3.3079555,0.399981052,-6.18135452,-2.16179466,0.349978298,6.24086475,11.8845215,0.39997527,-5.28640938,-9.09840488,0.399972081,-1.96014786,-8.43592453,0.502001822,-2.46134734,9.40676403,0.587912202,11.6242342,-4.11631393,0.4749614
198,-8.99944687,-2.22186986e-06,0.29998365,21.0475273,-3.33234191,0.399981052,-6.23140049,-2.17517662,0.349978298,6.28158855,11.9829941,0.39997527,-5.34052515,-9.17235279,0.399972081,-2.00248337,-8.51055431,0.490024686,-2.5033145,9.4966898,0.571233332,11.711297,-4.15193319,0.4749614
199,-9.06066799,-2.23698453e-06,0.29998365,21.1940079,-3.35672832,0.399981052,-6.28144646,-2.18855858,0.349978298,6.32231236,12.0814667,0.39997527,-5.39464092,-9.2463007,0.399972081,-2.04481888,-8.5851841,0.47656545,-2.54528165,9.58661556,0.553259373,11.7983599,-4.18755245,0.4749614
200,-9.12188911,-2.25209919e-06,0.29998365,21.3404884,-3.38111472,0.399981052,-6.33149242,-2.20194054,0.349978298,6.36303616,12.1799393,0.39997527,-5.44875669,-9.3202486,0.399972081,-2.08715439,-8.65981388,0.461619198,-2.5872488,9.67654133,0.53401196,11.8854227,-4.22317171,0.4749614
201,-9.18311024,-2.26721386e-06,0.29998365,21.486969,-3.40550113,0.399981052,-6.38153839,-2.21532249,0.349978298,6.40375996,12.2784119,0.39997527,-5.50287247,-9.39419651,0.399972081,-2.1294899,-8.73444366,0.445183009,-2.62921596,9.76646709,0.538160682,11.9724855,-4.25879097,0.47496143
202,-9.24433136,-2.28232852e-06,0.29998365,21.6334496,-3.42988753,0.399981052,-6.43158436,-2.22870445,0.349978298,6.44448376,12.3768845,0.39997527,-5.55698824,-9.46814442,0.399972081,-2.17182541,-8.80907345,0.427256405,-2.67118311,9.85639286,0.541123688,12.0595484,-4.29441023,0.47496143
203,-9.30555248,-2.29744319e-06,0.29998365,21.7799301,-3.45427394,0.399981052,-6.48163033,-2.24208641,0.349978298,6.48520756,12.4753571,0.3999753,-5.61110401,-9.54209232,0.399972081,-2.21416092,-8.88370323,0.407841772,-2.71315026,9.94631863,0.542934179,12.1466112,-4.33002949,0.47496143
204,-9.36677361,-2.31255785e-06,0.29998365,21.9264107,-3.47866035,0.399981052,-6.53167629,-2.25546837,0.349978298,6.52593136,12.5738297,0.3999753,-5.66521978,-9.61604023,0.399972081,-2.25649643,-8.95833302,0.41407147,-2.75511742,10.0362444,0.543714285,12.233674,-4.36564875,0.47496143
205,-9.42799473,-2.32767252e-06,0.29998365,22.0728912,-3.50304675,0.399981052,-6.58172226,-2.26885033,0.349978298,6.56665516,12.6723022,0.3999753,-5.71933556,-9.68998814,0.399972081,-2.29883194,-9.0329628,0.418504924,-2.79708457,10.1261702,0.543551147,12.3207369,-4.40126801,0.47496143
206,-9.48921585,-2.34278718e-06,0.29998365,22.2193718,-3.52743316,0.399981052,-6.63176823,-2.28223228,0.349978298,6.60737896,12.7707748,0.3999753,-5.77345133,-9.76393604,0.399972081,-2.34116745,-9.10759258,0.421201766,-2.83905172,10.2160959,0.542501926,12.4077997,-4.43688726,0.47496143
207,-9.55043697,-2.35790185e-06,0.29998365,22.3658524,-3.55181956,0.399981052,-6.68181419,-2.29561424,0.349978298,6.64810276,12.8692474,0.3999753,-5.8275671,-9.83788395,0.399972081,-2.38350296,-9.18222237,0.422279537,-2.88101888,10.3060217,0.53964448,12.4948626,-4.47250652,0.47496143
208,-9.6116581,-2.37301651e-06,0.29998365,22.5123329,-3.57620597,0.399981052,-6.73186016,-2.3089962,0.349978298,6.68882656,12.96772,0.3999753,-5.88168287,-9.91183186,0.399972081,-2.42583847,-9.25685215,0.421826035,-2.92298603,10.3959475,0.537033856,12.5819254,-4.50812578,0.47496143
209,-9.67287922,-2.38813118e-06,0.29998365,22.6588135,-3.60059237,0.399981052,-6.78190613,-2.32237816,0.349978298,6.72955036,13.0661926,0.3999753,-5.93579865,-9.98577976,0.399972081,-2.46817398,-9.33148193,0.419903249,-2.96495318,10.4858732,0.533547521,12.6689882,-4.54374504,0.47496143
210,-9.73410034,-2.40324584e-06,0.29998365,22.805294,-3.62497878,0.399981052,-6.8319521,-2.33576012,0.349978298,6.77027416,13.1646652,0.3999753,-5.98991442,-10.0597277,0.399972081,-2.51050949,-9.40611172,0.420914054,-3.00692034,10.575799,0.528469086,12.7560511,-4.5793643,0.47496143
211,-9.79532146,-2.41836051e-06,0.29998365,22.9517746,-3.64936519,0.399981052,-6.88199806,-2.34914207,0.349978298,6.81099796,13.2631378,0.3999753,-6.04403019,-10.1336756,0.399972081,-2.552845,-9.4807415,0.421728224,-3.04888749,10.6657248,0.523247659,12.8431139,-4.61498356,0.47496143
212,-9.85654259,-2.43347517e-06,0.29998365,23.0982552,-3.67375159,0.399981052,-6.93204403,-2.36252403,0.349978298,6.85172176,13.3616104,0.3999753,-6.09814596,-10.2076235,0.399972081,-2.59518051,-9.55537128,0.42237848,-3.09085464,10.7556505,0.516541779,12.9301767,-4.65060282,0.47496143
213,-9.91776371,-2.44858984e-06,0.29998365,23.2447357,-3.698138,0.399981052,-6.98209,-2.37590599,0.349978298,6.89244556,13.460083,0.3999753,-6.15226173,-10.2815714,0.399972081,-2.63751602,-9.63000107,0.422897965,-3.1328218,10.8455763,0.508365989,13.0172396,-4.68622208,0.47496143
214,-9.97898483,-2.4637045e-06,0.29998365,23.3912163,-3.7225244,0.399981052,-7.03213596,-2.38928795,0.349978298,6.93316936,13.5585556,0.3999753,-6.20637751,-10.3555193,0.399972081,-2.67985153,-9.70463085,0.423313081,-3.17478895,10.9355021,0.500178635,13.1043024,-4.72184134,0.47496143
215,-10.040206,-2.47881917e-06,0.29998365,23.5376968,-3.74691081,0.399981052,-7.08218193,-2.40266991,0.349978298,6.97389317,13.6570282,0.3999753,-6.26049328,-10.4294672,0.399972081,-2.72218704,-9.77926064,0.423644871,-3.21675611,11.0254278,0.490630776,13.1913652,-4.75746059,0.47496143
216,-10.1014271,-2.49393383e-06,0.29998365,23.6841774,-3.77129722,0.399981052,-7.1322279,-2.41605186,0.349978298,7.01461697,13.7555008,0.3999753,-6.31460905,-10.5034151,0.399972081,-2.76452255,-9.85389042,0.423910111,-3.25872326,11.1153536,0.479736358,13.2784281,-4.79307985,0.47496143
217,-10.1626482,-2.5090485e-06,0.29998365,23.830658,-3.79568362,0.399981052,-7.18227386,-2.42943382,0.349978298,7.05534077,13.8539734,0.3999753,-6.36872482,-10.577363,0.399972111,-2.80685806,-9.9285202,0.424122155,-3.30069041,11.2052794,0.467512369,13.3654909,-4.82869911,0.47496143
218,-10.2238693,-2.52416316e-06,0.29998365,23.9771385,-3.82007003,0.399981052,-7.23231983,-2.44281578,0.349978298,7.09606457,13.952446,0.39997527,-6.4228406,-10.6513109,0.399972111,-2.84919357,-10.00315,0.4242917,-3.34265757,11.2952051,0.453978211,13.4525537,-4.86431837,0.47496143
219,-10.2850904,-2.53927783e-06,0.29998365,24.1236191,-3.84445643,0.399981052,-7.2823658,-2.45619774,0.349978298,7.13678837,14.0509186,0.3999753,-6.47695637,-10.7252588,0.399972111,-2.89152908,-10.0777798,0.424427271,-3.38462472,11.3851309,0.439156085,13.5396166,-4.89993763,0.47496146
220,-10.3463116,-2.55439249e-06,0.29998365,24.2700996,-3.86884284,0.399981052,-7.33241177,-2.4695797,0.349978298,7.17751217,14.1493912,0.3999753,-6.53107214,-10.7992067,0.399972111,-2.93386459,-10.1524096,0.424535692,-3.42659187,11.4750566,0.443745077,13.6266794,-4.93555689,0.47496146
221,-10.4075327,-2.56950716e-06,0.29998365,24.4165802,-3.89322925,0.399981052,-7.38245773,-2.48296165,0.349978298,7.21823597,14.2478638,0.39997527,-6.58518791,-10.8731546,0.399972111,-2.9762001,-10.2270393,0.424622387,-3.46855903,11.5649824,0.44689256,13.7137423,-4.97117615,0.47496146
222,-10.4687538,-2.58462183e-06,0.29998365,24.5630608,-3.91761565,0.399981052,-7.4325037,-2.49634361,0.349978298,7.25895977,14.3463364,0.39997527,-6.63930368,-10.9471025,0.399972111,-3.01853561,-10.3016691,0.424691707,-3.51052618,11.6549082,0.448613197,13.8008051,-5.00679541,0.47496146
223,-10.5299749,-2.59973649e-06,0.29998365,24.7095413,-3.94200206,0.399981052,-7.48254967,-2.50972557,0.349978298,7.29968357,14.444809,0.39997527,-6.69341946,-11.0210505,0.399972111,-3.06087112,-10.3762989,0.424747139,-3.55249333,11.7448339,0.448978513,13.8878679,-5.04241467,0.47496146
224,-10.5911961,-2.61485116e-06,0.29998365,24.8560219,-3.96638846,0.399981081,-7.53259563,-2.52310753,0.349978298,7.34040737,14.5432816,0.39997527,-6.74753523,-11.0949984,0.399972111,-3.10320663,-10.4509287,0.424791515,-3.59446049,11.8347597,0.448039711,13.9749308,-5.07803392,0.47496146
225,-10.6524172,-2.62996582e-06,0.29998365,25.0025024,-3.99077487,0.399981081,-7.5826416,-2.53648949,0.349978298,7.38113117,14.6417542,0.39997527,-6.801651,-11.1689463,0.399972111,-3.14554214,-10.5255585,0.42482698,-3.63642764,11.9246855,0.44582969,14.0619936,-5.11365318,0.47496146
226,-10.7136383,-2.64508049e-06,0.29998365,25.148983,-4.01516104,0.399981081,-7.63268757,-2.54987144,0.349978298,7.42185497,14.7402267,0.39997527,-6.85576677,-11.2428942,0.399972111,-3.18787766,-10.6001883,0.424855351,-3.67839479,12.0146112,0.446649641,14.1490564,-5.14927244,0.47496146
227,-10.7748594,-2.66019515e-06,0.29998365,25.2954636,-4.03954744,0.399981081,-7.68273354,-2.5632534,0.349978298,7.46257877,14.8386993,0.39997527,-6.90988255,-11.3168421,0.399972111,-3.23021317,-10.674818,0.424878061,-3.72036195,12.104537,0.447313488,14.2361193,-5.1848917,0.47496146
228,-10.8360806,-2.67530982e-06,0.29998365,25.4419441,-4.06393385,0.399981081,-7.7327795,-2.57663536,0.349978298,7.50330257,14.9371719,0.39997527,-6.96399832,-11.39079,0.399972111,-3.27254868,-10.7494478,0.42489621,-3.7623291,12.1944628,0.447844386,14.3231821,-5.22051096,0.474961489
229,-10.8973017,-2.69042448e-06,0.29998365,25.5884247,-4.08832026,0.399981081,-7.78282547,-2.59001732,0.349978298,7.54402637,15.0356445,0.39997527,-7.01811409,-11.4647379,0.399972111,-3.31488419,-10.8240776,0.424910724,-3.80429626,12.2843885,0.44826895,14.4102449,-5.25613022,0.474961489
230,-10.9585228,-2.70553915e-06,0.29998365,25.7349052,-4.11270666,0.399981081,-7.83287144,-2.60339928,0.349978298,7.58475018,15.1341171,0.3999753,-7.07222986,-11.5386858,0.399972111,-3.3572197,-10.8987074,0.424922347,-3.84626341,12.3743143,0.448608488,14.4973078,-5.29174948,0.474961489
231,-11.0197439,-2.72065381e-06,0.29998365,25.8813858,-4.13709307,0.399981081,-7.8829174,-2.61678123,0.349978298,7.62547398,15.2325897,0.3999753,-7.12634563,-11.6126337,0.399972111,-3.39955521,-10.9733372,0.424931645,-3.88823056,12.4642401,0.448880047,14.5843706,-5.32736874,0.474961489
232,-11.080965,-2.73576848e-06,0.29998365,26.0278664,-4.16147947,0.399981052,-7.93296337,-2.63016319,0.349978298,7.66619778,15.3310623,0.3999753,-7.18046141,-11.6865816,0.399972111,-3.44189072,-11.047967,0.424939066,-3.93019772,12.5541658,0.449097246,14.6714334,-5.362988,0.47496146
233,-11.1421862,-2.75088314e-06,0.29998365,26.1743469,-4.18586588,0.399981052,-7.98300934,-2.64354515,0.349978298,7.70692158,15.4295349,0.39997527,-7.23457718,-11.7605295,0.399972111,-3.48422623,-11.1225967,0.424944997,-3.97216487,12.6440916,0.449270964,14.7584963,-5.39860725,0.47496146
234,-11.2034073,-2.76599781e-06,0.29998365,26.3208275,-4.21025229,0.399981052,-8.03305531,-2.65692711,0.349978298,7.74764538,15.5280075,0.39997527,-7.28869295,-11.8344774,0.399972111,-3.52656174,-11.1972265,0.424949735,-4.01413202,12.7340174,0.449409932,14.8455591,-5.43422651,0.47496146
235,-11.2646284,-2.78111247e-06,0.29998365,26.467308,-4.23463869,0.399981052,-8.08310127,-2.67030907,0.349978298,7.78836918,15.6264801,0.39997527,-7.34280872,-11.9084253,0.399972111,-3.56889725,-11.2718563,0.42495355,-4.05609941,12.8239431,0.449521065,14.932622,-5.46984577,0.47496146
236,-11.3258495,-2.79622714e-06,0.29998365,26.6137886,-4.2590251,0.399981052,-8.13314724,-2.68369102,0.349978298,7.82909298,15.7249527,0.39997527,-7.3969245,-11.9823732,0.399972111,-3.61123276,-11.3464861,0.42495659,-4.09806681,12.9138689,0.449609935,15.0196848,-5.50546503,0.47496146
237,-11.3870707,-2.8113418e-06,0.29998365,26.7602692,-4.2834115,0.399981052,-8.18319321,-2.69707298,0.349978298,7.86981678,15.8234253,0.39997527,-7.45104027,-12.0563211,0.399972111,-3.65356827,-11.4211159,0.424959034,-4.1400342,13.0037947,0.449681014,15.1067476,-5.54108429,0.47496146
238,-11.4482918,-2.82645647e-06,0.29998365,26.9067497,-4.30779791,0.399981052,-8.23323917,-2.71045494,0.349978298,7.91054058,15.9218979,0.39997527,-7.50515604,-12.1302691,0.399972111,-3.69590378,-11.4957457,0.424961001,-4.18200159,13.0937204,0.449737877,15.1938105,-5.57670355,0.47496146
239,-11.5095129,-2.84157113e-06,0.29998365,27.0532303,-4.33218431,0.399981052,-8.28328514,-2.7238369,0.349978298,7.95126438,16.0203705,0.39997527,-7.55927181,-12.204217,0.399972111,-3.73823929,-11.5703754,0.42496255,-4.22396898,13.1836462,0.449783355,15.2808733,-5.61232281,0.47496146
240,-11.570734,-2.8566858e-06,0.29998365,27.1997108,-4.35657072,0.399981052,-8.33333111,-2.73721886,0.349978298,7.99198818,16.1188431,0.39997527,-7.61338758,-12.2781649,0.399972111,-3.7805748,-11.6450052,0.424963802,-4.26593637,13.273572,0.449819744,15.3679361,-5.64794207,0.47496146
241,-11.6319551,-2.87180046e-06,0.29998365,27.3461914,-4.38095713,0.399981052,-8.38337708,-2.75060081,0.349978298,8.03271198,16.2173157,0.39997527,-7.66750336,-12.3521128,0.399972111,-3.82291031,-11.719635,0.424964815,-4.30790377,13.3634977,0.449848861,15.454999,-5.68356133,0.47496146
242,-11.6931763,-2.88691513e-06,0.29998365,27.492672,-4.40534353,0.399981052,-8.43342304,-2.76398277,0.349978298,8.07343578,16.3157883,0.39997527,-7.72161913,-12.4260607,0.399972111,-3.86524582,-11.7942648,0.42496562,-4.34987116,13.4534235,0.449872136,15.5420618,-5.71918058,0.47496146
243,-11.7543974,-2.90202979e-06,0.29998365,27.6391525,-4.42972994,0.399981052,-8.48346901,-2.77736473,0.349978298,8.11415958,16.4142609,0.3999753,-7.7757349,-12.5000086,0.399972111,-3.90758133,-11.8688946,0.424966246,-4.39183855,13.5433493,0.449890763,15.6291246,-5.75479984,0.47496146
244,-11.8156185,-2.91714446e-06,0.29998365,27.7856331,-4.45411634,0.399981052,-8.53351498,-2.79074669,0.349978298,8.15488338,16.5127335,0.3999753,-7.82985067,-12.5739565,0.399972111,-3.94991684,-11.9435244,0.424966753,-4.43380594,13.633275,0.449905664,15.7161875,-5.7904191,0.47496146
245,-11.8768396,-2.93225912e-06,0.29998365,27.9321136,-4.47850275,0.399981052,-8.58356094,-2.80412865,0.349978298,8.19560719,16.6112061,0.3999753,-7.88396645,-12.6479044,0.399972111,-3.99225235,-12.0181541,0.42496714,-4.47577333,13.7232008,0.449917585,15.8032503,-5.82603836,0.47496146
246,-11.9380608,-2.94737379e-06,0.29998365,28.0785942,-4.50288916,0.399981052,-8.63360691,-2.8175106,0.349978298,8.23633099,16.7096786,0.3999753,-7.93808222,-12.7218523,0.399972111,-4.03458786,-12.0927839,0.424967468,-4.51774073,13.8131266,0.449927121,15.8903131,-5.86165762,0.47496146
247,-11.9992819,-2.96248845e-06,0.29998365,28.2250748,-4.52727556,0.399981052,-8.68365288,-2.83089256,0.349978298,8.27705479,16.8081512,0.3999753,-7.99219799,-12.7958002,0.399972111,-4.07692337,-12.1674137,0.424967736,-4.55970812,13.9030523,0.449934721,15.977376,-5.89727688,0.47496146
248,-12.060503,-2.97760312e-06,0.29998365,28.3715553,-4.55166197,0.399981052,-8.73369884,-2.84427452,0.349978298,8.31777859,16.9066238,0.3999753,-8.04631424,-12.8697481,0.399972081,-4.11925888,-12.2420435,0.424967945,-4.60167551,13.9929781,0.44994083,16.0644379,-5.93289614,0.47496146
249,-12.1217241,-2.99271778e-06,0.29998365,28.5180359,-4.57604837,0.399981052,-8.78374481,-2.85765648,0.349978298,8.35850239,17.0050964,0.3999753,-8.10043049,-12.943696,0.399972081,-4.16159439,-12.3166733,0.424968094,-4.6436429,14.0829039,0.449945718,16.1515007,-5.9685154,0.47496146
250,-12.1829453,-3.00783245e-06,0.29998365,28.6645164,-4.60043478,0.399981052,-8.83379078,-2.87103844,0.349978298,8.39922619,17.103569,0.3999753,-8.15454674,-13.0176439,0.399972081,-4.2039299,-12.3913031,0.424968243,-4.68561029,14.1728296,0.449949622,16.2385635,-6.00413465,0.47496146
251,-12.2441664,-3.02294711e-06,0.29998365,28.810997,-4.62482119,0.399981052,-8.88383675,-2.88442039,0.349978298,8.43994999,17.2020416,0.3999753,-8.20866299,-13.0915918,0.399972081,-4.24626541,-12.4659328,0.424968362,-4.72757769,14.2627554,0.449952722,16.3256264,-6.03975391,0.47496146
252,-12.3053875,-3.03806178e-06,0.29998365,28.9574776,-4.64920759,0.399981052,-8.93388271,-2.89780235,0.349978298,8.48067379,17.3005142,0.3999753,-8.26277924,-13.1655397,0.399972081,-4.28860092,-12.5405626,0.424968421,-4.76954508,14.3526812,0.449955195,16.4126892,-6.07537317,0.47496146
253,-12.3666086,-3.05317644e-06,0.29998365,29.1039581,-4.673594,0.399981052,-8.98392868,-2.91118431,0.349978298,8.52139759,17.3989868,0.3999753,-8.31689548,-13.2394876,0.399972081,-4.33093643,-12.6151924,0.424968481,-4.81151247,14.4426069,0.449957192,16.499752,-6.11099243,0.47496146
254,-12.4278297,-3.06829111e-06,0.29998365,29.2504387,-4.6979804,0.399981052,-9.03397465,-2.92456627,0.349978298,8.56212139,17.4974594,0.3999753,-8.37101173,-13.3134356,0.399972081,-4.37327194,-12.6898222,0.424968541,-4.85347986,14.5325327,0.449958771,16.5868149,-6.14661169,0.47496146
255,-12.4890509,-3.08340577e-06,0.29998365,29.3969193,-4.72236681,0.399981052,-9.08402061,-2.93794823,0.349978298,8.60284519,17.595932,0.3999753,-8.42512798,-13.3873835,0.399972081,-4.41560745,-12.764452,0.42496857,-4.89544725,14.6224585,0.449960053,16.6738777,-6.18223095,0.47496146
256,-12.550272,-3.09852044e-06,0.29998365,29.5433998,-4.74675322,0.399981052,-9.13406658,-2.95133018,0.349978298,8.64356899,17.6944046,0.39997527,-8.47924423,-13.4613314,0.399972081,-4.45794296,-12.8390818,0.4249686,-4.93741465,14.7123842,0.449961066,16.7609406,-6.21785021,0.47496146
257,-12.6114931,-3.1136351e-06,0.29998365,29.6898804,-4.77113962,0.399981052,-9.18411255,-2.96471214,0.349978298,8.68429279,17.7928772,0.39997527,-8.53336048,-13.5352793,0.399972081,-4.50027847,-12.9137115,0.42496863,-4.97938204,14.80231,0.449961871,16.8480034,-6.25346947,0.47496146
258,-12.6727142,-3.12874977e-06,0.29998365,29.8363609,-4.79552603,0.399981052,-9.23415852,-2.9780941,0.349978298,8.72501659,17.8913498,0.39997527,-8.58747673,-13.6092272,0.399972081,-4.54261398,-12.9883413,0.42496866,-5.02134943,14.8922358,0.449962527,16.9350662,-6.28908873,0.47496146
259,-12.7339354,-3.14386443e-06,0.29998365,29.9828415,-4.81991243,0.399981052,-9.28420448,-2.99147606,0.349978298,8.76574039,17.9898224,0.39997527,-8.64159298,-13.6831751,0.399972081,-4.58494949,-13.0629711,0.42496869,-5.06331682,14.9821615,0.449963063,17.0221291,-6.32470798,0.47496146
260,-12.7951565,-3.1589791e-06,0.29998365,30.1293221,-4.84429884,0.399981052,-9.33425045,-3.00485802,0.349978298,8.8064642,18.088295,0.39997527,-8.69570923,-13.757123,0.399972081,-4.627285,-13.1376009,0.424968719,-5.10528421,15.0720873,0.44996348,17.1091919,-6.36032724,0.47496146
261,-12.8563776,-3.17409376e-06,0.29998365,30.2758026,-4.86868525,0.399981052,-9.38429642,-3.01823997,0.349978298,8.847188,18.1867676,0.39997527,-8.74982548,-13.8310709,0.399972081,-4.66962051,-13.2122307,0.424968719,-5.14725161,15.1620131,0.449963808,17.1962547,-6.3959465,0.47496146
262,-12.9175987,-3.18920843e-06,0.29998365,30.4222832,-4.89307165,0.399981052,-9.43434238,-3.03162193,0.349978298,8.8879118,18.2852402,0.39997527,-8.80394173,-13.9050188,0.399972081,-4.71195602,-13.2868605,0.424968719,-5.189219,15.2519388,0.449964076,17.2833176,-6.43156576,0.47496146
263,-12.9788198,-3.20432309e-06,0.29998365,30.5687637,-4.91745806,0.399981052,-9.48438835,-3.04500389,0.349978298,8.9286356,18.3837128,0.39997527,-8.85805798,-13.9789667,0.399972081,-4.75429153,-13.3614902,0.424968719,-5.23118639,15.3418646,0.449964285,17.3703804,-6.46718502,0.47496146
264,-13.040041,-3.21943776e-06,0.29998365,30.7152443,-4.94184446,0.399981052,-9.53443432,-3.05838585,0.349978298,8.9693594,18.4821854,0.39997527,-8.91217422,-14.0529146,0.399972081,-4.79662704,-13.43612,0.424968719,-5.27315378,15.4317904,0.449964464,17.4574432,-6.50280428,0.47496146
265,-13.1012621,-3.23455242e-06,0.29998365,30.8617249,-4.96623087,0.399981052,-9.58448029,-3.07176781,0.349978298,9.0100832,18.580658,0.39997527,-8.96629047,-14.1268625,0.399972081,-4.83896255,-13.5107498,0.424968719,-5.31512117,15.5217161,0.449964583,17.5445061,-6.53842354,0.47496146
266,-13.1624832,-3.24966709e-06,0.29998365,31.0082054,-4.99061728,0.399981052,-9.63452625,-3.08514977,0.349978298,9.050807,18.6791306,0.39997527,-9.02040672,-14.2008104,0.399972081,-4.88129807,-13.5853796,0.424968719,-5.35708857,15.6116419,0.449964702,17.6315689,-6.5740428,0.47496146
267,-13.2237043,-3.26478175e-06,0.29998365,31.154686,-5.01500368,0.399981052,-9.68457222,-3.09853172,0.349978298,9.0915308,18.7776031,0.39997527,-9.07452297,-14.2747583,0.399972081,-4.92363358,-13.6600094,0.424968719,-5.39905596,15.7015676,0.449964792,17.7186317,-6.60966206,0.47496146
268,-13.2849255,-3.27989642e-06,0.29998365,31.3011665,-5.03939009,0.399981052,-9.73461819,-3.11191368,0.349978298,9.1322546,18.8760757,0.39997527,-9.12863922,-14.3487062,0.399972081,-4.96596909,-13.7346392,0.424968719,-5.44102335,15.7914934,0.449964851,17.8056946,-6.64528131,0.47496146
269,-13.3461466,-3.29501108e-06,0.29998365,31.4476471,-5.06377649,0.399981052,-9.78466415,-3.12529564,0.349978298,9.1729784,18.9745483,0.39997527,-9.18275547,-14.4226542,0.399972081,-5.0083046,-13.809269,0.424968719,-5.48299074,15.8814192,0.449964911,17.8927574,-6.68090057,0.47496146
270,-13.4073677,-3.31012575e-06,0.29998365,31.5941277,-5.0881629,0.399981052,-9.83471012,-3.1386776,0.349978298,9.2137022,19.0730209,0.39997527,-9.23687172,-14.4966021,0.399972081,-5.05064011,-13.8838987,0.424968749,-5.52495813,15.9713449,0.44996497,17.9798203,-6.71651983,0.47496146
271,-13.4685888,-3.32524041e-06,0.29998365,31.7406082,-5.1125493,0.399981052,-9.88475609,-3.15205956,0.349978298,9.254426,19.1714935,0.39997527,-9.29098797,-14.57055,0.399972081,-5.09297562,-13.9585285,0.424968749,-5.56692553,16.0612717,0.449965,18.0668831,-6.75213909,0.47496146
272,-13.52981,-3.34035508e-06,0.29998365,31.8870888,-5.13693571,0.399981052,-9.93480206,-3.16544151,0.349978298,9.2951498,19.2699661,0.39997527,-9.34510422,-14.6444979,0.399972081,-5.13531113,-14.0331583,0.424968749,-5.60889292,16.1511974,0.44996503,18.1539459,-6.78775835,0.47496146
273,-13.5910311,-3.35546974e-06,0.29998365,32.0335693,-5.16132212,0.399981052,-9.98484802,-3.17882347,0.349978298,9.3358736,19.3684387,0.39997527,-9.39922047,-14.7184458,0.399972111,-5.17764664,-14.1077881,0.424968749,-5.65086031,16.2411232,0.44996506,18.2410088,-6.82337761,0.47496146
274,-13.6522522,-3.37058441e-06,0.29998365,32.1800499,-5.18570852,0.399981052,-10.034894,-3.19220543,0.349978298,9.3765974,19.4669113,0.39997527,-9.45333672,-14.7923937,0.399972111,-5.21998215,-14.1824179,0.424968749,-5.6928277,16.331049,0.44996506,18.3280716,-6.85899687,0.47496146
275,-13.7134733,-3.38569907e-06,0.29998365,32.3265305,-5.21009493,0.399981052,-10.08494,-3.20558739,0.349978298,9.41732121,19.5653839,0.3999753,-9.50745296,-14.8663416,0.399972111,-5.26231766,-14.2570477,0.424968749,-5.73479509,16.4209747,0.44996509,18.4151344,-6.89461613,0.47496146
276,-13.7746944,-3.40081374e-06,0.29998365,32.473011,-5.23448133,0.399981052,-10.1349859,-3.21896935,0.349978298,9.45804501,19.6638565,0.3999753,-9.56156921,-14.9402895,0.399972111,-5.30465317,-14.3316774,0.424968749,-5.77676249,16.5109005,0.449965119,18.5021973,-6.93023539,0.47496146
277,-13.8359156,-3.4159284e-06,0.29998365,32.6194916,-5.25886774,0.399981052,-10.1850319,-3.2323513,0.349978298,9.49876881,19.7623291,0.3999753,-9.61568546,-15.0142374,0.399972081,-5.34698868,-14.4063072,0.424968749,-5.81872988,16.6008263,0.449965119,18.5892601,-6.96585464,0.47496146
278,-13.8971367,-3.43104307e-06,0.29998365,32.7659721,-5.28325415,0.399981052,-10.2350779,-3.24573326,0.349978298,9.53949261,19.8608017,0.3999753,-9.66980171,-15.0881853,0.399972081,-5.38932419,-14.480937,0.424968749,-5.86069727,16.690752,0.449965119,18.6763229,-7.0014739,0.47496146
279,-13.9583578,-3.44615773e-06,0.29998365,32.9124527,-5.30764055,0.399981052,-10.2851238,-3.25911522,0.349978298,9.58021641,19.9592743,0.3999753,-9.72391796,-15.1621332,0.399972111,-5.4316597,-14.5555668,0.424968749,-5.90266466,16.7806778,0.449965119,18.7633858,-7.03709316,0.47496143
280,-14.0195789,-3.4612724e-06,0.29998365,33.0589333,-5.33202696,0.399981052,-10.3351698,-3.27249718,0.349978298,9.62094021,20.0577469,0.3999753,-9.77803421,-15.2360811,0.399972111,-5.47399521,-14.6301966,0.424968749,-5.94463205,16.8706036,0.449965119,18.8504486,-7.07271242,0.47496143
281,-14.0808001,-3.47638706e-06,0.29998365,33.2054138,-5.35641336,0.399981052,-10.3852158,-3.28587914,0.349978298,9.66166401,20.1562195,0.3999753,-9.83215046,-15.310029,0.399972111,-5.51633072,-14.7048264,0.424968749,-5.98659945,16.9605293,0.449965119,18.9375114,-7.10833168,0.47496143
282,-14.1420212,-3.49150173e-06,0.29998365,33.3518944,-5.38079977,0.399981052,-10.4352617,-3.29926109,0.349978298,9.70238781,20.2546921,0.3999753,-9.88626671,-15.3839769,0.399972111,-5.55866623,-14.7794561,0.424968749,-6.02856684,17.0504551,0.449965119,19.0245743,-7.14395094,0.47496143
283,-14.2032423,-3.50661639e-06,0.29998365,33.4983749,-5.40518618,0.399981052,-10.4853077,-3.31264305,0.349978298,9.74311161,20.3531647,0.3999753,-9.94038296,-15.4579248,0.399972111,-5.60100174,-14.8540859,0.424968749,-6.07053423,17.1403809,0.449965119,19.1116371,-7.1795702,0.47496143
284,-14.2644634,-3.52173106e-06,0.29998365,33.6448555,-5.42957258,0.399981052,-10.5353537,-3.32602501,0.349978298,9.78383541,20.4516373,0.3999753,-9.99449921,-15.5318727,0.399972111,-5.64333725,-14.9287157,0.424968749,-6.11250162,17.2303066,0.449965119,19.1987,-7.21518946,0.47496143
285,-14.3256845,-3.53684572e-06,0.29998365,33.7913361,-5.45395899,0.399981052,-10.5853996,-3.33940697,0.349978298,9.82455921,20.5501099,0.3999753,-10.0486155,-15.6058207,0.399972111,-5.68567276,-15.0033455,0.424968749,-6.15446901,17.3202324,0.449965119,19.2857628,-7.25080872,0.47496143
286,-14.3869057,-3.55196039e-06,0.29998365,33.9378166,-5.47834539,0.399981052,-10.6354456,-3.35278893,0.349978298,9.86528301,20.6485825,0.3999753,-10.1027317,-15.6797686,0.399972111,-5.72800827,-15.0779753,0.424968749,-6.19643641,17.4101582,0.449965119,19.3728256,-7.28642797,0.47496143
287,-14.4481268,-3.56707505e-06,0.29998365,34.0842972,-5.5027318,0.399981052,-10.6854916,-3.36617088,0.349978298,9.90600681,20.7470551,0.3999753,-10.156848,-15.7537165,0.399972111,-5.77034378,-15.1526051,0.424968749,-6.2384038,17.5000839,0.449965119,19.4598885,-7.32204723,0.47496143
288,-14.5093479,-3.58218972e-06,0.29998365,34.2307777,-5.52711821,0.399981052,-10.7355375,-3.37955284,0.349978298,9.94673061,20.8455276,0.3999753,-10.2109642,-15.8276644,0.399972111,-5.81267929,-15.2272348,0.424968749,-6.28037119,17.5900097,0.449965119,19.5469513,-7.35766649,0.47496143
289,-14.570569,-3.59730439e-06,0.29998365,34.3772583,-5.55150461,0.399981052,-10.7855835,-3.3929348,0.349978298,9.98745441,20.9440002,0.3999753,-10.2650805,-15.9016123,0.399972081,-5.8550148,-15.3018646,0.424968749,-6.32233858,17.6799355,0.449965119,19.6340141,-7.39328575,0.47496143
290,-14.6317902,-3.61241905e-06,0.29998365,34.5237389,-5.57589102,0.399981052,-10.8356295,-3.40631676,0.349978298,10.0281782,21.0424728,0.3999753,-10.3191967,-15.9755602,0.399972081,-5.89735031,-15.3764944,0.424968749,-6.36430597,17.7698612,0.449965119,19.721077,-7.42890501,0.47496143
291,-14.6930113,-3.62753372e-06,0.29998365,34.6702194,-5.60027742,0.399981052,-10.8856754,-3.41969872,0.349978298,10.068902,21.1409454,0.3999753,-10.373313,-16.049509,0.399972081,-5.93968582,-15.4511242,0.424968749,-6.40627337,17.859787,0.449965119,19.8081398,-7.46452427,0.47496143
292,-14.7542324,-3.64264838e-06,0.29998365,34.8167,-5.62466383,0.399981052,-10.9357214,-3.43308067,0.349978298,10.1096258,21.239418,0.3999753,-10.4274292,-16.123457,0.399972081,-5.98202133,-15.525754,0.424968749,-6.44824076,17.9497128,0.449965119,19.8952026,-7.50014353,0.47496143
293,-14.8154535,-3.65776305e-06,0.29998365,34.9631805,-5.64905024,0.399981052,-10.9857674,-3.44646263,0.349978298,10.1503496,21.3378906,0.3999753,-10.4815454,-16.1974049,0.399972111,-6.02435684,-15.6003838,0.424968779,-6.49020815,18.0396385,0.449965119,19.9822655,-7.53576279,0.47496146
294,-14.8766747,-3.67287771e-06,0.29998365,35.1096611,-5.67343664,0.399981052,-11.0358133,-3.45984459,0.349978298,10.1910734,21.4363632,0.3999753,-10.5356617,-16.2713528,0.399972111,-6.06669235,-15.6750135,0.424968779,-6.53217554,18.1295643,0.449965119,20.0693283,-7.57138205,0.47496146
295,-14.9378958,-3.68799238e-06,0.29998365,35.2561417,-5.69782305,0.399981052,-11.0858593,-3.47322655,0.349978298,10.2317972,21.5348358,0.3999753,-10.5897779,-16.3453007,0.399972081,-6.10902786,-15.7496433,0.424968779,-6.57414293,18.2194901,0.449965119,20.1563911,-7.6070013,0.47496146
296,-14.9991169,-3.70310704e-06,0.29998365,35.4026222,-5.72220945,0.399981052,-11.1359053,-3.48660851,0.349978298,10.272521,21.6333084,0.3999753,-10.6438942,-16.4192486,0.399972081,-6.15136337,-15.8242731,0.424968779,-6.61611032,18.3094158,0.449965119,20.243454,-7.64262056,0.47496146
297,-15.060338,-3.71822171e-06,0.29998365,35.5491028,-5.74659586,0.399981052,-11.1859512,-3.49999046,0.349978298,10.3132448,21.731781,0.3999753,-10.6980104,-16.4931965,0.399972111,-6.19369888,-15.8989029,0.424968779,-6.65807772,18.3993416,0.449965119,20.3305168,-7.67823982,0.47496146
298,-15.1215591,-3.73333637e-06,0.29998365,35.6955833,-5.77098227,0.399981052,-11.2359972,-3.51337242,0.349978298,10.3539686,21.8302536,0.3999753,-10.7521267,-16.5671444,0.399972111,-6.23603439,-15.9735327,0.424968779,-6.70004511,18.4892673,0.449965119,20.4175797,-7.71385908,0.474961489
299,-15.1827803,-3.74845104e-06,0.29998365,35.8420639,-5.79536867,0.399981052,-11.2860432,-3.52675438,0.349978298,10.3946924,21.9287262,0.3999753,-10.8062429,-16.6410923,0.399972111,-6.2783699,-16.0481625,0.424968779,-6.7420125,18.5791931,0.449965119,20.5046425,-7.74947834,0.474961489
300,-15.2440014,-3.7635657e-06,0.29998365,35.9885445,-5.81975508,0.399981052,-11.3360891,-3.54013634,0.349978298,10.4354162,22.0271988,0.3999753,-10.8603592,-16.7150402,0.399972111,-6.32070541,-16.1227913,0.424968779,-6.78397989,18.6691189,0.449965119,20.5917053,-7.7850976,0.474961489
301,-15.3052225,-3.77868037e-06,0.29998365,36.135025,-5.84414148,0.399981052,-11.3861351,-3.5535183,0.349978298,10.47614,22.1256714,0.3999753,-10.9144754,-16.7889881,0.399972111,-6.36304092,-16.1974201,0.424968779,-6.82594728,18.7590446,0.449965119,20.6787682,-7.82071686,0.474961489
302,-15.3664436,-3.79379503e-06,0.29998365,36.2815056,-5.86852789,0.399981052,-11.4361811,-3.56690025,0.349978298,10.5168638,22.224144,0.3999753,-10.9685917,-16.862936,0.399972111,-6.40537643,-16.272049,0.424968779,-6.86791468,18.8489704,0.449965119,20.765831,-7.85633612,0.47496146
303,-15.4276648,-3.8089097e-06,0.29998365,36.4279861,-5.8929143,0.399981052,-11.486227,-3.58028221,0.349978298,10.5575876,22.3226166,0.3999753,-11.0227079,-16.9368839,0.399972111,-6.44771194,-16.3466778,0.424968779,-6.90988207,18.9388962,0.449965119,20.8528938,-7.89195538,0.47496146
304,-15.4888859,-3.82402459e-06,0.29998365,36.5744667,-5.9173007,0.399981052,-11.536273,-3.59366417,0.349978298,10.5983114,22.4210892,0.3999753,-11.0768242,-17.0108318,0.399972111,-6.49004745,-16.4213066,0.424968779,-6.95184946,19.0288219,0.449965119,20.9399567,-7.92757463,0.474961489
305,-15.550107,-3.83913948e-06,0.29998365,36.7209473,-5.94168711,0.399981052,-11.586319,-3.60704613,0.349978298,10.6390352,22.5195618,0.3999753,-11.1309404,-17.0847797,0.399972111,-6.53238297,-16.4959354,0.424968779,-6.99381685,19.1187477,0.449965119,21.0270195,-7.96319389,0.47496146
306,-15.6113281,-3.85425437e-06,0.29998365,36.8674278,-5.96607351,0.399981052,-11.6363649,-3.62042809,0.349978298,10.679759,22.6180344,0.3999753,-11.1850567,-17.1587276,0.399972111,-6.57471848,-16.5705643,0.424968779,-7.03578424,19.2086735,0.449965119,21.1140823,-7.99881315,0.47496146
307,-15.6725492,-3.86936927e-06,0.29998365,37.0139084,-5.99045992,0.399981052,-11.6864109,-3.63381004,0.349978298,10.7204828,22.716507,0.3999753,-11.2391729,-17.2326756,0.399972111,-6.61705399,-16.6451931,0.424968779,-7.07775164,19.2985992,0.449965119,21.2011452,-8.03443241,0.47496146
308,-15.7337704,-3.88448416e-06,0.29998365,37.1603889,-6.01484632,0.399981052,-11.7364569,-3.647192,0.349978298,10.7612066,22.8149796,0.3999753,-11.2932892,-17.3066235,0.399972111,-6.6593895,-16.7198219,0.424968779,-7.11971903,19.388525,0.449965119,21.288208,-8.07005119,0.47496146
309,-15.7949915,-3.89959905e-06,0.29998365,37.3068695,-6.03923273,0.399981052,-11.7865028,-3.66057396,0.349978298,10.8019304,22.9134521,0.3999753,-11.3474054,-17.3805714,0.399972111,-6.70172501,-16.7944508,0.424968779,-7.16168642,19.4784508,0.449965119,21.3752708,-8.10566998,0.47496146
310,-15.8562126,-3.91471394e-06,0.29998365,37.4533501,-6.06361914,0.399981052,-11.8365488,-3.67395592,0.349978298,10.8426542,23.0119247,0.3999753,-11.4015217,-17.4545193,0.399972111,-6.74406052,-16.8690796,0.424968779,-7.20365381,19.5683765,0.449965119,21.4623337,-8.14128876,0.47496146
311,-15.9174337,-3.92982884e-06,0.29998365,37.5998306,-6.08800554,0.399981052,-11.8865948,-3.68733788,0.349978298,10.883378,23.1103973,0.3999753,-11.4556379,-17.5284672,0.399972111,-6.78639603,-16.9437084,0.424968779,-7.2456212,19.6583023,0.449965119,21.5493965,-8.17690754,0.47496146
312,-15.9786549,-3.94494373e-06,0.29998365,37.7463112,-6.11239195,0.399981052,-11.9366407,-3.70071983,0.349978298,10.9241018,23.2088699,0.39997527,-11.5097542,-17.6024151,0.399972111,-6.82873154,-17.0183372,0.424968779,-7.2875886,19.7482281,0.449965119,21.6364594,-8.21252632,0.47496143
313,-16.039875,-3.96005862e-06,0.29998365,37.8927917,-6.13677835,0.399981052,-11.9866867,-3.71410179,0.349978298,10.9648256,23.3073425,0.39997527,-11.5638704,-17.676363,0.399972111,-6.87106705,-17.0929661,0.424968779,-7.32955599,19.8381538,0.449965119,21.7235222,-8.2481451,0.47496143
314,-16.1010952,-3.97517351e-06,0.29998365,38.0392723,-6.16116476,0.399981052,-12.0367327,-3.72748375,0.349978298,11.0055494,23.4058151,0.39997527,-11.6179867,-17.7503109,0.399972111,-6.91340256,-17.1675949,0.424968779,-7.37152338,19.9280796,0.449965119,21.810585,-8.28376389,0.47496146
315,-16.1623154,-3.99028841e-06,0.29998365,38.1857529,-6.18555117,0.399981052,-12.0867786,-3.74086571,0.349978298,11.0462732,23.5042877,0.39997527,-11.6721029,-17.8242588,0.399972111,-6.95573807,-17.2422237,0.424968779,-7.41349077,20.0180054,0.449965119,21.8976479,-8.31938267,0.47496146
316,-16.2235355,-4.0054033e-06,0.29998365,38.3322334,-6.20993757,0.399981052,-12.1368246,-3.75424767,0.349978298,11.086997,23.6027603,0.39997527,-11.7262192,-17.8982067,0.399972111,-6.99807358,-17.3168526,0.424968779,-7.45545816,20.1079311,0.449965119,21.9847107,-8.35500145,0.47496146
317,-16.2847557,-4.02051819e-06,0.29998365,38.478714,-6.23432398,0.399981081,-12.1868706,-3.76762962,0.349978298,11.1277208,23.7012329,0.39997527,-11.7803354,-17.9721546,0.399972111,-7.04040909,-17.3914814,0.424968779,-7.49742556,20.1978569,0.449965119,22.0717735,-8.39062023,0.47496146
318,-16.3459759,-4.03563308e-06,0.29998365,38.6251945,-6.25871038,0.399981081,-12.2369165,-3.78101158,0.349978298,11.1684446,23.7997055,0.39997527,-11.8344517,-18.0461025,0.399972111,-7.0827446,-17.4661102,0.424968779,-7.53939295,20.2877827,0.449965119,22.1588364,-8.42623901,0.47496146
319,-16.407196,-4.05074798e-06,0.29998365,38.7716751,-6.28309679,0.399981081,-12.2869625,-3.79439354,0.349978298,11.2091684,23.8981781,0.39997527,-11.8885679,-18.1200504,0.399972111,-7.12508011,-17.5407391,0.424968779,-7.58136034,20.3777084,0.449965119,22.2458992,-8.4618578,0.474961489
320,-16.4684162,-4.06586287e-06,0.29998365,38.9181557,-6.3074832,0.399981081,-12.3370085,-3.8077755,0.349978298,11.2498922,23.9966507,0.39997527,-11.9426842,-18.1939983,0.399972111,-7.16741562,-17.6153679,0.424968779,-7.62332773,20.4676342,0.449965119,22.332962,-8.49747658,0.47496146
321,-16.5296364,-4.08097776e-06,0.29998365,39.0646362,-6.3318696,0.399981081,-12.3870544,-3.82115746,0.349978298,11.290616,24.0951233,0.39997527,-11.9968004,-18.2679462,0.399972111,-7.20975113,-17.6899967,0.424968749,-7.66529512,20.55756,0.449965119,22.4200249,-8.53309536,0.47496146
322,-16.5908566,-4.09609265e-06,0.29998365,39.2111168,-6.35625601,0.399981052,-12.4371004,-3.83453941,0.349978298,11.3313398,24.1935959,0.39997527,-12.0509167,-18.3418941,0.399972111,-7.25208664,-17.7646255,0.424968749,-7.70726252,20.6474857,0.449965149,22.5070877,-8.56871414,0.47496146
323,-16.6520767,-4.11120755e-06,0.29998365,39.3575974,-6.38064241,0.399981052,-12.4871464,-3.84792137,0.349978298,11.3720636,24.2920685,0.39997527,-12.1050329,-18.4158421,0.399972111,-7.29442215,-17.8392544,0.424968749,-7.74922991,20.7374115,0.449965149,22.5941505,-8.60433292,0.47496146
324,-16.7132969,-4.12632244e-06,0.29998365,39.5040779,-6.40502882,0.399981052,-12.5371923,-3.86130333,0.349978298,11.4127874,24.3905411,0.39997527,-12.1591492,-18.48979,0.399972111,-7.33675766,-17.9138832,0.424968749,-7.7911973,20.8273373,0.449965149,22.6812134,-8.63995171,0.47496146
325,-16.7745171,-4.14143733e-06,0.29998365,39.6505585,-6.42941523,0.399981052,-12.5872383,-3.87468529,0.349978298,11.4535112,24.4890137,0.39997527,-12.2132654,-18.5637379,0.399972111,-7.37909317,-17.988512,0.424968749,-7.83316469,20.917263,0.449965149,22.7682762,-8.67557049,0.47496146
326,-16.8357372,-4.15655222e-06,0.29998365,39.797039,-6.45380163,0.399981052,-12.6372843,-3.88806725,0.349978298,11.494235,24.5874863,0.39997527,-12.2673817,-18.6376858,0.399972081,-7.42142868,-18.0631409,0.424968749,-7.87513208,21.0071888,0.449965149,22.8553391,-8.71118927,0.47496146
327,-16.8969574,-4.17166711e-06,0.29998365,39.9435196,-6.47818804,0.399981052,-12.6873302,-3.9014492,0.349978298,11.5349588,24.6859589,0.39997527,-12.3214979,-18.7116337,0.399972081,-7.46376419,-18.1377697,0.424968749,-7.91709948,21.0971146,0.449965149,22.9424019,-8.74680805,0.47496146
328,-16.9581776,-4.18678201e-06,0.29998365,40.0900002,-6.50257444,0.399981052,-12.7373762,-3.91483116,0.349978298,11.5756826,24.7844315,0.39997527,-12.3756142,-18.7855816,0.399972081,-7.5060997,-18.2123985,0.424968749,-7.95906687,21.1870403,0.449965179,23.0294647,-8.78242683,0.47496146
329,-17.0193977,-4.2018969e-06,0.29998365,40.2364807,-6.52696085,0.399981052,-12.7874222,-3.92821312,0.349978298,11.6164064,24.8829041,0.39997527,-12.4297304,-18.8595295,0.399972081,-7.54843521,-18.2870274,0.424968719,-8.00103378,21.2769661,0.449965149,23.1165276,-8.81804562,0.47496146
330,-17.0806179,-4.21701179e-06,0.29998365,40.3829613,-6.55134726,0.399981052,-12.8374681,-3.94159508,0.349978298,11.6571302,24.9813766,0.39997527,-12.4838467,-18.9334774,0.399972081,-7.59077072,-18.3616562,0.424968719,-8.04300117,21.3668919,0.449965149,23.2035904,-8.8536644,0.47496146
331,-17.1418381,-4.23212668e-06,0.29998365,40.5294418,-6.57573366,0.399981052,-12.8875141,-3.95497704,0.349978298,11.697854,25.0798492,0.39997527,-12.5379629,-19.0074253,0.399972081,-7.63310623,-18.436285,0.424968719,-8.08496857,21.4568176,0.449965149,23.2906532,-8.88928318,0.47496146
332,-17.2030582,-4.24724158e-06,0.29998365,40.6759224,-6.60012007,0.399981052,-12.9375601,-3.96835899,0.349978298,11.7385778,25.1783218,0.39997527,-12.5920792,-19.0813732,0.399972081,-7.67544174,-18.5109138,0.424968719,-8.12693596,21.5467434,0.449965149,23.3777161,-8.92490196,0.47496143
333,-17.2642784,-4.26235647e-06,0.29998365,40.822403,-6.62450647,0.399981052,-12.987606,-3.98174095,0.349978298,11.7793016,25.2767944,0.39997527,-12.6461954,-19.1553211,0.399972081,-7.71777725,-18.5855427,0.424968719,-8.16890335,21.6366692,0.449965179,23.4647789,-8.96052074,0.47496143
334,-17.3254986,-4.27747136e-06,0.29998365,40.9688835,-6.64889288,0.399981052,-13.037652,-3.99512291,0.349978298,11.8200254,25.375267,0.39997527,-12.7003117,-19.229269,0.399972111,-7.76011276,-18.6601715,0.424968719,-8.21087074,21.7265949,0.449965179,23.5518417,-8.99613953,0.47496143
335,-17.3867188,-4.29258625e-06,0.29998365,41.1153641,-6.67327929,0.399981052,-13.087698,-4.00850487,0.349978298,11.8607492,25.4737396,0.39997527,-12.7544279,-19.3032169,0.399972111,-7.80244827,-18.7348003,0.424968719,-8.25283813,21.8165207,0.449965179,23.6389046,-9.03175831,0.47496143
336,-17.4479389,-4.30770115e-06,0.29998365,41.2618446,-6.69766569,0.399981052,-13.1377439,-4.02188683,0.349978298,11.901473,25.5722122,0.39997527,-12.8085442,-19.3771648,0.399972111,-7.84478378,-18.8094292,0.424968749,-8.29480553,21.9064465,0.449965179,23.7259674,-9.06737709,0.47496143
337,-17.5091591,-4.32281604e-06,0.29998365,41.4083252,-6.7220521,0.399981052,-13.1877899,-4.03526878,0.349978298,11.9421968,25.6706848,0.39997527,-12.8626604,-19.4511127,0.399972111,-7.88711929,-18.884058,0.424968749,-8.33677292,21.9963722,0.449965149,23.8130302,-9.10299587,0.47496143
338,-17.5703793,-4.33793093e-06,0.29998365,41.5548058,-6.7464385,0.399981052,-13.2378359,-4.04865074,0.349978298,11.9829206,25.7691574,0.39997527,-12.9167767,-19.5250607,0.399972111,-7.9294548,-18.9586868,0.424968749,-8.37874031,22.086298,0.449965149,23.9000931,-9.13861465,0.47496143
339,-17.6315994,-4.35304582e-06,0.29998365,41.7012863,-6.77082491,0.399981052,-13.2878819,-4.0620327,0.349978298,12.0236444,25.86763,0.39997527,-12.9708929,-19.5990086,0.399972111,-7.97179031,-19.0333157,0.424968749,-8.4207077,22.1762238,0.449965149,23.9871559,-9.17423344,0.47496146
340,-17.6928196,-4.36816072e-06,0.29998365,41.8477669,-6.79521132,0.399981081,-13.3379278,-4.07541466,0.349978298,12.0643682,25.9661026,0.39997527,-13.0250092,-19.6729565,0.399972111,-8.01412582,-19.1079445,0.424968749,-8.46267509,22.2661495,0.449965149,24.0742188,-9.20985222,0.47496146
341,-17.7540398,-4.38327561e-06,0.29998365,41.9942474,-6.81959772,0.399981081,-13.3879738,-4.08879662,0.349978298,12.105092,26.0645752,0.39997527,-13.0791254,-19.7469044,0.399972111,-8.05646133,-19.1825733,0.424968749,-8.50464249,22.3560753,0.449965149,24.1612816,-9.245471,0.47496146
342,-17.8152599,-4.3983905e-06,0.29998365,42.140728,-6.84398413,0.399981081,-13.4380198,-4.10217857,0.349978298,12.1458158,26.1630478,0.39997527,-13.1332417,-19.8208523,0.399972081,-8.09879684,-19.2572021,0.424968749,-8.54660988,22.4460011,0.449965149,24.2483444,-9.28108978,0.47496146
343,-17.8764801,-4.41350539e-06,0.29998365,42.2872086,-6.86837053,0.399981081,-13.4880657,-4.11556053,0.349978298,12.1865396,26.2615204,0.39997527,-13.1873579,-19.8948002,0.399972111,-8.14113235,-19.331831,0.424968749,-8.58857727,22.5359268,0.449965149,24.3354073,-9.31670856,0.47496146
344,-17.9377003,-4.42862029e-06,0.29998365,42.4336891,-6.89275694,0.399981081,-13.5381117,-4.12894249,0.349978298,12.2272635,26.359993,0.39997527,-13.2414742,-19.9687481,0.399972111,-8.18346786,-19.4064598,0.424968749,-8.63054466,22.6258526,0.449965149,24.4224701,-9.35232735,0.47496146
345,-17.9989204,-4.44373518e-06,0.29998365,42.5801697,-6.91714334,0.399981081,-13.5881577,-4.14232445,0.349978298,12.2679873,26.4584656,0.39997527,-13.2955904,-20.042696,0.399972111,-8.22580338,-19.4810886,0.424968749,-8.67251205,22.7157784,0.449965149,24.5095329,-9.38794613,0.47496146
346,-18.0601406,-4.45885007e-06,0.29998365,42.7266502,-6.94152975,0.399981052,-13.6382036,-4.15570641,0.349978298,12.3087111,26.5569382,0.39997527,-13.3497066,-20.1166439,0.399972081,-8.26813889,-19.5557175,0.424968749,-8.71447945,22.8057041,0.449965149,24.5965958,-9.42356491,0.47496146
347,-18.1213608,-4.47396496e-06,0.29998365,42.8731308,-6.96591616,0.399981052,-13.6882496,-4.16908836,0.349978298,12.3494349,26.6554108,0.39997527,-13.4038229,-20.1905918,0.399972111,-8.3104744,-19.6303463,0.424968749,-8.75644684,22.8956299,0.449965149,24.6836586,-9.45918369,0.47496146
348,-18.1825809,-4.48907986e-06,0.29998365,43.0196114,-6.99030256,0.399981052,-13.7382956,-4.18247032,0.349978298,12.3901587,26.7538834,0.39997527,-13.4579391,-20.2645397,0.399972111,-8.35280991,-19.7049751,0.424968749,-8.79841423,22.9855556,0.449965149,24.7707214,-9.49480247,0.47496146
349,-18.2438011,-4.50419475e-06,0.29998365,43.1660919,-7.01468897,0.399981052,-13.7883415,-4.19585228,0.349978298,12.4308825,26.852356,0.39997527,-13.5120554,-20.3384876,0.399972111,-8.39514542,-19.779604,0.424968749,-8.84038162,23.0754814,0.449965149,24.8577843,-9.53042126,0.47496146
350,-18.3050213,-4.51930964e-06,0.29998365,43.3125725,-7.03907537,0.399981052,-13.8383875,-4.20923424,0.349978298,12.4716063,26.9508286,0.39997527,-13.5661716,-20.4124355,0.399972111,-8.43748093,-19.8542328,0.424968749,-8.88234901,23.1654072,0.449965149,24.9448471,-9.56604004,0.47496146
351,-18.3662415,-4.53442453e-06,0.29998365,43.459053,-7.06346178,0.399981052,-13.8884335,-4.2226162,0.349978298,12.5123301,27.0493011,0.39997527,-13.6202879,-20.4863834,0.399972111,-8.47981644,-19.9288616,0.424968749,-8.92431641,23.2553329,0.449965149,25.0319099,-9.60165882,0.47496146
352,-18.4274616,-4.54953943e-06,0.29998365,43.6055336,-7.08784819,0.399981052,-13.9384794,-4.23599815,0.349978298,12.5530539,27.1477737,0.39997527,-13.6744041,-20.5603313,0.399972111,-8.52215195,-20.0034904,0.424968749,-8.9662838,23.3452587,0.449965149,25.1189728,-9.6372776,0.47496146
353,-18.4886818,-4.56465432e-06,0.29998365,43.7520142,-7.11223459,0.399981052,-13.9885254,-4.24938011,0.349978298,12.5937777,27.2462463,0.39997527,-13.7285204,-20.6342793,0.399972111,-8.56448746,-20.0781193,0.424968749,-9.00825119,23.4351845,0.449965149,25.2060356,-9.67289639,0.47496146
354,-18.549902,-4.57976921e-06,0.29998365,43.8984947,-7.136621,0.399981052,-14.0385714,-4.26276207,0.349978298,12.6345015,27.3447189,0.39997527,-13.7826366,-20.7082272,0.399972111,-8.60682297,-20.1527481,0.424968749,-9.05021858,23.5251102,0.449965149,25.2930984,-9.70851517,0.47496146
355,-18.6111221,-4.5948841e-06,0.29998365,44.0449753,-7.1610074,0.399981052,-14.0886173,-4.27614403,0.349978298,12.6752253,27.4431915,0.39997527,-13.8367529,-20.7821751,0.399972111,-8.64915848,-20.2273769,0.424968749,-9.09218597,23.615036,0.449965149,25.3801613,-9.74413395,0.47496146
356,-18.6723423,-4.609999e-06,0.29998365,44.1914558,-7.18539381,0.399981052,-14.1386633,-4.28952599,0.349978298,12.7159491,27.5416641,0.39997527,-13.8908691,-20.856123,0.399972111,-8.69149399,-20.3020058,0.424968749,-9.13415337,23.7049618,0.449965149,25.4672241,-9.77975273,0.47496146
357,-18.7335625,-4.62511389e-06,0.29998365,44.3379364,-7.20978022,0.399981081,-14.1887093,-4.30290794,0.349978298,12.7566729,27.6401367,0.39997527,-13.9449854,-20.9300709,0.399972111,-8.7338295,-20.3766346,0.424968749,-9.17612076,23.7948875,0.449965149,25.554287,-9.81537151,0.47496146
358,-18.7947826,-4.64022878e-06,0.29998365,44.484417,-7.23416662,0.399981081,-14.2387552,-4.3162899,0.349978298,12.7973967,27.7386093,0.39997527,-13.9991016,-21.0040188,0.399972111,-8.77616501,-20.4512634,0.424968749,-9.21808815,23.8848133,0.449965149,25.6413498,-9.8509903,0.47496146
359,-18.8560028,-4.65534367e-06,0.29998365,44.6308975,-7.25855303,0.399981052,-14.2888012,-4.32967186,0.349978298,12.8381205,27.8370819,0.39997527,-14.0532179,-21.0779667,0.399972111,-8.81850052,-20.5258923,0.424968749,-9.26005554,23.9747391,0.449965149,25.7284126,-9.88660908,0.47496146
360,-18.917223,-4.67045857e-06,0.29998365,44.7773781,-7.28293943,0.399981052,-14.3388472,-4.34305382,0.349978298,12.8788443,27.9355545,0.3999753,-14.1073341,-21.1519146,0.399972111,-8.86083603,-20.6005211,0.424968749,-9.30202293,24.0646648,0.449965149,25.8154755,-9.92222786,0.47496146
361,-18.9784431,-4.68557346e-06,0.29998365,44.9238586,-7.30732584,0.399981052,-14.3888931,-4.35643578,0.349978298,12.9195681,28.0340271,0.3999753,-14.1614504,-21.2258625,0.399972111,-8.90317154,-20.6751499,0.424968749,-9.34399033,24.1545906,0.449965149,25.9025383,-9.95784664,0.47496146
362,-19.0396633,-4.70068835e-06,0.29998365,45.0703392,-7.33171225,0.399981052,-14.4389391,-4.36981773,0.349978298,12.9602919,28.1324997,0.3999753,-14.2155666,-21.2998104,0.399972111,-8.94550705,-20.7497787,0.424968749,-9.38595772,24.2445164,0.449965149,25.9896011,-9.99346542,0.47496146
363,-19.1008835,-4.71580324e-06,0.29998365,45.2168198,-7.35609865,0.399981052,-14.4889851,-4.38319969,0.349978298,13.0010157,28.2309723,0.3999753,-14.2696829,-21.3737583,0.399972111,-8.98784256,-20.8244076,0.424968749,-9.42792511,24.3344421,0.449965149,26.076664,-10.0290842,0.47496146
364,-19.1621037,-4.73091814e-06,0.29998365,45.3633003,-7.38048506,0.399981052,-14.539031,-4.39658165,0.349978298,13.0417395,28.3294449,0.3999753,-14.3237991,-21.4477062,0.399972111,-9.03017807,-20.8990364,0.424968749,-9.4698925,24.4243679,0.449965149,26.1637268,-10.064703,0.47496146
365,-19.2233238,-4.74603303e-06,0.29998365,45.5097809,-7.40487146,0.399981052,-14.589077,-4.40996361,0.349978298,13.0824633,28.4279175,0.3999753,-14.3779154,-21.5216541,0.399972081,-9.07251358,-20.9736652,0.424968749,-9.51185989,24.5142937,0.449965149,26.2507896,-10.1003218,0.47496146
366,-19.284544,-4.76114792e-06,0.29998365,45.6562614,-7.42925787,0.399981052,-14.639123,-4.42334557,0.349978298,13.1231871,28.5263901,0.3999753,-14.4320316,-21.595602,0.399972081,-9.11484909,-21.0482941,0.424968749,-9.55382729,24.6042194,0.449965119,26.3378525,-10.1359406,0.47496146
367,-19.3457642,-4.77626281e-06,0.29998365,45.802742,-7.45364428,0.399981052,-14.6891689,-4.43672752,0.349978298,13.1639109,28.6248627,0.3999753,-14.4861479,-21.6695499,0.399972081,-9.1571846,-21.1229229,0.424968749,-9.59579468,24.6941452,0.449965119,26.4249153,-10.1715593,0.47496146
368,-19.4069843,-4.79137771e-06,0.29998365,45.9492226,-7.47803068,0.399981052,-14.7392149,-4.45010948,0.349978298,13.2046347,28.7233353,0.3999753,-14.5402641,-21.7434978,0.399972081,-9.19952011,-21.1975517,0.424968749,-9.63776207,24.784071,0.449965119,26.5119781,-10.2071781,0.47496146
369,-19.4682045,-4.8064926e-06,0.29998365,46.0957031,-7.50241709,0.399981052,-14.7892609,-4.46349144,0.349978298,13.2453585,28.8218079,0.3999753,-14.5943804,-21.8174458,0.399972081,-9.24185562,-21.2721806,0.424968749,-9.67972946,24.8739967,0.449965119,26.599041,-10.2427969,0.47496146
370,-19.5294247,-4.82160749e-06,0.29998365,46.2421837,-7.52680349,0.399981052,-14.8393068,-4.4768734,0.349978298,13.2860823,28.9202805,0.3999753,-14.6484966,-21.8913937,0.399972081,-9.28419113,-21.3468094,0.424968749,-9.72169685,24.9639225,0.449965119,26.6861038,-10.2784157,0.47496146
371,-19.5906448,-4.83672238e-06,0.29998365,46.3886642,-7.5511899,0.399981052,-14.8893528,-4.49025536,0.349978298,13.3268061,29.0187531,0.3999753,-14.7026129,-21.9653416,0.399972081,-9.32652664,-21.4214382,0.424968719,-9.76366425,25.0538483,0.449965149,26.7731667,-10.3140345,0.47496146
372,-19.651865,-4.85183728e-06,0.29998365,46.5351448,-7.57557631,0.399981052,-14.9393988,-4.50363731,0.349978298,13.3675299,29.1172256,0.3999753,-14.7567291,-22.0392895,0.399972111,-9.36886215,-21.496067,0.424968749,-9.80563164,25.143774,0.449965149,26.8602295,-10.3496532,0.47496146
373,-19.7130852,-4.86695217e-06,0.29998365,46.6816254,-7.59996271,0.399981052,-14.9894447,-4.51701927,0.349978298,13.4082537,29.2156982,0.3999753,-14.8108454,-22.1132374,0.399972111,-9.41119766,-21.5706959,0.424968749,-9.84759903,25.2336998,0.449965149,26.9472923,-10.385272,0.47496146
374,-19.7743053,-4.88206706e-06,0.29998365,46.8281059,-7.62434912,0.399981081,-15.0394907,-4.53040123,0.349978298,13.4489775,29.3141708,0.3999753,-14.8649616,-22.1871853,0.399972081,-9.45353317,-21.6453247,0.424968749,-9.88956642,25.3236256,0.449965149,27.0343552,-10.4208908,0.47496146
375,-19.8355255,-4.89718195e-06,0.29998365,46.9745865,-7.64873552,0.399981052,-15.0895367,-4.54378319,0.349978298,13.4897013,29.4126434,0.3999753,-14.9190779,-22.2611332,0.399972081,-9.49586868,-21.7199535,0.424968749,-9.93153381,25.4135513,0.449965149,27.121418,-10.4565096,0.47496146
376,-19.8967457,-4.91229684e-06,0.29998365,47.121067,-7.67312193,0.399981052,-15.1395826,-4.55716515,0.349978298,13.5304251,29.511116,0.3999753,-14.9731941,-22.3350811,0.399972081,-9.53820419,-21.7945824,0.424968749,-9.97350121,25.5034771,0.449965149,27.2084808,-10.4921284,0.47496146
377,-19.9579659,-4.92741174e-06,0.29998365,47.2675476,-7.69750834,0.399981052,-15.1896286,-4.5705471,0.349978298,13.5711489,29.6095886,0.3999753,-15.0273104,-22.409029,0.399972081,-9.5805397,-21.8692112,0.424968749,-10.0154686,25.5934029,0.449965149,27.2955437,-10.5277472,0.47496146
378,-20.019186,-4.94252663e-06,0.29998365,47.4140282,-7.72189474,0.399981052,-15.2396746,-4.58392906,0.349978298,13.6118727,29.7080612,0.3999753,-15.0814266,-22.4829769,0.399972081,-9.62287521,-21.94384,0.424968749,-10.057436,25.6833286,0.449965149,27.3826065,-10.5633659,0.47496146
379,-20.0804062,-4.95764152e-06,0.29998365,47.5605087,-7.74628115,0.399981052,-15.2897205,-4.59731102,0.349978298,13.6525965,29.8065338,0.3999753,-15.1355429,-22.5569248,0.399972081,-9.66521072,-22.0184689,0.424968749,-10.0994034,25.7732544,0.449965149,27.4696693,-10.5989847,0.47496146
380,-20.1416264,-4.97275641e-06,0.29998365,47.7069893,-7.77066755,0.399981052,-15.3397665,-4.61069298,0.349978298,13.6933203,29.9050064,0.3999753,-15.1896591,-22.6308727,0.399972081,-9.70754623,-22.0930977,0.424968749,-10.1413708,25.8631802,0.449965149,27.5567322,-10.6346035,0.47496146
381,-20.2028465,-4.98787131e-06,0.29998365,47.8534698,-7.79505396,0.399981052,-15.3898125,-4.62407494,0.349978298,13.7340441,30.003479,0.3999753,-15.2437754,-22.7048206,0.399972081,-9.74988174,-22.1677265,0.424968749,-10.1833382,25.9531059,0.449965149,27.643795,-10.6702223,0.47496146
382,-20.2640667,-5.0029862e-06,0.29998365,47.9999504,-7.81944036,0.399981052,-15.4398584,-4.63745689,0.349978298,13.7747679,30.1019516,0.3999753,-15.2978916,-22.7787685,0.399972081,-9.79221725,-22.2423553,0.424968749,-10.2253056,26.0430317,0.449965119,27.7308578,-10.7058411,0.47496146
383,-20.3252869,-5.01810109e-06,0.29998365,48.146431,-7.84382677,0.399981052,-15.4899044,-4.65083885,0.349978298,13.8154917,30.2004242,0.3999753,-15.3520079,-22.8527164,0.399972081,-9.83455276,-22.3169842,0.424968749,-10.2672729,26.1329575,0.449965119,27.8179207,-10.7414598,0.47496146
384,-20.386507,-5.03321598e-06,0.29998365,48.2929115,-7.86821318,0.399981052,-15.5399504,-4.66422081,0.349978298,13.8562155,30.2988968,0.3999753,-15.4061241,-22.9266644,0.399972081,-9.87688828,-22.391613,0.424968749,-10.3092403,26.2228832,0.449965119,27.9049835,-10.7770786,0.47496146
385,-20.4477272,-5.04833088e-06,0.29998365,48.4393921,-7.89259958,0.399981052,-15.5899963,-4.67760277,0.349978298,13.8969393,30.3973694,0.3999753,-15.4602404,-23.0006123,0.399972111,-9.91922379,-22.4662418,0.424968749,-10.3512077,26.312809,0.449965119,27.9920464,-10.8126974,0.47496146
386,-20.5089474,-5.06344577e-06,0.29998365,48.5858727,-7.91698599,0.399981052,-15.6400423,-4.69098473,0.349978298,13.9376631,30.495842,0.3999753,-15.5143566,-23.0745602,0.399972111,-9.9615593,-22.5408707,0.424968749,-10.3931751,26.4027348,0.449965119,28.0791092,-10.8483162,0.47496146
387,-20.5701675,-5.07856066e-06,0.29998365,48.7323532,-7.94137239,0.399981052,-15.6900883,-4.70436668,0.349978298,13.9783869,30.5943146,0.3999753,-15.5684729,-23.1485081,0.399972111,-10.0038948,-22.6154995,0.424968749,-10.4351425,26.4926605,0.449965119,28.166172,-10.883935,0.47496146
388,-20.6313877,-5.09367555e-06,0.29998365,48.8788338,-7.9657588,0.399981052,-15.7401342,-4.71774864,0.349978298,14.0191107,30.6927872,0.3999753,-15.6225891,-23.222456,0.399972111,-10.0462303,-22.6901283,0.424968749,-10.4771099,26.5825863,0.449965119,28.2532349,-10.9195538,0.47496146
389,-20.6926079,-5.10879045e-06,0.29998365,49.0253143,-7.99014521,0.399981052,-15.7901802,-4.7311306,0.349978298,14.0598345,30.7912598,0.3999753,-15.6767054,-23.2964039,0.399972111,-10.0885658,-22.7647572,0.424968749,-10.5190773,26.6725121,0.449965119,28.3402977,-10.9551725,0.47496146
390,-20.753828,-5.12390534e-06,0.29998365,49.1717949,-8.01453114,0.399981052,-15.8402262,-4.74451256,0.349978298,14.1005583,30.8897324,0.3999753,-15.7308216,-23.3703518,0.399972111,-10.1309013,-22.839386,0.424968749,-10.5610447,26.7624378,0.449965119,28.4273605,-10.9907913,0.47496146
391,-20.8150482,-5.13902023e-06,0.29998365,49.3182755,-8.03891754,0.399981052,-15.8902721,-4.75789452,0.349978298,14.1412821,30.988205,0.3999753,-15.7849379,-23.4442997,0.399972111,-10.1732368,-22.9140148,0.424968749,-10.6030121,26.8523636,0.449965119,28.5144234,-11.0264101,0.47496146
392,-20.8762684,-5.15413512e-06,0.29998365,49.464756,-8.06330395,0.399981052,-15.9403181,-4.77127647,0.349978298,14.1820059,31.0866776,0.3999753,-15.8390541,-23.5182476,0.399972111,-10.2155724,-22.9886436,0.424968749,-10.6449795,26.9422894,0.449965119,28.6014862,-11.0620289,0.47496146
393,-20.9374886,-5.16925002e-06,0.29998365,49.6112366,-8.08769035,0.399981052,-15.9903641,-4.78465843,0.349978298,14.2227297,31.1851501,0.3999753,-15.8931704,-23.5921955,0.399972111,-10.2579079,-23.0632725,0.424968749,-10.6869469,27.0322151,0.449965119,28.688549,-11.0976477,0.47496146
394,-20.9987087,-5.18436491e-06,0.29998365,49.7577171,-8.11207676,0.399981052,-16.0404091,-4.79804039,0.349978298,14.2634535,31.2836227,0.3999753,-15.9472866,-23.6661434,0.399972111,-10.3002434,-23.1379013,0.424968749,-10.7289143,27.1221409,0.449965119,28.7756119,-11.1332664,0.47496146
395,-21.0599289,-5.1994798e-06,0.29998365,49.9041977,-8.13646317,0.399981052,-16.0904541,-4.81142235,0.349978298,14.3041773,31.3820953,0.3999753,-16.0014019,-23.7400913,0.399972111,-10.3425789,-23.2125301,0.424968749,-10.7708817,27.2120667,0.449965119,28.8626747,-11.1688852,0.47496146
396,-21.1211491,-5.21459469e-06,0.29998365,50.0506783,-8.16084957,0.399981052,-16.1404991,-4.82480431,0.349978298,14.3449011,31.4805679,0.3999753,-16.0555172,-23.8140392,0.399972111,-10.3849144,-23.287159,0.424968749,-10.812849,27.3019924,0.449965119,28.9497375,-11.204504,0.47496146
397,-21.1823692,-5.22970959e-06,0.29998365,50.1971588,-8.18523598,0.399981052,-16.1905441,-4.83818626,0.349978298,14.3856249,31.5790405,0.3999753,-16.1096325,-23.8879871,0.399972111,-10.4272499,-23.3617878,0.424968749,-10.8548164,27.3919182,0.449965119,29.0368004,-11.2401228,0.47496146
398,-21.2435894,-5.24482448e-06,0.29998365,50.3436394,-8.20962238,0.399981052,-16.2405891,-4.85156822,0.349978298,14.4263487,31.6775131,0.3999753,-16.1637478,-23.961935,0.399972111,-10.4695854,-23.4364166,0.424968749,-10.8967838,27.4818439,0.449965119,29.1238632,-11.2757416,0.47496146
399,-21.3048096,-5.25993937e-06,0.29998365,50.4901199,-8.23400879,0.399981052,-16.2906342,-4.86495018,0.349978298,14.4670725,31.7759857,0.3999753,-16.2178631,-24.0358829,0.399972111,-10.5119209,-23.5110455,0.424968749,-10.9387512,27.5717697,0.449965119,29.2109261,-11.3113604,0.47496146
400,-21.3660297,-5.27505426e-06,0.29998365,50.6366005,-8.2583952,0.399981052,-16.3406792,-4.87833214,0.349978298,14.5077963,31.8744583,0.3999753,-16.2719784,-24.1098309,0.399972111,-10.5542564,-23.5856743,0.424968749,-10.9807186,27.6616955,0.449965119,29.2979889,-11.3469791,0.47496146
401,-21.4272499,-5.29016916e-06,0.29998365,50.7830811,-8.2827816,0.399981052,-16.3907242,-4.8917141,0.349978298,14.5485201,31.9729309,0.3999753,-16.3260937,-24.1837788,0.399972111,-10.5965919,-23.6603031,0.424968749,-11.022686,27.7516212,0.449965149,29.3850517,-11.3825979,0.47496146
402,-21.4884701,-5.30528405e-06,0.29998365,50.9295616,-8.30716801,0.399981052,-16.4407692,-4.90509605,0.349978298,14.5892439,32.0714035,0.3999753,-16.380209,-24.2577267,0.399972111,-10.6389275,-23.7349319,0.424968749,-11.0646534,27.841547,0.449965119,29.4721146,-11.4182167,0.47496146
403,-21.5496902,-5.32039894e-06,0.29998365,51.0760422,-8.33155441,0.399981052,-16.4908142,-4.91847801,0.349978298,14.6299677,32.1698761,0.3999753,-16.4343243,-24.3316746,0.399972111,-10.681263,-23.8095608,0.424968749,-11.1066208,27.9314728,0.449965119,29.5591774,-11.4538355,0.47496146
404,-21.6109104,-5.33551383e-06,0.29998365,51.2225227,-8.35594082,0.399981052,-16.5408592,-4.93185997,0.349978298,14.6706915,32.2683487,0.3999753,-16.4884396,-24.4056225,0.399972111,-10.7235985,-23.8841896,0.424968749,-11.1485882,28.0213985,0.449965119,29.6462402,-11.4894543,0.47496146
405,-21.6721306,-5.35062873e-06,0.29998365,51.3690033,-8.38032722,0.399981052,-16.5909042,-4.94524193,0.349978298,14.7114153,32.3668213,0.3999753,-16.5425549,-24.4795704,0.399972111,-10.765934,-23.9588184,0.424968749,-11.1905556,28.1113243,0.449965119,29.7333031,-11.5250731,0.47496146
406,-21.7333508,-5.36574362e-06,0.29998365,51.5154839,-8.40471363,0.399981052,-16.6409492,-4.95862389,0.349978298,14.7521391,32.4652939,0.3999753,-16.5966702,-24.5535183,0.399972111,-10.8082695,-24.0334473,0.424968749,-11.232523,28.2012501,0.449965119,29.8203659,-11.5606918,0.47496146
407,-21.7945709,-5.38085851e-06,0.29998365,51.6619644,-8.42910004,0.399981052,-16.6909943,-4.97200584,0.349978298,14.7928629,32.5637665,0.3999753,-16.6507854,-24.6274662,0.399972111,-10.850605,-24.1080761,0.424968749,-11.2744904,28.2911758,0.449965119,29.9074287,-11.5963106,0.47496146
408,-21.8557911,-5.3959734e-06,0.29998365,51.808445,-8.45348644,0.399981052,-16.7410393,-4.9853878,0.349978298,14.8335867,32.6622391,0.3999753,-16.7049007,-24.7014141,0.399972111,-10.8929405,-24.1827049,0.424968749,-11.3164577,28.3811016,0.449965119,29.9944916,-11.6319294,0.47496146
409,-21.9170113,-5.4110883e-06,0.29998365,51.9549255,-8.47787285,0.399981052,-16.7910843,-4.99876976,0.349978298,14.8743105,32.7607117,0.3999753,-16.759016,-24.775362,0.399972111,-10.935276,-24.2573338,0.424968749,-11.3584251,28.4710274,0.449965119,30.0815544,-11.6675482,0.47496146
410,-21.9782314,-5.42620319e-06,0.29998365,52.1014061,-8.50225925,0.399981052,-16.8411293,-5.01215172,0.349978298,14.9150343,32.8591843,0.3999753,-16.8131313,-24.8493099,0.399972111,-10.9776115,-24.3319626,0.424968749,-11.4003925,28.5609531,0.449965119,30.1686172,-11.703167,0.47496146
411,-22.0394516,-5.44131808e-06,0.29998365,52.2478867,-8.52664566,0.399981052,-16.8911743,-5.02553368,0.349978298,14.9557581,32.9576569,0.3999753,-16.8672466,-24.9232578,0.399972111,-11.0199471,-24.4065914,0.424968749,-11.4423599,28.6508789,0.449965119,30.2556801,-11.7387857,0.47496146
412,-22.1006718,-5.45643297e-06,0.29998365,52.3943672,-8.55103207,0.399981052,-16.9412193,-5.03891563,0.349978298,14.9964819,33.0561295,0.3999753,-16.9213619,-24.9972057,0.399972111,-11.0622826,-24.4812202,0.424968749,-11.4843273,28.7408047,0.449965119,30.3427429,-11.7744045,0.47496143
413,-22.1618919,-5.47154787e-06,0.29998365,52.5408478,-8.57541847,0.399981052,-16.9912643,-5.05229759,0.349978298,15.0372057,33.1546021,0.3999753,-16.9754772,-25.0711536,0.399972111,-11.1046181,-24.5558491,0.424968749,-11.5262947,28.8307304,0.449965119,30.4298058,-11.8100233,0.47496143
414,-22.2231121,-5.48666276e-06,0.29998365,52.6873283,-8.59980488,0.399981052,-17.0413094,-5.06567955,0.349978298,15.0779295,33.2530746,0.3999753,-17.0295925,-25.1451015,0.399972111,-11.1469536,-24.6304779,0.424968749,-11.5682621,28.9206562,0.449965119,30.5168686,-11.8456421,0.47496146
415,-22.2843323,-5.50177765e-06,0.29998365,52.8338089,-8.62419128,0.399981052,-17.0913544,-5.07906151,0.349978298,15.1186533,33.3515472,0.3999753,-17.0837078,-25.2190495,0.399972111,-11.1892891,-24.7051067,0.424968749,-11.6102295,29.010582,0.449965119,30.6039314,-11.8812609,0.47496146
416,-22.3455524,-5.51689254e-06,0.29998365,52.9802895,-8.64857769,0.399981052,-17.1413994,-5.09244347,0.349978298,15.1593771,33.4500198,0.3999753,-17.1378231,-25.2929974,0.399972111,-11.2316246,-24.7797356,0.424968749,-11.6521969,29.1005077,0.449965119,30.6909943,-11.9168797,0.47496146
417,-22.4067726,-5.53200744e-06,0.29998365,53.12677,-8.6729641,0.399981052,-17.1914444,-5.10582542,0.349978298,15.2001009,33.5484924,0.3999753,-17.1919384,-25.3669453,0.399972111,-11.2739601,-24.8543644,0.424968749,-11.6941643,29.1904335,0.449965119,30.7780571,-11.9524984,0.47496146
418,-22.4679928,-5.54712233e-06,0.29998365,53.2732506,-8.6973505,0.399981052,-17.2414894,-5.11920738,0.349978298,15.2408247,33.646965,0.3999753,-17.2460537,-25.4408932,0.399972111,-11.3162956,-24.9289932,0.424968749,-11.7361317,29.2803593,0.449965119,30.8651199,-11.9881172,0.47496146
419,-22.529213,-5.56223722e-06,0.29998365,53.4197311,-8.72173691,0.399981052,-17.2915344,-5.13258934,0.349978298,15.2815485,33.7454376,0.3999753,-17.300169,-25.5148411,0.399972111,-11.3586311,-25.0036221,0.424968749,-11.7780991,29.370285,0.449965119,30.9521828,-12.023736,0.47496146
420,-22.5904331,-5.57735211e-06,0.29998365,53.5662117,-8.74612331,0.399981052,-17.3415794,-5.1459713,0.349978298,15.3222723,33.8439102,0.3999753,-17.3542843,-25.588789,0.399972111,-11.4009666,-25.0782509,0.424968749,-11.8200665,29.4602108,0.449965119,31.0392456,-12.0593548,0.47496146
421,-22.6516533,-5.59246701e-06,0.29998365,53.7126923,-8.77050972,0.399981052,-17.3916245,-5.15935326,0.349978298,15.3629961,33.9423828,0.3999753,-17.4083996,-25.6627369,0.399972111,-11.4433022,-25.1528797,0.424968749,-11.8620338,29.5501366,0.449965119,31.1263084,-12.0949736,0.47496146
422,-22.7128735,-5.6075819e-06,0.29998365,53.8591728,-8.79489613,0.399981052,-17.4416695,-5.17273521,0.349978298,15.4037199,34.0408554,0.3999753,-17.4625149,-25.7366848,0.399972111,-11.4856377,-25.2275085,0.424968749,-11.9040012,29.6400623,0.449965119,31.2133713,-12.1305923,0.47496146
423,-22.7740936,-5.62269679e-06,0.29998365,54.0056534,-8.81928253,0.399981052,-17.4917145,-5.18611717,0.349978298,15.4444437,34.139328,0.3999753,-17.5166302,-25.8106327,0.399972111,-11.5279732,-25.3021374,0.424968749,-11.9459686,29.7299881,0.449965119,31.3004341,-12.1662111,0.47496146
424,-22.8353138,-5.63781168e-06,0.29998365,54.1521339,-8.84366894,0.399981052,-17.5417595,-5.19949913,0.349978298,15.4851675,34.2378006,0.3999753,-17.5707455,-25.8845806,0.399972111,-11.5703087,-25.3767662,0.424968749,-11.987936,29.8199139,0.449965119,31.3874969,-12.2018299,0.47496146
425,-22.896534,-5.65292657e-06,0.29998365,54.2986145,-8.86805534,0.399981052,-17.5918045,-5.21288109,0.349978298,15.5258913,34.3362732,0.3999753,-17.6248608,-25.9585285,0.399972111,-11.6126442,-25.451395,0.424968749,-12.0299034,29.9098396,0.449965119,31.4745598,-12.2374487,0.47496146
426,-22.9577541,-5.66804147e-06,0.29998365,54.4450951,-8.89244175,0.399981052,-17.6418495,-5.22626305,0.349978298,15.5666151,34.4347458,0.3999753,-17.6789761,-26.0324764,0.399972111,-11.6549797,-25.5260239,0.424968749,-12.0718708,29.9997654,0.449965119,31.5616226,-12.2730675,0.47496146
427,-23.0189743,-5.68315636e-06,0.29998365,54.5915756,-8.91682816,0.399981052,-17.6918945,-5.239645,0.349978298,15.6073389,34.5332184,0.3999753,-17.7330914,-26.1064243,0.399972111,-11.6973152,-25.6006527,0.424968749,-12.1138382,30.0896912,0.449965119,31.6486855,-12.3086863,0.47496146
428,-23.0801945,-5.69827125e-06,0.29998365,54.7380562,-8.94121456,0.399981052,-17.7419395,-5.25302696,0.349978298,15.6480627,34.631691,0.3999753,-17.7872066,-26.1803722,0.399972111,-11.7396507,-25.6752815,0.424968749,-12.1558056,30.1796169,0.449965119,31.7357483,-12.344305,0.47496146
429,-23.1414146,-5.71338614e-06,0.29998365,54.8845367,-8.96560097,0.399981052,-17.7919846,-5.26640892,0.349978298,15.6887865,34.7301636,0.3999753,-17.8413219,-26.2543201,0.399972111,-11.7819862,-25.7499104,0.424968749,-12.197773,30.2695427,0.449965119,31.8228111,-12.3799238,0.47496146
430,-23.2026348,-5.72850104e-06,0.29998365,55.0310173,-8.98998737,0.399981052,-17.8420296,-5.27979088,0.349978298,15.7295103,34.8286362,0.3999753,-17.8954372,-26.3282681,0.399972111,-11.8243217,-25.8245392,0.424968719,-12.2397404,30.3594685,0.449965119,31.909874,-12.4155426,0.47496146
431,-23.263855,-5.74361593e-06,0.29998365,55.1774979,-9.01437378,0.399981052,-17.8920746,-5.29317284,0.349978298,15.7702341,34.9271088,0.3999753,-17.9495525,-26.402216,0.399972111,-11.8666573,-25.899168,0.424968719,-12.2817078,30.4493942,0.449965119,31.9969368,-12.4511614,0.47496146
432,-23.3250751,-5.75873082e-06,0.29998365,55.3239784,-9.03876019,0.399981052,-17.9421196,-5.30655479,0.349978298,15.8109579,35.0255814,0.3999753,-18.0036678,-26.4761639,0.399972111,-11.9089928,-25.9737968,0.424968719,-12.3236752,30.53932,0.449965119,32.0839996,-12.4867802,0.47496146
433,-23.3862953,-5.77384571e-06,0.29998365,55.470459,-9.06314659,0.399981052,-17.9921646,-5.31993675,0.349978298,15.8516817,35.124054,0.3999753,-18.0577831,-26.5501118,0.399972111,-11.9513283,-26.0484257,0.424968719,-12.3656425,30.6292458,0.449965119,32.1710625,-12.5223989,0.47496146
434,-23.4475155,-5.78896061e-06,0.29998365,55.6169395,-9.087533,0.399981052,-18.0422096,-5.33331871,0.349978298,15.8924055,35.2225266,0.3999753,-18.1118984,-26.6240597,0.399972111,-11.9936638,-26.1230545,0.424968719,-12.4076099,30.7191715,0.449965119,32.2581253,-12.5580177,0.47496146
435,-23.5087357,-5.8040755e-06,0.29998365,55.7634201,-9.1119194,0.399981052,-18.0922546,-5.34670067,0.349978298,15.9331293,35.3209991,0.3999753,-18.1660137,-26.6980076,0.399972111,-12.0359993,-26.1976833,0.424968749,-12.4495773,30.8090973,0.449965119,32.3451881,-12.5936365,0.47496146
436,-23.5699558,-5.81919039e-06,0.29998365,55.9099007,-9.13630581,0.399981052,-18.1422997,-5.36008263,0.349978298,15.9738531,35.4194717,0.3999753,-18.220129,-26.7719555,0.399972111,-12.0783348,-26.2723122,0.424968749,-12.4915447,30.8990231,0.449965119,32.432251,-12.6292553,0.47496146
437,-23.631176,-5.83430528e-06,0.29998365,56.0563812,-9.16069221,0.399981052,-18.1923447,-5.37346458,0.349978298,16.0145779,35.5179443,0.3999753,-18.2742443,-26.8459034,0.399972111,-12.1206703,-26.346941,0.424968749,-12.5335121,30.9889488,0.449965119,32.5193138,-12.6648741,0.47496146
438,-23.6923962,-5.84942018e-06,0.29998365,56.2028618,-9.18507862,0.399981052,-18.2423897,-5.38684654,0.349978298,16.0553017,35.6164169,0.3999753,-18.3283596,-26.9198513,0.399972111,-12.1630058,-26.4215698,0.424968749,-12.5754795,31.0788746,0.449965119,32.6063766,-12.7004929,0.47496146
439,-23.7536163,-5.86453507e-06,0.29998365,56.3493423,-9.20946503,0.399981052,-18.2924347,-5.4002285,0.349978298,16.0960255,35.7148895,0.3999753,-18.3824749,-26.9937992,0.399972111,-12.2053413,-26.4961987,0.424968749,-12.6174469,31.1688004,0.449965119,32.6934395,-12.7361116,0.47496146
440,-23.8148365,-5.87964996e-06,0.29998365,56.4958229,-9.23385143,0.399981052,-18.3424797,-5.41361046,0.349978298,16.1367493,35.8133621,0.3999753,-18.4365902,-27.0677471,0.399972111,-12.2476768,-26.5708275,0.424968749,-12.6594143,31.2587261,0.449965119,32.7805023,-12.7717304,0.47496146
441,-23.8760567,-5.89476485e-06,0.29998365,56.6423035,-9.25823784,0.399981052,-18.3925247,-5.42699242,0.349978298,16.1774731,35.9118347,0.3999753,-18.4907055,-27.141695,0.399972111,-12.2900124,-26.6454563,0.424968749,-12.7013817,31.3486519,0.449965119,32.8675652,-12.8073492,0.47496146
442,-23.9372768,-5.90987975e-06,0.29998365,56.788784,-9.28262424,0.399981052,-18.4425697,-5.44037437,0.349978298,16.2181969,36.0103073,0.3999753,-18.5448208,-27.2156429,0.399972111,-12.3323479,-26.7200851,0.424968749,-12.7433491,31.4385777,0.449965119,32.954628,-12.842968,0.47496146
443,-23.998497,-5.92499464e-06,0.29998365,56.9352646,-9.30701065,0.399981052,-18.4926147,-5.45375633,0.349978298,16.2589207,36.1087799,0.3999753,-18.5989361,-27.2895908,0.399972111,-12.3746834,-26.794714,0.424968749,-12.7853165,31.5285034,0.449965119,33.0416908,-12.8785868,0.47496146
444,-24.0597172,-5.94010953e-06,0.29998365,57.0817451,-9.33139706,0.399981052,-18.5426598,-5.46713829,0.349978298,16.2996445,36.2072525,0.3999753,-18.6530514,-27.3635387,0.399972111,-12.4170189,-26.8693428,0.424968749,-12.8272839,31.6184292,0.449965119,33.1287537,-12.9142056,0.47496146
445,-24.1209373,-5.95522442e-06,0.29998365,57.2282257,-9.35578346,0.399981052,-18.5927048,-5.48052025,0.349978298,16.3403683,36.3057251,0.3999753,-18.7071667,-27.4374866,0.399972111,-12.4593544,-26.9439716,0.424968749,-12.8692513,31.7083549,0.449965119,33.2158165,-12.9498243,0.47496146
446,-24.1821575,-5.97033932e-06,0.29998365,57.3747063,-9.38016987,0.399981052,-18.6427498,-5.49390221,0.349978298,16.3810921,36.4041977,0.3999753,-18.761282,-27.5114346,0.399972111,-12.5016899,-27.0186005,0.424968749,-12.9112186,31.7982807,0.449965119,33.3028793,-12.9854431,0.47496146
447,-24.2433777,-5.98545421e-06,0.29998365,57.5211868,-9.40455627,0.399981052,-18.6927948,-5.50728416,0.349978298,16.4218159,36.5026703,0.3999753,-18.8153973,-27.5853825,0.399972111,-12.5440254,-27.0932293,0.424968749,-12.953186,31.8882065,0.449965119,33.3899422,-13.0210619,0.47496146
448,-24.3045979,-6.0005691e-06,0.29998365,57.6676674,-9.42894268,0.399981052,-18.7428398,-5.52066612,0.349978298,16.4625397,36.6011429,0.3999753,-18.8695126,-27.6593304,0.399972111,-12.5863609,-27.1678581,0.424968749,-12.9951534,31.9781322,0.449965119,33.477005,-13.0566807,0.47496146
449,-24.365818,-6.01568399e-06,0.29998365,57.8141479,-9.45332909,0.399981052,-18.7928848,-5.53404808,0.349978298,16.5032635,36.6996155,0.3999753,-18.9236279,-27.7332783,0.399972111,-12.6286964,-27.242487,0.424968749,-13.0371208,32.068058,0.449965119,33.5640678,-13.0922995,0.47496146
450,-24.4270382,-6.03079889e-06,0.29998365,57.9606285,-9.47771549,0.399981052,-18.8429298,-5.54743004,0.349978298,16.5439873,36.7980881,0.3999753,-18.9777431,-27.8072262,0.399972111,-12.671032,-27.3171158,0.424968749,-13.0790882,32.1579857,0.449965119,33.6511307,-13.1279182,0.47496146
451,-24.4882584,-6.04591378e-06,0.29998365,58.1071091,-9.5021019,0.399981081,-18.8929749,-5.560812,0.349978298,16.5847111,36.8965607,0.39997527,-19.0318584,-27.8811741,0.399972111,-12.7133675,-27.3917446,0.424968749,-13.1210556,32.2479134,0.449965149,33.7381935,-13.163537,0.47496146
452,-24.5494785,-6.06102867e-06,0.29998365,58.2535896,-9.5264883,0.399981052,-18.9430199,-5.57419395,0.349978298,16.6254349,36.9950333,0.39997527,-19.0859737,-27.955122,0.399972111,-12.755703,-27.4663734,0.424968749,-13.163023,32.337841,0.449965149,33.8252563,-13.1991558,0.47496146
453,-24.6106987,-6.07614356e-06,0.29998365,58.4000702,-9.55087471,0.399981052,-18.9930649,-5.58757591,0.349978298,16.6661587,37.0935059,0.39997527,-19.140089,-28.0290699,0.399972111,-12.7980385,-27.5410023,0.424968749,-13.2049904,32.4277687,0.449965149,33.9123192,-13.2347746,0.47496146
454,-24.6719189,-6.09125846e-06,0.29998365,58.5465508,-9.57526112,0.399981052,-19.0431099,-5.60095787,0.349978298,16.7068825,37.1919785,0.39997527,-19.1942043,-28.1030178,0.399972111,-12.840374,-27.6156311,0.424968749,-13.2469578,32.5176964,0.449965149,33.999382,-13.2703934,0.47496146
455,-24.733139,-6.10637335e-06,0.29998365,58.6930313,-9.59964752,0.399981052,-19.0931549,-5.61433983,0.349978298,16.7476063,37.290451,0.39997527,-19.2483196,-28.1769657,0.399972111,-12.8827095,-27.6902599,0.424968749,-13.2889252,32.6076241,0.449965149,34.0864449,-13.3060122,0.47496146
456,-24.7943592,-6.12148824e-06,0.29998365,58.8395119,-9.62403393,0.399981052,-19.1431999,-5.62772179,0.349978298,16.7883301,37.3889236,0.39997527,-19.3024349,-28.2509136,0.399972111,-12.925045,-27.7648888,0.424968749,-13.3308926,32.6975517,0.449965149,34.1735077,-13.3416309,0.47496146
457,-24.8555794,-6.13660313e-06,0.29998365,58.9859924,-9.64842033,0.399981052,-19.1932449,-5.64110374,0.349978298,16.8290539,37.4873962,0.39997527,-19.3565502,-28.3248615,0.399972111,-12.9673805,-27.8395176,0.424968749,-13.37286,32.7874794,0.449965149,34.2605705,-13.3772497,0.47496146
458,-24.9167995,-6.15171803e-06,0.29998365,59.132473,-9.67280674,0.399981052,-19.2432899,-5.6544857,0.349978298,16.8697777,37.5858688,0.39997527,-19.4106655,-28.3988094,0.399972111,-13.009716,-27.9141464,0.424968749,-13.4148273,32.8774071,0.449965149,34.3476334,-13.4128685,0.47496146
459,-24.9780197,-6.16683292e-06,0.29998365,59.2789536,-9.69719315,0.399981081,-19.293335,-5.66786766,0.349978298,16.9105015,37.6843414,0.39997527,-19.4647808,-28.4727573,0.399972111,-13.0520515,-27.9887753,0.424968749,-13.4567947,32.9673347,0.449965149,34.4346962,-13.4484873,0.47496146
460,-25.0392399,-6.18194781e-06,0.29998365,59.4254341,-9.72157955,0.399981081,-19.34338,-5.68124962,0.349978298,16.9512253,37.782814,0.39997527,-19.5188961,-28.5467052,0.399972111,-13.0943871,-28.0634041,0.424968749,-13.4987621,33.0572624,0.449965119,34.521759,-13.4841061,0.474961489
461,-25.1004601,-6.1970627e-06,0.29998365,59.5719147,-9.74596596,0.399981081,-19.393425,-5.69463158,0.349978298,16.9919491,37.8812866,0.39997527,-19.5730114,-28.6206532,0.399972111,-13.1367226,-28.1380329,0.424968749,-13.5407295,33.1471901,0.449965119,34.6088219,-13.5197248,0.474961489
462,-25.1616802,-6.2121776e-06,0.29998365,59.7183952,-9.77035236,0.399981052,-19.44347,-5.70801353,0.349978298,17.0326729,37.9797592,0.39997527,-19.6271267,-28.6946011,0.399972111,-13.1790581,-28.2126617,0.424968749,-13.5826969,33.2371178,0.449965119,34.6958847,-13.5553436,0.474961489
463,-25.2229004,-6.22729249e-06,0.29998365,59.8648758,-9.79473877,0.399981052,-19.493515,-5.72139549,0.349978298,17.0733967,38.0782318,0.39997527,-19.681242,-28.768549,0.399972081,-13.2213936,-28.2872906,0.424968749,-13.6246643,33.3270454,0.449965149,34.7829475,-13.5909624,0.474961489
464,-25.2841206,-6.24240738e-06,0.29998365,60.0113564,-9.81912518,0.399981052,-19.54356,-5.73477745,0.349978298,17.1141205,38.1767044,0.39997527,-19.7353573,-28.8424969,0.399972111,-13.2637291,-28.3619194,0.424968749,-13.6666317,33.4169731,0.449965149,34.8700104,-13.6265812,0.474961489
465,-25.3453407,-6.25752227e-06,0.29998365,60.1578369,-9.84351158,0.399981052,-19.593605,-5.74815941,0.349978298,17.1548443,38.275177,0.39997527,-19.7894726,-28.9164448,0.399972111,-13.3060646,-28.4365482,0.424968749,-13.7085991,33.5069008,0.449965149,34.9570732,-13.6622,0.47496146
466,-25.4065609,-6.27263717e-06,0.29998365,60.3043175,-9.86789799,0.399981052,-19.6436501,-5.76154137,0.349978298,17.1955681,38.3736496,0.39997527,-19.8435879,-28.9903927,0.399972081,-13.3484001,-28.5111771,0.424968749,-13.7505665,33.5968285,0.449965149,35.044136,-13.6978188,0.47496143
467,-25.4677811,-6.28775206e-06,0.29998365,60.450798,-9.89228439,0.399981052,-19.6936951,-5.77492332,0.349978298,17.2362919,38.4721222,0.39997527,-19.8977032,-29.0643406,0.399972081,-13.3907356,-28.5858059,0.424968749,-13.7925339,33.6867561,0.449965149,35.1311989,-13.7334375,0.47496143
468,-25.5290012,-6.30286695e-06,0.29998365,60.5972786,-9.9166708,0.399981052,-19.7437401,-5.78830528,0.349978298,17.2770157,38.5705948,0.39997527,-19.9518185,-29.1382885,0.399972081,-13.4330711,-28.6604347,0.424968749,-13.8345013,33.7766838,0.449965149,35.2182617,-13.7690563,0.47496143
469,-25.5902214,-6.31798184e-06,0.29998365,60.7437592,-9.94105721,0.399981052,-19.7937851,-5.80168724,0.349978298,17.3177395,38.6690674,0.39997527,-20.0059338,-29.2122364,0.399972081,-13.4754066,-28.7350636,0.424968749,-13.8764687,33.8666115,0.449965149,35.3053246,-13.8046751,0.47496143
470,-25.6514416,-6.33309674e-06,0.29998365,60.8902397,-9.96544361,0.399981052,-19.8438301,-5.8150692,0.349978298,17.3584633,38.76754,0.39997527,-20.0600491,-29.2861843,0.399972111,-13.5177422,-28.8096924,0.424968749,-13.9184361,33.9565392,0.449965149,35.3923874,-13.8402939,0.47496143
471,-25.7126617,-6.34821163e-06,0.29998365,61.0367203,-9.98983002,0.399981052,-19.8938751,-5.82845116,0.349978298,17.3991871,38.8660126,0.39997527,-20.1141644,-29.3601322,0.399972111,-13.5600777,-28.8843212,0.424968749,-13.9604034,34.0464668,0.449965149,35.4794502,-13.8759127,0.47496146
472,-25.7738819,-6.36332652e-06,0.29998365,61.1832008,-10.0142164,0.399981052,-19.9439201,-5.84183311,0.349978298,17.4399109,38.9644852,0.39997527,-20.1682796,-29.4340801,0.399972111,-13.6024132,-28.95895,0.424968749,-14.0023708,34.1363945,0.449965149,35.5665131,-13.9115314,0.47496146
473,-25.8351021,-6.37844141e-06,0.29998365,61.3296814,-10.0386028,0.399981052,-19.9939651,-5.85521507,0.349978298,17.4806347,39.0629578,0.39997527,-20.2223949,-29.508028,0.399972111,-13.6447487,-29.0335789,0.424968749,-14.0443382,34.2263222,0.449965149,35.6535759,-13.9471502,0.47496146
474,-25.8963223,-6.3935563e-06,0.29998365,61.476162,-10.0629892,0.399981052,-20.0440102,-5.86859703,0.349978298,17.5213585,39.1614304,0.3999753,-20.2765102,-29.5819759,0.399972111,-13.6870842,-29.1082077,0.424968749,-14.0863056,34.3162498,0.449965149,35.7406387,-13.982769,0.47496146
475,-25.9575424,-6.4086712e-06,0.29998365,61.6226425,-10.0873756,0.399981052,-20.0940552,-5.88197899,0.349978298,17.5620823,39.259903,0.3999753,-20.3306255,-29.6559238,0.399972111,-13.7294197,-29.1828365,0.424968749,-14.128273,34.4061775,0.449965149,35.8277016,-14.0183878,0.47496146
476,-26.0187626,-6.42378609e-06,0.29998365,61.7691231,-10.111762,0.399981052,-20.1441002,-5.89536095,0.349978298,17.6028061,39.3583755,0.3999753,-20.3847408,-29.7298717,0.399972111,-13.7717552,-29.2574654,0.424968749,-14.1702404,34.4961052,0.449965149,35.9147644,-14.0540066,0.47496146
477,-26.0799828,-6.43890098e-06,0.29998365,61.9156036,-10.1361485,0.399981052,-20.1941452,-5.9087429,0.349978298,17.6435299,39.4568481,0.3999753,-20.4388561,-29.8038197,0.399972111,-13.8140907,-29.3320942,0.424968749,-14.2122078,34.5860329,0.449965149,36.0018272,-14.0896254,0.47496146
478,-26.1412029,-6.45401587e-06,0.29998365,62.0620842,-10.1605349,0.399981052,-20.2441902,-5.92212486,0.349978298,17.6842537,39.5553207,0.3999753,-20.4929714,-29.8777676,0.399972111,-13.8564262,-29.406723,0.424968749,-14.2541752,34.6759605,0.449965149,36.0888901,-14.1252441,0.47496146
479,-26.2024231,-6.46913077e-06,0.29998365,62.2085648,-10.1849213,0.399981052,-20.2942352,-5.93550682,0.349978298,17.7249775,39.6537933,0.3999753,-20.5470867,-29.9517155,0.399972111,-13.8987617,-29.4813519,0.424968749,-14.2961426,34.7658882,0.449965149,36.1759529,-14.1608629,0.47496146
480,-26.2636433,-6.48424566e-06,0.29998365,62.3550453,-10.2093077,0.399981052,-20.3442802,-5.94888878,0.349978298,17.7657013,39.7522659,0.3999753,-20.601202,-30.0256634,0.399972111,-13.9410973,-29.5559807,0.424968749,-14.33811,34.8558159,0.449965149,36.2630157,-14.1964817,0.47496146
481,-26.3248634,-6.49936055e-06,0.29998365,62.5015259,-10.2336941,0.399981052,-20.3943253,-5.96227074,0.349978298,17.8064251,39.8507385,0.3999753,-20.6553173,-30.0996113,0.399972111,-13.9834328,-29.6306095,0.424968749,-14.3800774,34.9457436,0.449965149,36.3500786,-14.2321005,0.47496146
482,-26.3860836,-6.51447544e-06,0.29998365,62.6480064,-10.2580805,0.399981052,-20.4443703,-5.97565269,0.349978298,17.8471489,39.9492111,0.3999753,-20.7094326,-30.1735592,0.399972111,-14.0257683,-29.7052383,0.424968749,-14.4220448,35.0356712,0.449965149,36.4371414,-14.2677193,0.47496146
483,-26.4473038,-6.52959034e-06,0.29998365,62.794487,-10.2824669,0.399981052,-20.4944153,-5.98903465,0.349978298,17.8878727,40.0476837,0.3999753,-20.7635479,-30.2475071,0.399972111,-14.0681038,-29.7798672,0.424968749,-14.4640121,35.1255989,0.449965149,36.5242043,-14.3033381,0.47496146
484,-26.5085239,-6.54470523e-06,0.29998365,62.9409676,-10.3068533,0.399981052,-20.5444603,-6.00241661,0.349978298,17.9285965,40.1461563,0.3999753,-20.8176632,-30.321455,0.399972111,-14.1104393,-29.854496,0.424968749,-14.5059795,35.2155266,0.449965149,36.6112671,-14.3389568,0.47496146
485,-26.5697441,-6.55982012e-06,0.29998365,63.0874481,-10.3312397,0.399981081,-20.5945053,-6.01579857,0.349978298,17.9693203,40.2446289,0.3999753,-20.8717785,-30.3954029,0.399972111,-14.1527748,-29.9291248,0.424968749,-14.5479469,35.3054543,0.449965149,36.6983299,-14.3745756,0.47496146
486,-26.6309643,-6.57493501e-06,0.29998365,63.2339287,-10.3556261,0.399981081,-20.6445503,-6.02918053,0.349978298,18.0100441,40.3431015,0.3999753,-20.9258938,-30.4693508,0.399972111,-14.1951103,-30.0037537,0.424968749,-14.5899143,35.3953819,0.449965119,36.7853928,-14.4101944,0.47496146
487,-26.6921844,-6.59004991e-06,0.29998365,63.3804092,-10.3800125,0.399981081,-20.6945953,-6.04256248,0.349978298,18.0507679,40.4415741,0.3999753,-20.9800091,-30.5432987,0.399972111,-14.2374458,-30.0783825,0.424968749,-14.6318817,35.4853096,0.449965119,36.8724556,-14.4458132,0.47496146
488,-26.7534046,-6.6051648e-06,0.29998365,63.5268898,-10.4043989,0.399981081,-20.7446404,-6.05594444,0.349978298,18.0914917,40.5400467,0.3999753,-21.0341244,-30.6172466,0.399972111,-14.2797813,-30.1530113,0.424968749,-14.6738491,35.5752373,0.449965119,36.9595184,-14.481432,0.47496146
489,-26.8146248,-6.62027969e-06,0.29998365,63.6733704,-10.4287853,0.399981081,-20.7946854,-6.0693264,0.349978298,18.1322155,40.6385193,0.3999753,-21.0882397,-30.6911945,0.399972081,-14.3221169,-30.2276402,0.424968749,-14.7158165,35.6651649,0.449965119,37.0465813,-14.5170507,0.47496146
490,-26.875845,-6.63539458e-06,0.29998365,63.8198509,-10.4531717,0.399981081,-20.8447304,-6.08270836,0.349978298,18.1729393,40.7369919,0.3999753,-21.142355,-30.7651424,0.399972081,-14.3644524,-30.302269,0.424968749,-14.7577839,35.7550926,0.449965119,37.1336441,-14.5526695,0.47496146
491,-26.9370651,-6.65050948e-06,0.29998365,63.9663315,-10.4775581,0.399981081,-20.8947754,-6.09609032,0.349978298,18.2136631,40.8354645,0.3999753,-21.1964703,-30.8390903,0.399972081,-14.4067879,-30.3768978,0.424968749,-14.7997513,35.8450203,0.449965119,37.2207069,-14.5882883,0.47496146
492,-26.9982853,-6.66562437e-06,0.29998365,64.1128159,-10.5019445,0.399981081,-20.9448204,-6.10947227,0.349978298,18.2543869,40.9339371,0.3999753,-21.2505856,-30.9130383,0.399972081,-14.4491234,-30.4515266,0.424968749,-14.8417187,35.934948,0.449965119,37.3077698,-14.6239071,0.47496146
493,-27.0595055,-6.68073926e-06,0.29998365,64.2593002,-10.5263309,0.399981081,-20.9948654,-6.12285423,0.349978298,18.2951107,41.0324097,0.3999753,-21.3047009,-30.9869862,0.399972081,-14.4914589,-30.5261555,0.424968749,-14.8836861,36.0248756,0.449965119,37.3948326,-14.6595259,0.47496146
494,-27.1207256,-6.69585415e-06,0.29998365,64.4057846,-10.5507174,0.399981081,-21.0449104,-6.13623619,0.349978298,18.3358345,41.1308823,0.3999753,-21.3588161,-31.0609341,0.399972081,-14.5337944,-30.6007843,0.424968749,-14.9256535,36.1148033,0.449965119,37.4818954,-14.6951447,0.47496146
495,-27.1819458,-6.71096905e-06,0.29998365,64.552269,-10.5751038,0.399981081,-21.0949554,-6.14961815,0.349978298,18.3765583,41.2293549,0.3999753,-21.4129314,-31.134882,0.399972081,-14.5761299,-30.6754131,0.424968749,-14.9676208,36.204731,0.449965119,37.5689583,-14.7307634,0.47496146
496,-27.243166,-6.72608394e-06,0.29998365,64.6987534,-10.5994902,0.399981081,-21.1450005,-6.16300011,0.349978298,18.4172821,41.3278275,0.3999753,-21.4670467,-31.2088299,0.399972081,-14.6184654,-30.750042,0.424968749,-15.0095882,36.2946587,0.449965119,37.6560211,-14.7663822,0.47496146
497,-27.3043861,-6.74119883e-06,0.29998365,64.8452377,-10.6238766,0.399981081,-21.1950455,-6.17638206,0.349978298,18.4580059,41.4263,0.3999753,-21.521162,-31.2827778,0.399972081,-14.6608009,-30.8246708,0.424968749,-15.0515556,36.3845863,0.449965119,37.743084,-14.802001,0.47496146
498,-27.3656063,-6.75631372e-06,0.29998365,64.9917221,-10.648263,0.399981081,-21.2450905,-6.18976402,0.349978298,18.4987297,41.5247726,0.3999753,-21.5752773,-31.3567257,0.399972081,-14.7031364,-30.8992996,0.424968749,-15.093523,36.474514,0.449965119,37.8301468,-14.8376198,0.47496146
499,-27.4268265,-6.77142862e-06,0.29998365,65.1382065,-10.6726494,0.399981052,-21.2951355,-6.20314598,0.349978298,18.5394535,41.6232452,0.3999753,-21.6293926,-31.4306736,0.399972081,-14.745472,-30.9739285,0.424968749,-15.1354904,36.5644417,0.449965119,37.9172096,-14.8732386,0.47496146
500,-27.4880466,-6.78654351e-06,0.29998365,65.2846909,-10.6970358,0.399981052,-21.3451805,-6.21652794,0.349978298,18.5801773,41.7217178,0.3999753,-21.6835079,-31.5046215,0.399972081,-14.7878075,-31.0485573,0.424968749,-15.1774578,36.6543694,0.449965119,38.0042725,-14.9088573,0.47496146
501,-27.5492668,-6.8016584e-06,0.29998365,65.4311752,-10.7214222,0.399981052,-21.3952255,-6.2299099,0.349978298,18.6209011,41.8201904,0.3999753,-21.7376232,-31.5785694,0.399972111,-14.830143,-31.1231861,0.424968749,-15.2194252,36.744297,0.449965119,38.0913353,-14.9444761,0.47496146
502,-27.610487,-6.81677329e-06,0.29998365,65.5776596,-10.7458086,0.399981052,-21.4452705,-6.24329185,0.349978298,18.6616249,41.918663,0.3999753,-21.7917385,-31.6525173,0.399972111,-14.8724785,-31.1978149,0.424968749,-15.2613926,36.8342247,0.449965119,38.1783981,-14.9800949,0.47496146
503,-27.6717072,-6.83188819e-06,0.29998365,65.724144,-10.770195,0.399981052,-21.4953156,-6.25667381,0.349978298,18.7023487,42.0171356,0.3999753,-21.8458538,-31.7264652,0.399972111,-14.914814,-31.2724438,0.424968749,-15.30336,36.9241524,0.449965119,38.265461,-15.0157137,0.47496146
504,-27.7329273,-6.84700308e-06,0.29998365,65.8706284,-10.7945814,0.399981052,-21.5453606,-6.27005577,0.349978298,18.7430725,42.1156082,0.3999753,-21.8999691,-31.8004131,0.399972111,-14.9571495,-31.3470726,0.424968749,-15.3453274,37.01408,0.449965119,38.3525238,-15.0513325,0.47496146
505,-27.7941475,-6.86211797e-06,0.29998365,66.0171127,-10.8189678,0.399981052,-21.5954056,-6.28343773,0.349978298,18.7837963,42.2140808,0.3999753,-21.9540844,-31.874361,0.399972111,-14.999485,-31.4217014,0.424968749,-15.3872948,37.1040077,0.449965119,38.4395866,-15.0869513,0.47496146
506,-27.8553677,-6.87723286e-06,0.29998365,66.1635971,-10.8433542,0.399981052,-21.6454506,-6.29681969,0.349978298,18.8245201,42.3125534,0.3999753,-22.0081997,-31.9483089,0.399972111,-15.0418205,-31.4963303,0.424968749,-15.4292622,37.1939354,0.449965119,38.5266495,-15.12257,0.47496146
507,-27.9165878,-6.89234776e-06,0.29998365,66.3100815,-10.8677406,0.399981052,-21.6954956,-6.31020164,0.349978298,18.8652439,42.411026,0.3999753,-22.062315,-32.0222588,0.399972111,-15.084156,-31.5709591,0.424968749,-15.4712296,37.2838631,0.449965119,38.6137123,-15.1581888,0.47496146
508,-27.977808,-6.90746265e-06,0.29998365,66.4565659,-10.892127,0.399981052,-21.7455406,-6.3235836,0.349978298,18.9059677,42.5094986,0.3999753,-22.1164303,-32.0962067,0.399972111,-15.1264915,-31.6455879,0.424968749,-15.5131969,37.3737907,0.449965119,38.7007751,-15.1938076,0.47496146
509,-28.0390282,-6.92257754e-06,0.29998365,66.6030502,-10.9165134,0.399981052,-21.7955856,-6.33696556,0.349978298,18.9466915,42.6079712,0.3999753,-22.1705456,-32.1701546,0.399972111,-15.1688271,-31.7202168,0.424968749,-15.5551643,37.4637184,0.449965119,38.787838,-15.2294264,0.47496146
510,-28.1002483,-6.93769243e-06,0.29998365,66.7495346,-10.9408998,0.399981052,-21.8456306,-6.35034752,0.349978298,18.9874153,42.7064438,0.3999753,-22.2246609,-32.2441025,0.399972111,-15.2111626,-31.7948456,0.424968749,-15.5971317,37.5536461,0.449965119,38.8749008,-15.2650452,0.47496146
511,-28.1614685,-6.95280733e-06,0.29998365,66.896019,-10.9652863,0.399981052,-21.8956757,-6.36372948,0.349978298,19.0281391,42.8049164,0.3999753,-22.2787762,-32.3180504,0.399972111,-15.2534981,-31.8694744,0.424968749,-15.6390991,37.6435738,0.449965119,38.9619637,-15.3006639,0.47496146
512,-28.2226887,-6.96792222e-06,0.29998365,67.0425034,-10.9896727,0.399981052,-21.9457207,-6.37711143,0.349978298,19.0688629,42.903389,0.3999753,-22.3328915,-32.3919983,0.399972111,-15.2958336,-31.9441032,0.424968749,-15.6810665,37.7335014,0.449965119,39.0490265,-15.3362827,0.47496146
513,-28.2839088,-6.98303711e-06,0.29998365,67.1889877,-11.0140591,0.399981052,-21.9957657,-6.39049339,0.349978298,19.1095867,43.0018616,0.3999753,-22.3870068,-32.4659462,0.399972111,-15.3381691,-32.018734,0.424968749,-15.7230339,37.8234291,0.449965119,39.1360893,-15.3719015,0.47496146
514,-28.345129,-6.998152e-06,0.29998365,67.3354721,-11.0384455,0.399981052,-22.0458107,-6.40387535,0.349978298,19.1503105,43.1003342,0.3999753,-22.4411221,-32.5398941,0.399972111,-15.3805046,-32.0933647,0.424968749,-15.7650013,37.9133568,0.449965119,39.2231522,-15.4075203,0.47496146
515,-28.4063492,-7.0132669e-06,0.29998365,67.4819565,-11.0628319,0.399981052,-22.0958557,-6.41725731,0.349978298,19.1910343,43.1988068,0.3999753,-22.4952374,-32.613842,0.399972111,-15.4228401,-32.1679955,0.424968749,-15.8069687,38.0032845,0.449965119,39.310215,-15.4431391,0.47496146
516,-28.4675694,-7.02838179e-06,0.29998365,67.6284409,-11.0872183,0.399981052,-22.1459007,-6.43063927,0.349978298,19.2317581,43.2972794,0.3999753,-22.5493526,-32.6877899,0.399972111,-15.4651756,-32.2426262,0.424968749,-15.8489361,38.0932121,0.449965119,39.3972778,-15.4787579,0.47496146
517,-28.5287895,-7.04349668e-06,0.29998365,67.7749252,-11.1116047,0.399981052,-22.1959457,-6.44402122,0.349978298,19.2724819,43.395752,0.3999753,-22.6034679,-32.7617378,0.399972111,-15.5075111,-32.3172569,0.424968749,-15.8909035,38.1831398,0.449965119,39.4843407,-15.5143766,0.47496146
518,-28.5900097,-7.05861157e-06,0.29998365,67.9214096,-11.1359911,0.399981052,-22.2459908,-6.45740318,0.349978298,19.3132057,43.4942245,0.3999753,-22.6575832,-32.8356857,0.399972111,-15.5498466,-32.3918877,0.424968749,-15.9328709,38.2730675,0.449965119,39.5714035,-15.5499954,0.47496146
519,-28.6512299,-7.07372647e-06,0.29998365,68.067894,-11.1603775,0.399981052,-22.2960358,-6.47078514,0.349978298,19.3539295,43.5926971,0.3999753,-22.7116985,-32.9096336,0.399972111,-15.5921822,-32.4665184,0.424968749,-15.9748383,38.3629951,0.449965119,39.6584663,-15.5856142,0.47496146
520,-28.71245,-7.08884136e-06,0.29998365,68.2143784,-11.1847639,0.399981052,-22.3460808,-6.4841671,0.349978298,19.3946533,43.6911697,0.39997527,-22.7658138,-32.9835815,0.399972081,-15.6345177,-32.5411491,0.424968719,-16.0168056,38.4529228,0.449965119,39.7455292,-15.621233,0.47496146
521,-28.7736702,-7.10395625e-06,0.29998365,68.3608627,-11.2091503,0.399981052,-22.3961258,-6.49754906,0.349978298,19.4353771,43.7896423,0.39997527,-22.8199291,-33.0575294,0.399972081,-15.6768532,-32.6157799,0.424968749,-16.058773,38.5428505,0.449965119,39.832592,-15.6568518,0.47496146
522,-28.8348904,-7.11907114e-06,0.29998365,68.5073471,-11.2335367,0.399981052,-22.4461708,-6.51093102,0.349978298,19.4761009,43.8881149,0.39997527,-22.8740444,-33.1314774,0.399972081,-15.7191887,-32.6904106,0.424968749,-16.1007404,38.6327782,0.449965119,39.9196548,-15.6924706,0.47496146
523,-28.8961105,-7.13418603e-06,0.29998365,68.6538315,-11.2579231,0.399981052,-22.4962158,-6.52431297,0.349978298,19.5168247,43.9865875,0.39997527,-22.9281597,-33.2054253,0.399972081,-15.7615242,-32.7650414,0.424968749,-16.1427078,38.7227058,0.449965119,40.0067177,-15.7280893,0.47496146
524,-28.9573307,-7.14930093e-06,0.29998365,68.8003159,-11.2823095,0.399981052,-22.5462608,-6.53769493,0.349978298,19.5575485,44.0850601,0.39997527,-22.982275,-33.2793732,0.399972081,-15.8038597,-32.8396721,0.424968749,-16.1846752,38.8126335,0.449965119,40.0937805,-15.7637081,0.47496146
525,-29.0185509,-7.16441582e-06,0.29998365,68.9468002,-11.3066959,0.399981052,-22.5963058,-6.55107689,0.349978298,19.5982723,44.1835327,0.39997527,-23.0363903,-33.3533211,0.399972081,-15.8461952,-32.9143028,0.424968749,-16.2266426,38.9025612,0.449965149,40.1808434,-15.7993269,0.47496146
526,-29.079771,-7.17953071e-06,0.29998365,69.0932846,-11.3310823,0.399981052,-22.6463509,-6.56445885,0.349978298,19.6389961,44.2820053,0.39997527,-23.0905056,-33.427269,0.399972111,-15.8885307,-32.9889336,0.424968749,-16.26861,38.9924889,0.449965149,40.2679062,-15.8349457,0.47496146
527,-29.1409912,-7.1946456e-06,0.29998365,69.239769,-11.3554688,0.399981052,-22.6963959,-6.57784081,0.349978298,19.6797199,44.3804779,0.39997527,-23.1446209,-33.5012169,0.399972111,-15.9308662,-33.0635643,0.424968749,-16.3105774,39.0824165,0.449965149,40.354969,-15.8705645,0.47496146
528,-29.2022114,-7.2097605e-06,0.29998365,69.3862534,-11.3798552,0.399981052,-22.7464409,-6.59122276,0.349978298,19.7204437,44.4789505,0.39997527,-23.1987362,-33.5751648,0.399972111,-15.9732018,-33.138195,0.424968749,-16.3525448,39.1723442,0.449965149,40.4420319,-15.9061832,0.47496146
529,-29.2634315,-7.22487539e-06,0.29998365,69.5327377,-11.4042416,0.399981052,-22.7964859,-6.60460472,0.349978298,19.7611675,44.5774231,0.39997527,-23.2528515,-33.6491127,0.399972111,-16.0155373,-33.2128258,0.424968749,-16.3945122,39.2622719,0.449965119,40.5290947,-15.941802,0.47496146
530,-29.3246517,-7.23999028e-06,0.29998365,69.6792221,-11.428628,0.399981052,-22.8465309,-6.61798668,0.349978298,19.8018913,44.6758957,0.39997527,-23.3069668,-33.7230606,0.399972111,-16.0578728,-33.2874565,0.424968749,-16.4364796,39.3521996,0.449965119,40.6161575,-15.9774208,0.47496146
531,-29.3858719,-7.25510517e-06,0.29998365,69.8257065,-11.4530144,0.399981052,-22.8965759,-6.63136864,0.349978298,19.8426151,44.7743683,0.39997527,-23.3610821,-33.7970085,0.399972111,-16.1002083,-33.3620872,0.424968749,-16.478447,39.4421272,0.449965119,40.7032204,-16.0130405,0.47496146
532,-29.4470921,-7.27022007e-06,0.29998365,69.9721909,-11.4774008,0.399981052,-22.9466209,-6.6447506,0.349978298,19.8833389,44.8728409,0.39997527,-23.4151974,-33.8709564,0.399972111,-16.1425438,-33.436718,0.424968749,-16.5204144,39.5320549,0.449965119,40.7902832,-16.0486603,0.47496146
533,-29.5083122,-7.28533496e-06,0.29998365,70.1186752,-11.5017872,0.399981052,-22.996666,-6.65813255,0.349978298,19.9240627,44.9713135,0.39997527,-23.4693127,-33.9449043,0.399972111,-16.1848793,-33.5113487,0.424968749,-16.5623817,39.6219826,0.449965119,40.877346,-16.08428,0.47496146
534,-29.5695324,-7.30044985e-06,0.29998365,70.2651596,-11.5261736,0.399981052,-23.046711,-6.67151451,0.349978298,19.9647865,45.0697861,0.39997527,-23.523428,-34.0188522,0.399972111,-16.2272148,-33.5859795,0.424968749,-16.6043491,39.7119102,0.449965119,40.9644089,-16.1198997,0.47496146
535,-29.6307526,-7.31556474e-06,0.29998365,70.411644,-11.55056,0.399981052,-23.096756,-6.68489647,0.349978298,20.0055103,45.1682587,0.39997527,-23.5775433,-34.0928001,0.399972111,-16.2695503,-33.6606102,0.424968749,-16.6463165,39.8018379,0.449965119,41.0514717,-16.1555195,0.47496146
536,-29.6919727,-7.33067964e-06,0.29998365,70.5581284,-11.5749464,0.399981052,-23.146801,-6.69827843,0.349978298,20.0462341,45.2667313,0.39997527,-23.6316586,-34.166748,0.399972111,-16.3118858,-33.7352409,0.424968749,-16.6882839,39.8917656,0.449965119,41.1385345,-16.1911392,0.47496146
537,-29.7531929,-7.34579453e-06,0.29998365,70.7046127,-11.5993328,0.399981052,-23.196846,-6.71166039,0.349978298,20.0869579,45.3652039,0.39997527,-23.6857738,-34.240696,0.399972081,-16.3542213,-33.8098717,0.424968749,-16.7302513,39.9816933,0.449965119,41.2255974,-16.226759,0.47496146
538,-29.8144131,-7.36090942e-06,0.29998365,70.8510971,-11.6237192,0.399981052,-23.246891,-6.72504234,0.349978298,20.1276817,45.4636765,0.39997527,-23.7398891,-34.3146439,0.399972081,-16.3965569,-33.8845024,0.424968749,-16.7722187,40.0716209,0.449965119,41.3126602,-16.2623787,0.47496146
539,-29.8756332,-7.37602431e-06,0.29998365,70.9975815,-11.6481056,0.399981052,-23.296936,-6.7384243,0.349978298,20.1684055,45.562149,0.39997527,-23.7940044,-34.3885918,0.399972081,-16.4388924,-33.9591331,0.424968749,-16.8141861,40.1615486,0.449965119,41.3997231,-16.2979984,0.47496146
540,-29.9368534,-7.39113921e-06,0.29998365,71.1440659,-11.672492,0.399981052,-23.346981,-6.75180626,0.349978298,20.2091293,45.6606216,0.3999753,-23.8481197,-34.4625397,0.399972081,-16.4812279,-34.0337639,0.424968749,-16.8561535,40.2514763,0.449965119,41.4867859,-16.3336182,0.47496146
541,-29.9980736,-7.4062541e-06,0.29998365,71.2905502,-11.6968784,0.399981052,-23.3970261,-6.76518822,0.349978298,20.2498531,45.7590942,0.3999753,-23.902235,-34.5364876,0.399972081,-16.5235634,-34.1083946,0.424968749,-16.8981209,40.341404,0.449965119,41.5738487,-16.3692379,0.47496146
542,-30.0592937,-7.42136899e-06,0.29998365,71.4370346,-11.7212648,0.399981081,-23.4470711,-6.77857018,0.349978298,20.2905769,45.8575668,0.3999753,-23.9563503,-34.6104355,0.399972081,-16.5658989,-34.1830254,0.424968749,-16.9400883,40.4313316,0.449965119,41.6609116,-16.4048576,0.47496146
543,-30.1205139,-7.43648388e-06,0.29998365,71.583519,-11.7456512,0.399981081,-23.4971161,-6.79195213,0.349978298,20.3313007,45.9560394,0.3999753,-24.0104656,-34.6843834,0.399972111,-16.6082344,-34.2576561,0.424968749,-16.9820557,40.5212593,0.449965119,41.7479744,-16.4404774,0.47496146
544,-30.1817341,-7.45159878e-06,0.29998365,71.7300034,-11.7700377,0.399981052,-23.5471611,-6.80533409,0.349978298,20.3720245,46.054512,0.3999753,-24.0645809,-34.7583313,0.399972111,-16.6505699,-34.3322868,0.424968749,-17.0240231,40.611187,0.449965119,41.8350372,-16.4760971,0.47496146
545,-30.2429543,-7.46671367e-06,0.29998365,71.8764877,-11.7944241,0.399981052,-23.5972061,-6.81871605,0.349978298,20.4127483,46.1529846,0.3999753,-24.1186962,-34.8322792,0.399972111,-16.6929054,-34.4069176,0.424968749,-17.0659904,40.7011147,0.449965119,41.9221001,-16.5117168,0.47496146
546,-30.3041744,-7.48182856e-06,0.29998365,72.0229721,-11.8188105,0.399981052,-23.6472511,-6.83209801,0.349978298,20.4534721,46.2514572,0.3999753,-24.1728115,-34.9062271,0.399972111,-16.7352409,-34.4815483,0.424968749,-17.1079578,40.7910423,0.449965119,42.0091629,-16.5473366,0.47496146
547,-30.3653946,-7.49694345e-06,0.29998365,72.1694565,-11.8431969,0.399981052,-23.6972961,-6.84547997,0.349978298,20.4941959,46.3499298,0.3999753,-24.2269268,-34.980175,0.399972111,-16.7775764,-34.556179,0.424968749,-17.1499252,40.88097,0.449965119,42.0962257,-16.5829563,0.47496146
548,-30.4266148,-7.51205835e-06,0.29998365,72.3159409,-11.8675833,0.399981052,-23.7473412,-6.85886192,0.349978298,20.5349197,46.4484024,0.39997527,-24.2810421,-35.0541229,0.399972111,-16.819912,-34.6308098,0.424968749,-17.1918926,40.9708977,0.449965119,42.1832886,-16.618576,0.47496146
549,-30.4878349,-7.52717324e-06,0.29998365,72.4624252,-11.8919697,0.399981052,-23.7973862,-6.87224388,0.349978298,20.5756435,46.546875,0.39997527,-24.3351574,-35.1280708,0.399972111,-16.8622475,-34.7054405,0.424968749,-17.23386,41.0608253,0.449965119,42.2703514,-16.6541958,0.47496146
550,-30.5490551,-7.54228813e-06,0.29998365,72.6089096,-11.9163561,0.399981052,-23.8474312,-6.88562584,0.349978298,20.6163673,46.6453476,0.3999753,-24.3892727,-35.2020187,0.399972111,-16.904583,-34.7800713,0.424968749,-17.2758274,41.150753,0.449965119,42.3574142,-16.6898155,0.47496146
551,-30.6102753,-7.55740302e-06,0.29998365,72.755394,-11.9407425,0.399981052,-23.8974762,-6.8990078,0.349978298,20.6570911,46.7438202,0.39997527,-24.443388,-35.2759666,0.399972111,-16.9469185,-34.854702,0.424968749,-17.3177948,41.2406807,0.449965119,42.4444771,-16.7254353,0.47496146
552,-30.6714954,-7.57251792e-06,0.29998365,72.9018784,-11.9651289,0.399981052,-23.9475212,-6.91238976,0.349978298,20.6978149,46.8422928,0.39997527,-24.4975033,-35.3499146,0.399972111,-16.989254,-34.9293327,0.424968749,-17.3597622,41.3306084,0.449965119,42.5315399,-16.761055,0.47496146
553,-30.7327156,-7.58763281e-06,0.29998365,73.0483627,-11.9895153,0.399981052,-23.9975662,-6.92577171,0.349978298,20.7385387,46.9407654,0.39997527,-24.5516186,-35.4238625,0.399972111,-17.0315895,-35.0039635,0.424968749,-17.4017296,41.420536,0.449965119,42.6186028,-16.7966747,0.47496146
554,-30.7939358,-7.6027477e-06,0.29998365,73.1948471,-12.0139017,0.399981052,-24.0476112,-6.93915367,0.349978298,20.7792625,47.039238,0.39997527,-24.6057339,-35.4978104,0.399972111,-17.073925,-35.0785942,0.424968749,-17.443697,41.5104637,0.449965119,42.7056656,-16.8322945,0.47496146
555,-30.8551559,-7.61786259e-06,0.29998365,73.3413315,-12.0382881,0.399981052,-24.0976562,-6.95253563,0.349978298,20.8199863,47.1377106,0.39997527,-24.6598492,-35.5717583,0.399972111,-17.1162605,-35.1532249,0.424968749,-17.4856644,41.6003914,0.449965119,42.7927284,-16.8679142,0.47496146
556,-30.9163761,-7.63297703e-06,0.29998365,73.4878159,-12.0626745,0.399981052,-24.1477013,-6.96591759,0.349978298,20.8607101,47.2361832,0.39997527,-24.7139645,-35.6457062,0.399972111,-17.158596,-35.2278557,0.424968749,-17.5276318,41.6903191,0.449965119,42.8797913,-16.9035339,0.47496146
557,-30.9775963,-7.64809192e-06,0.29998365,73.6343002,-12.0870609,0.399981052,-24.1977463,-6.97929955,0.349978298,20.9014339,47.3346558,0.39997527,-24.7680798,-35.7196541,0.399972111,-17.2009315,-35.3024864,0.424968749,-17.5695992,41.7802467,0.449965119,42.9668541,-16.9391537,0.47496146
558,-31.0388165,-7.66320682e-06,0.29998365,73.7807846,-12.1114473,0.399981052,-24.2477913,-6.9926815,0.349978298,20.9421577,47.4331284,0.39997527,-24.8221951,-35.793602,0.399972111,-17.2432671,-35.3771172,0.424968749,-17.6115665,41.8701744,0.449965119,43.0539169,-16.9747734,0.47496146
559,-31.1000366,-7.67832171e-06,0.29998365,73.927269,-12.1358337,0.399981052,-24.2978363,-7.00606346,0.349978298,20.9828815,47.531601,0.39997527,-24.8763103,-35.8675499,0.399972111,-17.2856026,-35.4517479,0.424968749,-17.6535339,41.9601021,0.449965119,43.1409798,-17.0103931,0.47496146
560,-31.1612568,-7.6934366e-06,0.29998365,74.0737534,-12.1602201,0.399981052,-24.3478813,-7.01944542,0.349978298,21.0236053,47.6300735,0.39997527,-24.9304256,-35.9414978,0.399972111,-17.3279381,-35.5263786,0.424968749,-17.6955013,42.0500298,0.449965119,43.2280426,-17.0460129,0.47496146
561,-31.222477,-7.70855149e-06,0.29998365,74.2202377,-12.1846066,0.399981052,-24.3979263,-7.03282738,0.349978298,21.0643291,47.7285461,0.39997527,-24.9845409,-36.0154457,0.399972081,-17.3702736,-35.6010094,0.424968749,-17.7374687,42.1399574,0.449965119,43.3151054,-17.0816326,0.47496146
562,-31.2836971,-7.72366639e-06,0.29998365,74.3667221,-12.208993,0.399981052,-24.4479713,-7.04620934,0.349978298,21.1050529,47.8270187,0.39997527,-25.0386562,-36.0893936,0.399972081,-17.4126091,-35.6756401,0.424968749,-17.7794361,42.2298851,0.449965119,43.4021683,-17.1172523,0.47496146
563,-31.3449173,-7.73878128e-06,0.29998365,74.5132065,-12.2333794,0.399981052,-24.4980164,-7.05959129,0.349978298,21.1457767,47.9254913,0.39997527,-25.0927715,-36.1633415,0.399972081,-17.4549446,-35.7502708,0.424968749,-17.8214035,42.3198128,0.449965119,43.4892311,-17.1528721,0.47496146
564,-31.4061375,-7.75389617e-06,0.29998365,74.6596909,-12.2577658,0.399981052,-24.5480614,-7.07297325,0.349978298,21.1865005,48.0239639,0.39997527,-25.1468868,-36.2372894,0.399972081,-17.4972801,-35.8249016,0.424968749,-17.8633709,42.4097404,0.449965119,43.5762939,-17.1884918,0.47496146
565,-31.4673576,-7.76901106e-06,0.29998365,74.8061752,-12.2821522,0.399981052,-24.5981064,-7.08635521,0.349978298,21.2272243,48.1224365,0.39997527,-25.2010021,-36.3112373,0.399972081,-17.5396156,-35.8995323,0.424968749,-17.9053383,42.4996681,0.449965119,43.6633568,-17.2241116,0.47496146
566,-31.5285778,-7.78412596e-06,0.29998365,74.9526596,-12.3065386,0.399981052,-24.6481514,-7.09973717,0.349978298,21.2679482,48.2209091,0.39997527,-25.2551174,-36.3851852,0.399972081,-17.5819511,-35.9741631,0.424968749,-17.9473057,42.5895958,0.449965119,43.7504196,-17.2597313,0.47496146
567,-31.589798,-7.79924085e-06,0.29998365,75.099144,-12.330925,0.399981052,-24.6981964,-7.11311913,0.349978298,21.308672,48.3193817,0.39997527,-25.3092327,-36.4591331,0.399972111,-17.6242867,-36.0487938,0.424968749,-17.9892731,42.6795235,0.449965119,43.8374825,-17.295351,0.47496146
568,-31.6510181,-7.81435574e-06,0.29998365,75.2456284,-12.3553114,0.399981052,-24.7482414,-7.12650108,0.349978298,21.3493958,48.4178543,0.39997527,-25.363348,-36.5330811,0.399972111,-17.6666222,-36.1234245,0.424968719,-18.0312405,42.7694511,0.449965119,43.9245453,-17.3309708,0.47496146
569,-31.7122383,-7.82947063e-06,0.29998365,75.3921127,-12.3796978,0.399981052,-24.7982864,-7.13988304,0.349978298,21.3901196,48.5163269,0.39997527,-25.4174633,-36.607029,0.399972111,-17.7089577,-36.1980553,0.424968749,-18.0732079,42.8593788,0.449965119,44.0116081,-17.3665905,0.47496146
570,-31.7734585,-7.84458553e-06,0.29998365,75.5385971,-12.4040842,0.399981052,-24.8483315,-7.153265,0.349978298,21.4308434,48.6147995,0.39997527,-25.4715786,-36.6809769,0.399972111,-17.7512932,-36.272686,0.424968749,-18.1151752,42.9493065,0.449965119,44.098671,-17.4022102,0.47496146
571,-31.8346786,-7.85970042e-06,0.29998365,75.6850815,-12.4284706,0.399981052,-24.8983765,-7.16664696,0.349978298,21.4715672,48.7132721,0.39997527,-25.5256939,-36.7549248,0.399972081,-17.7936287,-36.3473167,0.424968749,-18.1571426,43.0392342,0.449965119,44.1857338,-17.43783,0.47496146
572,-31.8958988,-7.87481531e-06,0.29998365,75.8315659,-12.452857,0.399981052,-24.9484215,-7.18002892,0.349978298,21.512291,48.8117447,0.39997527,-25.5798092,-36.8288727,0.399972081,-17.8359642,-36.4219475,0.424968749,-18.19911,43.1291618,0.449965119,44.2727966,-17.4734497,0.47496146
573,-31.957119,-7.8899302e-06,0.29998365,75.9780502,-12.4772434,0.399981052,-24.9984665,-7.19341087,0.349978298,21.5530148,48.9102173,0.39997527,-25.6339245,-36.9028206,0.399972081,-17.8782997,-36.4965782,0.424968749,-18.2410774,43.2190895,0.449965119,44.3598595,-17.5090694,0.47496146
574,-32.0183411,-7.90504509e-06,0.29998365,76.1245346,-12.5016298,0.399981052,-25.0485115,-7.20679283,0.349978298,21.5937386,49.0086899,0.39997527,-25.6880398,-36.9767685,0.399972081,-17.9206352,-36.571209,0.424968749,-18.2830448,43.3090172,0.449965119,44.4469223,-17.5446892,0.47496146
575,-32.0795631,-7.92015999e-06,0.29998365,76.271019,-12.5260162,0.399981052,-25.0985565,-7.22017479,0.349978298,21.6344624,49.1071625,0.3999753,-25.7421551,-37.0507164,0.399972081,-17.9629707,-36.6458397,0.424968749,-18.3250122,43.3989449,0.449965119,44.5339851,-17.5803089,0.47496146
576,-32.1407852,-7.93527488e-06,0.29998365,76.4175034,-12.5504026,0.399981052,-25.1486015,-7.23355675,0.349978298,21.6751862,49.2056351,0.3999753,-25.7962704,-37.1246643,0.399972081,-18.0053062,-36.7204704,0.424968749,-18.3669796,43.4888725,0.449965119,44.621048,-17.6159286,0.47496146
577,-32.2020073,-7.95038977e-06,0.29998365,76.5639877,-12.574789,0.399981052,-25.1986465,-7.24693871,0.349978298,21.71591,49.3041077,0.3999753,-25.8503857,-37.1986122,0.399972081,-18.0476418,-36.7951012,0.424968749,-18.408947,43.5788002,0.449965119,44.7081108,-17.6515484,0.47496146
578,-32.2632294,-7.96550466e-06,0.29998365,76.7104721,-12.5991755,0.399981052,-25.2486916,-7.26032066,0.349978298,21.7566338,49.4025803,0.3999753,-25.904501,-37.2725601,0.399972081,-18.0899773,-36.8697319,0.424968749,-18.4509144,43.6687279,0.449965119,44.7951736,-17.6871681,0.47496146
579,-32.3244514,-7.98061956e-06,0.29998365,76.8569565,-12.6235619,0.399981052,-25.2987366,-7.27370262,0.349978298,21.7973576,49.5010529,0.3999753,-25.9586163,-37.346508,0.399972081,-18.1323128,-36.9443626,0.424968719,-18.4928818,43.7586555,0.449965119,44.8822365,-17.7227879,0.47496146
580,-32.3856735,-7.99573445e-06,0.29998365,77.0034409,-12.6479483,0.399981052,-25.3487816,-7.28708458,0.349978298,21.8380814,49.5995255,0.3999753,-26.0127316,-37.4204559,0.399972081,-18.1746483,-37.0189934,0.424968719,-18.5348492,43.8485832,0.449965119,44.9692993,-17.7584076,0.474961489
581,-32.4468956,-8.01084934e-06,0.29998365,77.1499252,-12.6723347,0.399981052,-25.3988266,-7.30046654,0.349978298,21.8788052,49.697998,0.3999753,-26.0668468,-37.4944038,0.399972081,-18.2169838,-37.0936241,0.424968719,-18.5768166,43.9385109,0.449965119,45.0563622,-17.7940273,0.474961489
582,-32.5081177,-8.02596423e-06,0.29998365,77.2964096,-12.6967211,0.399981052,-25.4488716,-7.3138485,0.349978298,21.919529,49.7964706,0.3999753,-26.1209621,-37.5683517,0.399972081,-18.2593193,-37.1682549,0.424968719,-18.618784,44.0284386,0.449965119,45.143425,-17.8296471,0.474961489
583,-32.5693398,-8.04107913e-06,0.29998365,77.442894,-12.7211075,0.399981052,-25.4989166,-7.32723045,0.349978298,21.9602528,49.8949432,0.3999753,-26.1750774,-37.6422997,0.399972081,-18.3016548,-37.2428856,0.424968749,-18.6607513,44.1183662,0.449965119,45.2304878,-17.8652668,0.474961489
584,-32.6305618,-8.05619402e-06,0.29998365,77.5893784,-12.7454939,0.399981052,-25.5489616,-7.34061241,0.349978298,22.0009766,49.9934158,0.3999753,-26.2291927,-37.7162476,0.399972081,-18.3439903,-37.3175163,0.424968749,-18.7027187,44.2082939,0.449965119,45.3175507,-17.9008865,0.474961489
585,-32.6917839,-8.07130891e-06,0.29998365,77.7358627,-12.7698803,0.399981052,-25.5990067,-7.35399437,0.349978298,22.0417004,50.0918884,0.3999753,-26.283308,-37.7901955,0.399972081,-18.3863258,-37.3921471,0.424968749,-18.7446861,44.2982216,0.449965119,45.4046135,-17.9365063,0.474961489
586,-32.753006,-8.0864238e-06,0.29998365,77.8823471,-12.7942667,0.399981052,-25.6490517,-7.36737633,0.349978298,22.0824242,50.190361,0.3999753,-26.3374233,-37.8641434,0.399972081,-18.4286613,-37.4667778,0.424968749,-18.7866535,44.3881493,0.449965119,45.4916763,-17.972126,0.47496146
587,-32.8142281,-8.1015387e-06,0.29998365,78.0288315,-12.8186531,0.399981052,-25.6990967,-7.38075829,0.349978298,22.123148,50.2888336,0.3999753,-26.3915386,-37.9380913,0.399972081,-18.4709969,-37.5414085,0.424968749,-18.8286209,44.4780769,0.449965119,45.5787392,-18.0077457,0.47496146
588,-32.8754501,-8.11665359e-06,0.29998365,78.1753159,-12.8430395,0.399981052,-25.7491417,-7.39414024,0.349978298,22.1638718,50.3873062,0.3999753,-26.4456539,-38.0120392,0.399972111,-18.5133324,-37.6160393,0.424968749,-18.8705883,44.5680046,0.449965119,45.665802,-18.0433655,0.47496146
589,-32.9366722,-8.13176848e-06,0.29998365,78.3218002,-12.8674259,0.399981052,-25.7991867,-7.4075222,0.349978298,22.2045956,50.4857788,0.3999753,-26.4997692,-38.0859871,0.399972111,-18.5556679,-37.69067,0.424968749,-18.9125557,44.6579323,0.449965119,45.7528648,-18.0789852,0.47496146
590,-32.9978943,-8.14688337e-06,0.29998365,78.4682846,-12.8918123,0.399981052,-25.8492317,-7.42090416,0.349978298,22.2453194,50.5842514,0.3999753,-26.5538845,-38.159935,0.399972111,-18.5980034,-37.7653008,0.424968749,-18.9545231,44.74786,0.449965119,45.8399277,-18.1146049,0.47496146
591,-33.0591164,-8.16199827e-06,0.29998365,78.614769,-12.9161987,0.399981052,-25.8992767,-7.43428612,0.349978298,22.2860432,50.682724,0.3999753,-26.6079998,-38.2338829,0.399972111,-18.6403389,-37.8399315,0.424968749,-18.9964905,44.8377876,0.449965119,45.9269905,-18.1502247,0.47496146
592,-33.1203384,-8.17711316e-06,0.29998365,78.7612534,-12.9405851,0.399981052,-25.9493217,-7.44766808,0.349978298,22.326767,50.7811966,0.3999753,-26.6621151,-38.3078308,0.399972111,-18.6826744,-37.9145622,0.424968749,-19.0384579,44.9277153,0.449965119,46.0140533,-18.1858444,0.47496146
593,-33.1815605,-8.19222805e-06,0.29998365,78.9077377,-12.9649715,0.399981052,-25.9993668,-7.46105003,0.349978298,22.3674908,50.8796692,0.3999753,-26.7162304,-38.3817787,0.399972111,-18.7250099,-37.989193,0.424968749,-19.0804253,45.017643,0.449965119,46.1011162,-18.2214642,0.47496146
594,-33.2427826,-8.20734294e-06,0.29998365,79.0542221,-12.9893579,0.399981052,-26.0494118,-7.47443199,0.349978298,22.4082146,50.9781418,0.3999753,-26.7703457,-38.4557266,0.399972111,-18.7673454,-38.0638237,0.424968749,-19.1223927,45.1075706,0.449965119,46.188179,-18.2570839,0.47496146
595,-33.3040047,-8.22245784e-06,0.29998365,79.2007065,-13.0137444,0.399981052,-26.0994568,-7.48781395,0.349978298,22.4489384,51.0766144,0.3999753,-26.824461,-38.5296745,0.399972111,-18.8096809,-38.1384544,0.424968749,-19.16436,45.1974983,0.449965119,46.2752419,-18.2927036,0.47496146
596,-33.3652267,-8.23757273e-06,0.29998365,79.3471909,-13.0381308,0.399981052,-26.1495018,-7.50119591,0.349978298,22.4896622,51.175087,0.3999753,-26.8785763,-38.6036224,0.399972111,-18.8520164,-38.2130852,0.424968749,-19.2063274,45.287426,0.449965119,46.3623047,-18.3283234,0.47496146
597,-33.4264488,-8.25268762e-06,0.29998365,79.4936752,-13.0625172,0.399981052,-26.1995468,-7.51457787,0.349978298,22.530386,51.2735596,0.3999753,-26.9326916,-38.6775703,0.399972111,-18.894352,-38.2877159,0.424968749,-19.2482948,45.3773537,0.449965119,46.4493675,-18.3639431,0.47496146
598,-33.4876709,-8.26780251e-06,0.29998365,79.6401596,-13.0869036,0.399981052,-26.2495918,-7.52795982,0.349978298,22.5711098,51.3720322,0.39997527,-26.9868069,-38.7515182,0.399972111,-18.9366875,-38.3623466,0.424968749,-19.2902622,45.4672813,0.449965149,46.5364304,-18.3995628,0.47496146
599,-33.548893,-8.28291741e-06,0.29998365,79.786644,-13.11129,0.399981052,-26.2996368,-7.54134178,0.349978298,22.6118336,51.4705048,0.39997527,-27.0409222,-38.8254662,0.399972111,-18.979023,-38.4369774,0.424968749,-19.3322296,45.557209,0.449965149,46.6234932,-18.4351826,0.47496146
600,-33.6101151,-8.2980323e-06,0.29998365,79.9331284,-13.1356764,0.399981052,-26.3496819,-7.55472374,0.349978298,22.6525574,51.5689774,0.39997527,-27.0950375,-38.8994141,0.399972111,-19.0213585,-38.5116081,0.424968749,-19.374197,45.6471367,0.449965149,46.710556,-18.4708023,0.47496146
601,-33.6713371,-8.31314719e-06,0.29998365,80.0796127,-13.1600628,0.399981052,-26.3997269,-7.5681057,0.349978298,22.6932812,51.66745,0.39997527,-27.1491528,-38.973362,0.399972111,-19.063694,-38.5862389,0.424968749,-19.4161644,45.7370644,0.449965149,46.7976189,-18.506422,0.47496146
602,-33.7325592,-8.32826208e-06,0.29998365,80.2260971,-13.1844492,0.399981052,-26.4497719,-7.58148766,0.349978298,22.734005,51.7659225,0.39997527,-27.2032681,-39.0473099,0.399972111,-19.1060295,-38.6608696,0.424968749,-19.4581318,45.826992,0.449965149,46.8846817,-18.5420418,0.47496146
603,-33.7937813,-8.34337698e-06,0.29998365,80.3725815,-13.2088356,0.399981052,-26.4998169,-7.59486961,0.349978298,22.7747288,51.8643951,0.39997527,-27.2573833,-39.1212578,0.399972111,-19.148365,-38.7355003,0.424968749,-19.5000992,45.9169197,0.449965149,46.9717445,-18.5776615,0.47496146
604,-33.8550034,-8.35849187e-06,0.29998365,80.5190659,-13.233222,0.399981052,-26.5498619,-7.60825157,0.349978298,22.8154526,51.9628677,0.39997527,-27.3114986,-39.1952057,0.399972111,-19.1907005,-38.8101311,0.424968749,-19.5420666,46.0068474,0.449965119,47.0588074,-18.6132812,0.47496146
605,-33.9162254,-8.37360676e-06,0.29998365,80.6655502,-13.2576084,0.399981052,-26.5999069,-7.62163353,0.349978298,22.8561764,52.0613403,0.39997527,-27.3656139,-39.2691536,0.399972111,-19.233036,-38.8847618,0.424968749,-19.584034,46.0967751,0.449965119,47.1458702,-18.648901,0.47496146
606,-33.9774475,-8.38872165e-06,0.29998365,80.8120346,-13.2819948,0.399981052,-26.6499519,-7.63501549,0.349978298,22.8969002,52.1598129,0.39997527,-27.4197292,-39.3431015,0.399972111,-19.2753716,-38.9593925,0.424968749,-19.6260014,46.1867027,0.449965119,47.232933,-18.6845207,0.47496146
607,-34.0386696,-8.40383655e-06,0.29998365,80.958519,-13.3063812,0.399981052,-26.6999969,-7.64839745,0.349978298,22.937624,52.2582855,0.39997527,-27.4738445,-39.4170494,0.399972111,-19.3177071,-39.0340233,0.424968749,-19.6679688,46.2766304,0.449965119,47.3199959,-18.7201405,0.47496146
608,-34.0998917,-8.41895144e-06,0.29998365,81.1050034,-13.3307676,0.399981052,-26.750042,-7.6617794,0.349978298,22.9783478,52.3567581,0.39997527,-27.5279598,-39.4909973,0.399972111,-19.3600426,-39.108654,0.424968749,-19.7099361,46.3665581,0.449965119,47.4070587,-18.7557602,0.47496146
609,-34.1611137,-8.43406633e-06,0.29998365,81.2514877,-13.355154,0.399981052,-26.800087,-7.67516136,0.349978298,23.0190716,52.4552307,0.3999753,-27.5820751,-39.5649452,0.399972111,-19.4023781,-39.1832848,0.424968749,-19.7519035,46.4564857,0.449965119,47.4941216,-18.7913799,0.47496146
610,-34.2223358,-8.44918122e-06,0.29998365,81.3979721,-13.3795404,0.399981052,-26.850132,-7.68854332,0.349978298,23.0597954,52.5537033,0.3999753,-27.6361904,-39.6388931,0.399972111,-19.4447136,-39.2579155,0.424968749,-19.7938709,46.5464134,0.449965119,47.5811844,-18.8269997,0.47496146
611,-34.2835579,-8.46429612e-06,0.29998365,81.5444565,-13.4039268,0.399981052,-26.900177,-7.70192528,0.349978298,23.1005192,52.6521759,0.39997527,-27.6903057,-39.712841,0.399972111,-19.4870491,-39.3325462,0.424968749,-19.8358383,46.6363411,0.449965149,47.6682472,-18.8626194,0.47496146
612,-34.34478,-8.47941101e-06,0.29998365,81.6909409,-13.4283133,0.399981052,-26.950222,-7.71530724,0.349978298,23.141243,52.7506485,0.39997527,-27.744421,-39.7867889,0.399972111,-19.5293846,-39.407177,0.424968749,-19.8778057,46.7262688,0.449965119,47.7553101,-18.8982391,0.47496146
613,-34.406002,-8.4945259e-06,0.29998365,81.8374252,-13.4526997,0.399981052,-27.000267,-7.72868919,0.349978298,23.1819668,52.8491211,0.39997527,-27.7985363,-39.8607368,0.399972111,-19.5717201,-39.4818077,0.424968749,-19.9197731,46.8161964,0.449965149,47.8423729,-18.9338589,0.47496146
614,-34.4672241,-8.50964079e-06,0.29998365,81.9839096,-13.4770861,0.399981052,-27.050312,-7.74207115,0.349978298,23.2226906,52.9475937,0.39997527,-27.8526516,-39.9346848,0.399972111,-19.6140556,-39.5564384,0.424968749,-19.9617405,46.9061241,0.449965149,47.9294357,-18.9694786,0.47496146
615,-34.5284462,-8.52475569e-06,0.29998365,82.130394,-13.5014725,0.399981052,-27.1003571,-7.75545311,0.349978298,23.2634144,53.0460663,0.39997527,-27.9067669,-40.0086327,0.399972111,-19.6563911,-39.6310692,0.424968749,-20.0037079,46.9960518,0.449965149,48.0164986,-19.0050983,0.47496146
616,-34.5896683,-8.53987058e-06,0.29998365,82.2768784,-13.5258589,0.399981052,-27.1504021,-7.76883507,0.349978298,23.3041382,53.1445389,0.39997527,-27.9608822,-40.0825806,0.399972111,-19.6987267,-39.7056999,0.424968749,-20.0456753,47.0859795,0.449965119,48.1035614,-19.0407181,0.47496146
617,-34.6508904,-8.55498547e-06,0.29998365,82.4233627,-13.5502453,0.399981052,-27.2004471,-7.78221703,0.349978298,23.344862,53.2430115,0.39997527,-28.0149975,-40.1565285,0.399972111,-19.7410622,-39.7803307,0.424968749,-20.0876427,47.1759071,0.449965119,48.1906242,-19.0763378,0.47496146
618,-34.7121124,-8.57010036e-06,0.29998365,82.5698471,-13.5746317,0.399981052,-27.2504921,-7.79559898,0.349978298,23.3855858,53.3414841,0.39997527,-28.0691128,-40.2304764,0.399972111,-19.7833977,-39.8549614,0.424968749,-20.1296101,47.2658348,0.449965119,48.2776871,-19.1119576,0.47496146
619,-34.7733345,-8.58521526e-06,0.29998365,82.7163315,-13.5990181,0.399981052,-27.3005371,-7.80898094,0.349978298,23.4263096,53.4399567,0.3999753,-28.1232281,-40.3044243,0.399972111,-19.8257332,-39.9295921,0.424968749,-20.1715775,47.3557625,0.449965119,48.3647499,-19.1475773,0.47496146
620,-34.8345566,-8.60033015e-06,0.29998365,82.8628159,-13.6234045,0.399981052,-27.3505821,-7.8223629,0.349978298,23.4670334,53.5384293,0.3999753,-28.1773434,-40.3783722,0.399972111,-19.8680687,-40.0042229,0.424968749,-20.2135448,47.4456902,0.449965119,48.4518127,-19.183197,0.47496146
621,-34.8957787,-8.61544504e-06,0.29998365,83.0093002,-13.6477909,0.399981052,-27.4006271,-7.83574486,0.349978298,23.5077572,53.6369019,0.3999753,-28.2314587,-40.4523201,0.399972111,-19.9104042,-40.0788536,0.424968749,-20.2555122,47.5356178,0.449965119,48.5388756,-19.2188168,0.47496146
622,-34.9570007,-8.63055993e-06,0.29998365,83.1557846,-13.6721773,0.399981052,-27.4506721,-7.84912682,0.349978298,23.548481,53.7353745,0.3999753,-28.285574,-40.526268,0.399972111,-19.9527397,-40.1534843,0.424968749,-20.2974796,47.6255455,0.449965119,48.6259384,-19.2544365,0.47496146
623,-35.0182228,-8.64567482e-06,0.29998365,83.302269,-13.6965637,0.399981052,-27.5007172,-7.86250877,0.349978298,23.5892048,53.833847,0.3999753,-28.3396893,-40.6002159,0.399972111,-19.9950752,-40.2281151,0.424968749,-20.339447,47.7154732,0.449965119,48.7130013,-19.2900562,0.47496146
624,-35.0794449,-8.66078972e-06,0.29998365,83.4487534,-13.7209501,0.399981052,-27.5507622,-7.87589073,0.349978298,23.6299286,53.9323196,0.3999753,-28.3938046,-40.6741638,0.399972111,-20.0374107,-40.3027458,0.424968749,-20.3814144,47.8054008,0.449965119,48.8000641,-19.325676,0.47496146
625,-35.140667,-8.67590461e-06,0.29998365,83.5952377,-13.7453365,0.399981052,-27.6008072,-7.88927269,0.349978298,23.6706524,54.0307922,0.3999753,-28.4479198,-40.7481117,0.399972081,-20.0797462,-40.3773766,0.424968749,-20.4233818,47.8953285,0.449965119,48.8871269,-19.3612957,0.47496146
626,-35.201889,-8.6910195e-06,0.29998365,83.7417221,-13.7697229,0.399981052,-27.6508522,-7.90265465,0.349978298,23.7113762,54.1292648,0.3999753,-28.5020351,-40.8220596,0.399972111,-20.1220818,-40.4520073,0.424968749,-20.4653492,47.9852562,0.449965119,48.9741898,-19.3969154,0.47496146
627,-35.2631111,-8.70613439e-06,0.29998365,83.8882065,-13.7941093,0.399981052,-27.7008972,-7.91603661,0.349978298,23.7521,54.2277374,0.3999753,-28.5561504,-40.8960075,0.399972111,-20.1644173,-40.526638,0.424968749,-20.5073166,48.0751839,0.449965119,49.0612526,-19.4325352,0.47496146
628,-35.3243332,-8.72124929e-06,0.29998365,84.0346909,-13.8184958,0.399981052,-27.7509422,-7.92941856,0.349978298,23.7928238,54.32621,0.3999753,-28.6102657,-40.9699554,0.399972111,-20.2067528,-40.6012688,0.424968749,-20.549284,48.1651115,0.449965119,49.1483154,-19.4681549,0.47496146
629,-35.3855553,-8.73636418e-06,0.29998365,84.1811752,-13.8428822,0.399981052,-27.8009872,-7.94280052,0.349978298,23.8335476,54.4246826,0.3999753,-28.664381,-41.0439034,0.399972111,-20.2490883,-40.6758995,0.424968749,-20.5912514,48.2550392,0.449965119,49.2353783,-19.5037746,0.47496146
630,-35.4467773,-8.75147907e-06,0.29998365,84.3276596,-13.8672686,0.399981052,-27.8510323,-7.95618248,0.349978298,23.8742714,54.5231552,0.3999753,-28.7184963,-41.1178513,0.399972111,-20.2914238,-40.7505302,0.424968749,-20.6332188,48.3449669,0.449965119,49.3224411,-19.5393944,0.47496146
631,-35.5079994,-8.76659396e-06,0.29998365,84.474144,-13.891655,0.399981052,-27.9010773,-7.96956444,0.349978298,23.9149952,54.6216278,0.3999753,-28.7726116,-41.1917992,0.399972111,-20.3337593,-40.825161,0.424968749,-20.6751862,48.4348946,0.449965119,49.4095039,-19.5750141,0.47496146
632,-35.5692215,-8.78170886e-06,0.29998365,84.6206284,-13.9160414,0.399981052,-27.9511223,-7.9829464,0.349978298,23.955719,54.7201004,0.3999753,-28.8267269,-41.2657471,0.399972111,-20.3760948,-40.8997917,0.424968749,-20.7171535,48.5248222,0.449965119,49.4965668,-19.6106339,0.47496146
633,-35.6304436,-8.79682375e-06,0.29998365,84.7671127,-13.9404278,0.399981052,-28.0011673,-7.99632835,0.349978298,23.9964428,54.818573,0.3999753,-28.8808422,-41.339695,0.399972081,-20.4184303,-40.9744225,0.424968749,-20.7591209,48.6147499,0.449965119,49.5836296,-19.6462536,0.47496146
634,-35.6916656,-8.81193864e-06,0.29998365,84.9135971,-13.9648142,0.399981052,-28.0512123,-8.00971031,0.349978298,24.0371666,54.9170456,0.3999753,-28.9349575,-41.4136429,0.399972111,-20.4607658,-41.0490532,0.424968749,-20.8010883,48.7046776,0.449965119,49.6706924,-19.6818733,0.47496146
635,-35.7528877,-8.82705353e-06,0.29998365,85.0600815,-13.9892006,0.399981052,-28.1012573,-8.02309227,0.349978298,24.0778904,55.0155182,0.3999753,-28.9890728,-41.4875908,0.399972111,-20.5031013,-41.1236839,0.424968749,-20.8430557,48.7946053,0.449965119,49.7577553,-19.7174931,0.47496146
636,-35.8141098,-8.84216843e-06,0.29998365,85.2065659,-14.013587,0.399981052,-28.1513023,-8.03647423,0.349978298,24.1186142,55.1139908,0.3999753,-29.0431881,-41.5615387,0.399972111,-20.5454369,-41.1983147,0.424968749,-20.8850231,48.8845329,0.449965119,49.8448181,-19.7531128,0.47496146
637,-35.8753319,-8.85728332e-06,0.29998365,85.3530502,-14.0379734,0.399981052,-28.2013474,-8.04985619,0.349978298,24.159338,55.2124634,0.3999753,-29.0973034,-41.6354866,0.399972111,-20.5877724,-41.2729454,0.424968749,-20.9269905,48.9744606,0.449965119,49.931881,-19.7887325,0.47496146
638,-35.936554,-8.87239821e-06,0.29998365,85.4995346,-14.0623598,0.399981052,-28.2513924,-8.06323814,0.349978298,24.2000618,55.310936,0.39997527,-29.1514187,-41.7094345,0.399972111,-20.6301079,-41.3475761,0.424968749,-20.9689579,49.0643883,0.449965119,50.0189438,-19.8243523,0.47496146
639,-35.997776,-8.8875131e-06,0.29998365,85.646019,-14.0867462,0.399981052,-28.3014374,-8.0766201,0.349978298,24.2407856,55.4094086,0.39997527,-29.205534,-41.7833824,0.399972111,-20.6724434,-41.4222069,0.424968749,-21.0109253,49.1543159,0.449965119,50.1060066,-19.859972,0.47496146
640,-36.0589981,-8.902628e-06,0.29998365,85.7925034,-14.1111326,0.399981052,-28.3514824,-8.09000206,0.349978298,24.2815094,55.5078812,0.39997527,-29.2596493,-41.8573303,0.399972111,-20.7147789,-41.4968376,0.424968749,-21.0528927,49.2442436,0.449965119,50.1930695,-19.8955917,0.47496146
641,-36.1202202,-8.91774289e-06,0.29998365,85.9389877,-14.135519,0.399981052,-28.4015274,-8.10338402,0.349978298,24.3222332,55.6063538,0.39997527,-29.3137646,-41.9312782,0.399972111,-20.7571144,-41.5714684,0.424968719,-21.0948601,49.3341713,0.449965119,50.2801323,-19.9312115,0.47496146
642,-36.1814423,-8.93285778e-06,0.29998365,86.0854721,-14.1599054,0.399981052,-28.4515724,-8.11676598,0.349978298,24.362957,55.7048264,0.39997527,-29.3678799,-42.0052261,0.399972111,-20.7994499,-41.6460991,0.424968749,-21.1368275,49.424099,0.449965119,50.3671951,-19.9668312,0.47496146
643,-36.2426643,-8.94797267e-06,0.29998365,86.2319565,-14.1842918,0.399981052,-28.5016174,-8.13014793,0.349978298,24.4036808,55.803299,0.39997527,-29.4219952,-42.079174,0.399972111,-20.8417854,-41.7207298,0.424968749,-21.1787949,49.5140266,0.449965119,50.454258,-20.0024509,0.47496146
644,-36.3038864,-8.96308757e-06,0.29998365,86.3784409,-14.2086782,0.399981052,-28.5516624,-8.14352989,0.349978298,24.4444046,55.9017715,0.39997527,-29.4761105,-42.1531219,0.399972111,-20.8841209,-41.7953606,0.424968749,-21.2207623,49.6039543,0.449965119,50.5413208,-20.0380707,0.47496146
645,-36.3651085,-8.97820246e-06,0.29998365,86.5249252,-14.2330647,0.399981052,-28.6017075,-8.15691185,0.349978298,24.4851284,56.0002441,0.39997527,-29.5302258,-42.2270699,0.399972111,-20.9264565,-41.8699913,0.424968749,-21.2627296,49.693882,0.449965119,50.6283836,-20.0736904,0.47496146
646,-36.4263306,-8.99331735e-06,0.29998365,86.6714096,-14.2574511,0.399981052,-28.6517525,-8.17029381,0.349978298,24.5258522,56.0987167,0.39997527,-29.584341,-42.3010178,0.399972111,-20.968792,-41.944622,0.424968749,-21.304697,49.7838097,0.449965119,50.7154465,-20.1093102,0.47496146
647,-36.4875526,-9.00843224e-06,0.29998365,86.817894,-14.2818375,0.399981052,-28.7017975,-8.18367577,0.349978298,24.566576,56.1971893,0.39997527,-29.6384563,-42.3749657,0.399972111,-21.0111275,-42.0192528,0.424968749,-21.3466644,49.8737373,0.449965119,50.8025093,-20.1449299,0.47496146
648,-36.5487747,-9.02354714e-06,0.29998365,86.9643784,-14.3062239,0.399981052,-28.7518425,-8.19705772,0.349978298,24.6072998,56.2956619,0.39997527,-29.6925716,-42.4489136,0.399972111,-21.053463,-42.0938835,0.424968749,-21.3886318,49.963665,0.449965119,50.8895721,-20.1805496,0.47496146
649,-36.6099968,-9.03866203e-06,0.29998365,87.1108627,-14.3306103,0.399981052,-28.8018875,-8.21043968,0.349978298,24.6480236,56.3941345,0.39997527,-29.7466869,-42.5228615,0.399972111,-21.0957985,-42.1685143,0.424968749,-21.4305992,50.0535927,0.449965119,50.976635,-20.2161694,0.47496146
650,-36.6712189,-9.05377692e-06,0.29998365,87.2573471,-14.3549967,0.399981052,-28.8519325,-8.22382164,0.349978298,24.6887474,56.4926071,0.39997527,-29.8008022,-42.5968094,0.399972081,-21.138134,-42.243145,0.424968749,-21.4725666,50.1435204,0.449965149,51.0636978,-20.2517891,0.47496146
651,-36.7324409,-9.06889181e-06,0.29998365,87.4038315,-14.3793831,0.399981052,-28.9019775,-8.2372036,0.349978298,24.7294712,56.5910797,0.39997527,-29.8549175,-42.6707573,0.399972081,-21.1804695,-42.3177757,0.424968749,-21.514534,50.233448,0.449965149,51.1507607,-20.2874088,0.47496146
652,-36.793663,-9.08400671e-06,0.29998365,87.5503159,-14.4037695,0.399981052,-28.9520226,-8.25058556,0.349978298,24.770195,56.6895523,0.39997527,-29.9090328,-42.7447052,0.399972111,-21.222805,-42.3924065,0.424968749,-21.5565014,50.3233757,0.449965149,51.2378235,-20.3230286,0.47496146
653,-36.8548851,-9.0991216e-06,0.29998365,87.6968002,-14.4281559,0.399981052,-29.0020676,-8.26396751,0.349978298,24.8109188,56.7880249,0.39997527,-29.9631481,-42.8186531,0.399972111,-21.2651405,-42.4670372,0.424968749,-21.5984688,50.4133034,0.449965149,51.3248863,-20.3586483,0.47496146
654,-36.9161072,-9.11423649e-06,0.29998365,87.8432846,-14.4525423,0.399981052,-29.0521126,-8.27734947,0.349978298,24.8516426,56.8864975,0.39997527,-30.0172634,-42.892601,0.399972111,-21.307476,-42.5416679,0.424968749,-21.6404362,50.503231,0.449965149,51.4119492,-20.394268,0.47496146
655,-36.9773293,-9.12935138e-06,0.29998365,87.989769,-14.4769287,0.399981052,-29.1021576,-8.29073143,0.349978298,24.8923664,56.9849701,0.39997527,-30.0713787,-42.9665489,0.399972111,-21.3498116,-42.6162987,0.424968749,-21.6824036,50.5931587,0.449965149,51.499012,-20.4298878,0.47496143
656,-37.0385513,-9.14446628e-06,0.29998365,88.1362534,-14.5013151,0.399981052,-29.1522026,-8.30411339,0.349978298,24.9330902,57.0834427,0.39997527,-30.125494,-43.0404968,0.399972111,-21.3921471,-42.6909294,0.424968749,-21.724371,50.6830864,0.449965149,51.5860748,-20.4655075,0.47496143
657,-37.0997734,-9.15958117e-06,0.29998365,88.2827377,-14.5257015,0.399981052,-29.2022476,-8.31749535,0.349978298,24.973814,57.1819153,0.39997527,-30.1796093,-43.1144447,0.399972111,-21.4344826,-42.7655602,0.424968749,-21.7663383,50.7730141,0.449965149,51.6731377,-20.5011272,0.47496143
658,-37.1609955,-9.17469606e-06,0.29998365,88.4292221,-14.5500879,0.399981052,-29.2522926,-8.3308773,0.349978298,25.0145378,57.2803879,0.39997527,-30.2337246,-43.1883926,0.399972111,-21.4768181,-42.8401909,0.424968719,-21.8083057,50.8629417,0.449965149,51.7602005,-20.536747,0.47496143
659,-37.2222176,-9.18981095e-06,0.29998365,88.5757065,-14.5744743,0.399981052,-29.3023376,-8.34425926,0.349978298,25.0552616,57.3788605,0.39997527,-30.2878399,-43.2623405,0.399972111,-21.5191536,-42.9148216,0.424968749,-21.8502731,50.9528694,0.449965149,51.8472633,-20.5723667,0.47496143
660,-37.2834396,-9.20492585e-06,0.29998365,88.7221909,-14.5988607,0.399981052,-29.3523827,-8.35764122,0.349978298,25.0959854,57.4773331,0.39997527,-30.3419552,-43.3362885,0.399972111,-21.5614891,-42.9894524,0.424968749,-21.8922405,51.0427971,0.449965149,51.9343262,-20.6079865,0.47496143
661,-37.3446617,-9.22004074e-06,0.29998365,88.8686752,-14.6232471,0.399981052,-29.4024277,-8.37102318,0.349978298,25.1367092,57.5758057,0.39997527,-30.3960705,-43.4102364,0.399972111,-21.6038246,-43.0640831,0.424968749,-21.9342079,51.1327248,0.449965149,52.021389,-20.6436062,0.47496143
662,-37.4058838,-9.23515563e-06,0.29998365,89.0151596,-14.6476336,0.399981081,-29.4524727,-8.38440514,0.349978298,25.177433,57.6742783,0.39997527,-30.4501858,-43.4841843,0.399972111,-21.6461601,-43.1387138,0.424968749,-21.9761753,51.2226524,0.449965149,52.1084518,-20.6792259,0.47496143
663,-37.4671059,-9.25027052e-06,0.29998365,89.161644,-14.67202,0.399981052,-29.5025177,-8.39778709,0.349978298,25.2181568,57.7727509,0.39997527,-30.5043011,-43.5581322,0.399972111,-21.6884956,-43.2133446,0.424968749,-22.0181427,51.3125801,0.449965149,52.1955147,-20.7148457,0.47496146
664,-37.5283279,-9.26538542e-06,0.29998365,89.3081284,-14.6964064,0.399981052,-29.5525627,-8.41116905,0.349978298,25.2588806,57.8712234,0.39997527,-30.5584164,-43.6320801,0.399972111,-21.7308311,-43.2879753,0.424968749,-22.0601101,51.4025078,0.449965149,52.2825775,-20.7504654,0.47496146
665,-37.58955,-9.28050031e-06,0.29998365,89.4546127,-14.7207928,0.399981052,-29.6026077,-8.42455101,0.349978298,25.2996044,57.969696,0.39997527,-30.6125317,-43.706028,0.399972111,-21.7731667,-43.362606,0.424968749,-22.1020775,51.4924355,0.449965149,52.3696404,-20.7860851,0.47496146
666,-37.6507721,-9.2956152e-06,0.29998365,89.6010971,-14.7451792,0.399981052,-29.6526527,-8.43793297,0.349978298,25.3403282,58.0681686,0.39997527,-30.666647,-43.7799759,0.399972111,-21.8155022,-43.4372368,0.424968749,-22.1440449,51.5823631,0.449965149,52.4567032,-20.8217049,0.47496146
667,-37.7119942,-9.31073009e-06,0.29998365,89.7475815,-14.7695656,0.399981052,-29.7026978,-8.45131493,0.349978298,25.381052,58.1666412,0.39997527,-30.7207623,-43.8539238,0.399972111,-21.8578377,-43.5118675,0.424968749,-22.1860123,51.6722908,0.449965149,52.543766,-20.8573246,0.47496146
668,-37.7732162,-9.32584499e-06,0.29998365,89.8940659,-14.793952,0.399981052,-29.7527428,-8.46469688,0.349978298,25.4217758,58.2651138,0.39997527,-30.7748775,-43.9278717,0.399972111,-21.9001732,-43.5864983,0.424968749,-22.2279797,51.7622185,0.449965179,52.6308289,-20.8929443,0.47496146
669,-37.8344383,-9.34095988e-06,0.29998365,90.0405502,-14.8183384,0.399981052,-29.8027878,-8.47807884,0.349978298,25.4624996,58.3635864,0.39997527,-30.8289928,-44.0018196,0.399972111,-21.9425087,-43.661129,0.424968749,-22.2699471,51.8521461,0.449965179,52.7178917,-20.9285641,0.47496146
670,-37.8956604,-9.35607477e-06,0.29998365,90.1870346,-14.8427248,0.399981052,-29.8528328,-8.4914608,0.349978298,25.5032234,58.462059,0.39997527,-30.8831081,-44.0757675,0.399972111,-21.9848442,-43.7357597,0.424968749,-22.3119144,51.9420738,0.449965179,52.8049545,-20.9641838,0.47496146
671,-37.9568825,-9.37118966e-06,0.29998365,90.333519,-14.8671112,0.399981052,-29.9028778,-8.50484276,0.349978298,25.5439472,58.5605316,0.39997527,-30.9372234,-44.1497154,0.399972111,-22.0271797,-43.8103905,0.424968749,-22.3538818,52.0320015,0.449965149,52.8920174,-20.9998035,0.47496146
672,-38.0181046,-9.38630455e-06,0.29998365,90.4800034,-14.8914976,0.399981052,-29.9529228,-8.51822472,0.349978298,25.584671,58.6590042,0.39997527,-30.9913387,-44.2236633,0.399972111,-22.0695152,-43.8850212,0.424968749,-22.3958492,52.1219292,0.449965149,52.9790802,-21.0354233,0.47496146
673,-38.0793266,-9.40141945e-06,0.29998365,90.6264877,-14.915884,0.399981052,-30.0029678,-8.53160667,0.349978298,25.6253948,58.7574768,0.3999753,-31.045454,-44.2976112,0.399972111,-22.1118507,-43.9596519,0.424968749,-22.4378166,52.2118568,0.449965149,53.066143,-21.071043,0.47496146
674,-38.1405487,-9.41653434e-06,0.29998365,90.7729721,-14.9402704,0.399981052,-30.0530128,-8.54498863,0.349978298,25.6661186,58.8559494,0.3999753,-31.0995693,-44.3715591,0.399972111,-22.1541862,-44.0342827,0.424968749,-22.479784,52.3017845,0.449965149,53.1532059,-21.1066628,0.47496146
675,-38.2017708,-9.43164923e-06,0.29998365,90.9194565,-14.9646568,0.399981052,-30.1030579,-8.55837059,0.349978298,25.7068424,58.954422,0.3999753,-31.1536846,-44.445507,0.399972111,-22.1965218,-44.1089134,0.424968749,-22.5217514,52.3917122,0.449965149,53.2402687,-21.1422825,0.47496146
676,-38.2629929,-9.44676412e-06,0.29998365,91.0659409,-14.9890432,0.399981052,-30.1531029,-8.57175255,0.349978298,25.7475662,59.0528946,0.3999753,-31.2077999,-44.519455,0.399972111,-22.2388573,-44.1835442,0.424968749,-22.5637188,52.4816399,0.449965149,53.3273315,-21.1779022,0.47496146
677,-38.3242149,-9.46187902e-06,0.29998365,91.2124252,-15.0134296,0.399981052,-30.2031479,-8.58513451,0.349978298,25.78829,59.1513672,0.3999753,-31.2619152,-44.5934029,0.399972111,-22.2811928,-44.2581749,0.424968749,-22.6056862,52.5715675,0.449965149,53.4143944,-21.213522,0.47496146
678,-38.385437,-9.47699391e-06,0.29998365,91.3589096,-15.037816,0.399981052,-30.2531929,-8.59851646,0.349978298,25.8290138,59.2498398,0.3999753,-31.3160305,-44.6673508,0.399972111,-22.3235283,-44.3328056,0.424968749,-22.6476536,52.6614952,0.449965149,53.5014572,-21.2491417,0.47496146
679,-38.4466591,-9.4921088e-06,0.29998365,91.505394,-15.0622025,0.399981052,-30.3032379,-8.61189842,0.349978298,25.8697376,59.3483124,0.3999753,-31.3701458,-44.7412987,0.399972111,-22.3658638,-44.4074364,0.424968749,-22.689621,52.7514229,0.449965149,53.5885201,-21.2847614,0.47496146
680,-38.5078812,-9.50722369e-06,0.29998365,91.6518784,-15.0865889,0.399981052,-30.3532829,-8.62528038,0.349978298,25.9104614,59.446785,0.3999753,-31.4242611,-44.8152466,0.399972111,-22.4081993,-44.4820671,0.424968749,-22.7315884,52.8413506,0.449965149,53.6755829,-21.3203812,0.47496146
681,-38.5691032,-9.52233859e-06,0.29998365,91.7983627,-15.1109753,0.399981052,-30.4033279,-8.63866234,0.349978298,25.9511852,59.5452576,0.3999753,-31.4783764,-44.8891945,0.399972111,-22.4505348,-44.5566978,0.424968749,-22.7735558,52.9312782,0.449965149,53.7626457,-21.3560009,0.47496146
682,-38.6303253,-9.53745348e-06,0.29998365,91.9448471,-15.1353617,0.399981052,-30.453373,-8.6520443,0.349978298,25.991909,59.6437302,0.3999753,-31.5324917,-44.9631424,0.399972111,-22.4928703,-44.6313286,0.424968749,-22.8155231,53.0212059,0.449965149,53.8497086,-21.3916206,0.47496146
683,-38.6915474,-9.55256837e-06,0.29998365,92.0913315,-15.1597481,0.399981052,-30.503418,-8.66542625,0.349978298,26.0326328,59.7422028,0.3999753,-31.586607,-45.0370903,0.399972111,-22.5352058,-44.7059593,0.424968749,-22.8574905,53.1111336,0.449965149,53.9367714,-21.4272404,0.47496146
684,-38.7527695,-9.56768326e-06,0.29998365,92.2378159,-15.1841345,0.399981052,-30.553463,-8.67880821,0.349978298,26.0733566,59.8406754,0.3999753,-31.6407223,-45.1110382,0.399972111,-22.5775414,-44.7805901,0.424968749,-22.8994579,53.2010612,0.449965119,54.0238342,-21.4628601,0.47496146
685,-38.8139915,-9.58279816e-06,0.29998365,92.3843002,-15.2085209,0.399981052,-30.603508,-8.69219017,0.349978298,26.1140804,59.9391479,0.3999753,-31.6948376,-45.1849861,0.399972111,-22.6198769,-44.8552208,0.424968749,-22.9414253,53.2909889,0.449965119,54.1108971,-21.4984798,0.47496146
686,-38.8752136,-9.59791305e-06,0.29998365,92.5307846,-15.2329073,0.399981052,-30.653553,-8.70557213,0.349978298,26.1548042,60.0376205,0.3999753,-31.7489529,-45.258934,0.399972111,-22.6622124,-44.9298515,0.424968749,-22.9833927,53.3809166,0.449965119,54.1979599,-21.5340996,0.47496146
687,-38.9364357,-9.61302794e-06,0.29998365,92.677269,-15.2572937,0.399981052,-30.703598,-8.71895409,0.349978298,26.195528,60.1360931,0.3999753,-31.8030682,-45.3328819,0.399972111,-22.7045479,-45.0044823,0.424968749,-23.0253601,53.4708443,0.449965119,54.2850227,-21.5697193,0.47496146
688,-38.9976578,-9.62814283e-06,0.29998365,92.8237534,-15.2816801,0.399981052,-30.753643,-8.73233604,0.349978298,26.2362518,60.2345657,0.39997527,-31.8571835,-45.4068298,0.399972111,-22.7468834,-45.079113,0.424968749,-23.0673275,53.5607719,0.449965119,54.3720856,-21.6053391,0.47496146
689,-39.0588799,-9.64325773e-06,0.29998365,92.9702377,-15.3060665,0.399981052,-30.803688,-8.745718,0.349978298,26.2769756,60.3330383,0.39997527,-31.9112988,-45.4807777,0.399972111,-22.7892189,-45.1537437,0.424968749,-23.1092949,53.6506996,0.449965119,54.4591484,-21.6409588,0.47496146
690,-39.1201019,-9.65837262e-06,0.29998365,93.1167221,-15.3304529,0.399981052,-30.8537331,-8.75909996,0.349978298,26.3176994,60.4315109,0.39997527,-31.965414,-45.5547256,0.399972111,-22.8315544,-45.2283745,0.424968749,-23.1512623,53.7406273,0.449965119,54.5462112,-21.6765785,0.47496146
691,-39.181324,-9.67348751e-06,0.29998365,93.2632065,-15.3548393,0.399981052,-30.9037781,-8.77248192,0.349978298,26.3584232,60.5299835,0.39997527,-32.0195312,-45.6286736,0.399972111,-22.8738899,-45.3030052,0.424968749,-23.1932297,53.830555,0.449965119,54.6332741,-21.7121983,0.47496146
692,-39.2425461,-9.6886024e-06,0.29998365,93.4096909,-15.3792257,0.399981052,-30.9538231,-8.78586388,0.349978298,26.399147,60.6284561,0.39997527,-32.0736465,-45.7026215,0.399972111,-22.9162254,-45.377636,0.424968749,-23.2351971,53.9204826,0.449965119,54.7203369,-21.747818,0.47496146
693,-39.3037682,-9.7037173e-06,0.29998365,93.5561752,-15.4036121,0.399981052,-31.0038681,-8.79924583,0.349978298,26.4398708,60.7269287,0.39997527,-32.1277618,-45.7765694,0.399972111,-22.9585609,-45.4522667,0.424968749,-23.2771645,54.0104103,0.449965119,54.8073997,-21.7834377,0.47496146
694,-39.3649902,-9.71883219e-06,0.29998365,93.7026596,-15.4279985,0.399981052,-31.0539131,-8.81262779,0.349978298,26.4805946,60.8254013,0.39997527,-32.1818771,-45.8505173,0.399972081,-23.0008965,-45.5268974,0.424968749,-23.3191319,54.100338,0.449965119,54.8944626,-21.8190575,0.47496146
695,-39.4262123,-9.73394708e-06,0.29998365,93.849144,-15.4523849,0.399981052,-31.1039581,-8.82600975,0.349978298,26.5213184,60.9238739,0.39997527,-32.2359924,-45.9244652,0.399972081,-23.043232,-45.6015282,0.424968749,-23.3610992,54.1902657,0.449965119,54.9815254,-21.8546772,0.47496146
696,-39.4874344,-9.74906197e-06,0.29998365,93.9956284,-15.4767714,0.399981052,-31.1540031,-8.83939171,0.349978298,26.5620422,61.0223465,0.39997527,-32.2901077,-45.9984131,0.399972081,-23.0855675,-45.6761589,0.424968749,-23.4030666,54.2801933,0.449965119,55.0685883,-21.8902969,0.47496146
697,-39.5486565,-9.76417687e-06,0.29998365,94.1421127,-15.5011578,0.399981052,-31.2040482,-8.85277367,0.349978298,26.602766,61.1208191,0.39997527,-32.344223,-46.072361,0.399972081,-23.127903,-45.7507896,0.424968749,-23.445034,54.370121,0.449965119,55.1556511,-21.9259167,0.47496146
698,-39.6098785,-9.77929176e-06,0.29998365,94.2885971,-15.5255442,0.399981052,-31.2540932,-8.86615562,0.349978298,26.6434898,61.2192917,0.39997527,-32.3983383,-46.1463089,0.399972081,-23.1702385,-45.8254204,0.424968749,-23.4870014,54.4600487,0.449965119,55.2427139,-21.9615364,0.47496146
699,-39.6711006,-9.79440665e-06,0.29998365,94.4350815,-15.5499306,0.399981052,-31.3041382,-8.87953758,0.349978298,26.6842136,61.3177643,0.39997527,-32.4524536,-46.2202568,0.399972081,-23.212574,-45.9000511,0.424968749,-23.5289688,54.5499763,0.449965119,55.3297768,-21.9971561,0.47496146
700,-39.7323227,-9.80952154e-06,0.29998365,94.5815659,-15.574317,0.399981052,-31.3541832,-8.89291954,0.349978298,26.7249374,61.4162369,0.3999753,-32.5065689,-46.2942047,0.399972081,-23.2549095,-45.9746819,0.424968749,-23.5709362,54.639904,0.449965119,55.4168396,-22.0327759,0.47496146
701,-39.7935448,-9.82463644e-06,0.29998365,94.7280502,-15.5987034,0.399981052,-31.4042282,-8.9063015,0.349978298,26.7656612,61.5147095,0.3999753,-32.5606842,-46.3681526,0.399972081,-23.297245,-46.0493126,0.424968779,-23.6129036,54.7298317,0.449965119,55.5039024,-22.0683956,0.47496146
702,-39.8547668,-9.83975133e-06,0.29998365,94.8745346,-15.6230898,0.399981052,-31.4542732,-8.91968346,0.349978298,26.806385,61.6131821,0.3999753,-32.6147995,-46.4421005,0.399972111,-23.3395805,-46.1239433,0.424968749,-23.654871,54.8197594,0.449965119,55.5909653,-22.1040154,0.47496146
703,-39.9159889,-9.85486622e-06,0.29998365,95.021019,-15.6474762,0.399981052,-31.5043182,-8.93306541,0.349978298,26.8471088,61.7116547,0.3999753,-32.6689148,-46.5160484,0.399972111,-23.381916,-46.1985741,0.424968749,-23.6968384,54.909687,0.449965119,55.6780281,-22.1396351,0.47496146
704,-39.977211,-9.86998111e-06,0.29998365,95.1675034,-15.6718626,0.399981052,-31.5543633,-8.94644737,0.349978298,26.8878326,61.8101273,0.3999753,-32.7230301,-46.5899963,0.399972111,-23.4242516,-46.2732048,0.424968749,-23.7388058,54.9996147,0.449965119,55.7650909,-22.1752548,0.47496143
705,-40.0384331,-9.88509601e-06,0.29998365,95.3139877,-15.696249,0.399981052,-31.6044083,-8.95982933,0.349978298,26.9285564,61.9085999,0.3999753,-32.7771454,-46.6639442,0.399972111,-23.4665871,-46.3478355,0.424968749,-23.7807732,55.0895424,0.449965119,55.8521538,-22.2108746,0.47496143
706,-40.0996552,-9.9002109e-06,0.29998365,95.4604721,-15.7206354,0.399981052,-31.6544533,-8.97321129,0.349978298,26.9692802,62.0070724,0.3999753,-32.8312607,-46.7378922,0.399972111,-23.5089226,-46.4224663,0.424968749,-23.8227406,55.1794701,0.449965119,55.9392166,-22.2464943,0.47496143
707,-40.1608772,-9.91532579e-06,0.29998365,95.6069565,-15.7450218,0.399981052,-31.7044983,-8.98659325,0.349978298,27.010004,62.105545,0.3999753,-32.885376,-46.8118401,0.399972111,-23.5512581,-46.497097,0.424968749,-23.8647079,55.2693977,0.449965119,56.0262794,-22.282114,0.47496143
708,-40.2220993,-9.93044068e-06,0.29998365,95.7534409,-15.7694082,0.399981052,-31.7545433,-8.9999752,0.349978298,27.0507278,62.2040176,0.3999753,-32.9394913,-46.885788,0.399972111,-23.5935936,-46.5717278,0.424968749,-23.9066753,55.3593254,0.449965119,56.1133423,-22.3177338,0.47496146
709,-40.2833214,-9.94555558e-06,0.29998365,95.8999252,-15.7937946,0.399981052,-31.8045883,-9.01335716,0.349978298,27.0914516,62.3024902,0.3999753,-32.9936066,-46.9597359,0.399972111,-23.6359291,-46.6463585,0.424968749,-23.9486427,55.4492531,0.449965119,56.2004051,-22.3533535,0.47496146
710,-40.3445435,-9.96067047e-06,0.29998365,96.0464096,-15.818181,0.399981052,-31.8546333,-9.02673912,0.349978298,27.1321754,62.4009628,0.3999753,-33.0477219,-47.0336838,0.399972111,-23.6782646,-46.7209892,0.424968749,-23.9906101,55.5391808,0.449965119,56.287468,-22.3889732,0.47496146
711,-40.4057655,-9.97578536e-06,0.29998365,96.192894,-15.8425674,0.399981052,-31.9046783,-9.04012108,0.349978298,27.1728992,62.4994354,0.3999753,-33.1018372,-47.1076317,0.399972111,-23.7206001,-46.79562,0.424968749,-24.0325775,55.6291084,0.449965149,56.3745308,-22.424593,0.47496146
712,-40.4669876,-9.99090025e-06,0.29998365,96.3393784,-15.8669538,0.399981052,-31.9547234,-9.05350304,0.349978298,27.213623,62.597908,0.3999753,-33.1559525,-47.1815796,0.399972111,-23.7629356,-46.8702507,0.424968749,-24.0745449,55.7190361,0.449965149,56.4615936,-22.4602127,0.47496146
713,-40.5282097,-1.00060151e-05,0.29998365,96.4858627,-15.8913403,0.399981052,-32.0047684,-9.06688499,0.349978298,27.2543468,62.6963806,0.3999753,-33.2100677,-47.2555275,0.399972111,-23.8052711,-46.9448814,0.424968749,-24.1165123,55.8089638,0.449965149,56.5486565,-22.4958324,0.47496146
714,-40.5894318,-1.002113e-05,0.29998365,96.6323471,-15.9157267,0.399981052,-32.0548134,-9.08026695,0.349978298,27.2950706,62.7948532,0.39997527,-33.264183,-47.3294754,0.399972111,-23.8476067,-47.0195122,0.424968749,-24.1584797,55.8988914,0.449965119,56.6357193,-22.5314522,0.47496146
715,-40.6506538,-1.00362449e-05,0.29998365,96.7788315,-15.9401131,0.399981052,-32.1048584,-9.09364891,0.349978298,27.3357944,62.8933258,0.39997527,-33.3182983,-47.4034233,0.399972111,-23.8899422,-47.0941429,0.424968749,-24.2004471,55.9888191,0.449965119,56.7227821,-22.5670719,0.47496146
716,-40.7118759,-1.00513598e-05,0.29998365,96.9253159,-15.9644995,0.399981052,-32.1549034,-9.10703087,0.349978298,27.3765182,62.9917984,0.39997527,-33.3724136,-47.4773712,0.399972111,-23.9322777,-47.1687737,0.424968749,-24.2424145,56.0787468,0.449965119,56.809845,-22.6026917,0.47496146
717,-40.773098,-1.00664747e-05,0.29998365,97.0718002,-15.9888859,0.399981052,-32.2049484,-9.12041283,0.349978298,27.4172421,63.090271,0.39997527,-33.4265289,-47.5513191,0.399972111,-23.9746132,-47.2434044,0.424968749,-24.2843819,56.1686745,0.449965119,56.8969078,-22.6383114,0.47496146
718,-40.8343201,-1.00815896e-05,0.29998365,97.2182846,-16.0132713,0.399981052,-32.2549934,-9.13379478,0.349978298,27.4579659,63.1887436,0.3999753,-33.4806442,-47.625267,0.399972111,-24.0169487,-47.3180351,0.424968749,-24.3263493,56.2586021,0.449965119,56.9839706,-22.6739311,0.47496146
719,-40.8955421,-1.00967045e-05,0.29998365,97.364769,-16.0376568,0.399981052,-32.3050385,-9.14717674,0.349978298,27.4986897,63.2872162,0.3999753,-33.5347595,-47.6992149,0.399972111,-24.0592842,-47.3926659,0.424968749,-24.3683167,56.3485298,0.449965119,57.0710335,-22.7095509,0.47496146
720,-40.9567642,-1.01118194e-05,0.29998365,97.5112534,-16.0620422,0.399981052,-32.3550835,-9.1605587,0.349978298,27.5394135,63.3856888,0.3999753,-33.5888748,-47.7731628,0.399972111,-24.1016197,-47.4672966,0.424968749,-24.410284,56.4384575,0.449965119,57.1580963,-22.7451706,0.47496146
721,-41.0179863,-1.01269343e-05,0.29998365,97.6577377,-16.0864277,0.399981052,-32.4051285,-9.17394066,0.349978298,27.5801373,63.4841614,0.3999753,-33.6429901,-47.8471107,0.399972111,-24.1439552,-47.5419273,0.424968749,-24.4522514,56.5283852,0.449965119,57.2451591,-22.7807903,0.47496146
722,-41.0792084,-1.01420492e-05,0.29998365,97.8042221,-16.1108131,0.399981052,-32.4551735,-9.18732262,0.349978298,27.6208611,63.582634,0.39997527,-33.6971054,-47.9210587,0.399972111,-24.1862907,-47.6165581,0.424968749,-24.4942188,56.6183128,0.449965119,57.332222,-22.8164101,0.47496146
723,-41.1404305,-1.01571641e-05,0.29998365,97.9507065,-16.1351986,0.399981052,-32.5052185,-9.20070457,0.349978298,27.6615849,63.6811066,0.3999753,-33.7512207,-47.9950066,0.399972111,-24.2286263,-47.6911888,0.424968749,-24.5361862,56.7082405,0.449965119,57.4192848,-22.8520298,0.47496146
724,-41.2016525,-1.0172279e-05,0.29998365,98.0971909,-16.159584,0.399981052,-32.5552635,-9.21408653,0.349978298,27.7023087,63.7795792,0.3999753,-33.805336,-48.0689545,0.399972111,-24.2709618,-47.7658195,0.424968749,-24.5781536,56.7981682,0.449965119,57.5063477,-22.8876495,0.47496146
725,-41.2628746,-1.01873939e-05,0.29998365,98.2436752,-16.1839695,0.399981052,-32.6053085,-9.22746849,0.349978298,27.7430325,63.8780518,0.3999753,-33.8594513,-48.1429024,0.399972111,-24.3132973,-47.8404503,0.424968749,-24.620121,56.8880959,0.449965119,57.5934105,-22.9232693,0.47496146
726,-41.3240967,-1.02025087e-05,0.29998365,98.3901596,-16.2083549,0.399981052,-32.6553535,-9.24085045,0.349978298,27.7837563,63.9765244,0.39997527,-33.9135666,-48.2168503,0.399972111,-24.3556328,-47.915081,0.424968749,-24.6620884,56.9780235,0.449965119,57.6804733,-22.958889,0.47496146
727,-41.3853188,-1.02176236e-05,0.29998365,98.536644,-16.2327404,0.399981052,-32.7053986,-9.25423241,0.349978298,27.8244801,64.0749969,0.39997527,-33.9676819,-48.2907982,0.399972111,-24.3979683,-47.9897118,0.424968749,-24.7040558,57.0679512,0.449965119,57.7675362,-22.9945087,0.47496146
728,-41.4465408,-1.02327385e-05,0.29998365,98.6831284,-16.2571259,0.399981052,-32.7554436,-9.26761436,0.349978298,27.8652039,64.1734695,0.3999753,-34.0217972,-48.3647461,0.399972111,-24.4403038,-48.0643425,0.424968749,-24.7460232,57.1578789,0.449965119,57.854599,-23.0301285,0.47496146
729,-41.5077629,-1.02478534e-05,0.29998365,98.8296127,-16.2815113,0.399981052,-32.8054886,-9.28099632,0.349978298,27.9059277,64.2719421,0.3999753,-34.0759125,-48.438694,0.399972111,-24.4826393,-48.1389732,0.424968749,-24.7879906,57.2478065,0.449965119,57.9416618,-23.0657482,0.47496146
730,-41.568985,-1.02629683e-05,0.29998365,98.9760971,-16.3058968,0.399981052,-32.8555336,-9.29437828,0.349978298,27.9466515,64.3704147,0.3999753,-34.1300278,-48.5126419,0.399972111,-24.5249748,-48.213604,0.424968749,-24.829958,57.3377342,0.449965119,58.0287247,-23.101368,0.47496146
731,-41.6302071,-1.02780832e-05,0.29998365,99.1225815,-16.3302822,0.399981052,-32.9055786,-9.30776024,0.349978298,27.9873753,64.4688873,0.3999753,-34.1841431,-48.5865898,0.399972111,-24.5673103,-48.2882347,0.424968749,-24.8719254,57.4276619,0.449965119,58.1157875,-23.1369877,0.47496146
732,-41.6914291,-1.02931981e-05,0.29998365,99.2690659,-16.3546677,0.399981052,-32.9556236,-9.3211422,0.349978298,28.0280991,64.5673599,0.3999753,-34.2382584,-48.6605377,0.399972111,-24.6096458,-48.3628654,0.424968749,-24.9138927,57.5175896,0.449965119,58.2028503,-23.1726074,0.47496146
733,-41.7526512,-1.0308313e-05,0.29998365,99.4155502,-16.3790531,0.399981052,-33.0056686,-9.33452415,0.349978298,28.0688229,64.6658325,0.3999753,-34.2923737,-48.7344856,0.399972111,-24.6519814,-48.4374962,0.424968749,-24.9558601,57.6075172,0.449965119,58.2899132,-23.2082272,0.47496146
734,-41.8138733,-1.03234279e-05,0.29998365,99.5620346,-16.4034386,0.399981052,-33.0557137,-9.34790611,0.349978298,28.1095467,64.7643051,0.39997527,-34.346489,-48.8084335,0.399972111,-24.6943169,-48.5121269,0.424968749,-24.9978275,57.6974449,0.449965119,58.376976,-23.2438469,0.47496146
735,-41.8750954,-1.03385428e-05,0.29998365,99.708519,-16.427824,0.399981052,-33.1057587,-9.36128807,0.349978298,28.1502705,64.8627777,0.39997527,-34.4006042,-48.8823814,0.399972111,-24.7366524,-48.5867577,0.424968749,-25.0397949,57.7873726,0.449965119,58.4640388,-23.2794666,0.47496146
736,-41.9363174,-1.03536577e-05,0.29998365,99.8550034,-16.4522095,0.399981052,-33.1558037,-9.37467003,0.349978298,28.1909943,64.9612503,0.39997527,-34.4547195,-48.9563293,0.399972111,-24.7789879,-48.6613884,0.424968749,-25.0817623,57.8773003,0.449965119,58.5511017,-23.3150864,0.47496146
737,-41.9975395,-1.03687726e-05,0.29998365,100.001488,-16.4765949,0.399981052,-33.2058487,-9.38805199,0.349978298,28.2317181,65.0597229,0.39997527,-34.5088348,-49.0302773,0.399972111,-24.8213234,-48.7360191,0.424968749,-25.1237297,57.9672279,0.449965119,58.6381645,-23.3507061,0.47496146
738,-42.0587616,-1.03838875e-05,0.29998365,100.147972,-16.5009804,0.399981052,-33.2558937,-9.40143394,0.349978298,28.2724419,65.1581955,0.39997527,-34.5629501,-49.1042252,0.399972111,-24.8636589,-48.8106499,0.424968749,-25.1656971,58.0571556,0.449965119,58.7252274,-23.3863258,0.47496146
739,-42.1199837,-1.03990023e-05,0.29998365,100.294456,-16.5253658,0.399981052,-33.3059387,-9.4148159,0.349978298,28.3131657,65.2566681,0.39997527,-34.6170654,-49.1781731,0.399972111,-24.9059944,-48.8852806,0.424968749,-25.2076645,58.1470833,0.449965119,58.8122902,-23.4219456,0.47496146
740,-42.1812057,-1.04141172e-05,0.29998365,100.440941,-16.5497513,0.399981052,-33.3559837,-9.42819786,0.349978298,28.3538895,65.3551407,0.39997527,-34.6711807,-49.252121,0.399972111,-24.9483299,-48.9599113,0.424968749,-25.2496319,58.237011,0.449965119,58.899353,-23.4575653,0.47496146
741,-42.2424278,-1.04292321e-05,0.29998365,100.587425,-16.5741367,0.399981052,-33.4060287,-9.44157982,0.349978298,28.3946133,65.4536133,0.39997527,-34.725296,-49.3260689,0.399972111,-24.9906654,-49.0345421,0.424968749,-25.2915993,58.3269386,0.449965119,58.9864159,-23.493185,0.47496146
742,-42.3036499,-1.0444347e-05,0.29998365,100.73391,-16.5985222,0.399981052,-33.4560738,-9.45496178,0.349978298,28.4353371,65.5520859,0.39997527,-34.7794113,-49.4000168,0.399972111,-25.0330009,-49.1091728,0.424968749,-25.3335667,58.4168663,0.449965119,59.0734787,-23.5288048,0.47496146
743,-42.364872,-1.04594619e-05,0.29998365,100.880394,-16.6229076,0.399981052,-33.5061188,-9.46834373,0.349978298,28.4760609,65.6505585,0.39997527,-34.8335266,-49.4739647,0.399972111,-25.0753365,-49.1838036,0.424968749,-25.3755341,58.506794,0.449965119,59.1605415,-23.5644245,0.47496146
744,-42.4260941,-1.04745768e-05,0.29998365,101.026878,-16.6472931,0.399981052,-33.5561638,-9.48172569,0.349978298,28.5167847,65.7490311,0.39997527,-34.8876419,-49.5479126,0.399972111,-25.117672,-49.2584343,0.424968749,-25.4175014,58.5967216,0.449965119,59.2476044,-23.6000443,0.47496146
745,-42.4873161,-1.04896917e-05,0.29998365,101.173363,-16.6716785,0.399981052,-33.6062088,-9.49510765,0.349978298,28.5575085,65.8475037,0.39997527,-34.9417572,-49.6218605,0.399972111,-25.1600075,-49.333065,0.424968749,-25.4594688,58.6866493,0.449965119,59.3346672,-23.635664,0.47496146
746,-42.5485382,-1.05048066e-05,0.29998365,101.319847,-16.696064,0.399981052,-33.6562538,-9.50848961,0.349978298,28.5982323,65.9459763,0.39997527,-34.9958725,-49.6958084,0.399972111,-25.202343,-49.4076958,0.424968749,-25.5014362,58.776577,0.449965119,59.42173,-23.6712837,0.47496146
747,-42.6097603,-1.05199215e-05,0.29998365,101.466331,-16.7204494,0.399981052,-33.7062988,-9.52187157,0.349978298,28.6389561,66.0444489,0.39997527,-35.0499878,-49.7697563,0.399972111,-25.2446785,-49.4823265,0.424968749,-25.5434036,58.8665047,0.449965149,59.5087929,-23.7069035,0.47496146
748,-42.6709824,-1.05350364e-05,0.29998365,101.612816,-16.7448349,0.399981081,-33.7563438,-9.53525352,0.349978298,28.6796799,66.1429214,0.39997527,-35.1041031,-49.8437042,0.399972111,-25.287014,-49.5569572,0.424968749,-25.585371,58.9564323,0.449965149,59.5958557,-23.7425232,0.47496146
749,-42.7322044,-1.05501513e-05,0.29998365,101.7593,-16.7692204,0.399981081,-33.8063889,-9.54863548,0.349978298,28.7204037,66.241394,0.39997527,-35.1582184,-49.9176521,0.399972081,-25.3293495,-49.631588,0.424968749,-25.6273384,59.04636,0.449965149,59.6829185,-23.7781429,0.47496146
750,-42.7934265,-1.05652662e-05,0.29998365,101.905785,-16.7936058,0.399981081,-33.8564339,-9.56201744,0.349978298,28.7611275,66.3398666,0.39997527,-35.2123337,-49.9916,0.399972081,-25.371685,-49.7062187,0.424968749,-25.6693058,59.1362877,0.449965149,59.7699814,-23.8137627,0.47496146
751,-42.8546486,-1.05803811e-05,0.29998365,102.052269,-16.8179913,0.399981081,-33.9064789,-9.5753994,0.349978298,28.8018513,66.4383392,0.3999753,-35.266449,-50.0655479,0.399972081,-25.4140205,-49.7808495,0.424968749,-25.7112732,59.2262154,0.449965149,59.8570442,-23.8493824,0.47496146
752,-42.9158707,-1.0595496e-05,0.29998365,102.198753,-16.8423767,0.399981081,-33.9565239,-9.58878136,0.349978298,28.8425751,66.5368118,0.3999753,-35.3205643,-50.1394958,0.399972081,-25.456356,-49.8554802,0.424968749,-25.7532406,59.316143,0.449965149,59.9441071,-23.8850021,0.47496146
753,-42.9770927,-1.06106108e-05,0.29998365,102.345238,-16.8667622,0.399981081,-34.0065689,-9.60216331,0.349978298,28.8832989,66.6352844,0.3999753,-35.3746796,-50.2134438,0.399972081,-25.4986916,-49.9301109,0.424968749,-25.795208,59.4060707,0.449965149,60.0311699,-23.9206219,0.47496146
754,-43.0383148,-1.06257257e-05,0.29998365,102.491722,-16.8911476,0.399981081,-34.0566139,-9.61554527,0.349978298,28.9240227,66.733757,0.3999753,-35.4287949,-50.2873917,0.399972081,-25.5410271,-50.0047417,0.424968749,-25.8371754,59.4959984,0.449965149,60.1182327,-23.9562416,0.47496146
755,-43.0995369,-1.06408406e-05,0.29998365,102.638206,-16.9155331,0.399981081,-34.1066589,-9.62892723,0.349978298,28.9647465,66.8322296,0.3999753,-35.4829102,-50.3613396,0.399972081,-25.5833626,-50.0793724,0.424968749,-25.8791428,59.5859261,0.449965149,60.2052956,-23.9918613,0.47496146
756,-43.160759,-1.06559555e-05,0.29998365,102.784691,-16.9399185,0.399981081,-34.1567039,-9.64230919,0.349978298,29.0054703,66.9307022,0.3999753,-35.5370255,-50.4352875,0.399972081,-25.6256981,-50.1540031,0.424968749,-25.9211102,59.6758537,0.449965149,60.2923584,-24.0274811,0.47496146
757,-43.221981,-1.06710704e-05,0.29998365,102.931175,-16.964304,0.399981052,-34.206749,-9.65569115,0.349978298,29.0461941,67.0291748,0.39997527,-35.5911407,-50.5092354,0.399972111,-25.6680336,-50.2286339,0.424968749,-25.9630775,59.7657814,0.449965149,60.3794212,-24.0631008,0.47496146
758,-43.2832031,-1.06861853e-05,0.29998365,103.07766,-16.9886894,0.399981052,-34.256794,-9.6690731,0.349978298,29.0869179,67.1276474,0.39997527,-35.645256,-50.5831833,0.399972111,-25.7103691,-50.3032646,0.424968749,-26.0050449,59.8557091,0.449965149,60.4664841,-24.0987206,0.47496146
759,-43.3444252,-1.07013002e-05,0.29998365,103.224144,-17.0130749,0.399981052,-34.306839,-9.68245506,0.349978298,29.1276417,67.22612,0.39997527,-35.6993713,-50.6571312,0.399972111,-25.7527046,-50.3778954,0.424968749,-26.0470123,59.9456367,0.449965149,60.5535469,-24.1343403,0.47496146
760,-43.4056473,-1.07164151e-05,0.29998365,103.370628,-17.0374603,0.399981052,-34.356884,-9.69583702,0.349978298,29.1683655,67.3245926,0.39997527,-35.7534866,-50.7310791,0.399972111,-25.7950401,-50.4525261,0.424968749,-26.0889797,60.0355644,0.449965149,60.6406097,-24.16996,0.47496146
761,-43.4668694,-1.073153e-05,0.29998365,103.517113,-17.0618458,0.399981052,-34.406929,-9.70921898,0.349978298,29.2090893,67.4230652,0.39997527,-35.8076019,-50.805027,0.399972111,-25.8373756,-50.5271568,0.424968749,-26.1309471,60.1254921,0.449965149,60.7276726,-24.2055798,0.47496146
762,-43.5280914,-1.07466449e-05,0.29998365,103.663597,-17.0862312,0.399981052,-34.456974,-9.72260094,0.349978298,29.2498131,67.5215378,0.39997527,-35.8617172,-50.8789749,0.399972111,-25.8797112,-50.6017876,0.424968749,-26.1729145,60.2154198,0.449965119,60.8147354,-24.2411995,0.47496146
763,-43.5893135,-1.07617598e-05,0.29998365,103.810081,-17.1106167,0.399981052,-34.507019,-9.73598289,0.349978298,29.2905369,67.6200104,0.39997527,-35.9158325,-50.9529228,0.399972111,-25.9220467,-50.6764183,0.424968749,-26.2148819,60.3053474,0.449965119,60.9017982,-24.2768192,0.47496146
764,-43.6505356,-1.07768747e-05,0.29998365,103.956566,-17.1350021,0.399981052,-34.5570641,-9.74936485,0.349978298,29.3312607,67.718483,0.39997527,-35.9699478,-51.0268707,0.399972111,-25.9643822,-50.751049,0.424968749,-26.2568493,60.3952751,0.449965119,60.9888611,-24.312439,0.47496146
765,-43.7117577,-1.07919896e-05,0.29998365,104.10305,-17.1593876,0.399981052,-34.6071091,-9.76274681,0.349978298,29.3719845,67.8169556,0.39997527,-36.0240631,-51.1008186,0.399972111,-26.0067177,-50.8256798,0.424968749,-26.2988167,60.4852028,0.449965119,61.0759239,-24.3480587,0.47496146
766,-43.7729797,-1.08071044e-05,0.29998365,104.249535,-17.183773,0.399981052,-34.6571541,-9.77612877,0.349978298,29.4127083,67.9154282,0.39997527,-36.0781784,-51.1747665,0.399972111,-26.0490532,-50.9003105,0.424968749,-26.3407841,60.5751305,0.449965119,61.1629868,-24.3836784,0.47496146
767,-43.8342018,-1.08222193e-05,0.29998365,104.396019,-17.2081585,0.399981052,-34.7071991,-9.78951073,0.349978298,29.4534321,68.0139008,0.39997527,-36.1322937,-51.2487144,0.399972111,-26.0913887,-50.9749413,0.424968749,-26.3827515,60.6650581,0.449965119,61.2500496,-24.4192982,0.47496146
768,-43.8954239,-1.08373342e-05,0.29998365,104.542503,-17.2325439,0.399981052,-34.7572441,-9.80289268,0.349978298,29.4941559,68.1123734,0.39997527,-36.186409,-51.3226624,0.399972111,-26.1337242,-51.049572,0.424968749,-26.4247189,60.7549858,0.449965119,61.3371124,-24.4549179,0.47496146
769,-43.956646,-1.08524491e-05,0.29998365,104.688988,-17.2569294,0.399981052,-34.8072891,-9.81627464,0.349978298,29.5348797,68.2108459,0.39997527,-36.2405243,-51.3966103,0.399972111,-26.1760597,-51.1242027,0.424968749,-26.4666862,60.8449135,0.449965119,61.4241753,-24.4905376,0.47496146
770,-44.017868,-1.0867564e-05,0.29998365,104.835472,-17.2813148,0.399981052,-34.8573341,-9.8296566,0.349978298,29.5756035,68.3093185,0.39997527,-36.2946396,-51.4705582,0.399972111,-26.2183952,-51.1988335,0.424968749,-26.5086536,60.9348412,0.449965119,61.5112381,-24.5261574,0.47496143
771,-44.0790901,-1.08826789e-05,0.29998365,104.981956,-17.3057003,0.399981052,-34.9073792,-9.84303856,0.349978298,29.6163273,68.4077911,0.39997527,-36.3487549,-51.5445061,0.399972111,-26.2607307,-51.2734642,0.424968749,-26.550621,61.0247688,0.449965119,61.5983009,-24.5617771,0.47496143
772,-44.1403122,-1.08977938e-05,0.29998365,105.128441,-17.3300858,0.399981052,-34.9574242,-9.85642052,0.349978298,29.6570511,68.5062637,0.39997527,-36.4028702,-51.618454,0.399972111,-26.3030663,-51.3480949,0.424968749,-26.5925884,61.1146965,0.449965119,61.6853638,-24.5973969,0.47496143
773,-44.2015343,-1.09129087e-05,0.29998365,105.274925,-17.3544712,0.399981052,-35.0074692,-9.86980247,0.349978298,29.6977749,68.6047363,0.39997527,-36.4569855,-51.6924019,0.399972111,-26.3454018,-51.4227257,0.424968749,-26.6345558,61.2046242,0.449965119,61.7724266,-24.6330166,0.47496143
774,-44.2627563,-1.09280236e-05,0.29998365,105.42141,-17.3788567,0.399981052,-35.0575142,-9.88318443,0.349978298,29.7384987,68.7032089,0.39997527,-36.5111008,-51.7663498,0.399972111,-26.3877373,-51.4973564,0.424968749,-26.6765232,61.2945518,0.449965119,61.8594894,-24.6686363,0.47496146
775,-44.3239784,-1.09431385e-05,0.29998365,105.567894,-17.4032421,0.399981052,-35.1075592,-9.89656639,0.349978298,29.7792225,68.8016815,0.39997527,-36.5652161,-51.8402977,0.399972111,-26.4300728,-51.5719872,0.424968749,-26.7184906,61.3844795,0.449965119,61.9465523,-24.7042561,0.474961489
776,-44.3852005,-1.09582534e-05,0.29998365,105.714378,-17.4276276,0.399981052,-35.1576042,-9.90994835,0.349978298,29.8199463,68.9001541,0.39997527,-36.6193314,-51.9142456,0.399972111,-26.4724083,-51.6466179,0.424968749,-26.760458,61.4744072,0.449965119,62.0336151,-24.7398758,0.474961489
777,-44.4464226,-1.09733683e-05,0.29998365,105.860863,-17.452013,0.399981052,-35.2076492,-9.92333031,0.349978298,29.8606701,68.9986267,0.3999753,-36.6734467,-51.9881935,0.399972081,-26.5147438,-51.7212486,0.424968749,-26.8024254,61.5643349,0.449965119,62.1206779,-24.7754955,0.474961489
778,-44.5076447,-1.09884832e-05,0.29998365,106.007347,-17.4763985,0.399981052,-35.2576942,-9.93671227,0.349978298,29.9013939,69.0970993,0.3999753,-36.727562,-52.0621414,0.399972081,-26.5570793,-51.7958794,0.424968749,-26.8443928,61.6542625,0.449965119,62.2077408,-24.8111153,0.474961489
779,-44.5688667,-1.1003598e-05,0.29998365,106.153831,-17.5007839,0.399981052,-35.3077393,-9.95009422,0.349978298,29.9421177,69.1955719,0.39997527,-36.7816772,-52.1360893,0.399972081,-26.5994148,-51.8705101,0.424968749,-26.8863602,61.7441902,0.449965119,62.2948036,-24.846735,0.474961489
780,-44.6300888,-1.10187129e-05,0.29998365,106.300316,-17.5251694,0.399981052,-35.3577843,-9.96347618,0.349978298,29.9828415,69.2940445,0.39997527,-36.8357925,-52.2100372,0.399972111,-26.6417503,-51.9451408,0.424968749,-26.9283276,61.8341179,0.449965119,62.3818665,-24.8823547,0.474961489
781,-44.6913109,-1.10338278e-05,0.29998365,106.4468,-17.5495548,0.399981052,-35.4078293,-9.97685814,0.349978298,30.0235653,69.3925171,0.39997527,-36.8899078,-52.2839851,0.399972111,-26.6840858,-52.0197716,0.424968749,-26.970295,61.9240456,0.449965119,62.4689293,-24.9179745,0.47496146
782,-44.752533,-1.10489427e-05,0.29998365,106.593285,-17.5739403,0.399981052,-35.4578743,-9.9902401,0.349978298,30.0642891,69.4909897,0.39997527,-36.9440231,-52.357933,0.399972111,-26.7264214,-52.0944023,0.424968749,-27.0122623,62.0139732,0.449965119,62.5559921,-24.9535942,0.47496146
783,-44.813755,-1.10640576e-05,0.29998365,106.739769,-17.5983257,0.399981052,-35.5079193,-10.0036221,0.349978298,30.1050129,69.5894623,0.39997527,-36.9981384,-52.431881,0.399972111,-26.7687569,-52.1690331,0.424968749,-27.0542297,62.1039009,0.449965119,62.643055,-24.9892139,0.47496146
784,-44.8749771,-1.10791725e-05,0.29998365,106.886253,-17.6227112,0.399981052,-35.5579643,-10.017004,0.349978298,30.1457367,69.6879349,0.39997527,-37.0522537,-52.5058289,0.399972111,-26.8110924,-52.2436638,0.424968749,-27.0961971,62.1938286,0.449965119,62.7301178,-25.0248337,0.47496146
785,-44.9361992,-1.10942874e-05,0.29998365,107.032738,-17.6470966,0.399981052,-35.6080093,-10.030386,0.349978298,30.1864605,69.7864075,0.39997527,-37.106369,-52.5797768,0.399972111,-26.8534279,-52.3182945,0.424968779,-27.1381645,62.2837563,0.449965119,62.8171806,-25.0604534,0.47496146
786,-44.9974213,-1.11094023e-05,0.29998365,107.179222,-17.6714821,0.399981052,-35.6580544,-10.0437679,0.349978298,30.2271843,69.8848801,0.39997527,-37.1604843,-52.6537247,0.399972111,-26.8957634,-52.3929253,0.424968779,-27.1801319,62.3736839,0.449965119,62.9042435,-25.0960732,0.47496146
787,-45.0586433,-1.11245172e-05,0.29998365,107.325706,-17.6958675,0.399981052,-35.7080994,-10.0571499,0.349978298,30.2679081,69.9833527,0.39997527,-37.2145996,-52.7276726,0.399972111,-26.9380989,-52.467556,0.424968779,-27.2220993,62.4636116,0.449965119,62.9913063,-25.1316929,0.47496146
788,-45.1198654,-1.11396321e-05,0.29998365,107.472191,-17.720253,0.399981052,-35.7581444,-10.0705318,0.349978298,30.3086319,70.0818253,0.39997527,-37.2687149,-52.8016205,0.399972111,-26.9804344,-52.5421867,0.424968749,-27.2640667,62.5535393,0.449965119,63.0783691,-25.1673126,0.47496146
789,-45.1810875,-1.1154747e-05,0.29998365,107.618675,-17.7446384,0.399981052,-35.8081894,-10.0839138,0.349978298,30.3493557,70.1802979,0.39997527,-37.3228302,-52.8755684,0.399972111,-27.0227699,-52.6168175,0.424968749,-27.3060341,62.6434669,0.449965119,63.165432,-25.2029324,0.47496146
790,-45.2423096,-1.11698619e-05,0.29998365,107.76516,-17.7690239,0.399981052,-35.8582344,-10.0972958,0.349978298,30.3900795,70.2787704,0.39997527,-37.3769455,-52.9495163,0.399972111,-27.0651054,-52.6914482,0.424968749,-27.3480015,62.7333946,0.449965119,63.2524948,-25.2385521,0.47496146
791,-45.3035316,-1.11849768e-05,0.29998365,107.911644,-17.7934093,0.399981052,-35.9082794,-10.1106777,0.349978298,30.4308033,70.377243,0.39997527,-37.4310608,-53.0234642,0.399972111,-27.1074409,-52.7660789,0.424968749,-27.3899689,62.8233223,0.449965119,63.3395576,-25.2741718,0.47496146
792,-45.3647537,-1.12000916e-05,0.29998365,108.058128,-17.8177948,0.399981052,-35.9583244,-10.1240597,0.349978298,30.4715271,70.4757156,0.39997527,-37.4851761,-53.0974121,0.399972111,-27.1497765,-52.8407097,0.424968749,-27.4319363,62.91325,0.449965119,63.4266205,-25.3097916,0.47496146
793,-45.4259758,-1.12152065e-05,0.29998365,108.204613,-17.8421803,0.399981052,-36.0083694,-10.1374416,0.349978298,30.5122509,70.5741882,0.39997527,-37.5392914,-53.17136,0.399972111,-27.192112,-52.9153404,0.424968749,-27.4739037,63.0031776,0.449965119,63.5136833,-25.3454113,0.47496146
794,-45.4871979,-1.12303214e-05,0.29998365,108.351097,-17.8665657,0.399981052,-36.0584145,-10.1508236,0.349978298,30.5529747,70.6726608,0.39997527,-37.5934067,-53.2453079,0.399972111,-27.2344475,-52.9899712,0.424968749,-27.515871,63.0931053,0.449965119,63.6007462,-25.381031,0.47496146
795,-45.54842,-1.12454363e-05,0.29998365,108.497581,-17.8909512,0.399981052,-36.1084595,-10.1642056,0.349978298,30.5936985,70.7711334,0.39997527,-37.647522,-53.3192558,0.399972111,-27.276783,-53.0646019,0.424968749,-27.5578384,63.183033,0.449965119,63.687809,-25.4166508,0.47496146
796,-45.609642,-1.12605512e-05,0.29998365,108.644066,-17.9153366,0.399981081,-36.1585045,-10.1775875,0.349978298,30.6344223,70.869606,0.39997527,-37.7016373,-53.3932037,0.399972111,-27.3191185,-53.1392326,0.424968749,-27.5998058,63.2729607,0.449965119,63.7748718,-25.4522705,0.47496146
797,-45.6708641,-1.12756661e-05,0.29998365,108.79055,-17.9397221,0.399981081,-36.2085495,-10.1909695,0.349978298,30.6751461,70.9680786,0.39997527,-37.7557526,-53.4671516,0.399972111,-27.361454,-53.2138634,0.424968749,-27.6417732,63.3628883,0.449965119,63.8619347,-25.4878902,0.47496146
798,-45.7320862,-1.1290781e-05,0.29998365,108.937035,-17.9641075,0.399981081,-36.2585945,-10.2043514,0.349978298,30.7158699,71.0665512,0.39997527,-37.8098679,-53.5410995,0.399972081,-27.4037895,-53.2884941,0.424968749,-27.6837406,63.452816,0.449965119,63.9489975,-25.52351,0.47496146
799,-45.7933083,-1.13058959e-05,0.29998365,109.083519,-17.988493,0.399981052,-36.3086395,-10.2177334,0.349978298,30.7565937,71.1650238,0.39997527,-37.8639832,-53.6150475,0.399972081,-27.446125,-53.3631248,0.424968749,-27.725708,63.5427437,0.449965149,64.0360565,-25.5591297,0.47496146
800,-45.8545303,-1.13210108e-05,0.29998365,109.230003,-18.0128784,0.399981052,-36.3586845,-10.2311153,0.349978298,30.7973175,71.2634964,0.39997527,-37.9180984,-53.6889954,0.399972111,-27.4884605,-53.4377556,0.424968749,-27.7676754,63.6326714,0.449965119,64.1231155,-25.5947495,0.47496146
801,-45.9157524,-1.13361257e-05,0.29998365,109.376488,-18.0372639,0.399981052,-36.4087296,-10.2444973,0.349978298,30.8380413,71.361969,0.39997527,-37.9722137,-53.7629433,0.399972111,-27.5307961,-53.5123863,0.424968749,-27.8096428,63.722599,0.449965119,64.2101746,-25.6303692,0.47496146
802,-45.9769745,-1.13512406e-05,0.29998365,109.522972,-18.0616493,0.399981052,-36.4587746,-10.2578793,0.349978298,30.8787651,71.4604416,0.39997527,-38.026329,-53.8368912,0.399972111,-27.5731316,-53.5870171,0.424968749,-27.8516102,63.8125267,0.449965119,64.2972336,-25.6659889,0.47496146
803,-46.0381966,-1.13663555e-05,0.29998365,109.669456,-18.0860348,0.399981052,-36.5088196,-10.2712612,0.349978298,30.9194889,71.5589142,0.39997527,-38.0804443,-53.9108391,0.399972111,-27.6154671,-53.6616478,0.424968749,-27.8935776,63.9024544,0.449965119,64.3842926,-25.7016087,0.47496146
804,-46.0994186,-1.13814704e-05,0.29998365,109.815941,-18.1104202,0.399981052,-36.5588646,-10.2846432,0.349978298,30.9602127,71.6573868,0.39997527,-38.1345596,-53.984787,0.399972111,-27.6578026,-53.7362785,0.424968749,-27.935545,63.992382,0.449965119,64.4713516,-25.7372284,0.47496146
805,-46.1606407,-1.13965853e-05,0.29998365,109.962425,-18.1348057,0.399981052,-36.6089096,-10.2980251,0.349978298,31.0009365,71.7558594,0.39997527,-38.1886749,-54.0587349,0.399972081,-27.7001381,-53.8109093,0.424968749,-27.9775124,64.0823059,0.449965119,64.5584106,-25.7728481,0.47496146
806,-46.2218628,-1.14117001e-05,0.29998365,110.10891,-18.1591911,0.399981052,-36.6589546,-10.3114071,0.349978298,31.0416603,71.854332,0.39997527,-38.2427902,-54.1326828,0.399972081,-27.7424736,-53.88554,0.424968749,-28.0194798,64.1722336,0.449965119,64.6454697,-25.8084679,0.47496146
807,-46.2830849,-1.1426815e-05,0.29998365,110.255394,-18.1835766,0.399981052,-36.7089996,-10.324789,0.349978298,31.0823841,71.9528046,0.39997527,-38.2969055,-54.2066307,0.399972081,-27.7848091,-53.9601707,0.424968749,-28.0614471,64.2621613,0.449965119,64.7325287,-25.8440876,0.47496143
808,-46.3443069,-1.14419299e-05,0.29998365,110.401878,-18.207962,0.399981052,-36.7590446,-10.338171,0.349978298,31.1231079,72.0512772,0.39997527,-38.3510208,-54.2805786,0.399972081,-27.8271446,-54.0348015,0.424968749,-28.1034145,64.3520889,0.449965119,64.8195877,-25.8797073,0.47496146
809,-46.405529,-1.14570448e-05,0.29998365,110.548363,-18.2323475,0.399981052,-36.8090897,-10.351553,0.349978298,31.1638317,72.1497498,0.39997527,-38.4051361,-54.3545265,0.399972081,-27.8694801,-54.1094322,0.424968749,-28.1453819,64.4420166,0.449965119,64.9066467,-25.9153271,0.47496146
810,-46.4667511,-1.14721597e-05,0.29998365,110.694847,-18.2567329,0.399981052,-36.8591347,-10.3649349,0.349978298,31.2045555,72.2482224,0.39997527,-38.4592514,-54.4284744,0.399972081,-27.9118156,-54.184063,0.424968749,-28.1873493,64.5319443,0.449965119,64.9937057,-25.9509468,0.47496146
811,-46.5279732,-1.14872746e-05,0.29998365,110.841331,-18.2811184,0.399981052,-36.9091797,-10.3783169,0.349978298,31.2452793,72.3466949,0.39997527,-38.5133667,-54.5024223,0.399972081,-27.9541512,-54.2586937,0.424968749,-28.2293167,64.6218719,0.449965119,65.0807648,-25.9865665,0.47496146
812,-46.5891953,-1.15023895e-05,0.29998365,110.987816,-18.3055038,0.399981052,-36.9592247,-10.3916988,0.349978298,31.2860031,72.4451675,0.39997527,-38.567482,-54.5763702,0.399972081,-27.9964867,-54.3333244,0.424968749,-28.2712841,64.7117996,0.449965119,65.1678238,-26.0221863,0.47496146
813,-46.6504173,-1.15175044e-05,0.29998365,111.1343,-18.3298893,0.399981052,-37.0092697,-10.4050808,0.349978298,31.3267269,72.5436401,0.39997527,-38.6215973,-54.6503181,0.399972081,-28.0388222,-54.4079552,0.424968749,-28.3132515,64.8017273,0.449965119,65.2548828,-26.057806,0.47496146
814,-46.7116394,-1.15326193e-05,0.29998365,111.280785,-18.3542747,0.399981052,-37.0593147,-10.4184628,0.349978298,31.3674507,72.6421127,0.39997527,-38.6757126,-54.7242661,0.399972081,-28.0811577,-54.4825859,0.424968749,-28.3552189,64.891655,0.449965119,65.3419418,-26.0934258,0.47496146
815,-46.7728615,-1.15477342e-05,0.29998365,111.427269,-18.3786602,0.399981052,-37.1093597,-10.4318447,0.349978298,31.4081745,72.7405853,0.39997527,-38.7298279,-54.798214,0.399972081,-28.1234932,-54.5572166,0.424968749,-28.3971863,64.9815826,0.449965119,65.4290009,-26.1290455,0.47496146
816,-46.8340836,-1.15628491e-05,0.29998365,111.573753,-18.4030457,0.399981052,-37.1594048,-10.4452267,0.349978298,31.4488983,72.8390579,0.39997527,-38.7839432,-54.8721619,0.399972081,-28.1658287,-54.6318474,0.424968749,-28.4391537,65.0715103,0.449965119,65.5160599,-26.1646652,0.47496146
817,-46.8953056,-1.1577964e-05,0.29998365,111.720238,-18.4274311,0.399981052,-37.2094498,-10.4586086,0.349978298,31.4896221,72.9375305,0.39997527,-38.8380585,-54.9461098,0.399972081,-28.2081642,-54.7064781,0.424968749,-28.4811211,65.161438,0.449965119,65.6031189,-26.200285,0.47496146
818,-46.9565277,-1.15930789e-05,0.29998365,111.866722,-18.4518166,0.399981052,-37.2594948,-10.4719906,0.349978298,31.5303459,73.0360031,0.39997527,-38.8921738,-55.0200577,0.399972081,-28.2504997,-54.7811089,0.424968749,-28.5230885,65.2513657,0.449965149,65.6901779,-26.2359047,0.47496146
819,-47.0177498,-1.16081937e-05,0.29998365,112.013206,-18.476202,0.399981052,-37.3095398,-10.4853725,0.349978298,31.5710697,73.1344757,0.39997527,-38.9462891,-55.0940056,0.399972081,-28.2928352,-54.8557396,0.424968749,-28.5650558,65.3412933,0.449965149,65.7772369,-26.2715244,0.47496146
820,-47.0789719,-1.16233086e-05,0.29998365,112.159691,-18.5005875,0.399981052,-37.3595848,-10.4987545,0.349978298,31.6117935,73.2329483,0.39997527,-39.0004044,-55.1679535,0.399972111,-28.3351707,-54.9303703,0.424968749,-28.6070232,65.431221,0.449965149,65.864296,-26.3071442,0.47496146
821,-47.1401939,-1.16384235e-05,0.29998365,112.306175,-18.5249729,0.399981052,-37.4096298,-10.5121365,0.349978298,31.6525173,73.3314209,0.39997527,-39.0545197,-55.2419014,0.399972111,-28.3775063,-55.0050011,0.424968749,-28.6489906,65.5211487,0.449965149,65.951355,-26.3427639,0.47496146
822,-47.201416,-1.16535384e-05,0.29998365,112.45266,-18.5493584,0.399981052,-37.4596748,-10.5255184,0.349978298,31.6932411,73.4298935,0.39997527,-39.1086349,-55.3158493,0.399972111,-28.4198418,-55.0796318,0.424968749,-28.690958,65.6110764,0.449965149,66.038414,-26.3783836,0.47496146
823,-47.2626381,-1.16686533e-05,0.29998365,112.599144,-18.5737438,0.399981052,-37.5097198,-10.5389004,0.349978298,31.7339649,73.5283661,0.39997527,-39.1627502,-55.3897972,0.399972111,-28.4621773,-55.1542625,0.424968749,-28.7329254,65.701004,0.449965149,66.125473,-26.4140034,0.47496146
824,-47.3238602,-1.16837682e-05,0.29998365,112.745628,-18.5981293,0.399981052,-37.5597649,-10.5522823,0.349978298,31.7746887,73.6268387,0.3999753,-39.2168655,-55.4637451,0.399972111,-28.5045128,-55.2288933,0.424968749,-28.7748928,65.7909317,0.449965149,66.212532,-26.4496231,0.47496146
825,-47.3850822,-1.16988831e-05,0.29998365,112.892113,-18.6225147,0.399981052,-37.6098099,-10.5656643,0.349978298,31.8154125,73.7253113,0.3999753,-39.2709808,-55.537693,0.399972111,-28.5468483,-55.303524,0.424968749,-28.8168602,65.8808594,0.449965149,66.2995911,-26.4852428,0.47496146
826,-47.4463043,-1.1713998e-05,0.29998365,113.038597,-18.6469002,0.399981052,-37.6598549,-10.5790462,0.349978298,31.8561363,73.8237839,0.3999753,-39.3250961,-55.6116409,0.399972111,-28.5891838,-55.3781548,0.424968749,-28.8588276,65.970787,0.449965149,66.3866501,-26.5208626,0.47496146
827,-47.5075264,-1.17291129e-05,0.29998365,113.185081,-18.6712856,0.399981052,-37.7098999,-10.5924282,0.349978298,31.8968601,73.9222565,0.3999753,-39.3792114,-55.6855888,0.399972111,-28.6315193,-55.4527855,0.424968749,-28.900795,66.0607147,0.449965149,66.4737091,-26.5564823,0.47496146
828,-47.5687485,-1.17442278e-05,0.29998365,113.331566,-18.6956711,0.399981052,-37.7599449,-10.6058102,0.349978298,31.9375839,74.0207291,0.39997527,-39.4333267,-55.7595367,0.399972111,-28.6738548,-55.5274162,0.424968749,-28.9427624,66.1506424,0.449965149,66.5607681,-26.5921021,0.47496146
829,-47.6299706,-1.17593427e-05,0.29998365,113.47805,-18.7200565,0.399981052,-37.8099899,-10.6191921,0.349978298,31.9783077,74.1192017,0.39997527,-39.487442,-55.8334846,0.399972111,-28.7161903,-55.602047,0.424968749,-28.9847298,66.2405701,0.449965149,66.6478271,-26.6277218,0.47496146
830,-47.6911926,-1.17744576e-05,0.29998365,113.624535,-18.744442,0.399981052,-37.8600349,-10.6325741,0.349978298,32.0190315,74.2176743,0.39997527,-39.5415573,-55.9074326,0.399972111,-28.7585258,-55.6766777,0.424968749,-29.0266972,66.3304977,0.449965149,66.7348862,-26.6633415,0.47496146
831,-47.7524147,-1.17895725e-05,0.29998365,113.771019,-18.7688274,0.399981052,-37.91008,-10.645956,0.349978298,32.0597572,74.3161469,0.39997527,-39.5956726,-55.9813805,0.399972111,-28.8008614,-55.7513084,0.424968749,-29.0686646,66.4204254,0.449965149,66.8219452,-26.6989613,0.47496146
832,-47.8136368,-1.18046873e-05,0.29998365,113.917503,-18.7932129,0.399981052,-37.960125,-10.659338,0.349978298,32.1004829,74.4146194,0.39997527,-39.6497879,-56.0553284,0.399972111,-28.8431969,-55.8259392,0.424968749,-29.1106319,66.5103531,0.449965149,66.9090042,-26.734581,0.47496146
833,-47.8748589,-1.18198022e-05,0.29998365,114.063988,-18.8175983,0.399981052,-38.01017,-10.67272,0.349978298,32.1412086,74.513092,0.39997527,-39.7039032,-56.1292763,0.399972111,-28.8855324,-55.9005699,0.424968749,-29.1525993,66.6002808,0.449965149,66.9960632,-26.7702007,0.47496146
834,-47.9360809,-1.18349171e-05,0.29998365,114.210472,-18.8419838,0.399981052,-38.060215,-10.6861019,0.349978298,32.1819344,74.6115646,0.39997527,-39.7580185,-56.2032242,0.399972111,-28.9278679,-55.9752007,0.424968749,-29.1945667,66.6902084,0.449965149,67.0831223,-26.8058205,0.47496146
835,-47.997303,-1.1850032e-05,0.29998365,114.356956,-18.8663692,0.399981052,-38.11026,-10.6994839,0.349978298,32.2226601,74.7100372,0.39997527,-39.8121338,-56.2771721,0.399972111,-28.9702034,-56.0498314,0.424968749,-29.2365341,66.7801361,0.449965149,67.1701813,-26.8414402,0.47496146
836,-48.0585251,-1.18651469e-05,0.29998365,114.503441,-18.8907547,0.399981052,-38.160305,-10.7128658,0.349978298,32.2633858,74.8085098,0.39997527,-39.8662491,-56.35112,0.399972111,-29.0125389,-56.1244621,0.424968749,-29.2785015,66.8700638,0.449965149,67.2572403,-26.8770599,0.47496146
837,-48.1197472,-1.18802618e-05,0.29998365,114.649925,-18.9151402,0.399981052,-38.21035,-10.7262478,0.349978298,32.3041115,74.9069824,0.39997527,-39.9203644,-56.4250679,0.399972111,-29.0548744,-56.1990929,0.424968749,-29.3204689,66.9599915,0.449965149,67.3442993,-26.9126797,0.47496146
838,-48.1809692,-1.18953767e-05,0.29998365,114.79641,-18.9395256,0.399981052,-38.2603951,-10.7396297,0.349978298,32.3448372,75.005455,0.39997527,-39.9744797,-56.4990158,0.399972111,-29.0972099,-56.2737236,0.424968749,-29.3624363,67.0499191,0.449965149,67.4313583,-26.9482994,0.47496146
839,-48.2421913,-1.19104916e-05,0.29998365,114.942894,-18.9639111,0.399981052,-38.3104401,-10.7530117,0.349978298,32.3855629,75.1039276,0.39997527,-40.028595,-56.5729637,0.399972111,-29.1395454,-56.3483543,0.424968749,-29.4044037,67.1398468,0.449965149,67.5184174,-26.9839191,0.47496146
840,-48.3034134,-1.19256065e-05,0.29998365,115.089378,-18.9882965,0.399981052,-38.3604851,-10.7663937,0.349978298,32.4262886,75.2024002,0.39997527,-40.0827103,-56.6469116,0.399972111,-29.181881,-56.4229851,0.424968749,-29.4463711,67.2297745,0.449965149,67.6054764,-27.0195389,0.47496146
841,-48.3646355,-1.19407214e-05,0.29998365,115.235863,-19.012682,0.399981052,-38.4105301,-10.7797756,0.349978298,32.4670143,75.3008728,0.39997527,-40.1368256,-56.7208595,0.399972111,-29.2242165,-56.4976158,0.424968749,-29.4883385,67.3197021,0.449965149,67.6925354,-27.0551586,0.47496146
842,-48.4258575,-1.19558363e-05,0.29998365,115.382347,-19.0370674,0.399981052,-38.4605751,-10.7931576,0.349978298,32.50774,75.3993454,0.39997527,-40.1909409,-56.7948074,0.399972111,-29.266552,-56.5722466,0.424968749,-29.5303059,67.4096298,0.449965149,67.7795944,-27.0907784,0.47496143
843,-48.4870796,-1.19709512e-05,0.29998365,115.528831,-19.0614529,0.399981052,-38.5106201,-10.8065395,0.349978298,32.5484657,75.497818,0.39997527,-40.2450562,-56.8687553,0.399972111,-29.3088875,-56.6468773,0.424968749,-29.5722733,67.4995575,0.449965149,67.8666534,-27.1263981,0.47496143
844,-48.5483017,-1.19860661e-05,0.29998365,115.675316,-19.0858383,0.399981052,-38.5606651,-10.8199215,0.349978298,32.5891914,75.5962906,0.39997527,-40.2991714,-56.9427032,0.399972111,-29.351223,-56.721508,0.424968749,-29.6142406,67.5894852,0.449965149,67.9537125,-27.1620178,0.47496143
845,-48.6095238,-1.20011809e-05,0.29998365,115.8218,-19.1102238,0.399981052,-38.6107101,-10.8333035,0.349978298,32.6299171,75.6947632,0.39997527,-40.3532867,-57.0166512,0.399972081,-29.3935585,-56.7961388,0.424968749,-29.656208,67.6794128,0.449965149,68.0407715,-27.1976376,0.47496146
846,-48.6707458,-1.20162958e-05,0.29998365,115.968285,-19.1346092,0.399981052,-38.6607552,-10.8466854,0.349978298,32.6706429,75.7932358,0.39997527,-40.407402,-57.0905991,0.399972081,-29.435894,-56.8707695,0.424968749,-29.6981754,67.7693405,0.449965149,68.1278305,-27.2332573,0.47496146
847,-48.7319679,-1.20314107e-05,0.29998365,116.114769,-19.1589947,0.399981052,-38.7108002,-10.8600674,0.349978298,32.7113686,75.8917084,0.39997527,-40.4615173,-57.164547,0.399972081,-29.4782295,-56.9454002,0.424968749,-29.7401428,67.8592682,0.449965149,68.2148895,-27.268877,0.47496146
848,-48.79319,-1.20465256e-05,0.29998365,116.261253,-19.1833801,0.399981052,-38.7608452,-10.8734493,0.349978298,32.7520943,75.990181,0.39997527,-40.5156326,-57.2384949,0.399972081,-29.520565,-57.020031,0.424968749,-29.7821102,67.9491959,0.449965149,68.3019485,-27.3044968,0.47496146
849,-48.8544121,-1.20616405e-05,0.29998365,116.407738,-19.2077656,0.399981052,-38.8108902,-10.8868313,0.349978298,32.79282,76.0886536,0.39997527,-40.5697479,-57.3124428,0.399972081,-29.5629005,-57.0946617,0.424968749,-29.8240776,68.0391235,0.449965149,68.3890076,-27.3401165,0.47496146
850,-48.9156342,-1.20767554e-05,0.29998365,116.554222,-19.232151,0.399981052,-38.8609352,-10.9002132,0.349978298,32.8335457,76.1871262,0.3999753,-40.6238632,-57.3863907,0.399972081,-29.6052361,-57.1692924,0.424968749,-29.866045,68.1290512,0.449965149,68.4760666,-27.3757362,0.47496146
851,-48.9768562,-1.20918703e-05,0.29998365,116.700706,-19.2565365,0.399981052,-38.9109802,-10.9135952,0.349978298,32.8742714,76.2855988,0.3999753,-40.6779785,-57.4603386,0.399972081,-29.6475716,-57.2439232,0.424968749,-29.9080124,68.2189789,0.449965149,68.5631256,-27.411356,0.47496146
852,-49.0380783,-1.21069852e-05,0.29998365,116.847191,-19.2809219,0.399981052,-38.9610252,-10.9269772,0.349978298,32.9149971,76.3840714,0.3999753,-40.7320938,-57.5342865,0.399972081,-29.6899071,-57.3185539,0.424968749,-29.9499798,68.3089066,0.449965149,68.6501846,-27.4469757,0.47496143
853,-49.0993004,-1.21221001e-05,0.29998365,116.993675,-19.3053074,0.399981052,-39.0110703,-10.9403591,0.349978298,32.9557228,76.4825439,0.3999753,-40.7862091,-57.6082344,0.399972111,-29.7322426,-57.3931847,0.424968749,-29.9919472,68.3988342,0.449965149,68.7372437,-27.4825954,0.47496143
854,-49.1605225,-1.2137215e-05,0.29998365,117.14016,-19.3296928,0.399981052,-39.0611153,-10.9537411,0.349978298,32.9964485,76.5810165,0.3999753,-40.8403244,-57.6821823,0.399972111,-29.7745781,-57.4678154,0.424968749,-30.0339146,68.4887619,0.449965149,68.8243027,-27.5182152,0.47496143
855,-49.2217445,-1.21523299e-05,0.29998365,117.286644,-19.3540783,0.399981052,-39.1111603,-10.967123,0.349978298,33.0371742,76.6794891,0.3999753,-40.8944397,-57.7561302,0.399972111,-29.8169136,-57.5424461,0.424968749,-30.075882,68.5786896,0.449965149,68.9113617,-27.5538349,0.47496143
856,-49.2829666,-1.21674448e-05,0.29998365,117.433128,-19.3784637,0.399981052,-39.1612053,-10.980505,0.349978298,33.0778999,76.7779617,0.3999753,-40.948555,-57.8300781,0.399972111,-29.8592491,-57.6170769,0.424968749,-30.1178493,68.6686172,0.449965149,68.9984207,-27.5894547,0.47496146
857,-49.3441887,-1.21825597e-05,0.29998365,117.579613,-19.4028492,0.399981052,-39.2112503,-10.9938869,0.349978298,33.1186256,76.8764343,0.3999753,-41.0026703,-57.904026,0.399972111,-29.9015846,-57.6917076,0.424968749,-30.1598167,68.7585449,0.449965149,69.0854797,-27.6250744,0.47496146
858,-49.4054108,-1.21976746e-05,0.29998365,117.726097,-19.4272346,0.399981052,-39.2612953,-11.0072689,0.349978298,33.1593513,76.9749069,0.3999753,-41.0567856,-57.9779739,0.399972111,-29.9439201,-57.7663383,0.424968749,-30.2017841,68.8484726,0.449965149,69.1725388,-27.6606941,0.47496146
859,-49.4666328,-1.22127894e-05,0.29998365,117.872581,-19.4516201,0.399981052,-39.3113403,-11.0206509,0.349978298,33.2000771,77.0733795,0.3999753,-41.1109009,-58.0519218,0.399972111,-29.9862556,-57.8409691,0.424968749,-30.2437515,68.9384003,0.449965149,69.2595978,-27.6963139,0.47496146
860,-49.5278549,-1.22279043e-05,0.29998365,118.019066,-19.4760056,0.399981052,-39.3613853,-11.0340328,0.349978298,33.2408028,77.1718521,0.3999753,-41.1650162,-58.1258698,0.399972111,-30.0285912,-57.9155998,0.424968749,-30.2857189,69.0283279,0.449965149,69.3466568,-27.7319336,0.47496146
861,-49.589077,-1.22430192e-05,0.29998365,118.16555,-19.500391,0.399981052,-39.4114304,-11.0474148,0.349978298,33.2815285,77.2703247,0.3999753,-41.2191315,-58.1998177,0.399972111,-30.0709267,-57.9902306,0.424968749,-30.3276863,69.1182556,0.449965149,69.4337158,-27.7675533,0.47496146
862,-49.6502991,-1.22581341e-05,0.29998365,118.312035,-19.5247765,0.399981052,-39.4614754,-11.0607967,0.349978298,33.3222542,77.3687973,0.3999753,-41.2732468,-58.2737656,0.399972111,-30.1132622,-58.0648613,0.424968749,-30.3696537,69.2081833,0.449965149,69.5207748,-27.8031731,0.47496146
863,-49.7115211,-1.2273249e-05,0.29998365,118.458519,-19.5491619,0.399981052,-39.5115204,-11.0741787,0.349978298,33.3629799,77.4672699,0.3999753,-41.3273621,-58.3477135,0.399972111,-30.1555977,-58.139492,0.424968749,-30.4116211,69.298111,0.449965149,69.6078339,-27.8387928,0.47496146
864,-49.7727432,-1.22883639e-05,0.29998365,118.605003,-19.5735474,0.399981052,-39.5615654,-11.0875607,0.349978298,33.4037056,77.5657425,0.3999753,-41.3814774,-58.4216614,0.399972111,-30.1979332,-58.2141228,0.424968779,-30.4535885,69.3880386,0.449965149,69.6948929,-27.8744125,0.47496146
865,-49.8339653,-1.23034788e-05,0.29998365,118.751488,-19.5979328,0.399981081,-39.6116104,-11.1009426,0.349978298,33.4444313,77.6642151,0.3999753,-41.4355927,-58.4956093,0.399972111,-30.2402687,-58.2887535,0.424968749,-30.4955559,69.4779663,0.449965149,69.7819519,-27.9100323,0.47496146
866,-49.8951874,-1.23185937e-05,0.29998365,118.897972,-19.6223183,0.399981081,-39.6616554,-11.1143246,0.349978298,33.485157,77.7626877,0.3999753,-41.4897079,-58.5695572,0.399972111,-30.2826042,-58.3633842,0.424968749,-30.5375233,69.567894,0.449965119,69.8690109,-27.945652,0.47496146
867,-49.9564095,-1.23337086e-05,0.29998365,119.044456,-19.6467037,0.399981081,-39.7117004,-11.1277065,0.349978298,33.5258827,77.8611603,0.3999753,-41.5438232,-58.6435051,0.399972111,-30.3249397,-58.438015,0.424968749,-30.5794907,69.6578217,0.449965119,69.9560699,-27.9812717,0.47496146
868,-50.0176315,-1.23488235e-05,0.29998365,119.190941,-19.6710892,0.399981081,-39.7617455,-11.1410885,0.349978298,33.5666084,77.9596329,0.39997527,-41.5979385,-58.717453,0.399972111,-30.3672752,-58.5126457,0.424968749,-30.6214581,69.7477493,0.449965119,70.043129,-28.0168915,0.47496146
869,-50.0788536,-1.23639384e-05,0.29998365,119.337425,-19.6954746,0.399981081,-39.8117905,-11.1544704,0.349978298,33.6073341,78.0581055,0.39997527,-41.6520538,-58.7914009,0.399972111,-30.4096107,-58.5872765,0.424968749,-30.6634254,69.837677,0.449965119,70.130188,-28.0525112,0.47496146
870,-50.1400757,-1.23790533e-05,0.29998365,119.48391,-19.7198601,0.399981052,-39.8618355,-11.1678524,0.349978298,33.6480598,78.1565781,0.39997527,-41.7061691,-58.8653488,0.399972111,-30.4519463,-58.6619072,0.424968749,-30.7053928,69.9276047,0.449965119,70.217247,-28.088131,0.47496143
871,-50.2012978,-1.23941682e-05,0.29998365,119.630394,-19.7442455,0.399981052,-39.9118805,-11.1812344,0.349978298,33.6887856,78.2550507,0.39997527,-41.7602844,-58.9392967,0.399972111,-30.4942818,-58.7365379,0.424968749,-30.7473602,70.0175323,0.449965119,70.304306,-28.1237507,0.47496143
872,-50.2625198,-1.2409283e-05,0.29998365,119.776878,-19.768631,0.399981052,-39.9619255,-11.1946163,0.349978298,33.7295113,78.3535233,0.39997527,-41.8143997,-59.0132446,0.399972111,-30.5366173,-58.8111687,0.424968749,-30.7893276,70.10746,0.449965119,70.3913651,-28.1593704,0.47496143
873,-50.3237419,-1.24243979e-05,0.29998365,119.923363,-19.7930164,0.399981052,-40.0119705,-11.2079983,0.349978298,33.770237,78.4519958,0.39997527,-41.868515,-59.0871925,0.399972111,-30.5789528,-58.8857994,0.424968749,-30.831295,70.1973877,0.449965119,70.4784241,-28.1949902,0.47496143
874,-50.384964,-1.24395128e-05,0.29998365,120.069847,-19.8174019,0.399981052,-40.0620155,-11.2213802,0.349978298,33.8109627,78.5504684,0.39997527,-41.9226303,-59.1611404,0.399972111,-30.6212883,-58.9604301,0.424968749,-30.8732624,70.2873154,0.449965119,70.5654831,-28.2306099,0.47496143
875,-50.4461861,-1.24546277e-05,0.29998365,120.216331,-19.8417873,0.399981052,-40.1120605,-11.2347622,0.349978298,33.8516884,78.648941,0.39997527,-41.9767456,-59.2350883,0.399972111,-30.6636238,-59.0350609,0.424968749,-30.9152298,70.377243,0.449965119,70.6525421,-28.2662296,0.47496143
876,-50.5074081,-1.24697426e-05,0.29998365,120.362816,-19.8661728,0.399981052,-40.1621056,-11.2481441,0.349978298,33.8924141,78.7474136,0.39997527,-42.0308609,-59.3090363,0.399972111,-30.7059593,-59.1096916,0.424968749,-30.9571972,70.4671707,0.449965119,70.7396011,-28.3018494,0.47496143
877,-50.5686302,-1.24848575e-05,0.29998365,120.5093,-19.8905582,0.399981052,-40.2121506,-11.2615261,0.349978298,33.9331398,78.8458862,0.3999753,-42.0849762,-59.3829842,0.399972111,-30.7482948,-59.1843224,0.424968749,-30.9991646,70.5570984,0.449965119,70.8266602,-28.3374691,0.47496143
878,-50.6298523,-1.24999724e-05,0.29998365,120.655785,-19.9149437,0.399981052,-40.2621956,-11.2749081,0.349978298,33.9738655,78.9443588,0.3999753,-42.1390915,-59.4569321,0.399972111,-30.7906303,-59.2589531,0.424968749,-31.041132,70.6470261,0.449965119,70.9137192,-28.3730888,0.47496146
879,-50.6910744,-1.25150873e-05,0.29998365,120.802269,-19.9393291,0.399981052,-40.3122406,-11.28829,0.349978298,34.0145912,79.0428314,0.3999753,-42.1932068,-59.53088,0.399972111,-30.8329659,-59.3335838,0.424968749,-31.0830994,70.7369537,0.449965119,71.0007782,-28.4087086,0.47496146
880,-50.7522964,-1.25302022e-05,0.29998365,120.948753,-19.9637146,0.399981052,-40.3622856,-11.301672,0.349978298,34.0553169,79.141304,0.3999753,-42.2473221,-59.6048279,0.399972111,-30.8753014,-59.4082146,0.424968749,-31.1250668,70.8268814,0.449965119,71.0878372,-28.4443283,0.47496146
881,-50.8135185,-1.25453171e-05,0.29998365,121.095238,-19.9881001,0.399981052,-40.4123306,-11.3150539,0.349978298,34.0960426,79.2397766,0.3999753,-42.3014374,-59.6787758,0.399972111,-30.9176369,-59.4828453,0.424968749,-31.1670341,70.9168091,0.449965119,71.1748962,-28.479948,0.47496146
882,-50.8747406,-1.2560432e-05,0.29998365,121.241722,-20.0124855,0.399981052,-40.4623756,-11.3284359,0.349978298,34.1367683,79.3382492,0.3999753,-42.3555527,-59.7527237,0.399972111,-30.9599724,-59.557476,0.424968749,-31.2090015,71.0067368,0.449965119,71.2619553,-28.5155678,0.47496146
883,-50.9359627,-1.25755469e-05,0.29998365,121.388206,-20.036871,0.399981052,-40.5124207,-11.3418179,0.349978298,34.177494,79.4367218,0.3999753,-42.409668,-59.8266716,0.399972111,-31.0023079,-59.6321068,0.424968749,-31.2509689,71.0966644,0.449965119,71.3490143,-28.5511875,0.47496146
884,-50.9971848,-1.25906618e-05,0.29998365,121.534691,-20.0612564,0.399981052,-40.5624657,-11.3551998,0.349978298,34.2182198,79.5351944,0.39997527,-42.4637833,-59.9006195,0.399972111,-31.0446434,-59.7067375,0.424968749,-31.2929363,71.1865921,0.449965119,71.4360733,-28.5868073,0.47496146
885,-51.0584068,-1.26057766e-05,0.29998365,121.681175,-20.0856419,0.399981052,-40.6125107,-11.3685818,0.349978298,34.2589455,79.633667,0.39997527,-42.5178986,-59.9745674,0.399972111,-31.0869789,-59.7813683,0.424968749,-31.3349037,71.2765198,0.449965119,71.5231323,-28.622427,0.47496146
886,-51.1196289,-1.26208915e-05,0.29998365,121.82766,-20.1100273,0.399981052,-40.6625557,-11.3819637,0.349978298,34.2996712,79.7321396,0.39997527,-42.5720139,-60.0485153,0.399972111,-31.1293144,-59.855999,0.424968749,-31.3768711,71.3664474,0.449965119,71.6101913,-28.6580467,0.47496146
887,-51.180851,-1.26360064e-05,0.29998365,121.974144,-20.1344128,0.399981052,-40.7126007,-11.3953457,0.349978298,34.3403969,79.8306122,0.39997527,-42.6261292,-60.1224632,0.399972111,-31.1716499,-59.9306297,0.424968749,-31.4188385,71.4563751,0.449965119,71.6972504,-28.6936665,0.47496146
888,-51.2420731,-1.26511213e-05,0.29998365,122.120628,-20.1587982,0.399981052,-40.7626457,-11.4087276,0.349978298,34.3811226,79.9290848,0.39997527,-42.6802444,-60.1964111,0.399972111,-31.2139854,-60.0052605,0.424968749,-31.4608059,71.5463028,0.449965119,71.7843094,-28.7292862,0.47496146
889,-51.3032951,-1.26662362e-05,0.29998365,122.267113,-20.1831837,0.399981052,-40.8126907,-11.4221096,0.349978298,34.4218483,80.0275574,0.39997527,-42.7343597,-60.270359,0.399972111,-31.256321,-60.0798912,0.424968749,-31.5027733,71.6362305,0.449965119,71.8713684,-28.7649059,0.47496146
890,-51.3645172,-1.26813511e-05,0.29998365,122.413597,-20.2075691,0.399981052,-40.8627357,-11.4354916,0.349978298,34.462574,80.12603,0.39997527,-42.788475,-60.3443069,0.399972111,-31.2986565,-60.1545219,0.424968749,-31.5447407,71.7261581,0.449965119,71.9584274,-28.8005257,0.47496146
891,-51.4257393,-1.2696466e-05,0.29998365,122.560081,-20.2319546,0.399981052,-40.9127808,-11.4488735,0.349978298,34.5032997,80.2245026,0.39997527,-42.8425903,-60.4182549,0.399972111,-31.340992,-60.2291527,0.424968749,-31.5867081,71.8160858,0.449965119,72.0454865,-28.8361454,0.47496146
892,-51.4869614,-1.27115809e-05,0.29998365,122.706566,-20.25634,0.399981052,-40.9628258,-11.4622555,0.349978298,34.5440254,80.3229752,0.39997527,-42.8967056,-60.4922028,0.399972111,-31.3833275,-60.3037834,0.424968749,-31.6286755,71.9060135,0.449965119,72.1325455,-28.8717651,0.47496146
893,-51.5481834,-1.27266958e-05,0.29998365,122.85305,-20.2807255,0.399981052,-41.0128708,-11.4756374,0.349978298,34.5847511,80.4214478,0.39997527,-42.9508209,-60.5661507,0.399972111,-31.425663,-60.3784142,0.424968749,-31.6706429,71.9959412,0.449965119,72.2196045,-28.9073849,0.47496146
894,-51.6094055,-1.27418107e-05,0.29998365,122.999535,-20.3051109,0.399981052,-41.0629158,-11.4890194,0.349978298,34.6254768,80.5199203,0.39997527,-43.0049362,-60.6400986,0.399972111,-31.4679985,-60.4530449,0.424968749,-31.7126102,72.0858688,0.449965119,72.3066635,-28.9430046,0.47496146
895,-51.6706276,-1.27569256e-05,0.29998365,123.146019,-20.3294964,0.399981052,-41.1129608,-11.5024014,0.349978298,34.6662025,80.6183929,0.39997527,-43.0590515,-60.7140465,0.399972111,-31.510334,-60.5276756,0.424968749,-31.7545776,72.1757965,0.449965119,72.3937225,-28.9786243,0.47496146
896,-51.7318497,-1.27720405e-05,0.29998365,123.292503,-20.3538818,0.399981052,-41.1630058,-11.5157833,0.349978298,34.7069283,80.7168655,0.39997527,-43.1131668,-60.7879944,0.399972111,-31.5526695,-60.6023064,0.424968749,-31.796545,72.2657242,0.449965119,72.4807816,-29.0142441,0.47496146
897,-51.7930717,-1.27871554e-05,0.29998365,123.438988,-20.3782673,0.399981052,-41.2130508,-11.5291653,0.349978298,34.747654,80.8153381,0.39997527,-43.1672821,-60.8619423,0.399972111,-31.595005,-60.6769371,0.424968749,-31.8385124,72.3556519,0.449965119,72.5678406,-29.0498638,0.47496146
898,-51.8542938,-1.28022702e-05,0.29998365,123.585472,-20.4026527,0.399981052,-41.2630959,-11.5425472,0.349978298,34.7883797,80.9138107,0.39997527,-43.2213974,-60.9358902,0.399972111,-31.6373405,-60.7515678,0.424968749,-31.8804798,72.4455795,0.449965119,72.6548996,-29.0854836,0.47496146
899,-51.9155159,-1.28173851e-05,0.29998365,123.731956,-20.4270382,0.399981052,-41.3131409,-11.5559292,0.349978298,34.8291054,81.0122833,0.39997527,-43.2755127,-61.0098381,0.399972111,-31.6796761,-60.8261986,0.424968749,-31.9224472,72.5355072,0.449965119,72.7419586,-29.1211033,0.47496146
