step,b0_x,b0_y,b0_z,b1_x,b1_y,b1_z,b2_x,b2_y,b2_z,b3_x,b3_y,b3_z,b4_x,b4_y,b4_z,b5_x,b5_y,b5_z,b6_x,b6_y,b6_z,b7_x,b7_y,b7_z,b8_x,b8_y,b8_z,b9_x,b9_y,b9_z,b10_x,b10_y,b10_z,b11_x,b11_y,b11_z
0,0.00686995545,-0.00784431025,9.99507427,0.377119035,0.102319792,9.49612713,0.749102056,0.214695841,8.99764061,1.12279439,-0.00394183304,8.49925518,1.49198186,0.104991555,7.9975934,1.85733616,0.216410175,7.49567604,2.22217369,-0.00368858501,6.99483204,2.59223962,0.104144007,6.49533415,2.96796131,0.216849566,5.9998827,3.33915877,-0.00284206937,5.50131273,3.70597434,0.10339953,4.99773836,4.06838226,0.217842489,4.49536085
1,0.0140801519,-0.0157271456,9.98705196,0.384519249,0.0946055278,9.4892025,0.758449733,0.209238708,8.99227619,1.13583517,-0.00779709034,8.49551201,1.50411808,0.100082129,7.99220133,1.86479974,0.21261701,7.48843765,2.22445035,-0.00732497359,6.98682117,2.59437394,0.0985326767,6.48803377,2.9757092,0.213480562,5.99728441,3.34818482,-0.00571043417,5.50008821,3.7118547,0.0969303623,4.99290514,4.06643581,0.215674758,4.48839188
2,0.0214110427,-0.0235915221,9.976161,0.39201656,0.0868982747,9.47942829,0.76789701,0.203696072,8.98406792,1.14899933,-0.0116038658,8.48888683,1.51632988,0.0952260271,7.9839263,1.87229145,0.20873934,7.47837639,2.22680902,-0.0109369187,6.97601748,2.59649134,0.0930286571,6.47805691,2.98337507,0.210006461,5.99205446,3.35721946,-0.00857096445,5.49614334,3.7176733,0.0905366838,4.98538876,4.0642786,0.213444337,4.4790206
3,0.0288406629,-0.031439431,9.96243191,0.399591535,0.0791973546,9.46683311,0.777426839,0.198076591,8.97304058,1.16226447,-0.0153665114,8.47940731,1.52859926,0.0904124677,7.97279024,1.87980318,0.204795063,7.4655056,2.22924471,-0.0145277847,6.96243,2.59860063,0.0876144767,6.46539545,2.99097395,0.206442267,5.98417187,3.36627173,-0.0114215277,5.48945999,3.72344112,0.0842099339,4.97517157,4.06193304,0.211154729,4.46722031
4,0.0363649875,-0.0392714255,9.9458704,0.407241076,0.0715026259,9.45142365,0.787035704,0.19238241,8.95920086,1.17562187,-0.019087093,8.46708107,1.54091656,0.0856390819,7.95880365,1.88733017,0.200790167,7.44983387,2.23175716,-0.0181001164,6.946064,2.60070705,0.0822855756,6.45004702,2.99851036,0.202792361,5.97362804,3.37534118,-0.0142628346,5.48003244,3.72915888,0.077948913,4.96224833,4.0594101,0.20880726,4.452981
5,0.0439818203,-0.0470877737,9.92648125,0.414963782,0.0638141036,9.43320274,0.796721637,0.18661499,8.94255352,1.18906462,-0.0227673352,8.45191479,1.55327415,0.0809043199,7.94197369,1.89486861,0.196729138,7.4313674,2.23434687,-0.0216560904,6.92692327,2.60281539,0.077038914,6.43200922,3.00598717,0.199059635,5.96041679,3.38442659,-0.0170957781,5.46785641,3.73482609,0.0717533529,4.94661713,4.05671883,0.206402808,4.4362936
6,0.0516895093,-0.0548886172,9.90426731,0.422758639,0.0561318733,9.41217518,0.80648309,0.180775538,8.92310238,1.20258641,-0.0264088288,8.43391323,1.56566477,0.0762068331,7.92230797,1.90241528,0.192616031,7.41011286,2.23701358,-0.0251976568,6.90501118,2.60492992,0.0718716905,6.41128016,3.01340747,0.195246667,5.94453192,3.39352655,-0.0199211687,5.45292854,3.74044204,0.0656230226,4.92827606,4.05386782,0.20394218,4.41715145
7,0.0594867133,-0.0626740158,9.87923145,0.430625021,0.0484560765,9.3883419,0.81631881,0.174865097,8.9008503,1.2161814,-0.0300130565,8.41308117,1.57808173,0.0715453252,7.89981365,1.90996695,0.188454673,7.38607597,2.2397573,-0.0287265684,6.88033104,2.60705471,0.0667812228,6.38785744,3.02077413,0.191355765,5.92596769,3.40263939,-0.0227397066,5.43524551,3.74600577,0.0595576726,4.9072237,4.05086517,0.201426148,4.39554691
8,0.0673719496,-0.0704440251,9.85137653,0.438562095,0.0407868512,9.36170769,0.826227486,0.168884784,8.87580109,1.22984385,-0.0335814394,8.38942337,1.59051907,0.0669183657,7.87449646,1.91752088,0.184248716,7.35926247,2.24257779,-0.032244321,6.8528862,2.60919333,0.0617648624,6.36173964,3.02809,0.18738912,5.90471888,3.41176367,-0.0255519897,5.41480398,3.75151634,0.0535569899,4.88345861,4.04771805,0.198855489,4.37147284
9,0.0753440484,-0.0781986266,9.82070446,0.446569353,0.0331243873,9.33227348,0.836207926,0.162835598,8.84795666,1.24356854,-0.0371153317,8.36294365,1.6029712,0.0623246171,7.84636211,1.9250747,0.180001572,7.3296771,2.24547482,-0.0357522592,6.82267952,2.61134934,0.0568200946,6.33292437,3.03535724,0.18334879,5.8807807,3.42089748,-0.0283586029,5.39160204,3.75697279,0.0476205684,4.85698032,4.04443455,0.196231037,4.34492302
10,0.0834019259,-0.0859377757,9.78721809,0.454646349,0.0254688971,9.30004215,0.846259177,0.156718478,8.81732082,1.25735033,-0.0406160317,8.33364677,1.61543298,0.0577627011,7.81541634,1.93262625,0.175716475,7.29732418,2.2484479,-0.0392515399,6.78971338,2.61352587,0.0519444346,6.30141068,3.0425787,0.179236695,5.85414886,3.43003869,-0.0311600156,5.3656373,3.76237416,0.0417479426,4.82778835,4.04102135,0.193553656,4.31589031
11,0.0915444791,-0.0936614275,9.7509203,0.462792605,0.017820593,9.26501656,0.856380165,0.150534421,8.78389645,1.27118456,-0.0440847836,8.30153561,1.62789965,0.0532312095,7.78166389,1.94017351,0.171396494,7.26220798,2.25149655,-0.0427431799,6.7539897,2.61572599,0.0471354686,6.26719618,3.04975653,0.175054654,5.82481861,3.43918562,-0.0339566767,5.33690834,3.76771927,0.0359385833,4.79588175,4.0374856,0.190824196,4.28436899
12,0.0997707993,-0.101369493,9.71181202,0.471007884,0.0101797059,9.22719765,0.866570055,0.144284323,8.74768448,1.28506649,-0.0475227945,8.26661491,1.64036667,0.0487287827,7.74511003,1.94771481,0.16704452,7.22433281,2.25462031,-0.0462280549,6.71551132,2.61795235,0.0423908792,6.23027945,3.05689287,0.170804411,5.7927866,3.44833612,-0.0367489755,5.30541372,3.77300715,0.0301918462,4.76126051,4.03383446,0.188043609,4.25035191
13,0.108080015,-0.109061874,9.66989613,0.479291916,0.00254649576,9.18658829,0.876827955,0.137969151,8.70868874,1.29899168,-0.0509312488,8.2288866,1.65283024,0.044254005,7.70575905,1.95524871,0.162663296,7.18370199,2.25781822,-0.0497069359,6.67428017,2.62020731,0.0377083868,6.19065952,3.06399012,0.166487664,5.75804853,3.4574883,-0.039537251,5.27115154,3.7782371,0.0245070346,4.72392464,4.03007364,0.185212836,4.21383333
14,0.11647132,-0.116738468,9.62517357,0.487644523,-0.00507879071,9.14319038,0.887153029,0.131589815,8.66691113,1.31295586,-0.0543112978,8.18835545,1.66528642,0.0398054942,7.66361523,1.96277392,0.158255354,7.14031887,2.2610898,-0.0531804301,6.63029814,2.62249351,0.0330858417,6.1483345,3.07105017,0.162105963,5.72060156,3.46664,-0.0423218347,5.23412132,3.78340793,0.0188833904,4.68387413,4.02620983,0.182332888,4.17480707
15,0.124944016,-0.124399155,9.57764721,0.496065646,-0.0126958843,9.09700489,0.897544622,0.125147238,8.62235355,1.32695484,-0.0576640479,8.14502335,1.67773175,0.0353818946,7.61868286,1.97028923,0.153823122,7.09418631,2.2644341,-0.0566491075,6.58356714,2.62481308,0.0285211448,6.10330296,3.07807493,0.157660842,5.68044233,3.47578883,-0.045103021,5.19432259,3.78851891,0.013320066,4.64110851,4.02224874,0.17940478,4.1332674
16,0.133497536,-0.132043779,9.52731705,0.504555285,-0.0203044917,9.04803371,0.908002079,0.118642323,8.57501793,1.34098482,-0.0609906167,8.09889317,1.69016302,0.0309818704,7.57096577,1.97779381,0.149368808,7.04530764,2.26785064,-0.0601134114,6.53408909,2.62716794,0.0240123179,6.05556345,3.08506632,0.153153732,5.63756847,3.48493242,-0.0478810817,5.15175438,3.79356909,0.00781618617,4.59562874,4.01819658,0.176429585,4.08920813
17,0.142131254,-0.13967222,9.47418594,0.513113439,-0.0279043522,8.99627781,0.918524742,0.112076014,8.52490711,1.35504198,-0.0642920658,8.04996777,1.70257723,0.0266040489,7.5204668,1.98528671,0.144894555,6.99368525,2.27133822,-0.0635737106,6.48186541,2.62956023,0.0195573885,6.00511503,3.092026,0.148586094,5.59197664,3.49406886,-0.0506562516,5.1064167,3.79855776,0.00237077521,4.54743433,4.01405859,0.173408359,4.04262304
18,0.150844678,-0.147284314,9.4182539,0.521740198,-0.0354951695,8.94173908,0.929111958,0.105449244,8.47202206,1.36912262,-0.0675694644,7.99824953,1.71497166,0.0222471021,7.46719027,1.99276721,0.140402347,6.93932152,2.27489614,-0.0670302883,6.42689705,2.63199139,0.0151545107,5.95195675,3.09895563,0.143959254,5.54366493,3.50319552,-0.0534287654,5.05830956,3.8034842,-0.00301715452,4.49652624,4.00984049,0.170342222,3.99350691
19,0.159637317,-0.154879928,9.35952377,0.530435741,-0.043076653,8.88441944,0.939763188,0.0987629741,8.41636467,1.38322318,-0.0708238631,7.94374132,1.72734356,0.0179097001,7.41113901,2.00023484,0.135894045,6.88221884,2.27852368,-0.0704833642,6.36918592,2.63446331,0.0108018871,5.89608717,3.10585666,0.139274538,5.49263096,3.51231027,-0.0561988279,5.00743294,3.80834794,-0.0083486354,4.44290447,4.00554705,0.16723226,3.941854
20,0.168508664,-0.162458926,9.29799557,0.539200127,-0.0506485216,8.82431889,0.950477839,0.0920182019,8.35793686,1.39734018,-0.0740562901,7.88644552,1.73969078,0.0135905072,7.3523159,2.007689,0.131371394,6.82237959,2.28221989,-0.0739330798,6.30873299,2.63697743,0.00649778591,5.83750486,3.11273074,0.134533226,5.43887234,3.52141047,-0.0589666292,4.95378685,3.81314826,-0.0136247724,4.3865695,4.00118351,0.164079621,3.88765883
21,0.177458346,-0.170021147,9.23367119,0.548033595,-0.0582104884,8.76143932,0.961255431,0.0852158964,8.29674053,1.41147029,-0.077267766,7.82636452,1.75201094,0.00928825699,7.2907238,2.01512957,0.126835987,6.7598052,2.28598404,-0.0773795545,6.24553967,2.63953519,0.00224059168,5.77620935,3.11957908,0.129736573,5.38238716,3.53049397,-0.0617323667,4.89737129,3.81788445,-0.0188466497,4.3275218,3.99675465,0.160885409,3.83091617
22,0.186485976,-0.177566454,9.16655159,0.556936324,-0.0657622665,8.69578171,0.972095549,0.0783570781,8.23277664,1.42561042,-0.0804592893,7.76349974,1.76430213,0.00500167999,7.22636557,2.0225563,0.122289315,6.69449759,2.28981543,-0.0808228403,6.17960691,2.642138,-0.00197127508,5.71219921,3.12640285,0.124885753,5.323174,3.53955865,-0.0644962117,4.83818722,3.82255626,-0.0240154117,4.26576185,3.99226522,0.157650769,3.77162051
23,0.195591241,-0.185094684,9.09663773,0.565908611,-0.0733035505,8.62734604,0.982997596,0.0714427531,8.1660471,1.43975723,-0.0836318731,7.69785404,1.77656245,0.000729484484,7.15924358,2.02996874,0.117732801,6.62645864,2.29371309,-0.0842629299,6.11093569,2.64478731,-0.00613934966,5.64547348,3.13320351,0.119981982,5.26123095,3.54860187,-0.0672583207,4.77623463,3.82716298,-0.0291322153,4.20129013,3.9877193,0.15437682,3.70976686
24,0.204773799,-0.192605689,9.0239315,0.574950755,-0.0808340535,8.55613422,0.993961096,0.0644739792,8.09655285,1.45390773,-0.0867865086,7.62942934,1.78879011,-0.00352955936,7.08936071,2.03736711,0.113167726,6.55568933,2.29767632,-0.0876997933,6.03952742,2.64748406,-0.0102650709,5.57603168,3.13998222,0.115026407,5.19655657,3.55762124,-0.0700188503,4.71151447,3.83170438,-0.034198232,4.13410711,3.9831214,0.151064679,3.64535046
25,0.214033291,-0.200099349,8.94843292,0.584062934,-0.0883534998,8.48214817,1.00498557,0.0574518479,8.02429581,1.46805906,-0.0899241716,7.55822706,1.80098367,-0.00777671719,7.01671886,2.04475141,0.108595334,6.48219109,2.30170441,-0.0911333337,5.96538258,2.65022969,-0.0143498871,5.50387287,3.14673972,0.11002019,5.12914944,3.56661463,-0.0727779567,4.64402723,3.83618021,-0.0392146744,4.06421375,3.97847533,0.147715479,3.57836604
26,0.223369524,-0.207575485,8.87014294,0.593245506,-0.0958615914,8.40538692,1.01607049,0.0503774248,7.94927692,1.48220825,-0.0930458531,7.48424959,1.81314158,-0.0120131783,6.94132042,2.05212164,0.104016729,6.40596533,2.30579638,-0.0945634469,5.88850164,2.65302515,-0.0183951166,5.42899561,3.15347719,0.104964435,5.05900812,3.57557964,-0.0755357966,4.57377386,3.84059024,-0.0441826954,3.99161005,3.97378492,0.144330293,3.50880933
27,0.23278226,-0.215033963,8.78906345,0.602498889,-0.103358038,8.32585239,1.02721548,0.0432518125,7.87149763,1.49635243,-0.0961525291,7.40749836,1.82526243,-0.0162401218,6.86316776,2.05947781,0.0994329453,6.32701302,2.30995178,-0.0979900137,5.80888557,2.65587139,-0.022402063,5.35139942,3.16019583,0.0998602659,4.98613167,3.5845139,-0.0782925114,4.50075483,3.84493423,-0.0491035134,3.91629672,3.96905422,0.140910223,3.43667531
28,0.242271215,-0.22247465,8.70519447,0.61182332,-0.110842571,8.24354458,1.03842008,0.0360761546,7.79095936,1.51048899,-0.0992451534,7.3279748,1.837345,-0.0204587001,6.7822628,2.06682014,0.094844915,6.2453351,2.31416988,-0.10141287,5.72653532,2.65876961,-0.0263719261,5.27108383,3.1668961,0.0947087258,4.91051865,3.59341526,-0.0810482651,4.42497063,3.84921193,-0.0539782755,3.83827424,3.96428633,0.137456313,3.36195993
29,0.251836121,-0.229897425,8.61853695,0.621219039,-0.118314914,8.15846539,1.04968393,0.0288516171,7.70766306,1.52461529,-0.102324694,7.24568081,1.84938824,-0.0246700924,6.69860697,2.07414889,0.0902535468,6.16093254,2.31844997,-0.10483183,5.64145136,2.66172051,-0.0303059556,5.18804789,3.17357922,0.0895109475,4.8321681,3.60228157,-0.0838031918,4.34642267,3.85342336,-0.0588082261,3.75754309,3.95948505,0.133969635,3.28465867
30,0.261476755,-0.237302139,8.52909184,0.630686522,-0.125774801,8.07061481,1.06100643,0.0215793699,7.62161016,1.53872871,-0.105392121,7.16061831,1.86139119,-0.028875418,6.61220217,2.08146429,0.0856596455,6.07380629,2.32279134,-0.108246684,5.55363464,2.6647253,-0.0342052951,5.10229063,3.18024564,0.0842679664,4.75107908,3.61111045,-0.0865574628,4.26511145,3.85756826,-0.0635945052,3.67410374,3.95465326,0.130451217,3.20476747
31,0.271192878,-0.24468869,8.43686008,0.640225947,-0.133221954,7.97999382,1.0723871,0.0142606236,7.53280163,1.55282676,-0.108448371,7.07278824,1.87335277,-0.033075802,6.52305031,2.08876681,0.0810639411,5.98395681,2.3271935,-0.111657187,5.46308517,2.66778469,-0.0380710475,5.01381111,3.18689632,0.0789808333,4.66725063,3.61989975,-0.0893112347,4.1810379,3.86164665,-0.068338275,3.58795691,3.94979429,0.126902059,3.12228227
32,0.280984223,-0.252056986,8.34184361,0.649837673,-0.140656129,7.88660336,1.08382547,0.00689661363,7.44123888,1.56690705,-0.1114944,6.98219252,1.88527238,-0.0372723266,6.43115282,2.0960567,0.0764671192,5.89138508,2.33165574,-0.115063116,5.36980391,2.67089963,-0.0419043116,4.92260933,3.19353175,0.0736506283,4.5806818,3.62864733,-0.0920646638,4.09420347,3.86565852,-0.0730407014,3.49910283,3.944911,0.123323143,3.03719926
33,0.290850669,-0.259406865,8.24404144,0.659522057,-0.148077056,7.79044342,1.09532106,-0.000511445105,7.34692287,1.58096731,-0.114531159,6.88883257,1.89714909,-0.0414660275,6.33651161,2.10333443,0.0718697831,5.79609108,2.33617759,-0.118464231,5.27379084,2.67407107,-0.0457060933,4.82868433,3.20015264,0.0682783574,4.49137211,3.63735104,-0.0948179439,4.00460863,3.86960411,-0.0777029023,3.40754199,3.94000626,0.119715445,2.94951439
34,0.3007918,-0.266738296,8.14345551,0.669279277,-0.155484512,7.69151545,1.10687351,-0.00796223991,7.24985456,1.59500515,-0.117559575,6.79270935,1.90898228,-0.0456579849,6.23912764,2.11060023,0.0672725141,5.69807577,2.34075856,-0.121860251,5.17504692,2.6772995,-0.0494774468,4.73203516,3.20675945,0.0628651306,4.3993206,3.64600897,-0.0975712314,3.9122541,3.87348318,-0.0823260248,3.31327486,3.93508291,0.116079897,2.85922432
35,0.310807467,-0.27405113,8.04008675,0.679109693,-0.162878245,7.58981991,1.11848223,-0.0154545028,7.1500349,1.60901845,-0.120580591,6.69382429,1.92077148,-0.0498491861,6.1390028,2.11785483,0.0626757964,5.59733963,2.34539795,-0.125250936,5.07357216,2.68058586,-0.0532193184,4.63266134,3.21335292,0.0574119538,4.30452681,3.65461898,-0.100324713,3.81714082,3.87729597,-0.0869111493,3.21630192,3.93014336,0.112417415,2.76632524
36,0.32089746,-0.281345308,7.93393517,0.6890136,-0.17025803,7.48535728,1.13014674,-0.022986941,7.04746532,1.62300503,-0.123595156,6.59217882,1.9325161,-0.054040622,6.03613806,2.12509847,0.0580800809,5.49388266,2.35009527,-0.128636003,4.9693675,2.68393087,-0.056932658,4.5305624,3.21993375,0.0519198813,4.20698977,3.66317892,-0.103078589,3.71926999,3.88104272,-0.0914593637,3.1166234,3.92519021,0.108728886,2.6708138
37,0.331061453,-0.28862077,7.82500172,0.698991179,-0.177623644,7.37812853,1.14186645,-0.0305582024,6.9421463,1.63696289,-0.126604185,6.48777437,1.94421577,-0.058233276,5.93053436,2.13233161,0.053485781,5.3877058,2.35485029,-0.132015169,4.86243296,2.68733525,-0.0606183931,4.42573786,3.22650218,0.046389956,4.106709,3.67168713,-0.105833061,3.61864233,3.88472342,-0.0959717184,3.01423979,3.92022586,0.105015181,2.57268667
38,0.341299176,-0.295877427,7.71328735,0.709042668,-0.184974864,7.26813412,1.15364087,-0.0381669439,6.83407927,1.65088999,-0.129608616,6.3806119,1.95587015,-0.0624281019,5.82219362,2.13955498,0.048893258,5.27880859,2.35966206,-0.135388151,4.75276899,2.69079947,-0.0642774329,4.31818676,3.23305845,0.0408232473,4.00368404,3.68014145,-0.108588353,3.51525903,3.88833833,-0.100449249,2.90915132,3.91525245,0.101277128,2.47194076
39,0.351610333,-0.303115249,7.59879351,0.719168246,-0.192311481,7.15537453,1.16546953,-0.0458117947,6.72326469,1.66478443,-0.132609367,6.27069235,1.96747887,-0.0666260049,5.71111631,2.14676905,0.0443028212,5.16719151,2.36453032,-0.138754666,4.64037609,2.69432425,-0.067910634,4.20790911,3.23960328,0.0352207981,3.89791417,3.68853998,-0.11134468,3.40912056,3.89188743,-0.104892969,2.80135846,3.91027212,0.0975155607,2.36857295
40,0.361994594,-0.310334176,7.48152018,0.729368091,-0.199633315,7.03985071,1.17735171,-0.0534913614,6.60970354,1.6786443,-0.135607362,6.15801716,1.97904193,-0.0708279014,5.59730387,2.15397429,0.0397147536,5.05285501,2.36945462,-0.142114416,4.52525425,2.69791031,-0.0715188608,4.09490395,3.24613714,0.0295836702,3.78939891,3.69688106,-0.114102297,3.30022812,3.8953712,-0.109303854,2.69086146,3.90528727,0.0937312543,2.26258016
41,0.372451693,-0.317534178,7.36146879,0.739642322,-0.206940144,6.92156315,1.18928695,-0.0612042509,6.49339676,1.69246793,-0.138603523,6.04258728,1.99055898,-0.0750346556,5.48075676,2.16117144,0.0351292863,4.93579865,2.37443471,-0.145467132,4.40740395,2.70155811,-0.0751029402,3.97917128,3.25266004,0.0239129215,3.67813754,3.70516276,-0.116861448,3.18858242,3.89878988,-0.113682866,2.5776608,3.90029979,0.0899249837,2.15395975
42,0.382981271,-0.324715227,7.23863983,0.749991119,-0.214231819,6.80051279,1.20127475,-0.0689490512,6.3743453,1.70625353,-0.141598761,5.92440319,2.00203013,-0.079247117,5.36147642,2.16836095,0.0305466298,4.81602287,2.37946987,-0.148812547,4.28682518,2.70526838,-0.0786636844,3.86071014,3.25917268,0.0182096399,3.56412983,3.71338344,-0.119622394,3.07418442,3.90214372,-0.118030943,2.46175671,3.89531136,0.0860974863,2.04270864
43,0.393583,-0.331877321,7.11303425,0.760414541,-0.221508145,6.67670059,1.21331441,-0.0767243356,6.25255013,1.71999943,-0.144593999,5.80346632,2.01345515,-0.0834660977,5.23946333,2.17554331,0.0259669572,4.6935277,2.38455963,-0.152150378,4.16351843,2.7090416,-0.0822018981,3.73952031,3.26567507,0.0124749076,3.4473753,3.72154164,-0.122385427,2.95703483,3.90543294,-0.122349001,2.34314919,3.89032412,0.0822494924,1.92882431
44,0.404256523,-0.339020401,6.98465252,0.770912707,-0.22876896,6.55012655,1.22540534,-0.0845286697,6.1280117,1.73370409,-0.14759016,5.67977762,2.02483416,-0.08769238,5.11471844,2.18271923,0.0213904008,4.56831312,2.38970375,-0.155480355,4.03748417,2.71287799,-0.0857183561,3.6156013,3.27216768,0.0067098015,3.32787371,3.72963524,-0.12515083,2.8371346,3.90865803,-0.126637906,2.22183871,3.88533974,0.07838168,1.81230414
45,0.415001452,-0.346144497,6.85349607,0.781485558,-0.236014113,6.42079163,1.23754692,-0.0923606008,6.00073099,1.74736607,-0.15058814,5.55333805,2.03616714,-0.0919267386,4.9872427,2.18988943,0.0168170668,4.44037914,2.39490151,-0.158802211,3.90872264,2.71677804,-0.0892138183,3.48895288,3.27865076,0.000915437937,3.20562434,3.73766303,-0.127918914,2.71448421,3.91181922,-0.130898535,2.09782529,3.88036013,0.0744947344,1.69314551
46,0.42581737,-0.353249669,6.71956539,0.792133152,-0.243243441,6.28869677,1.24973845,-0.100218661,5.87070894,1.76098394,-0.153588846,5.42414856,2.04745412,-0.0961699188,4.85703659,2.19705439,0.012247039,4.30972576,2.40015268,-0.162115693,3.77723408,2.72074223,-0.0926890299,3.35957456,3.2851243,-0.00490709767,3.0806272,3.74562335,-0.130690008,2.58908463,3.91491699,-0.135131702,1.97110915,3.87538671,0.070589304,1.57134604
47,0.43670392,-0.360335886,6.58286142,0.802855432,-0.25045681,6.15384245,1.26197934,-0.10810139,5.73794603,1.77455628,-0.156593189,5.29220963,2.05869555,-0.100422636,4.72410107,2.20421457,0.00768038863,4.17635298,2.40545702,-0.165420547,3.64301848,2.72477102,-0.0961447433,3.22746587,3.29158878,-0.0107566901,2.95288157,3.75351477,-0.133464456,2.46093655,3.91795158,-0.13933821,1.84169054,3.87042141,0.0666660219,1.44690335
48,0.447660625,-0.367403209,6.44338512,0.813652337,-0.257654101,6.01622915,1.27426898,-0.116007313,5.60244322,1.78808177,-0.159602076,5.15752268,2.06989145,-0.104685567,4.5884366,2.21137071,0.00311713945,4.04026031,2.41081381,-0.16871652,3.50607634,2.72886491,-0.0995816737,3.09262657,3.29804444,-0.0166322235,2.82238722,3.76133585,-0.136242598,2.33004069,3.92092323,-0.14351882,1.70956957,3.8654654,0.0627254993,1.31981516
49,0.458687037,-0.374451667,6.30113697,0.824523747,-0.264835179,5.87585831,1.28660667,-0.12393494,5.46420097,1.80155921,-0.162616402,5.02008772,2.08104229,-0.108959377,4.45004368,2.21852326,-0.0014426955,3.90144825,2.41622257,-0.172003403,3.36640787,2.73302388,-0.103000522,2.95505643,3.30449128,-0.0225325581,2.6891439,3.76908517,-0.139024809,2.19639778,3.92383242,-0.147674307,1.57474637,3.86052036,0.0587683208,1.19007933
50,0.46978277,-0.38148132,6.15611839,0.835469663,-0.271999925,5.73272991,1.29899168,-0.131882802,5.32321978,1.81498742,-0.165637076,4.87990618,2.09214807,-0.11324469,4.30892324,2.22567296,-0.0059991302,3.75991631,2.42168307,-0.175280958,3.22401333,2.73724842,-0.10640198,2.8147552,3.31092954,-0.0284565724,2.55315137,3.77676153,-0.141811475,2.06000829,3.92667961,-0.151805356,1.43722117,3.85558772,0.0547950529,1.05769372
51,0.480947286,-0.388492197,6.00832987,0.846489787,-0.279148251,5.58684492,1.3114233,-0.139849424,5.17950058,1.82836533,-0.168664992,4.73697805,2.10320926,-0.11754211,4.1650753,2.23282027,-0.0105521865,3.61566424,2.4271946,-0.178548977,3.07889295,2.74153852,-0.109786741,2.67172289,3.31735921,-0.0344031192,2.41440916,3.78436351,-0.144603014,1.92087281,3.92946529,-0.155912668,1.29699385,3.85066891,0.0508062504,0.922656238
52,0.492180079,-0.395484418,5.85777235,0.85758394,-0.286280036,5.43820429,1.32390082,-0.147833303,5.03304434,1.84169185,-0.171701029,4.5913043,2.1142261,-0.121852227,4.0185008,2.23996592,-0.015101904,3.46869206,2.43275666,-0.18180725,2.93104696,2.74589467,-0.113155492,2.52595901,3.32378054,-0.0403710306,2.27291727,3.79189014,-0.147399828,1.77899194,3.93218994,-0.159996927,1.15406466,3.84576535,0.0468024537,0.784964919
53,0.503480673,-0.402458042,5.70444679,0.868751884,-0.293395162,5.28680897,1.33642364,-0.155832961,4.88385105,1.85496616,-0.174746111,4.44288588,2.12519908,-0.126175582,3.86919999,2.24711037,-0.0196483321,3.31899977,2.43836904,-0.185055584,2.78047562,2.75031686,-0.116508886,2.37746334,3.33019376,-0.0463591777,2.12867522,3.79934025,-0.150202364,1.63436627,3.93485379,-0.16405876,1.00843358,3.84087825,0.0427841805,0.644617796
54,0.51484853,-0.409413129,5.54835367,0.879993439,-0.300493568,5.13265944,1.34899092,-0.16384691,4.73192167,1.86818731,-0.177801102,4.29172325,2.13612866,-0.130512699,3.7171731,2.2542541,-0.0241915584,3.16658688,2.44403124,-0.1882938,2.62717938,2.75480509,-0.119847566,2.22623587,3.33659887,-0.0523663871,1.9816829,3.80671263,-0.153011069,1.48699629,3.93745756,-0.168098778,0.860100627,3.83600879,0.0387519151,0.501612961
55,0.526283026,-0.416349828,5.38949442,0.891308129,-0.307575196,4.97575617,1.36160183,-0.171873674,4.57725668,1.88135445,-0.180866897,4.13781691,2.14701533,-0.134864062,3.56242061,2.26139784,-0.0287316591,3.01145339,2.44974256,-0.191521734,2.47115827,2.7593596,-0.123172179,2.07227635,3.34299588,-0.0583914854,1.83193994,3.81400633,-0.155826405,1.33688247,3.94000149,-0.172117576,0.709065795,3.8311584,0.0347061567,0.355948657
56,0.537783742,-0.423268199,5.22786999,0.902695835,-0.314639926,4.81610012,1.37425578,-0.179911792,4.41985655,1.89446676,-0.183944404,3.98116732,2.15785933,-0.139230147,3.40494299,2.26854229,-0.0332687423,2.85359931,2.45550275,-0.194739237,2.3124125,2.76398039,-0.126483336,1.9155848,3.34938502,-0.0644333139,1.67944634,3.82122064,-0.158648863,1.18402529,3.94248605,-0.176115707,0.555329144,3.82632828,0.0306473672,0.207623109
57,0.549350023,-0.43016836,5.06348085,0.91415602,-0.321687728,4.65369225,1.38695204,-0.187959775,4.25972176,1.90752363,-0.187034488,3.82177496,2.16866136,-0.143611401,3.24474049,2.27568769,-0.0378029011,2.69302416,2.4613111,-0.197946146,2.15094233,2.76866746,-0.129781678,1.75616121,3.3557663,-0.0704906955,1.52420187,3.82835436,-0.161478952,1.0284251,3.94491196,-0.180093706,0.398890674,3.82151937,0.0265760049,0.0566346198
58,0.560981333,-0.437050432,4.89632797,0.925688446,-0.328718513,4.4885335,1.39968967,-0.196016192,4.09685326,1.92052448,-0.190138042,3.65964055,2.1794219,-0.148008242,3.08181334,2.28283477,-0.0423342586,2.52972794,2.46716714,-0.201142326,1.98674798,2.77342081,-0.133067787,1.59400547,3.3621397,-0.0765624568,1.36620629,3.83540678,-0.164317191,0.8700822,3.94727945,-0.18405208,0.2397504,3.81673312,0.0224925131,-0.0970184505
59,0.572677016,-0.443914562,4.7264123,0.937292576,-0.335732251,4.32062435,1.41246808,-0.204079568,3.93125105,1.9334687,-0.193255931,3.49476457,2.19014144,-0.152421057,2.91616178,2.28998399,-0.046862945,2.3637104,2.47307038,-0.204327673,1.8198297,2.7782402,-0.136342257,1.42911756,3.36850524,-0.082647413,1.20545936,3.84237719,-0.167164102,0.708996952,3.94958901,-0.187991321,0.0779082477,3.81197047,0.0183973294,-0.253337711
60,0.584436476,-0.450760871,4.55373478,0.948967993,-0.342728883,4.14996576,1.42528641,-0.212148473,3.76291585,1.9463557,-0.196389049,3.32714725,2.20082068,-0.156850219,2.74778605,2.29713583,-0.0513890833,2.19497132,2.47902012,-0.207502052,1.65018773,2.78312564,-0.139605671,1.2614975,3.37486315,-0.088744387,1.04196119,3.8492651,-0.170020252,0.545169652,3.95184112,-0.191911891,-0.0866358131,3.80723262,0.0142908599,-0.412324727
61,0.596259058,-0.457589477,4.37829638,0.960714221,-0.349708349,3.97655821,1.43814385,-0.22022149,3.59184813,1.95918512,-0.199538246,3.1567893,2.21146011,-0.161296055,2.57668638,2.30429077,-0.055912815,2.02351046,2.48501587,-0.210665375,1.47782242,2.78807664,-0.14285861,1.0911454,3.38121319,-0.0948522016,0.875711501,3.85606956,-0.172886193,0.378600538,3.95403647,-0.195814237,-0.253881872,3.80252051,0.0101735163,-0.573981047
62,0.608144283,-0.46440053,4.20009756,0.972530723,-0.356670588,3.80040288,1.45103967,-0.228297189,3.41804814,1.97195661,-0.20270443,2.98369074,2.2220602,-0.165758878,2.40286303,2.31144953,-0.0604342781,1.8493278,2.49105716,-0.213817567,1.3027339,2.7930932,-0.146101609,0.918061256,3.3875556,-0.100969687,0.706710219,3.86279011,-0.175762504,0.209289819,3.95617533,-0.199698761,-0.423829973,3.79783535,0.00604569446,-0.738308012
63,0.620091379,-0.471194178,4.01913977,0.984417021,-0.363615602,3.62150025,1.46397305,-0.23637417,3.24151635,1.9846698,-0.205888435,2.80785227,2.23262167,-0.170238987,2.22631621,2.31861234,-0.0649536252,1.67242312,2.49714327,-0.216958553,1.12492251,2.7981751,-0.149335206,0.742245197,3.39389038,-0.107095674,0.53495717,3.86942649,-0.178649783,0.037237674,3.95825839,-0.203565881,-0.596480131,3.79317808,0.00190779008,-0.905307114
64,0.632099748,-0.47797057,3.83542347,0.996372461,-0.370543331,3.43985128,1.47694325,-0.244451061,3.06225324,1.99732435,-0.209091142,2.62927413,2.24314523,-0.174736649,2.04704595,2.32577968,-0.0694710016,1.49279606,2.50327349,-0.220088258,0.94438839,2.80332208,-0.152559936,0.563697338,3.40021729,-0.113228999,0.360452354,3.87597799,-0.181548655,-0.137555733,3.9602859,-0.207415938,-0.771832466,3.78854966,-0.00223982101,-1.07497966
65,0.644168675,-0.484729856,3.64894986,1.00839651,-0.377453774,3.25545692,1.48994946,-0.252526462,2.88025904,2.00992012,-0.212313399,2.4479568,2.25363135,-0.179252103,1.86505246,2.33295202,-0.0739865676,1.31044662,2.50944734,-0.223206639,0.761131823,2.80853367,-0.155776322,0.382417828,3.40653658,-0.119368501,0.183195636,3.88244414,-0.184459731,-0.315090328,3.96225858,-0.211249292,-0.949887037,3.78395104,-0.0063967742,-1.24732697
66,0.656297505,-0.491472214,3.45971966,1.0204885,-0.384346873,3.06831789,1.50299084,-0.260599047,2.69553423,2.02245712,-0.21555607,2.26390052,2.26408076,-0.183785573,1.68033588,2.34013009,-0.0785004795,1.12537444,2.5156641,-0.226313666,0.575152993,2.81380963,-0.158984855,0.198406816,3.412848,-0.125513017,0.00318698585,3.88882494,-0.187383637,-0.495365977,3.96417689,-0.215066299,-1.13064396,3.77938342,-0.0105626974,-1.42235041
67,0.668485641,-0.498197794,3.26773357,1.03264785,-0.391222626,2.8784349,1.51606655,-0.268667459,2.50807905,2.034935,-0.218820021,2.07710552,2.27449393,-0.188337252,1.4928962,2.34731388,-0.0830128938,0.937579513,2.5219233,-0.229409307,0.386452198,2.81914926,-0.162186012,0.0116645545,3.41915178,-0.131661415,-0.179573625,3.89511991,-0.190321043,-0.678382695,3.96604109,-0.218867242,-1.31410325,3.77484751,-0.0147372466,-1.60005116
68,0.680732369,-0.504906774,3.07299232,1.04487383,-0.398081005,2.6858089,1.52917588,-0.276730388,2.31789374,2.04735374,-0.222106099,1.88757205,2.28487158,-0.192907318,1.30273366,2.35450411,-0.087523967,0.74706161,2.52822423,-0.23249355,0.195029676,2.8245523,-0.165380269,-0.177808776,3.42544794,-0.13781254,-0.365086287,3.9013288,-0.193272591,-0.864140451,3.96785188,-0.222652435,-1.50026512,3.77034426,-0.0189200528,-1.78043044
69,0.693036973,-0.511599302,2.8754971,1.05716574,-0.404921979,2.49044061,1.54231811,-0.284786552,2.12497878,2.05971336,-0.225415155,1.69530046,2.29521441,-0.197495922,1.10984814,2.36170125,-0.0920338482,0.55382055,2.53456616,-0.235566378,0.000885620713,2.83001828,-0.168568105,-0.370012939,3.43173623,-0.143965289,-0.553351045,3.90745163,-0.196238965,-1.05263925,3.96960974,-0.226422131,-1.68912947,3.76587486,-0.0231107865,-1.96348941
70,0.705398798,-0.518275559,2.67524862,1.06952286,-0.411745548,2.29233074,1.55549228,-0.29283464,1.92933428,2.07201409,-0.228748024,1.50029099,2.30552316,-0.202103212,0.914239824,2.36890554,-0.0965427086,0.357856154,2.54094839,-0.238627821,-0.195979714,2.83554673,-0.171749935,-0.564947724,3.43801665,-0.15011853,-0.744367838,3.91348815,-0.199220836,-1.2438792,3.97131515,-0.230176598,-1.88069654,3.7614398,-0.0273091123,-2.14922905
71,0.717817187,-0.524935722,2.4722476,1.08194458,-0.418551683,2.09148026,1.56869769,-0.300873399,1.73096061,2.0842557,-0.232105538,1.30254388,2.31579828,-0.206729278,0.715908647,2.37611723,-0.101050705,0.159168303,2.5473702,-0.241677895,-0.395566106,2.84113693,-0.174926192,-0.76261282,3.44428921,-0.15627116,-0.938136756,3.91943836,-0.202218905,-1.43786037,3.97296858,-0.233916059,-2.07496643,3.75704026,-0.0315146931,-2.33765078
72,0.730291367,-0.531579971,2.26649499,1.09442997,-0.425340384,1.88788974,1.5819335,-0.308901608,1.52985787,2.09643865,-0.235488534,1.10205925,2.32604051,-0.211374238,0.514854729,2.38333702,-0.105557993,-0.0422431827,2.5538311,-0.244716614,-0.59787333,2.84678817,-0.178097293,-0.963007927,3.45055389,-0.162422091,-1.13465786,3.92530227,-0.205233872,-1.63458288,3.97457051,-0.237640753,-2.27193904,3.75267696,-0.0357271954,-2.52875543
73,0.74282068,-0.538208485,2.0579915,1.10697842,-0.432111621,1.68156004,1.59519899,-0.316918045,1.32602644,2.10856295,-0.23889783,0.898837388,2.33625031,-0.216038153,0.311078072,2.39056492,-0.110064723,-0.246378437,2.56033015,-0.247744009,-0.802901149,2.85249996,-0.181263626,-1.16613281,3.45681047,-0.168570235,-1.33393097,3.93107986,-0.208266437,-1.83404684,3.97612119,-0.241350889,-2.4716146,3.7483511,-0.0399463102,-2.72254395
74,0.755404413,-0.544821382,1.84673798,1.11958909,-0.438865423,1.47249198,1.60849333,-0.324921489,1.11946642,2.12062883,-0.242334247,0.692878425,2.34642839,-0.220721096,0.104578674,2.39780164,-0.11457105,-0.453237563,2.56686664,-0.250760138,-1.01064944,2.8582716,-0.184425578,-1.3719871,3.46305919,-0.174714521,-1.53595626,3.93677115,-0.211317316,-2.0362525,3.97762132,-0.24504666,-2.67399311,3.74406314,-0.0441717058,-2.91901755
75,0.768041909,-0.5514189,1.63273525,1.13226116,-0.445601761,1.26068628,1.6218158,-0.332910806,0.910178065,2.13263679,-0.245798588,0.484182537,2.35657549,-0.225423083,-0.104643479,2.40504718,-0.119077124,-0.662820756,2.57344007,-0.253765076,-1.22111785,2.8641026,-0.187583521,-1.58057046,3.46929979,-0.180853918,-1.74073362,3.94237638,-0.214387238,-2.24119997,3.97907138,-0.248728231,-2.87907457,3.73981404,-0.0484030768,-3.11817694
76,0.780732393,-0.55800122,1.41598403,1.14499378,-0.452320606,1.04614365,1.63516557,-0.340884805,0.698161602,2.14458704,-0.249291673,0.272749841,2.3666923,-0.230144158,-0.316588402,2.41230202,-0.123583101,-0.87512809,2.58004951,-0.256758869,-1.43430626,2.86999202,-0.190737799,-1.79188251,3.47553229,-0.186987385,-1.94826305,3.94789577,-0.217476919,-2.44888949,3.98047161,-0.252395779,-3.08685923,3.73560476,-0.0526401103,-3.3200233
77,0.79347527,-0.56456846,1.19648504,1.15778625,-0.459021986,0.828864872,1.64854181,-0.348842382,0.483417064,2.15647984,-0.252814293,0.0585805476,2.37677932,-0.234884337,-0.53125608,2.41956663,-0.128089115,-1.09015965,2.58669424,-0.259741604,-1.65021443,2.87593937,-0.193888739,-2.00592303,3.48175669,-0.193113893,-2.15854454,3.95332932,-0.22058709,-2.65932131,3.98182249,-0.256049454,-3.29734707,3.73143601,-0.0568825044,-3.52455735
78,0.806269825,-0.571120858,0.974238992,1.17063761,-0.465705872,0.608850718,1.66194391,-0.356782436,0.26594466,2.16831541,-0.256367266,-0.158325255,2.38683724,-0.239643589,-0.748646617,2.42684102,-0.132595316,-1.30791569,2.59337354,-0.262713343,-1.86884224,2.88194346,-0.197036669,-2.22269154,3.48797297,-0.199232444,-2.37157798,3.95867753,-0.223718494,-2.87249565,3.98312449,-0.259689391,-3.5105381,3.72730875,-0.0611299425,-3.73178005
79,0.819115281,-0.577658534,0.749246657,1.18354702,-0.472372264,0.386101872,1.67537093,-0.364703894,0.0457445085,2.18009448,-0.259951353,-0.377967417,2.3968668,-0.244421899,-0.968760014,2.43412566,-0.137101844,-1.52839625,2.60008669,-0.265674204,-2.09018946,2.88800383,-0.200181901,-2.44218779,3.49418092,-0.205342069,-2.58736348,3.96394062,-0.226871863,-3.08841276,3.9843781,-0.263315737,-3.72643256,3.72322369,-0.0653821453,-3.94169235
80,0.832010984,-0.584181666,0.521508753,1.19651365,-0.479021162,0.16061908,1.68882227,-0.372605652,-0.1771833,2.19181752,-0.263567328,-0.60034585,2.40686846,-0.249219239,-1.19159627,2.44142079,-0.141608849,-1.75160134,2.60683322,-0.268624246,-2.31425571,2.89411974,-0.203324705,-2.66441131,3.50038052,-0.2114418,-2.80590105,3.96911883,-0.230047941,-3.30707312,3.98558354,-0.266928613,-3.94503021,3.71918154,-0.0696387962,-4.15429497
81,0.844956279,-0.590690434,0.291025996,1.20953655,-0.485652566,-0.0675969571,1.70229709,-0.380486727,-0.402838647,2.20348501,-0.267215937,-0.825460434,2.4168427,-0.254035562,-1.4171555,2.44872665,-0.14611645,-1.97753119,2.61361194,-0.27156359,-2.54104114,2.90029025,-0.206465378,-2.88936162,3.50657177,-0.217530668,-3.02719045,3.97421241,-0.233247459,-3.52847672,3.9867413,-0.270528108,-4.16633129,3.71518326,-0.0738996193,-4.36958885
82,0.857950449,-0.597185016,0.0577990562,1.22261488,-0.492266446,-0.298545569,1.71579468,-0.388346076,-0.631221414,2.21509743,-0.270897985,-1.05331111,2.42679024,-0.25887081,-1.64543772,2.45604348,-0.150624782,-2.20618582,2.62042236,-0.274492383,-2.77054548,2.90651441,-0.209604159,-3.11703873,3.51275444,-0.223607749,-3.25123167,3.97922182,-0.236471146,-3.75262427,3.98785186,-0.274114341,-4.39033556,3.71122956,-0.0781643242,-4.58757448
83,0.87099278,-0.60366559,-0.178171352,1.23574769,-0.498862833,-0.532226086,1.72931433,-0.396182716,-0.862331569,2.22665524,-0.274614185,-1.28389776,2.43671155,-0.263724864,-1.87644291,2.46337175,-0.155133978,-2.43756533,2.62726355,-0.277410716,-3.00276852,2.91279149,-0.212741286,-3.34744191,3.51892877,-0.229672134,-3.47802472,3.98414755,-0.239719748,-3.97951579,3.98891544,-0.27768743,-4.61704302,3.70732141,-0.0824326202,-4.80825281
84,0.884082615,-0.610132337,-0.416884631,1.24893415,-0.505441725,-0.768637776,1.74285519,-0.403995723,-1.09616899,2.23815942,-0.278365314,-1.51722026,2.44660735,-0.268597692,-2.11017132,2.47071147,-0.159644157,-2.67166996,2.63413501,-0.280318707,-3.23771,2.91912055,-0.215876997,-3.5805707,3.52509451,-0.235722929,-3.7075696,3.98899007,-0.242993981,-4.20915174,3.98993254,-0.281247437,-4.84645367,3.70345926,-0.0867042318,-5.03162432
85,0.8972193,-0.616585374,-0.658340096,1.2621733,-0.512003064,-1.00777996,1.75641668,-0.411784112,-1.33273375,2.24961019,-0.282152086,-1.75327861,2.45647812,-0.273489177,-2.34662294,2.47806287,-0.164155424,-2.90849948,2.6410358,-0.283216506,-3.47536969,2.92550063,-0.219011515,-3.81642485,3.53125143,-0.241759241,-3.9398663,3.99374962,-0.246294588,-4.44153261,3.99090338,-0.28479445,-5.07856798,3.69964433,-0.0909788758,-5.25768995
86,0.910402119,-0.623024881,-0.902537048,1.2754643,-0.518546879,-1.24965215,1.76999795,-0.419546992,-1.57202566,2.26100826,-0.285975188,-1.9920727,2.46632457,-0.278399199,-2.58579779,2.48542619,-0.168667912,-3.14805412,2.64796519,-0.286104262,-3.71574759,2.93193102,-0.222145036,-4.05500412,3.53739977,-0.247780219,-4.17491484,3.99842668,-0.249622285,-4.67665863,3.99182844,-0.288328558,-5.31338549,3.69587708,-0.0952562988,-5.48645067
87,0.923630416,-0.629451036,-1.14947498,1.28880608,-0.525073171,-1.49425352,1.78359842,-0.427283466,-1.81404471,2.2723546,-0.289835364,-2.23360252,2.47614694,-0.283327669,-2.82769585,2.4928019,-0.173181728,-3.39033389,2.65492272,-0.288982093,-3.95884371,2.93841076,-0.225277737,-4.29630804,3.54353929,-0.253785014,-4.41271496,4.00302172,-0.252977788,-4.91453028,3.99270797,-0.291849852,-5.55090618,3.69215822,-0.0995362327,-5.71790648
88,0.936903536,-0.63586396,-1.39915323,1.30219781,-0.531581938,-1.74158359,1.79721737,-0.434992671,-2.05879092,2.28364968,-0.293733299,-2.47786784,2.48594594,-0.288274437,-3.07231736,2.50018978,-0.177696988,-3.63533902,2.6619072,-0.291850179,-4.20465755,2.9449389,-0.228409797,-4.54033613,3.54966998,-0.259772837,-4.65326643,4.00753546,-0.256361812,-5.15514803,3.99354219,-0.29535836,-5.79113007,3.68848872,-0.103818417,-5.95205879
89,0.950220764,-0.64226377,-1.65157115,1.31563842,-0.538073182,-1.99164164,1.81085408,-0.442673773,-2.3062644,2.29489422,-0.297669709,-2.72486877,2.49572206,-0.293239385,-3.31966233,2.50759029,-0.182213783,-3.88306928,2.66891813,-0.294708669,-4.45318937,2.95151448,-0.23154138,-4.78708792,3.55579185,-0.265742838,-4.89656973,4.01196814,-0.259775043,-5.39851189,3.9943316,-0.298854172,-6.03405666,3.68486929,-0.108102582,-6.18890762
90,0.963581502,-0.648650706,-1.90672815,1.32912707,-0.544546902,-2.2444272,1.82450771,-0.450325936,-2.55646491,2.30608916,-0.301645219,-2.97460532,2.505476,-0.298222333,-3.569731,2.51500368,-0.186732218,-4.13352489,2.67595482,-0.297557682,-4.70443869,2.95813656,-0.234672636,-5.03656292,3.56190467,-0.271694243,-5.14262438,4.01632023,-0.263218194,-5.64462233,3.99507618,-0.302337348,-6.27968645,3.68130088,-0.112388492,-6.42845392
91,0.976985097,-0.655024827,-2.16462374,1.34266281,-0.551003039,-2.49993944,1.8381778,-0.457948387,-2.80939269,2.31723499,-0.305660516,-3.22707725,2.51520801,-0.303223163,-3.82252336,2.52242994,-0.191252396,-4.38670588,2.68301654,-0.300397426,-4.95840549,2.96480417,-0.237803683,-5.28876114,3.56800842,-0.277626276,-5.39143085,4.02059269,-0.266691953,-5.89347982,3.99577665,-0.305807978,-6.52801943,3.67778397,-0.116675891,-6.67069817
92,0.990430832,-0.661386371,-2.42525721,1.35624468,-0.557441652,-2.758178,1.8518635,-0.465540349,-3.0650475,2.3283329,-0.309716254,-3.48228478,2.52491879,-0.308241725,-4.07803917,2.52986932,-0.195774406,-4.64261246,2.69010258,-0.30322805,-5.2150898,2.97151637,-0.24093464,-5.54368162,3.57410312,-0.283538193,-5.64298868,4.024786,-0.270196974,-6.14508486,3.99643302,-0.30926609,-6.77905512,3.67431927,-0.120964542,-6.91564083
93,1.00391817,-0.667735398,-2.6886282,1.36987174,-0.563862681,-3.01914239,1.86556423,-0.47310105,-3.32342958,2.33938336,-0.313813061,-3.7402277,2.5346086,-0.31327787,-4.33627892,2.53732204,-0.200298354,-4.90124464,2.69721198,-0.306049734,-5.4744916,2.9782722,-0.244065627,-5.80132437,3.58018875,-0.289429277,-5.89729786,4.02890015,-0.273733944,-6.39943743,3.99704576,-0.312711746,-7.03279352,3.67090774,-0.125254229,-7.16328287
94,1.0174464,-0.674072087,-2.95473623,1.38354301,-0.570266128,-3.28283191,1.87927938,-0.480629772,-3.5845387,2.35038733,-0.31795156,-4.00090599,2.54427791,-0.318331391,-4.59724283,2.54478836,-0.204824299,-5.16260195,2.70434427,-0.308862656,-5.73661041,2.98507071,-0.247196749,-6.06168938,3.58626509,-0.295298755,-6.15435839,4.03293657,-0.277303487,-6.65653801,3.99761486,-0.316145033,-7.28923464,3.66755009,-0.129544705,-7.41362476
95,1.03101492,-0.680396557,-3.2235806,1.39725757,-0.57665199,-3.54924607,1.89300823,-0.488125831,-3.84837508,2.36134577,-0.322132379,-4.26431942,2.55392718,-0.323402137,-4.86093092,2.55226827,-0.209352344,-5.42668486,2.71149874,-0.311666965,-6.00144625,2.99191093,-0.250328094,-6.3247757,3.59233212,-0.301145971,-6.41417074,4.0368948,-0.28090626,-6.91638708,3.99814081,-0.319565982,-7.54837799,3.6642468,-0.133835763,-7.66666698
96,1.04462314,-0.686708927,-3.49516082,1.41101444,-0.58302027,-3.81838441,1.90675008,-0.495588511,-4.11493874,2.37225938,-0.326356083,-4.53046799,2.56355715,-0.328489929,-5.1273427,2.55976176,-0.213882565,-5.69349337,2.71867466,-0.31446287,-6.2689991,2.99879193,-0.253459722,-6.59058332,3.59838963,-0.306970209,-6.67673397,4.04077625,-0.284542859,-7.17898512,3.99862385,-0.322974682,-7.81022358,3.66099882,-0.138127178,-7.92241049
97,1.05827045,-0.693009317,-3.76947641,1.42481267,-0.589370966,-4.0902462,1.92050445,-0.503017187,-4.38422966,2.38312936,-0.330623269,-4.79935217,2.57316804,-0.333594561,-5.39647913,2.56726933,-0.218415052,-5.96302748,2.72587132,-0.31725058,-6.53926897,3.00571275,-0.256591707,-6.85911131,3.60443783,-0.312770784,-6.94204903,4.04458141,-0.288213938,-7.4443326,3.99906421,-0.326371193,-8.07477188,3.65780687,-0.142418757,-8.18085575
98,1.07195628,-0.699297845,-4.04652691,1.43865132,-0.595704079,-4.36483145,1.9342705,-0.510411203,-4.65624809,2.39395618,-0.334934503,-5.07097149,2.5827601,-0.338715881,-5.66833973,2.57479095,-0.222949862,-6.23528719,2.73308802,-0.320030242,-6.81225586,3.01267266,-0.25972411,-7.13036013,3.61047649,-0.31854707,-7.21011543,4.04831028,-0.291920036,-7.71242905,3.99946189,-0.329755574,-8.34202194,3.65467167,-0.146710306,-8.4420023
99,1.08567989,-0.705574691,-4.32631207,1.45252943,-0.602019608,-4.64213943,1.94804776,-0.517769992,-4.93099403,2.40474105,-0.339290321,-5.34532595,2.59233403,-0.343853682,-5.94292498,2.58232665,-0.227487087,-6.5102725,2.74032402,-0.322802067,-7.08795929,3.01967025,-0.26285693,-7.40432882,3.61650562,-0.324298412,-7.48093319,4.05196381,-0.295661747,-7.98327541,3.99981737,-0.333127916,-8.61197376,3.65159392,-0.151001617,-8.70585155
100,1.09944081,-0.711839914,-4.60883141,1.46644604,-0.608317494,-4.92216969,1.9618355,-0.5250929,-5.20846748,2.41548491,-0.343691289,-5.62241554,2.60189009,-0.349007756,-6.22023439,2.58987665,-0.232026786,-6.78798342,2.74757862,-0.325566262,-7.36637926,3.02670479,-0.265990227,-7.6810174,3.62252498,-0.330024183,-7.75450182,4.05554295,-0.299439639,-8.25687218,4.00013065,-0.336488277,-8.88462734,3.64857435,-0.155292526,-8.97240448
101,1.11323833,-0.718093634,-4.89408398,1.4804002,-0.614597797,-5.20492172,1.97563326,-0.532379389,-5.48866844,2.42618847,-0.348137885,-5.90224028,2.6114285,-0.354177922,-6.50026846,2.5974412,-0.236569017,-7.06841993,2.75485134,-0.328323007,-7.64751577,3.03377533,-0.269124061,-7.96042538,3.62853479,-0.335723758,-8.0308218,4.0590477,-0.303254277,-8.53321838,4.00040245,-0.339836746,-9.15998268,3.64561367,-0.159582853,-9.24166107
102,1.12707198,-0.724335968,-5.18206978,1.49439096,-0.620860457,-5.49039507,1.98944032,-0.539628923,-5.77159691,2.43685293,-0.352630645,-6.18479967,2.62094998,-0.359364003,-6.78302765,2.60502028,-0.241113842,-7.35158205,2.76214147,-0.331072509,-7.93136883,3.04088092,-0.272258431,-8.2425518,3.63453484,-0.34139654,-8.30989361,4.06247902,-0.307106137,-8.81231594,4.00063229,-0.343173414,-9.43803883,3.64271259,-0.163872421,-9.51362228
103,1.14094114,-0.730567038,-5.47278833,1.50841737,-0.627105474,-5.77858925,2.00325608,-0.546840966,-6.05725336,2.44747925,-0.357170045,-6.4700942,2.63045454,-0.36456579,-7.06851149,2.61261392,-0.245661333,-7.63746977,2.76944852,-0.333814949,-8.21793842,3.0480206,-0.275393337,-8.52739716,3.64052486,-0.347041935,-8.59171677,4.06583738,-0.310995758,-9.09416389,4.00082111,-0.34649837,-9.71879673,3.6398716,-0.168161064,-9.78828812
104,1.15484524,-0.736786902,-5.76623917,1.52247834,-0.633332849,-6.06950426,2.01707983,-0.554014981,-6.34563732,2.45806837,-0.361756563,-6.7581234,2.63994288,-0.369783074,-7.35672045,2.62022233,-0.250211537,-7.92608309,2.77677155,-0.336550534,-8.50722504,3.05519342,-0.27852878,-8.81496143,3.64650512,-0.352659374,-8.87629128,4.06912374,-0.314923584,-9.3787632,4.00096846,-0.349811703,-10.0022554,3.63709164,-0.172448665,-10.0656595
105,1.16878378,-0.742995679,-6.0624218,1.53657305,-0.63954252,-6.36313915,2.03091121,-0.561150551,-6.63674927,2.46862125,-0.366390646,-7.04888773,2.64941525,-0.375015646,-7.64765406,2.62784553,-0.254764497,-8.21742249,2.78411007,-0.339279503,-8.79922771,3.0623982,-0.281664759,-9.10524368,3.65247536,-0.358248293,-9.16361713,4.0723381,-0.318890125,-9.6661129,4.00107479,-0.353113532,-10.288415,3.63437319,-0.176735044,-10.3457365
106,1.18275607,-0.74919349,-6.36133623,1.55070066,-0.645734549,-6.65949392,2.0447495,-0.568247199,-6.9305892,2.47913885,-0.37107271,-7.3423872,2.65887189,-0.380263299,-7.94131279,2.63548374,-0.259320289,-8.51148701,2.79146338,-0.342002034,-9.09394646,3.0696342,-0.284801245,-9.3982439,3.65843558,-0.363808155,-9.45369434,4.07548141,-0.322895795,-9.95621395,4.00114012,-0.356403977,-10.5772743,3.63171721,-0.181020081,-10.62852
107,1.19676173,-0.755380392,-6.66298151,1.56486011,-0.651908934,-6.95856857,2.05859399,-0.575304389,-7.22715712,2.48962235,-0.375803232,-7.63862133,2.66831303,-0.385525823,-8.23769665,2.64313698,-0.263878942,-8.80827713,2.79883099,-0.344718367,-9.39138222,3.07690048,-0.287938207,-9.6939621,3.66438556,-0.369338393,-9.7465229,4.07855415,-0.326941013,-10.2490664,4.00116491,-0.359683156,-10.8688335,3.62912416,-0.185303658,-10.914011
108,1.21080005,-0.761556447,-6.96735764,1.57905042,-0.658065617,-7.26036215,2.07244444,-0.582321823,-7.52645302,2.50007248,-0.380582541,-7.93759012,2.67773914,-0.390803039,-8.53680611,2.65080523,-0.268440545,-9.10779285,2.80621219,-0.347428679,-9.69153404,3.08419609,-0.291075647,-9.99239826,3.67032528,-0.374838501,-10.0421028,4.0815568,-0.331026196,-10.5446711,4.00114965,-0.362951189,-11.1630936,3.62659454,-0.189585641,-11.2022095
109,1.22487068,-0.767721772,-7.27446461,1.59327078,-0.664204657,-7.56487465,2.0862999,-0.589299023,-7.82847691,2.51049042,-0.385411084,-8.23929405,2.68715048,-0.396094739,-8.83864117,2.65848875,-0.273005128,-9.41003418,2.8136065,-0.35013324,-9.99440193,3.09152031,-0.294213504,-10.2935505,3.67625475,-0.380307943,-10.3404341,4.08448982,-0.335151732,-10.8430271,4.00109386,-0.366208196,-11.4600534,3.6241293,-0.19386594,-11.4931164
110,1.2389729,-0.773876429,-7.58430147,1.60752022,-0.670325994,-7.8721056,2.10016012,-0.596235633,-8.13322926,2.52087736,-0.390289187,-8.54373169,2.69654727,-0.401400715,-9.14320183,2.66618752,-0.277572721,-9.71500111,2.82101345,-0.352832198,-10.2999859,3.09887195,-0.297351748,-10.5974197,3.68217397,-0.385746211,-10.6415167,4.08735418,-0.339317977,-11.1441345,4.00099802,-0.369454354,-11.7597122,3.6217289,-0.198144451,-11.7867317
111,1.25310636,-0.780020535,-7.89686823,1.62179768,-0.676429629,-8.18205452,2.1140244,-0.603131294,-8.44071007,2.53123403,-0.39521721,-8.85090446,2.70592999,-0.406720787,-9.45048809,2.67390156,-0.282143354,-10.0226936,2.82843232,-0.355525762,-10.6082869,3.10625005,-0.30049035,-10.904006,3.6880827,-0.391152829,-10.9453506,4.09015036,-0.343525261,-11.4479942,4.0008626,-0.372689813,-12.0620699,3.61939383,-0.202421069,-12.0830564
112,1.26727045,-0.786154151,-8.21216393,1.63610244,-0.682515562,-8.49472141,2.12789226,-0.60998559,-8.75091934,2.5415616,-0.400195479,-9.16081142,2.71529889,-0.412054718,-9.76049995,2.68163109,-0.286717117,-10.3331118,2.8358624,-0.3582142,-10.9193039,3.1136539,-0.30362922,-11.2133083,3.69398093,-0.39652729,-11.2519369,4.09287882,-0.34777388,-11.7546053,4.00068712,-0.375914723,-12.3671274,3.61712503,-0.206695721,-12.3820906
113,1.28146458,-0.792277336,-8.53018951,1.65043354,-0.688583791,-8.81010628,2.14176297,-0.616798282,-9.06385708,2.55186105,-0.405224293,-9.47345257,2.7246542,-0.417402357,-10.0732384,2.68937612,-0.291294008,-10.6462555,2.8433032,-0.36089772,-11.233037,3.12108254,-0.306768328,-11.5253277,3.69986844,-0.401869118,-11.5612745,4.09554005,-0.352064133,-12.0639677,4.00047207,-0.379129291,-12.6748829,3.61492276,-0.210968331,-12.683836
114,1.29568839,-0.79839015,-8.85094357,1.66479015,-0.694634259,-9.12820816,2.15563631,-0.623569071,-9.37952328,2.56213355,-0.41030398,-9.78882885,2.73399615,-0.422763467,-10.3887024,2.6971364,-0.295874059,-10.9621248,2.8507545,-0.363576502,-11.5494862,3.12853503,-0.309907615,-11.8400631,3.70574522,-0.407177866,-11.8733644,4.09813499,-0.356396288,-12.3760824,4.00021791,-0.382333666,-12.9853373,3.61278772,-0.21523881,-12.9882917
115,1.30994141,-0.804492652,-9.17442608,1.6791712,-0.700667024,-9.44902706,2.16951132,-0.630297601,-9.69791889,2.57238007,-0.415434778,-10.1069393,2.743325,-0.428137869,-10.706893,2.70491242,-0.300457358,-11.2807198,2.85821533,-0.366250813,-11.8686514,3.13601065,-0.313046992,-12.1575136,3.71161127,-0.412453055,-12.1882057,4.10066414,-0.360770553,-12.6909485,3.99992466,-0.385528058,-13.2984896,3.61072063,-0.219507143,-13.2954597
116,1.32422304,-0.810584903,-9.50063705,1.69357586,-0.706682086,-9.77256298,2.18338776,-0.636983633,-10.019043,2.58260179,-0.420616925,-10.427784,2.75264096,-0.433525354,-11.0278091,2.71270418,-0.305043906,-11.6020403,2.86568546,-0.368920833,-12.1905336,3.14350843,-0.316186398,-12.4776802,3.71746659,-0.417694241,-12.5057993,4.10312748,-0.365187168,-13.0085659,3.99959254,-0.388712704,-13.6143398,3.60872197,-0.223773256,-13.60534
117,1.33853292,-0.816666961,-9.82957554,1.70800328,-0.712679446,-10.0988159,2.19726515,-0.643626928,-10.3428955,2.59279966,-0.425850689,-10.7513628,2.76194429,-0.438925743,-11.3514519,2.72051167,-0.309633732,-11.9260864,2.87316418,-0.3715868,-12.515132,3.1510272,-0.319325745,-12.8005619,3.72331095,-0.422900975,-12.8261452,4.10552597,-0.369646341,-13.3289347,3.9992218,-0.391887814,-13.932888,3.60679221,-0.228037089,-13.9179325
118,1.35287058,-0.822738886,-10.1612425,1.72245264,-0.718659103,-10.4277849,2.21114278,-0.650227249,-10.6694775,2.60297465,-0.43113628,-11.0776749,2.77123523,-0.444338858,-11.6778212,2.7283349,-0.314226896,-12.2528582,2.880651,-0.374248981,-12.8424463,3.15856647,-0.322464973,-13.1261597,3.72914433,-0.42807284,-13.1492424,4.10786057,-0.37414819,-13.6520548,3.99881244,-0.395053595,-14.2541332,3.60493207,-0.232298642,-14.2332392
119,1.36723542,-0.828800738,-10.495636,1.73692286,-0.724621058,-10.75947,2.22502017,-0.656784415,-10.9987888,2.61312795,-0.436473876,-11.4067211,2.780514,-0.44976449,-12.006917,2.73617387,-0.318823367,-12.5823545,2.88814569,-0.376907498,-13.1724768,3.1661253,-0.325603992,-13.4544725,3.73496652,-0.433209419,-13.4750919,4.11013126,-0.378692895,-13.9779253,3.99836469,-0.398210317,-14.5780764,3.60314178,-0.236557871,-14.551259
120,1.38162708,-0.834852576,-10.832757,1.75141335,-0.73056531,-11.0938711,2.23889661,-0.66329813,-11.3308287,2.62326074,-0.441863656,-11.7385015,2.78978062,-0.45520246,-12.3387394,2.74402857,-0.323423266,-12.9145765,2.89564753,-0.379562676,-13.5052233,3.17370272,-0.328742713,-13.7854996,3.74077749,-0.438310266,-13.8036947,4.11233854,-0.383280545,-14.3065472,3.99787903,-0.401358247,-14.9047155,3.60142207,-0.24081476,-14.871994
121,1.39604509,-0.840894401,-11.1726055,1.76592302,-0.736491799,-11.4309883,2.25277185,-0.669768333,-11.6655979,2.63337374,-0.447305769,-12.0730152,2.79903555,-0.46065259,-12.6732883,2.75189924,-0.328026563,-13.2495241,2.90315604,-0.382214695,-13.8406868,3.18129802,-0.331881046,-14.1192417,3.74657726,-0.443374962,-14.1350498,4.11448336,-0.38791126,-14.6379194,3.99735546,-0.404497623,-15.2340517,3.59977341,-0.24506931,-15.1954441
122,1.41048896,-0.846926332,-11.5151806,1.78045106,-0.742400646,-11.7708216,2.26664543,-0.676194787,-12.0030966,2.64346814,-0.452800333,-12.4102631,2.80827904,-0.4661147,-13.0105639,2.75978565,-0.332633317,-13.5871973,2.91067076,-0.384863794,-14.1788664,3.18891025,-0.335018903,-14.455699,3.75236559,-0.44840315,-14.4691572,4.11656618,-0.392585069,-14.9720421,3.99679422,-0.407628745,-15.5660839,3.59819627,-0.249321505,-15.5216103
123,1.42495823,-0.852948368,-11.8604813,1.79499674,-0.74829179,-12.1133709,2.28051662,-0.682577372,-12.3433247,2.65354514,-0.45834747,-12.7502441,2.81751108,-0.471588612,-13.3505669,2.76768804,-0.337243557,-13.9275961,2.91819119,-0.38751018,-14.519763,3.19653869,-0.338156193,-14.7948704,3.75814247,-0.453394383,-14.8060169,4.11858749,-0.397302002,-15.3089142,3.99619555,-0.410751909,-15.9008121,3.59669113,-0.253571361,-15.8504925
124,1.43945253,-0.858960569,-12.2085085,1.80955911,-0.754165232,-12.4586353,2.29438496,-0.688915968,-12.6862822,2.66360545,-0.463947296,-13.0929594,2.82673192,-0.477074146,-13.6932964,2.77560639,-0.341857284,-14.2707195,2.92571712,-0.390154064,-14.8633757,3.20418262,-0.341292858,-15.1367569,3.76390767,-0.458348334,-15.1456299,4.12054777,-0.402062088,-15.6485367,3.99555969,-0.413867444,-16.2382355,3.59525824,-0.257818907,-16.1820927
125,1.45397151,-0.864962935,-12.5592623,1.82413733,-0.760021031,-12.8066149,2.30824995,-0.695210457,-13.0319691,2.6736505,-0.469599843,-13.4384079,2.83594179,-0.482571155,-14.0387535,2.78354096,-0.346474528,-14.6165686,2.9332478,-0.392795712,-15.2097044,3.21184087,-0.344428748,-15.4813576,3.76966095,-0.463264555,-15.4879961,4.12244749,-0.406865299,-15.9909077,3.99488711,-0.416975677,-16.5783558,3.5938983,-0.262064129,-16.5164089
126,1.46851468,-0.870955527,-12.9127417,1.83873057,-0.765859127,-13.1573095,2.32211113,-0.701460779,-13.3803864,2.68368101,-0.4753052,-13.7865896,2.84514093,-0.488079488,-14.3869371,2.79149151,-0.351095319,-14.9651432,2.94078302,-0.395435333,-15.5587502,3.21951294,-0.347563803,-15.8286724,3.77540231,-0.468142748,-15.8331146,4.12428761,-0.411711603,-16.3360271,3.99417782,-0.420076877,-16.9211712,3.59261155,-0.266307086,-16.8534451
127,1.48308158,-0.876938343,-13.2689466,1.85333812,-0.77167958,-13.5107193,2.33596778,-0.707666814,-13.7315331,2.69369817,-0.481063366,-14.1375046,2.85432959,-0.493598938,-14.7378483,2.79945803,-0.355719715,-15.3164425,2.9483223,-0.398073167,-15.910512,3.22719789,-0.350697905,-16.1787014,3.78113174,-0.472982496,-16.1809864,4.12606812,-0.416600883,-16.683897,3.99343204,-0.423171461,-17.2666798,3.59139848,-0.270547807,-17.1931992
128,1.49767184,-0.882911444,-13.6278772,1.86795914,-0.77748239,-13.8668442,2.34981966,-0.713828504,-14.0854092,2.70370317,-0.486874342,-14.4911518,2.86350775,-0.499129355,-15.0914869,2.80744076,-0.360347718,-15.6704674,2.95586514,-0.40070942,-16.2649899,3.23489499,-0.353830993,-16.5314445,3.78684902,-0.477783442,-16.5316124,4.1277895,-0.421533078,-17.0345135,3.99265027,-0.426259756,-17.6148834,3.59025931,-0.274786353,-17.5356731
129,1.51228499,-0.888874888,-13.9895325,1.8825928,-0.783267617,-14.2256842,2.3636663,-0.719945788,-14.4420156,2.71369696,-0.492738158,-14.8475323,2.87267566,-0.50467062,-15.4478531,2.81543946,-0.364979386,-16.0272179,2.96341109,-0.403344363,-16.6221848,3.24260354,-0.356962919,-16.8869019,3.79255414,-0.482545227,-16.8849907,4.12945271,-0.426508069,-17.3878784,3.99183249,-0.429342151,-17.9657822,3.58919454,-0.279022753,-17.880867
130,1.5269208,-0.894828677,-14.3539133,1.89723837,-0.789035261,-14.5872393,2.37750697,-0.726018667,-14.8013515,2.7236805,-0.498654753,-15.206645,2.88183331,-0.510222554,-15.8069477,2.82345438,-0.369614691,-16.386692,2.9709599,-0.405978173,-16.9820976,3.25032282,-0.360093623,-17.2450733,3.79824686,-0.487267524,-17.2411232,4.13105822,-0.431525677,-17.7439899,3.99097919,-0.432419032,-18.3193741,3.58820438,-0.283257097,-18.2287827
131,1.54157877,-0.90077281,-14.7210188,1.91189504,-0.794785321,-14.9515095,2.39134145,-0.732047141,-15.1634178,2.73365474,-0.504624069,-15.568491,2.8909812,-0.515784979,-16.1687698,2.83148527,-0.37425369,-16.7488918,2.9785111,-0.408611119,-17.3447266,3.25805163,-0.363222957,-17.6059589,3.80392694,-0.491949975,-17.6000099,4.13260651,-0.436585754,-18.1028481,3.99009085,-0.435490787,-18.6756611,3.58728933,-0.287489444,-18.5794201
132,1.55625844,-0.906707287,-15.0908489,1.92656195,-0.800517797,-15.3184938,2.40516901,-0.738031209,-15.5282145,2.74362063,-0.510646045,-15.9330692,2.9001193,-0.521357834,-16.5333195,2.83953238,-0.378896385,-17.1138172,2.98606443,-0.411243409,-17.7100716,3.26578975,-0.366350859,-17.9695587,3.80959439,-0.496592253,-17.9616508,4.13409805,-0.441688031,-18.4644527,3.98916769,-0.438557833,-19.0346413,3.58644962,-0.291719884,-18.9327793
133,1.57095957,-0.912632167,-15.4634037,1.9412384,-0.80623275,-15.6881933,2.41898942,-0.743970871,-15.8957405,2.75357938,-0.516720593,-16.3003807,2.90924764,-0.526940942,-16.9005966,2.84759569,-0.383542836,-17.4814682,2.9936192,-0.413875282,-18.0781345,3.27353621,-0.369477212,-18.3358727,3.81524873,-0.50119406,-18.326046,4.13553381,-0.446832329,-18.8288021,3.98820996,-0.441620588,-19.3963146,3.58568549,-0.295948476,-19.2888603
134,1.5856818,-0.918547511,-15.8386831,1.9559238,-0.811930239,-16.0606079,2.43280196,-0.749866188,-16.2659969,2.76353192,-0.522847533,-16.6704235,2.91836643,-0.532534122,-17.2706032,2.85567522,-0.388193071,-17.8518429,3.0011754,-0.416507006,-18.4489136,3.28129005,-0.372601926,-18.7049007,3.82089019,-0.505755007,-18.6931953,4.13691378,-0.452018321,-19.1958981,3.9872179,-0.444679499,-19.7606812,3.58499742,-0.300175369,-19.647665
135,1.60042465,-0.924453318,-16.2166862,1.97061718,-0.817610264,-16.4357376,2.44660616,-0.755717158,-16.6389847,2.77347946,-0.529026806,-17.0431976,2.92747593,-0.538137317,-17.6433372,2.86377096,-0.392847091,-18.2249432,3.00873256,-0.419138759,-18.8224106,3.28905082,-0.375724912,-19.076643,3.8265183,-0.510274827,-19.0630989,4.13823843,-0.457245767,-19.5657368,3.98619199,-0.447735012,-20.1277409,3.5843854,-0.304400593,-20.0091934
136,1.61518776,-0.930349529,-16.597414,1.98531783,-0.823272824,-16.8135815,2.46040177,-0.761523902,-17.0147018,2.78342271,-0.535258234,-17.418705,2.93657613,-0.543750346,-18.0187988,2.87188292,-0.397504926,-18.600769,3.01629019,-0.421770781,-19.1986237,3.29681778,-0.37884602,-19.4510994,3.83213305,-0.514753163,-19.4357567,4.13950872,-0.462514371,-19.9383202,3.98513269,-0.450787574,-20.4974937,3.58384967,-0.308624327,-20.3734474
137,1.62997091,-0.936236262,-16.9808655,2.00002527,-0.82891798,-17.1941395,2.47418809,-0.767286479,-17.3931484,2.79336286,-0.541541636,-17.7969437,2.94566727,-0.54937315,-18.3969898,2.88001084,-0.402166605,-18.9793186,3.02384806,-0.42440331,-19.5775547,3.30459023,-0.38196522,-19.82827,3.83773422,-0.519189775,-19.8111687,4.14072466,-0.467823744,-20.3136463,3.98404026,-0.453837693,-20.8699398,3.58339071,-0.312846661,-20.740427
138,1.6447736,-0.942113459,-17.3670406,2.01473856,-0.834545791,-17.5774117,2.48796463,-0.773004949,-17.7743263,2.80330062,-0.547876775,-18.1779137,2.95474935,-0.55500555,-18.7779083,2.88815498,-0.406832159,-19.3605938,3.03140593,-0.427036583,-19.9592018,3.31236744,-0.385082394,-20.2081528,3.84332156,-0.523584306,-20.1893368,4.14188719,-0.473173499,-20.6917152,3.98291516,-0.456885815,-21.2450771,3.58300853,-0.317067772,-21.1101322
139,1.65959561,-0.947981179,-17.7559395,2.02945685,-0.840156257,-17.9633999,2.50173092,-0.77867949,-18.1582355,2.81323719,-0.554263473,-18.561615,2.9638226,-0.560647488,-19.1615562,2.89631534,-0.411501586,-19.7445946,3.03896332,-0.429670811,-20.3435669,3.32014847,-0.388197452,-20.5907516,3.84889483,-0.527936459,-20.570261,4.14299679,-0.478563249,-21.0725269,3.98175764,-0.459932446,-21.6229057,3.58270335,-0.321287751,-21.482563
140,1.67443657,-0.953839421,-18.147562,2.04417968,-0.845749438,-18.3521023,2.51548672,-0.784310222,-18.5448742,2.82317328,-0.560701489,-18.9480476,2.97288728,-0.566298842,-19.5479336,2.9044919,-0.416174918,-20.131321,3.04651999,-0.43230626,-20.730648,3.32793283,-0.391310304,-20.9760628,3.8544538,-0.532245994,-20.9539394,4.14405394,-0.483992577,-21.4560795,3.98056817,-0.462978095,-22.0034275,3.58247519,-0.325506747,-21.8577213
141,1.68929613,-0.959688127,-18.5419083,2.05890632,-0.851325333,-18.7435188,2.52923131,-0.789897203,-18.9342442,2.83311009,-0.567190528,-19.3372135,2.98194313,-0.571959496,-19.9370384,2.91268468,-0.420852214,-20.520771,3.05407572,-0.434943199,-21.1204472,3.33571982,-0.394420862,-21.3640881,3.85999823,-0.536512554,-21.340374,4.14505959,-0.489461005,-21.8423729,3.97934723,-0.466023266,-22.3866405,3.58232427,-0.329724967,-22.2356071
142,1.70417392,-0.965527415,-18.9389763,2.07363629,-0.856884062,-19.1376514,2.54296422,-0.795440674,-19.3263435,2.84304833,-0.57373035,-19.7291107,2.99099064,-0.577629328,-20.3288727,2.92089367,-0.425533473,-20.9129467,3.06163001,-0.437581807,-21.5129642,3.34350896,-0.397529066,-21.7548275,3.86552811,-0.5407359,-21.7295647,4.14601374,-0.494967997,-22.2314053,3.97809529,-0.469068527,-22.7725449,3.58225083,-0.333942533,-22.6162224
143,1.7190696,-0.971357226,-19.338768,2.08836865,-0.862425625,-19.5344982,2.55668521,-0.800940692,-19.7211742,2.8529892,-0.580320597,-20.1237373,3.0000298,-0.583308339,-20.7234364,2.92911887,-0.430218726,-21.3078461,3.06918263,-0.440222353,-21.9081974,3.35129929,-0.400634795,-22.1482811,3.87104297,-0.544915795,-22.1215115,4.14691734,-0.500513136,-22.6231766,3.97681284,-0.472114354,-23.1611404,3.58225489,-0.338159651,-22.999567
144,1.73398304,-0.977177501,-19.7412834,2.10310292,-0.867950082,-19.9340591,2.5703938,-0.806397557,-20.1187363,2.8629334,-0.586961031,-20.5210953,3.00906086,-0.588996351,-21.1207294,2.93736029,-0.434907973,-21.705471,3.07673335,-0.442865044,-22.3061485,3.35909033,-0.403738022,-22.5444508,3.87654257,-0.54905194,-22.5162144,4.1477704,-0.506095767,-23.0176868,3.97550035,-0.475161314,-23.5524273,3.58233666,-0.3423765,-23.3856411
145,1.74891376,-0.982988358,-20.1465206,2.11783838,-0.873457491,-20.3363361,2.58408928,-0.811811388,-20.5190277,2.87288189,-0.593651235,-20.9211845,3.01808381,-0.594693303,-21.520752,2.94561791,-0.439601272,-22.1058197,3.08428192,-0.44551006,-22.7068176,3.36688137,-0.406838626,-22.9433346,3.88202667,-0.553144097,-22.9136734,4.14857388,-0.511715412,-23.4149342,3.97415829,-0.478209943,-23.9464054,3.58249593,-0.346593261,-23.7744446
146,1.76386154,-0.988789797,-20.5544815,2.13257432,-0.878947914,-20.7413273,2.59777141,-0.817182422,-20.9220505,2.88283563,-0.600390911,-21.3240032,3.02709866,-0.600399137,-21.9235039,2.95389175,-0.444298655,-22.508894,3.09182787,-0.448157698,-23.1102047,3.3746717,-0.409936517,-23.3449326,3.88749504,-0.557192028,-23.3138905,4.14932823,-0.517371476,-23.8149185,3.97278714,-0.481260806,-24.3430729,3.58273292,-0.35081017,-24.1659794
147,1.77882612,-0.994581759,-20.9651642,2.14731026,-0.884421349,-21.1490345,2.6114397,-0.822510839,-21.3278046,2.89279532,-0.607179582,-21.7295532,3.03610563,-0.606113791,-22.3289833,2.96218181,-0.44900015,-22.9146919,3.09937119,-0.450808227,-23.5163097,3.38246083,-0.413031638,-23.7492447,3.89294744,-0.561195433,-23.7168636,4.15003395,-0.523063302,-24.2176399,3.97138739,-0.484314471,-24.7424316,3.58304763,-0.355027467,-24.5602436
148,1.79380715,-1.0003643,-21.3785686,2.16204548,-0.889877915,-21.5594578,2.6250937,-0.827796876,-21.7362881,2.90276194,-0.614016891,-22.1378345,3.04510498,-0.611837149,-22.7371941,2.97048783,-0.453705788,-23.3232155,3.10691142,-0.453461885,-23.9251328,3.39024782,-0.416123956,-24.156271,3.89838338,-0.565154076,-24.1225948,4.15069199,-0.528790236,-24.6230965,3.9699595,-0.487371504,-25.1444817,3.58344007,-0.35924533,-24.9572411
149,1.80880427,-1.00613737,-21.7946968,2.17677951,-0.895317674,-21.9725952,2.63873291,-0.833040833,-22.1475029,2.91273642,-0.620902479,-22.5488453,3.0540967,-0.617569149,-23.1481342,2.97881007,-0.458415568,-23.7344627,3.11444855,-0.456118852,-24.3366737,3.39803243,-0.419213414,-24.5660114,3.90380239,-0.569067717,-24.5310841,4.15130281,-0.53455162,-25.0312862,3.96850419,-0.490432471,-25.549221,3.58391023,-0.363464028,-25.3569717
150,1.82381737,-1.0119009,-22.2135468,2.19151163,-0.900740683,-22.3884487,2.65235686,-0.838242948,-22.5614491,2.92271948,-0.62783587,-22.9625854,3.06308079,-0.623309731,-23.5618038,2.98714852,-0.46312952,-24.1484356,3.1219821,-0.458779395,-24.7509308,3.40581369,-0.422299922,-24.9784679,3.90920448,-0.572936177,-24.9423294,4.15186691,-0.540346742,-25.4422092,3.9670217,-0.493497938,-25.9566517,3.58445811,-0.367683768,-25.7594357
151,1.83884597,-1.01765501,-22.6351185,2.20624137,-0.906147003,-22.8070164,2.66596508,-0.843403518,-22.9781265,2.93271184,-0.634816587,-23.3790569,3.07205749,-0.629058838,-23.9782028,2.99550295,-0.467847705,-24.5651321,3.12951183,-0.461443722,-25.1679077,3.41359138,-0.425383449,-25.3936386,3.91458917,-0.576759219,-25.3563328,4.15238476,-0.546174824,-25.8558655,3.96551299,-0.496568531,-26.3667717,3.58508372,-0.37190491,-26.1646328
152,1.85389006,-1.02339971,-23.059412,2.22096801,-0.911536634,-23.2283001,2.67955732,-0.848522782,-23.3975334,2.94271445,-0.641844094,-23.7982578,3.08102679,-0.634816408,-24.3973331,3.00387359,-0.472570151,-24.9845543,3.13703752,-0.464112163,-25.5876007,3.42136455,-0.428463906,-25.8115234,3.91995621,-0.580536604,-25.7730942,4.15285683,-0.552035153,-26.2722549,3.96397829,-0.499644816,-26.7795811,3.58578682,-0.37612763,-26.5725632
153,1.86894917,-1.02913499,-23.4864273,2.23569107,-0.916909754,-23.6522999,2.69313288,-0.853601038,-23.8196716,2.95272803,-0.648918033,-24.2201881,3.08998895,-0.640582442,-24.8191929,3.01226044,-0.477296859,-25.4067001,3.14455914,-0.466784835,-26.0100136,3.4291327,-0.431541294,-26.2321243,3.92530513,-0.584268093,-26.1926136,4.15328407,-0.557926893,-26.6913757,3.96241832,-0.502727389,-27.1950817,3.5865674,-0.380352288,-26.9832287
154,1.88402307,-1.03486073,-23.9161663,2.25041008,-0.922266364,-24.0790157,2.7066915,-0.858638585,-24.2445412,2.96275353,-0.656037807,-24.6448479,3.09894395,-0.646356881,-25.243782,3.02066326,-0.482027888,-25.8315697,3.15207624,-0.469462067,-26.4351444,3.43689537,-0.434615582,-26.6554394,3.93063545,-0.587953448,-26.6148911,4.15366697,-0.56384933,-27.1132259,3.96083379,-0.505816877,-27.6132717,3.58742547,-0.384579122,-27.3966293
155,1.89911151,-1.04057705,-24.3486252,2.26512456,-0.927606583,-24.5084476,2.72023296,-0.863635778,-24.672142,2.97279143,-0.663202882,-25.072237,3.10789204,-0.652139604,-25.6711025,3.0290823,-0.486763239,-26.2591648,3.15958881,-0.472144097,-26.8629932,3.44465184,-0.437686712,-27.0814705,3.93594694,-0.59159255,-27.0399284,4.154006,-0.569801569,-27.5378056,3.95922518,-0.508913875,-28.0341511,3.58836079,-0.388808459,-27.812767
156,1.91421425,-1.04628384,-24.7838078,2.27983379,-0.93293047,-24.9405937,2.73375654,-0.868592858,-25.1024742,2.98284268,-0.67041266,-25.5023556,3.11683321,-0.657930672,-26.1011524,3.03751731,-0.49150297,-26.6894836,3.16709661,-0.474831194,-27.29356,3.4524014,-0.440754652,-27.5102158,3.94123912,-0.595185161,-27.4677238,4.15430212,-0.575782716,-27.9651146,3.9575932,-0.512018919,-28.4577198,3.58937335,-0.393040627,-28.2316399
157,1.92933106,-1.05198121,-25.2217102,2.29453731,-0.938238084,-25.3754578,2.74726176,-0.873510361,-25.5355358,2.992908,-0.677666664,-25.9352036,3.12576771,-0.663729966,-26.5339336,3.04596853,-0.496247083,-27.1225262,3.17459917,-0.477523506,-27.7268448,3.4601438,-0.443819374,-27.9416771,3.94651151,-0.598731101,-27.8982792,4.1545558,-0.581791937,-28.3951511,3.95593834,-0.515132666,-28.8839779,3.59046292,-0.397275984,-28.6532497
158,1.9444617,-1.05766904,-25.6623344,2.30923486,-0.943529487,-25.8130379,2.76074839,-0.878388464,-25.9713287,3.0029881,-0.684964299,-26.3707809,3.13469553,-0.669537485,-26.9694443,3.05443573,-0.500995636,-27.5582943,3.18209672,-0.480221301,-28.1628494,3.46787834,-0.446880907,-28.3758545,3.95176363,-0.602230251,-28.3315926,4.15476799,-0.587828279,-28.8279133,3.9542613,-0.518255711,-29.3129253,3.59162927,-0.401514828,-29.0775967
159,1.95960593,-1.06334746,-26.1056805,2.32392573,-0.948804796,-26.253334,2.77421594,-0.883227587,-26.409853,3.0130837,-0.692304909,-26.8090878,3.14361691,-0.675353229,-27.4076862,3.0629189,-0.505748689,-27.9967861,3.18958879,-0.482924908,-28.601572,3.4756043,-0.449939191,-28.812748,3.95699525,-0.605682373,-28.7676659,4.15493917,-0.593890846,-29.2634029,3.95256281,-0.52138871,-29.7445621,3.59287238,-0.405757546,-29.5046825
160,1.97476351,-1.06901634,-26.5517483,2.33860946,-0.954064131,-26.6963463,2.78766394,-0.888028145,-26.8511086,3.02319551,-0.699687898,-27.250124,3.15253186,-0.681177139,-27.8486595,3.07141829,-0.510506213,-28.4380016,3.19707537,-0.485634506,-29.0430126,3.48332143,-0.452994227,-29.2523575,3.96220565,-0.609087288,-29.2064991,4.15506983,-0.599978626,-29.7016163,3.95084357,-0.524532199,-30.1788883,3.59419179,-0.410004467,-29.9345055
161,1.98993421,-1.07467568,-27.000536,2.35328555,-0.959307551,-27.1420746,2.80109215,-0.892790496,-27.2950954,3.033324,-0.70711267,-27.6938877,3.16144061,-0.687009275,-28.2923641,3.07993364,-0.515268266,-28.8819408,3.20455599,-0.488350302,-29.4871731,3.49102902,-0.456046045,-29.6946831,3.96739435,-0.612444878,-29.6480904,4.1551609,-0.606090665,-30.1425552,3.94910407,-0.527686834,-30.6159039,3.59558749,-0.414255977,-30.3670673
162,2.00511789,-1.08032548,-27.4520454,2.36795354,-0.964535117,-27.5905209,2.81449986,-0.897514999,-27.7418137,3.04346991,-0.714578509,-28.1403809,3.17034316,-0.692849517,-28.7388,3.08846498,-0.520034909,-29.3286057,3.21203089,-0.491072595,-29.9340515,3.49872661,-0.459094614,-30.1397247,3.97256088,-0.615754962,-30.0924435,4.15521288,-0.61222595,-30.5862179,3.94734526,-0.530853152,-31.0556087,3.59705925,-0.418512493,-30.8023701
163,2.02031422,-1.08596575,-27.9062767,2.38261318,-0.969746947,-28.0416832,2.82788706,-0.902202129,-28.1912632,3.05363393,-0.722084761,-28.5896034,3.17923975,-0.698697925,-29.1879673,3.09701228,-0.524806142,-29.7779942,3.21949959,-0.493801624,-30.3836479,3.50641346,-0.462139994,-30.5874825,3.97770476,-0.619017363,-30.5395565,4.15522671,-0.618383408,-31.0326023,3.94556761,-0.534031808,-31.4980011,3.59860659,-0.422774404,-31.2404118
164,2.03552294,-1.09159648,-28.3632278,2.39726377,-0.974943101,-28.4955635,2.84125304,-0.906852305,-28.6434422,3.06381679,-0.729630828,-29.0415535,3.18813038,-0.704554498,-29.639864,3.10557556,-0.529582024,-30.2301064,3.22696209,-0.496537596,-30.8359642,3.51408935,-0.465182185,-31.0379562,3.98282552,-0.62223202,-30.9894295,4.15520287,-0.624562025,-31.4817085,3.94377208,-0.537223399,-31.9430828,3.6002295,-0.427042097,-31.6811943
165,2.05074406,-1.09721768,-28.8229008,2.41190505,-0.980123699,-28.9521618,2.85459757,-0.911465883,-29.0983524,3.07401872,-0.737215936,-29.496233,3.19701529,-0.710419178,-30.0944939,3.11415482,-0.534362555,-30.6849422,3.23441815,-0.49928084,-31.2909985,3.52175355,-0.468221188,-31.4911461,3.98792243,-0.625398755,-31.4420624,4.15514231,-0.630760729,-31.9335365,3.94195914,-0.540428519,-32.3908539,3.60192752,-0.431316018,-32.1247177
166,2.0659771,-1.10282934,-29.2852936,2.42653656,-0.985288799,-29.4114761,2.8679204,-0.916043401,-29.555994,3.08424067,-0.74483937,-29.95364,3.20589447,-0.716292024,-30.5518532,3.12274981,-0.539147794,-31.1425018,3.24186778,-0.502031505,-31.7487526,3.52940559,-0.471257061,-31.9470539,3.99299502,-0.628517449,-31.8974552,4.15504599,-0.636978388,-32.3880844,3.94012952,-0.543647766,-32.8413162,3.6037004,-0.435596615,-32.5709839
167,2.08122206,-1.10843134,-29.7504082,2.44115806,-0.990438521,-29.8735085,2.88122106,-0.920585155,-30.016367,3.0944829,-0.752500415,-30.4137764,3.21476793,-0.722172976,-31.0119457,3.13136101,-0.543937802,-31.6027851,3.24931073,-0.504789948,-32.2092247,3.537045,-0.474289805,-32.4056778,3.99804282,-0.631587982,-32.3556061,4.15491438,-0.643213928,-32.8453522,3.93828416,-0.546881676,-33.2944679,3.60554767,-0.439884275,-33.019989
168,2.0964787,-1.1140238,-30.2182426,2.45576906,-0.995572984,-30.3382587,2.89449906,-0.925091743,-30.4794712,3.1047461,-0.760198355,-30.8766422,3.22363615,-0.728062034,-31.4747696,3.13998795,-0.548732579,-32.0657921,3.25674701,-0.507556379,-32.6724167,3.54467154,-0.477319568,-32.8670197,4.00306511,-0.634610236,-32.8165207,4.15474844,-0.649466157,-33.3053398,3.93642354,-0.550130904,-33.7503052,3.60746908,-0.444179475,-33.4717369
169,2.11174679,-1.11960661,-30.6887989,2.4703691,-1.00069225,-30.805727,2.90775394,-0.929563582,-30.9453068,3.11503077,-0.767932415,-31.3422356,3.23249888,-0.733959258,-31.9403248,3.14863086,-0.553532243,-32.5315247,3.26417637,-0.510331035,-33.1383286,3.55228424,-0.480346292,-33.3310776,4.00806093,-0.63758409,-33.2801933,4.15454912,-0.655733943,-33.7680435,3.93454862,-0.553396046,-34.2088318,3.60946441,-0.448482722,-33.9262276
170,2.12702608,-1.12517989,-31.162075,2.4849577,-1.00579643,-31.2759132,2.9209857,-0.934001148,-31.4138737,3.12533736,-0.775701821,-31.8105564,3.24135661,-0.739864647,-32.4086113,3.15728974,-0.558336735,-32.9999809,3.27159882,-0.513114154,-33.6069565,3.55988312,-0.483370125,-33.7978516,4.01303005,-0.640509486,-33.7466278,4.1543169,-0.662016094,-34.2334633,3.9326601,-0.55667758,-34.6700478,3.61153316,-0.452794462,-34.383461
171,2.14231658,-1.1307435,-31.6380711,2.49953485,-1.01088572,-31.7488194,2.93419361,-0.938404918,-31.8851719,3.13566637,-0.783505797,-32.2816048,3.25020909,-0.745778203,-32.879631,3.16596437,-0.563146114,-33.4711609,3.27901411,-0.515905976,-34.0783043,3.56746721,-0.486391127,-34.2673454,4.01797152,-0.643386364,-34.2158241,4.15405273,-0.668311417,-34.7015991,3.93075871,-0.559976161,-35.1339531,3.61367488,-0.457115173,-34.843441
172,2.15761781,-1.13629746,-32.116787,2.51409984,-1.0159601,-32.2244415,2.94737744,-0.942775369,-32.3591995,3.14601827,-0.79134357,-32.7553825,3.25905681,-0.751699924,-33.3533821,3.17465496,-0.567960441,-33.9450607,3.28642201,-0.518706858,-34.552372,3.57503629,-0.489409328,-34.7395554,4.02288485,-0.646214604,-34.6877823,4.15375757,-0.674618721,-35.172451,3.92884517,-0.563292325,-35.6005478,3.61588907,-0.461445302,-35.3061638
173,2.17292976,-1.14184177,-32.5982246,2.52865243,-1.0210197,-32.7027855,2.96053696,-0.947113097,-32.8359604,3.15639353,-0.799214303,-33.2318878,3.26789975,-0.757629871,-33.8298645,3.18336153,-0.572779775,-34.4216843,3.29382277,-0.521516979,-35.0291595,3.58258986,-0.492424816,-35.2144814,4.02776957,-0.648994207,-35.1624985,4.15343237,-0.680936754,-35.646019,3.92692041,-0.566626608,-36.0698318,3.61817551,-0.465785354,-35.7716293
174,2.18825245,-1.14737642,-33.0823822,2.54319239,-1.02606463,-33.1838455,2.97367191,-0.951418638,-33.3154526,3.16679263,-0.807117224,-33.7111244,3.27673793,-0.763568044,-34.309082,3.19208384,-0.577604115,-34.9010353,3.30121613,-0.524336457,-35.508667,3.59012771,-0.495437741,-35.6921272,4.03262472,-0.651725113,-35.6399765,4.15307808,-0.687264264,-36.1222992,3.92498517,-0.569979548,-36.5418053,3.6205337,-0.470135838,-36.2398415
175,2.20358539,-1.15290129,-33.5692596,2.55771947,-1.03109491,-33.6676254,2.9867816,-0.955692351,-33.7976723,3.17721581,-0.815051436,-34.1930885,3.28557158,-0.769514441,-34.7910309,3.20082211,-0.582433522,-35.38311,3.30860186,-0.527165711,-35.9908943,3.5976491,-0.498448193,-36.1724892,4.03744984,-0.654407203,-36.1202164,4.15269518,-0.693599939,-36.6012917,3.92304015,-0.573351741,-37.016468,3.62296295,-0.474497288,-36.7108002
176,2.21892858,-1.15841639,-34.058857,2.5722332,-1.03611076,-34.1541252,2.99986601,-0.959934771,-34.2826271,3.18766332,-0.823016167,-34.6777802,3.29440093,-0.775469124,-35.2757111,3.20957613,-0.587267995,-35.8679047,3.3159802,-0.530004978,-36.4758377,3.60515356,-0.501456261,-36.655571,4.04224396,-0.657040596,-36.6032143,4.1522851,-0.699942589,-37.0829964,3.92108631,-0.576743662,-37.4938202,3.62546301,-0.478870153,-37.1845055
177,2.23428202,-1.16392171,-34.5511742,2.58673334,-1.04111218,-34.6433449,3.01292467,-0.964146435,-34.7703133,3.19813561,-0.83101052,-35.1651993,3.30322599,-0.781432152,-35.7631264,3.21834588,-0.592107713,-36.355423,3.32335091,-0.532854557,-36.963501,3.61264086,-0.504462123,-37.1413689,4.04700613,-0.659625113,-37.088974,4.15184832,-0.706290781,-37.5674133,3.91912436,-0.580155849,-37.9738617,3.6280334,-0.483255029,-37.6609573
178,2.24964523,-1.16941726,-35.0462112,2.60121965,-1.04609942,-35.1352844,3.02595735,-0.968327999,-35.2607269,3.20863318,-0.839033723,-35.6553497,3.31204724,-0.787403524,-36.253273,3.22713137,-0.596952558,-36.845665,3.33071399,-0.535714567,-37.4538841,3.62011051,-0.507465839,-37.6298866,4.05173588,-0.662160814,-37.5774956,4.15138626,-0.712643445,-38.0545425,3.91715503,-0.583588839,-38.4565926,3.63067341,-0.487652361,-38.1401558
179,2.26501822,-1.17490315,-35.5439682,2.61569166,-1.05107248,-35.6299438,3.03896379,-0.97247988,-35.7538719,3.21915627,-0.84708482,-36.1482277,3.32086444,-0.7933833,-36.746151,3.23593283,-0.601802647,-37.3386307,3.3380692,-0.538585365,-37.9469872,3.62756205,-0.510467529,-38.1211243,4.05643272,-0.664647698,-38.0687752,4.15089941,-0.718999088,-38.544384,3.91517925,-0.587043166,-38.942009,3.63338256,-0.492062688,-38.6221008
180,2.28040075,-1.18037915,-36.044445,2.63014936,-1.05603147,-36.1273193,3.05194354,-0.976602674,-36.249752,3.2297051,-0.855162978,-36.6438332,3.32967782,-0.799371481,-37.2417641,3.24475026,-0.606658041,-37.8343201,3.34541678,-0.541467249,-38.4428101,3.63499498,-0.513467371,-38.615078,4.06109524,-0.667085767,-38.5628166,4.15038919,-0.7253564,-39.0369339,3.91319799,-0.590519249,-39.4301186,3.63616014,-0.496486574,-39.1067924
181,2.29579282,-1.18584526,-36.5476418,2.64459252,-1.06097662,-36.6274147,3.06489635,-0.980696917,-36.7483597,3.24027991,-0.863267243,-37.1421661,3.33848763,-0.805368125,-37.7401085,3.25358343,-0.6115188,-38.3327293,3.3527565,-0.544360399,-38.9413528,3.64240885,-0.516465545,-39.1117516,4.06572294,-0.669475019,-39.0596199,4.14985657,-0.73171407,-39.5321922,3.91121173,-0.594017684,-39.9209137,3.63900566,-0.500924528,-39.5942307
182,2.31119418,-1.19130158,-37.0535583,2.65902066,-1.06590784,-37.1302338,3.07782197,-0.984763145,-37.2496986,3.25088096,-0.87139678,-37.6432304,3.34729409,-0.811373293,-38.2411842,3.26243234,-0.616384923,-38.8338623,3.36008835,-0.547265112,-39.4426117,3.6498034,-0.519462109,-39.611145,4.07031488,-0.671815574,-39.5591812,4.14930248,-0.738070786,-40.030159,3.90922165,-0.597538829,-40.414402,3.64191866,-0.505377054,-40.0844193
183,2.3266046,-1.19674802,-37.5621948,2.67343354,-1.07082534,-37.6357727,3.09072018,-0.988802016,-37.7537689,3.2615087,-0.879550695,-38.1470222,3.35609722,-0.817386925,-38.7449951,3.27129698,-0.621256471,-39.337719,3.36741233,-0.550181568,-39.9465904,3.65717816,-0.522457302,-40.1132584,4.07487059,-0.674107432,-40.0615044,4.14872837,-0.744425118,-40.5308342,3.90722823,-0.601083279,-40.9105797,3.64489841,-0.509844661,-40.5773582
184,2.34202409,-1.20218456,-38.0735474,2.68783116,-1.07572925,-38.1440315,3.10359049,-0.992814124,-38.2605705,3.27216315,-0.887728035,-38.6535416,3.36489725,-0.82340914,-39.2515411,3.28017759,-0.626133561,-39.8442993,3.3747282,-0.553110182,-40.453289,3.6645329,-0.525451303,-40.6180878,4.0793891,-0.676350653,-40.5665855,4.14813471,-0.750775754,-41.0342178,3.90523267,-0.604651392,-41.4094429,3.64794421,-0.514327884,-41.0730438
185,2.35745263,-1.20761108,-38.5876198,2.70221305,-1.08061969,-38.6550102,3.11643291,-0.996799886,-38.7701073,3.28284454,-0.895927906,-39.1627922,3.37369442,-0.829440057,-39.7608185,3.28907394,-0.631016135,-40.3536034,3.38203621,-0.556051135,-40.9627075,3.67186713,-0.52844429,-41.1256371,4.08386946,-0.678545296,-41.0744247,4.14752293,-0.757121325,-41.5403061,3.90323567,-0.608243644,-41.9109993,3.65105557,-0.518827319,-41.5714798
186,2.37288976,-1.2130276,-39.1044121,2.7165792,-1.08549666,-39.1687088,3.12924695,-1.00075996,-39.2823715,3.29355288,-0.904149354,-39.6747704,3.38248873,-0.835479558,-40.272831,3.29798627,-0.635904312,-40.8656273,3.38933635,-0.559004664,-41.4748459,3.67918038,-0.531436503,-41.6359062,4.08831072,-0.68069154,-41.5850258,4.14689398,-0.763460457,-42.0491028,3.90123796,-0.611860514,-42.4152451,3.65423155,-0.523343384,-42.0726662
187,2.38833547,-1.21843421,-39.6239243,2.73092937,-1.0903604,-39.6851311,3.14203238,-1.00469506,-39.7973671,3.30428839,-0.912391484,-40.189476,3.39128065,-0.84152782,-40.7875748,3.30691409,-0.640798032,-41.3803749,3.39662838,-0.561970949,-41.9897041,3.68647242,-0.53442806,-42.1488953,4.0927124,-0.682789445,-42.0983849,4.14624882,-0.769791722,-42.5606041,3.89924049,-0.615502357,-42.9221802,3.65747166,-0.527876616,-42.5766029
188,2.40378976,-1.2238307,-40.1461563,2.74526334,-1.09521091,-40.2042732,3.15478921,-1.0086056,-40.3150978,3.31505108,-0.920653343,-40.706913,3.40006995,-0.847584784,-41.3050537,3.31585789,-0.645697474,-41.8978424,3.40391254,-0.564950466,-42.5072823,3.69374275,-0.5374192,-42.6646042,4.09707308,-0.684839189,-42.614502,4.14558887,-0.776113749,-43.07481,3.89724445,-0.619169652,-43.4318008,3.66077518,-0.532427549,-43.0832901
189,2.4192524,-1.22921717,-40.6711044,2.75958085,-1.1000483,-40.7261391,3.16751695,-1.0124923,-40.835556,3.32584119,-0.928933978,-41.2270775,3.40885711,-0.85365057,-41.825264,3.32481742,-0.650602639,-42.4180336,3.41118884,-0.567943335,-43.0275803,3.70099115,-0.540410161,-43.183033,4.10139227,-0.686840832,-43.1333771,4.1449151,-0.782425225,-43.5917244,3.89525032,-0.622862816,-43.9441147,3.66414142,-0.536996663,-43.5927277
190,2.43472338,-1.23459351,-41.1987724,2.77388167,-1.1048727,-41.2507248,3.18021536,-1.01635563,-41.3587456,3.33665895,-0.937232435,-41.7499733,3.41764212,-0.859725118,-42.3482094,3.33379292,-0.655513585,-42.9409485,3.41845727,-0.570949852,-43.5505943,3.70821714,-0.543401122,-43.7041817,4.10566902,-0.688794613,-43.6550102,4.14422846,-0.788724661,-44.1113434,3.89325905,-0.626582205,-44.4591179,3.6675694,-0.541584492,-44.1049194
191,2.45020247,-1.23995972,-41.7291603,2.78816581,-1.10968423,-41.7780304,3.19288445,-1.02019632,-41.8846703,3.34750414,-0.945547819,-42.2756004,3.42642546,-0.865808606,-42.8738899,3.3427844,-0.660430372,-43.4665833,3.42571759,-0.573970318,-44.0763283,3.71542048,-0.546392322,-44.2280502,4.10990238,-0.690700591,-44.1794014,4.14353037,-0.795010746,-44.6336632,3.89127159,-0.630328238,-44.9768105,3.67105842,-0.546191454,-44.6198616
192,2.46568942,-1.24531579,-42.2622681,2.80243301,-1.114483,-42.3080597,3.20552373,-1.02401495,-42.4133263,3.35837674,-0.953879118,-42.8039551,3.43520713,-0.871901035,-43.4023018,3.35179162,-0.66535306,-43.9949417,3.43297005,-0.577004969,-44.6047821,3.7226007,-0.549383998,-44.7546387,4.1140914,-0.692559004,-44.7065506,4.14282179,-0.801282108,-45.1586876,3.8892889,-0.634101212,-45.4971924,3.67460799,-0.550818026,-45.137558
193,2.48118424,-1.25066173,-42.7980919,2.81668305,-1.11926913,-42.8408127,3.21813321,-1.027812,-42.9447136,3.369277,-0.962225378,-43.335041,3.44398737,-0.878002465,-43.9334488,3.36081457,-0.670281649,-44.5260201,3.44021463,-0.580054045,-45.1359558,3.72975755,-0.55237639,-45.283947,4.11823559,-0.694370151,-45.2364578,4.14210415,-0.807537377,-45.6864166,3.8873117,-0.637901545,-46.0202637,3.67821693,-0.555464685,-45.6580048
194,2.4966867,-1.25599742,-43.3366356,2.83091593,-1.12404275,-43.3762856,3.23071265,-1.03158844,-43.4788284,3.38020492,-0.970585585,-43.8688583,3.45276618,-0.884112895,-44.4673309,3.3698535,-0.675216198,-45.0598221,3.44745135,-0.583117723,-45.6698456,3.73689079,-0.555369735,-45.815979,4.122334,-0.69613421,-45.7691193,4.1413784,-0.813775182,-46.2168503,3.88534093,-0.641729593,-46.5460243,3.68188453,-0.560131907,-46.1812057
195,2.51219678,-1.26132286,-43.8778992,2.8451314,-1.12880397,-43.9144821,3.24326181,-1.0353446,-44.0156784,3.39116025,-0.978958845,-44.4054031,3.46154404,-0.890232384,-45.0039444,3.3789084,-0.680156887,-45.5963478,3.45468044,-0.586196482,-46.2064552,3.74399996,-0.558364332,-46.3507309,4.12638569,-0.69785136,-46.3045349,4.14064598,-0.819994092,-46.7499886,3.88337755,-0.645585656,-47.0744743,3.68561006,-0.564820111,-46.7071609
196,2.52771449,-1.26663792,-44.4218788,2.85932946,-1.13355279,-44.4554024,3.25578046,-1.0390811,-44.5552597,3.402143,-0.987344146,-44.9446793,3.47032094,-0.896361053,-45.543293,3.38797903,-0.685103714,-46.1355934,3.46190166,-0.589290559,-46.7457848,3.7510848,-0.561360419,-46.8882027,4.13038921,-0.69952184,-46.8427086,4.13990784,-0.826192737,-47.2858315,3.88142252,-0.649470091,-47.6056137,3.68939257,-0.569529712,-47.2358704
197,2.54323959,-1.27194262,-44.9685783,2.87350988,-1.13828933,-44.9990425,3.26826859,-1.04279852,-45.0975723,3.41315317,-0.995740533,-45.4866867,3.47909737,-0.902498841,-46.0853767,3.39706564,-0.690056741,-46.6775589,3.46911526,-0.592400193,-47.2878342,3.75814486,-0.564358294,-47.4283943,4.1343441,-0.701145947,-47.3836365,4.1391654,-0.832369864,-47.8243752,3.87947679,-0.653383255,-48.1394424,3.69323111,-0.574261129,-47.767334
198,2.55877209,-1.27723706,-45.5179939,2.88767242,-1.14301372,-45.5454063,3.28072596,-1.0464977,-45.6426163,3.42419076,-1.00414705,-46.0314255,3.48787332,-0.908645868,-46.6301956,3.40616822,-0.695015907,-47.2222481,3.47632122,-0.595525503,-47.8325996,3.76518011,-0.567358136,-47.9713058,4.13824987,-0.702724099,-47.9273186,4.13841963,-0.838524103,-48.3656235,3.87754107,-0.657325327,-48.6759644,3.69712472,-0.579014719,-48.3015518
199,2.57431173,-1.28252101,-46.0701294,2.90181732,-1.14772606,-46.0944939,3.29315233,-1.050179,-46.1903915,3.43525553,-1.01256263,-46.5788956,3.49664903,-0.914802134,-47.1777458,3.41528678,-0.699981451,-47.7696571,3.48351955,-0.598667026,-48.380085,3.77219009,-0.570360422,-48.5169373,4.1421051,-0.704256475,-48.4737511,4.13767147,-0.844653964,-48.9095764,3.87561655,-0.661296725,-49.2151756,3.70107269,-0.583790898,-48.8385239
200,2.58985853,-1.28779447,-46.6249809,2.9159441,-1.15242648,-46.6463051,3.30554748,-1.05384326,-46.7408981,3.44634724,-1.02098632,-47.129097,3.50542474,-0.920967698,-47.7280312,3.42442107,-0.704953253,-48.3197861,3.49071026,-0.60182482,-48.9302902,3.77917457,-0.57336539,-49.0652924,4.14590931,-0.705743492,-49.0229378,4.13692236,-0.850758195,-49.4562302,3.87370396,-0.665297627,-49.7570763,3.70507407,-0.588589966,-49.3782501
201,2.60541224,-1.29305744,-47.1825523,2.930053,-1.15711498,-47.20084,3.31791139,-1.05749094,-47.2941399,3.45746565,-1.02941728,-47.6820335,3.51420069,-0.92714268,-48.2810516,3.43357134,-0.709931493,-48.8726387,3.49789357,-0.604999185,-49.4832153,3.78613329,-0.576373279,-49.6163673,4.14966106,-0.707185507,-49.5748787,4.13617325,-0.856835544,-50.0055885,3.87180448,-0.669328392,-50.3016663,3.7091279,-0.59341222,-49.9207306
202,2.62097263,-1.2983098,-47.7428398,2.94414353,-1.16179168,-47.7580986,3.33024406,-1.06112289,-47.8501129,3.468611,-1.03785431,-48.2377014,3.52297711,-0.93332696,-48.8368073,3.44273758,-0.71491617,-49.4282112,3.50506949,-0.608190417,-50.0388565,3.79306579,-0.579384387,-50.1701622,4.15335989,-0.708582878,-50.12957,4.13542509,-0.8628847,-50.5576515,3.86991906,-0.673389196,-50.8489456,3.71323323,-0.598258018,-50.4659691
203,2.63653994,-1.30355155,-48.3058472,2.95821571,-1.16645682,-48.3180771,3.34254503,-1.0647397,-48.4088173,3.47978282,-1.0462966,-48.7961006,3.53175449,-0.939520776,-49.395298,3.45191979,-0.719907284,-49.9865036,3.51223826,-0.611398637,-50.5972176,3.79997206,-0.58239907,-50.7266808,4.15700483,-0.709936082,-50.6870117,4.13467932,-0.868904412,-51.1124191,3.86804843,-0.67748034,-51.3989143,3.71738911,-0.603127658,-51.0139618
204,2.65211391,-1.3087827,-48.8715706,2.97226977,-1.17111027,-48.8807831,3.35481453,-1.06834197,-48.970253,3.49098086,-1.05474317,-49.3572311,3.54053283,-0.94572407,-49.9565239,3.46111798,-0.724904954,-50.5475197,3.51939988,-0.614624262,-51.1582947,3.80685163,-0.585417628,-51.2859192,4.16059542,-0.711245477,-51.2472038,4.13393736,-0.874893308,-51.6698875,3.86619377,-0.681602001,-51.9515762,3.72159457,-0.608021379,-51.5647125
205,2.66769433,-1.31400311,-49.4400139,2.98630548,-1.17575228,-49.4462128,3.36705208,-1.07193017,-49.53442,3.50220513,-1.06319296,-49.9210968,3.54931235,-0.95193696,-50.5204811,3.47033238,-0.729909301,-51.1112556,3.52655435,-0.617867529,-51.7220917,3.81370425,-0.588440359,-51.8478775,4.16413021,-0.712511539,-51.8101425,4.13320017,-0.880850255,-52.2300606,3.86435604,-0.685754418,-52.5069275,3.72584844,-0.612939358,-52.1182175
206,2.68328118,-1.31921279,-50.0111732,3.00032258,-1.18038285,-50.0143661,3.37925792,-1.0755049,-50.1013222,3.51345515,-1.0716449,-50.4876976,3.55809331,-0.958159387,-51.0871735,3.47956276,-0.734920382,-51.6777115,3.5337019,-0.621128798,-52.2886047,3.8205297,-0.591467679,-52.4125595,4.16760874,-0.713734746,-52.3758316,4.1324687,-0.886773944,-52.7929382,3.86253619,-0.68993777,-53.0649681,3.73014998,-0.617881835,-52.6744804
207,2.69887447,-1.32441163,-50.5850487,3.01432109,-1.18500209,-50.5852432,3.39143181,-1.07906711,-50.6709557,3.52473068,-1.08009827,-51.0570297,3.56687593,-0.96439141,-51.656601,3.48880911,-0.7399382,-52.2468872,3.54084253,-0.624408126,-52.8578377,3.82732773,-0.594499826,-52.9799614,4.17103004,-0.714915514,-52.9442673,4.13174391,-0.892663181,-53.3585205,3.86073542,-0.694152296,-53.6256981,3.73449802,-0.622848988,-53.2334976
208,2.71447396,-1.32959974,-51.161644,3.028301,-1.18961012,-51.158844,3.40357351,-1.08261728,-51.2433205,3.53603148,-1.08855188,-51.629097,3.57566047,-0.97063309,-52.2287636,3.49807143,-0.744962811,-52.8187828,3.54797649,-0.627705872,-53.4297905,3.8340981,-0.5975371,-53.5500832,4.17439365,-0.716054499,-53.5154533,4.13102674,-0.898516834,-53.9268112,3.85895467,-0.698398113,-54.1891174,3.7388916,-0.627840936,-53.7952728
209,2.73007965,-1.33477688,-51.7409554,3.04226232,-1.19420707,-51.7351685,3.41568327,-1.08615613,-51.8184204,3.54735732,-1.09700489,-52.2038994,3.58444738,-0.976884425,-52.8036613,3.50734997,-0.749994278,-53.3933983,3.55510378,-0.631022274,-54.0044594,3.84084058,-0.600579977,-54.1229286,4.17769814,-0.717152119,-54.0893822,4.13031864,-0.904333591,-54.4978065,3.8571949,-0.702675402,-54.7552299,3.74332952,-0.632857859,-54.3598061
210,2.7456913,-1.33994305,-52.3229828,3.05620503,-1.19879305,-52.3142204,3.42776084,-1.08968413,-52.3962517,3.55870771,-1.10545623,-52.7814369,3.59323668,-0.983145535,-53.3812943,3.51664448,-0.755032718,-53.9707336,3.56222463,-0.634357691,-54.5818443,3.84755492,-0.603628814,-54.6984978,4.18094301,-0.718208969,-54.6660576,4.12962055,-0.910112381,-55.0715065,3.85545707,-0.706984282,-55.3240318,3.74781108,-0.637899816,-54.9270973
211,2.76130891,-1.34509826,-52.9077263,3.07012892,-1.20336807,-52.8959961,3.43980598,-1.09320211,-52.9768143,3.57008243,-1.11390495,-53.3617096,3.60202885,-0.989416361,-53.9616623,3.5259552,-0.760078132,-54.5507889,3.56933904,-0.6377123,-55.1619492,3.85424113,-0.60668391,-55.2767868,4.18412781,-0.719225645,-55.2454796,4.12893295,-0.915852129,-55.6479111,3.8537426,-0.71132493,-55.8955231,3.75233507,-0.642966866,-55.4971466
212,2.77693248,-1.35024238,-53.4951897,3.08403397,-1.20793211,-53.4804955,3.45181894,-1.09671044,-53.560112,3.58148098,-1.1223501,-53.9447174,3.61082411,-0.995696962,-54.5447655,3.53528214,-0.765130639,-55.133564,3.57644725,-0.641086519,-55.7447701,3.86089849,-0.609745622,-55.8577957,4.18725157,-0.720202744,-55.8276443,4.12825727,-0.921551704,-56.2270241,3.85205221,-0.715697408,-56.4697037,3.75690031,-0.648059011,-56.0699501
213,2.79256177,-1.35537541,-54.0853691,3.09792018,-1.21248543,-54.0677223,3.46379948,-1.10021007,-54.1461411,3.59290314,-1.13079071,-54.5304604,3.61962271,-1.00198734,-55.1306,3.54462528,-0.770190299,-55.719059,3.58354926,-0.644480467,-56.330307,3.86752725,-0.612814307,-56.4415283,4.19031382,-0.721140862,-56.4125481,4.12759447,-0.927210033,-56.8088455,3.8503871,-0.720101833,-57.0465736,3.76150584,-0.653176308,-56.6455116
214,2.80819654,-1.36049736,-54.6782646,3.11178756,-1.21702802,-54.6576729,3.47574759,-1.10370147,-54.7349052,3.60434842,-1.13922584,-55.1189423,3.62842488,-1.00828767,-55.7191696,3.5539844,-0.775257051,-56.3072739,3.59064531,-0.647894263,-56.9185638,3.87412691,-0.615890265,-57.0279846,4.1933136,-0.722040772,-57.0001945,4.12694502,-0.932826102,-57.3933754,3.84874821,-0.724538326,-57.6261368,3.76615071,-0.658318758,-57.2238312
215,2.82383704,-1.36560798,-55.2738762,3.1256361,-1.22156,-55.2503471,3.48766327,-1.10718513,-55.3264008,3.61581635,-1.14765441,-55.7101593,3.63723087,-1.01459777,-56.3104744,3.56335998,-0.780331194,-56.8982086,3.59773564,-0.651328564,-57.5095367,3.88069725,-0.61897397,-57.6171608,4.19624996,-0.722903073,-57.5905838,4.12631035,-0.938398898,-57.9806137,3.84713697,-0.729006946,-58.2083893,3.77083373,-0.663486183,-57.8049088
216,2.83948302,-1.37070739,-55.8722038,3.13946557,-1.22608137,-55.8457489,3.49954653,-1.11066186,-55.9206314,3.6273067,-1.1560756,-56.3041153,3.64604092,-1.02091765,-56.9045143,3.57275176,-0.78541261,-57.4918594,3.60482025,-0.654783368,-58.1032257,3.88723826,-0.622065842,-58.2090607,4.19912243,-0.723728478,-58.183712,4.12569094,-0.943927407,-58.5705605,3.84555411,-0.733507693,-58.7933311,3.77555394,-0.668678522,-58.3887444
217,2.85513425,-1.37579548,-56.4732475,3.15327621,-1.23059225,-56.4438744,3.51139712,-1.1141324,-56.5175934,3.63881898,-1.16448855,-56.9008064,3.65485549,-1.02724743,-57.5012894,3.58215976,-0.790501356,-58.0882301,3.61189938,-0.658258855,-58.6996307,3.89374948,-0.625166059,-58.8036804,4.20193052,-0.724517763,-58.7795792,4.12508774,-0.949410737,-59.1632156,3.84400105,-0.738040626,-59.3809662,3.78031015,-0.673895657,-58.975338
218,2.87079072,-1.38087213,-57.0770073,3.167068,-1.23509276,-57.0447273,3.52321529,-1.1175971,-57.1172905,3.65035248,-1.17289221,-57.5002365,3.66367483,-1.0335871,-58.1007996,3.59158397,-0.795597553,-58.6873207,3.61897302,-0.661755383,-59.2987518,3.90023112,-0.628275096,-59.4010239,4.20467377,-0.725271702,-59.3781815,4.12450123,-0.954847872,-59.7585831,3.84247899,-0.742605805,-59.9712906,3.78510141,-0.679137409,-59.5646896
219,2.8864522,-1.38593733,-57.6834831,3.18084073,-1.2395829,-57.648304,3.53500104,-1.12105691,-57.7197189,3.66190696,-1.18128562,-58.1024055,3.67249942,-1.03993678,-58.7030449,3.60102439,-0.800701201,-59.2891312,3.62604141,-0.66527313,-59.9005928,3.90668249,-0.631393254,-60.001091,4.20735121,-0.72599107,-59.9795227,4.12393236,-0.960238039,-60.3566628,3.84098887,-0.747203171,-60.5643044,3.78992653,-0.684403539,-60.1567993
220,2.90211868,-1.39099109,-58.292675,3.19459438,-1.24406278,-58.2546082,3.54675436,-1.12451231,-58.3248825,3.67348194,-1.18966794,-58.7073135,3.68132925,-1.04629636,-59.3080254,3.61048102,-0.805812359,-59.8936577,3.6331048,-0.668812335,-60.5051498,3.91310382,-0.634521008,-60.603878,4.20996189,-0.726676702,-60.5835991,4.12338161,-0.965580344,-60.9574509,3.83953214,-0.751832724,-61.1600113,3.79478455,-0.689693809,-60.7516632
221,2.91779017,-1.39603329,-58.904583,3.2083292,-1.24853253,-58.863636,3.55847526,-1.1279639,-58.9327774,3.68507671,-1.19803822,-59.3149605,3.6901648,-1.05266583,-59.915741,3.61995411,-0.810931146,-60.5009041,3.64016342,-0.672373414,-61.1124229,3.91949463,-0.637658775,-61.2093887,4.21250582,-0.727329373,-61.1904106,4.12284994,-0.970873952,-61.560955,3.83810973,-0.756494403,-61.7584076,3.79967451,-0.69500792,-61.3492851
222,2.93346667,-1.4010638,-59.519207,3.22204494,-1.25299215,-59.4753914,3.57016349,-1.13141215,-59.5434074,3.69669104,-1.20639551,-59.9253502,3.69900632,-1.0590452,-60.5261879,3.62944365,-0.816057622,-61.1108704,3.64721727,-0.675956547,-61.7224121,3.92585468,-0.640806854,-61.8176231,4.21498251,-0.727950096,-61.7999535,4.12233782,-0.976118147,-62.1671715,3.83672285,-0.761188209,-62.3594933,3.80459523,-0.700345635,-61.9496651
223,2.94914794,-1.40608263,-60.1365433,3.23574185,-1.25744164,-60.0898743,3.5818193,-1.13485777,-60.1567726,3.70832419,-1.21473885,-60.5384789,3.70785427,-1.06543446,-61.13937,3.63894939,-0.821191847,-61.7235527,3.65426683,-0.679561913,-62.3351135,3.93218398,-0.643965602,-62.4285774,4.21739101,-0.728539646,-62.4122314,4.12184572,-0.981312096,-62.776104,3.83537269,-0.765914083,-62.9632721,3.80954576,-0.705706596,-62.552803
224,2.96483374,-1.41108978,-60.7565956,3.24941969,-1.26188111,-60.7070808,3.59344268,-1.13830149,-60.7728729,3.71997571,-1.2230674,-61.1543503,3.71670866,-1.07183361,-61.7552872,3.64847159,-0.82633394,-62.3389549,3.66131186,-0.683189988,-62.950531,3.93848228,-0.647135556,-63.0422554,4.21973085,-0.729098916,-63.0272408,4.12137413,-0.986455142,-63.3877487,3.83406067,-0.770671844,-63.5697403,3.81452513,-0.711090386,-63.158699
225,2.98052406,-1.41608512,-61.379364,3.26307845,-1.26631069,-61.3270149,3.60503364,-1.14174402,-61.3917084,3.73164487,-1.23138034,-61.7729607,3.7255702,-1.07824266,-62.3739395,3.65801001,-0.831483901,-62.957077,3.66835284,-0.686840773,-63.5686646,3.94474936,-0.650316954,-63.6586571,4.22200203,-0.729628921,-63.6449776,4.12092352,-0.991546631,-64.0021133,3.83278799,-0.775461376,-64.1789017,3.81953216,-0.716496527,-63.7673492
226,2.99621868,-1.42106855,-62.0048485,3.27671838,-1.2707305,-61.9496765,3.61659241,-1.14518583,-62.0132751,3.74333119,-1.23967671,-62.3943138,3.7344389,-1.08466172,-62.995327,3.66756487,-0.836641729,-63.5779152,3.67538977,-0.690514505,-64.1895142,3.95098519,-0.653510213,-64.2777786,4.22420359,-0.730130732,-64.2654419,4.12049389,-0.996585846,-64.619194,3.83155584,-0.780282617,-64.7907562,3.82456589,-0.721924663,-64.3787537
227,3.01191783,-1.42604005,-62.633049,3.29033923,-1.2751404,-62.5750618,3.62811875,-1.14862752,-62.6375771,3.75503421,-1.24795556,-63.0184097,3.74331522,-1.09109056,-63.6194458,3.67713618,-0.841807485,-64.2014694,3.68242288,-0.694211483,-64.8130798,3.95718956,-0.656715751,-64.8996277,4.22633505,-0.730605364,-64.8886414,4.12008619,-1.00157225,-65.2389908,3.83036566,-0.785135388,-65.4052963,3.82962537,-0.727374196,-64.9929199
228,3.02762103,-1.43099952,-63.2639618,3.30394125,-1.27954066,-63.2031746,3.63961291,-1.15206981,-63.2646141,3.7667532,-1.25621617,-63.6452484,3.75219965,-1.09752929,-64.2462997,3.68672371,-0.846981227,-64.8277435,3.68945241,-0.697931826,-65.4393616,3.96336222,-0.659933865,-65.5242004,4.22839594,-0.73105377,-65.5145645,4.11970043,-1.00650537,-65.8615112,3.82921839,-0.790019512,-66.0225296,3.83470988,-0.73284477,-65.6098404
229,3.04332829,-1.43594694,-63.8975906,3.31752419,-1.28393114,-63.8340149,3.65107512,-1.15551317,-63.8943863,3.77848768,-1.26445758,-64.2748337,3.76109219,-1.1039778,-64.875885,3.69632769,-0.852163076,-65.4567337,3.69647861,-0.701675951,-66.0683594,3.96950293,-0.663164973,-66.1514893,4.23038626,-0.731477022,-66.1432114,4.11933708,-1.01138449,-66.4867477,3.82811546,-0.79493469,-66.6424561,3.83981824,-0.738335729,-66.2295151
230,3.05903959,-1.44088221,-64.5339355,3.3310883,-1.28831208,-64.4675827,3.66250515,-1.15895832,-64.5268936,3.79023671,-1.27267885,-64.9071579,3.76999331,-1.11043596,-65.5082092,3.70594835,-0.857353151,-66.0884476,3.7035017,-0.705444276,-66.7000656,3.97561145,-0.666409731,-66.7815018,4.23230505,-0.731876075,-66.7745895,4.11899567,-1.01620924,-67.1147079,3.82705832,-0.799880683,-67.2650757,3.84494948,-0.743846416,-66.851944
231,3.07475471,-1.44580531,-65.1729965,3.34463358,-1.29268336,-65.1038742,3.67390323,-1.16240597,-65.1621323,3.80200005,-1.28087938,-65.5422287,3.77890325,-1.1169039,-66.1432648,3.71558523,-0.862551391,-66.7228775,3.7105217,-0.709236681,-67.3344879,3.98168802,-0.669668257,-67.414238,4.23415232,-0.732252181,-67.4086914,4.11867666,-1.02097917,-67.7453918,3.82604814,-0.804857314,-67.8903885,3.85010266,-0.749376297,-67.4771271
232,3.09047365,-1.45071614,-65.8147659,3.35816002,-1.29704523,-65.742897,3.68526936,-1.16585636,-65.8001099,3.81377673,-1.28905821,-66.1800461,3.78782272,-1.12338161,-66.7810593,3.72523832,-0.867757916,-67.3600235,3.71753907,-0.713053465,-67.9716263,3.98773217,-0.672940969,-68.0496979,4.23592758,-0.732606649,-68.0455093,4.11838055,-1.02569389,-68.3787994,3.82508612,-0.809864283,-68.5183945,3.85527706,-0.754924774,-68.1050644
233,3.1061964,-1.45561469,-66.4592514,3.37166739,-1.30139756,-66.3846436,3.69660378,-1.16931057,-66.4408188,3.82556629,-1.29721463,-66.82061,3.79675174,-1.1298691,-67.4215851,3.73490787,-0.872972608,-67.9998856,3.72455382,-0.716894686,-68.6114807,3.9937439,-0.676228285,-68.6878815,4.23763037,-0.732940495,-68.685051,4.11810684,-1.03035283,-69.0149231,3.82417369,-0.814901292,-69.1490936,3.86047173,-0.760491133,-68.7357559
234,3.12192249,-1.46050096,-67.1064529,3.38515615,-1.30574059,-67.0291138,3.70790672,-1.17276907,-67.0842667,3.83736801,-1.30534792,-67.463913,3.80569077,-1.13636613,-68.0648422,3.74459362,-0.878195345,-68.6424637,3.73156619,-0.720760405,-69.2540436,3.99972272,-0.679530442,-69.3287888,4.2392602,-0.733255148,-69.3273163,4.11785603,-1.03495598,-69.6537781,3.82331228,-0.819968045,-69.782486,3.8656857,-0.766074538,-69.3692017
235,3.13765216,-1.46537471,-67.7563705,3.39862609,-1.31007421,-67.6763153,3.71917796,-1.1762321,-67.7304459,3.84918118,-1.31345701,-68.1099625,3.81464028,-1.14287281,-68.7108307,3.75429583,-0.883426666,-69.2877579,3.73857641,-0.724651515,-69.8993225,4.00566864,-0.682848036,-69.9724197,4.24081755,-0.733551502,-69.9722977,4.11762762,-1.03950286,-70.2953568,3.82250333,-0.825064123,-70.4185715,3.87091827,-0.771674335,-70.0054016
236,3.15338516,-1.47023594,-68.4089966,3.41207719,-1.31439841,-68.3262405,3.73041773,-1.17970049,-68.379364,3.86100531,-1.32154095,-68.7587662,3.82360029,-1.14938879,-69.3595581,3.76401472,-0.888666511,-69.9357681,3.74558473,-0.728568077,-70.5473175,4.01158142,-0.686181486,-70.6187744,4.24230146,-0.733830929,-70.6200027,4.11742163,-1.04399323,-70.9396591,3.82174826,-0.830189109,-71.0573502,3.87616873,-0.777289629,-70.6443558
237,3.16912127,-1.47508466,-69.0643387,3.42550969,-1.31871355,-68.9788971,3.74162626,-1.18317497,-69.0310211,3.87283945,-1.32959938,-69.4103165,3.83257127,-1.15591431,-70.0110168,3.77374983,-0.89391464,-70.5865021,3.75259137,-0.732509851,-71.1980209,4.01746082,-0.689530909,-71.2678528,4.24371147,-0.734094858,-71.2704239,4.11723804,-1.04842699,-71.5866928,3.82104802,-0.835342705,-71.698822,3.88143611,-0.782919765,-71.2860641
238,3.18486047,-1.47992074,-69.7223892,3.43892336,-1.32301939,-69.6342773,3.7528038,-1.18665612,-69.6854095,3.88468313,-1.33763158,-70.0646133,3.84155369,-1.16244936,-70.6652069,3.78350091,-0.899171114,-71.2399521,3.75959635,-0.736476958,-71.8514404,4.02330685,-0.692896605,-71.9196548,4.24504805,-0.734344602,-71.9235611,4.1170764,-1.05280399,-72.2364578,3.82040405,-0.840524435,-72.3429947,3.88671994,-0.788563907,-71.9305267
239,3.20060277,-1.48474419,-70.3831558,3.45231843,-1.32731616,-70.2923813,3.76395035,-1.19014442,-70.3425369,3.8965354,-1.34563661,-70.7216568,3.85054779,-1.16899359,-71.3221359,3.79326844,-0.904436171,-71.8961182,3.76660013,-0.740470171,-72.507576,4.02911949,-0.696279287,-72.5741806,4.24631071,-0.734581351,-72.5794144,4.11693621,-1.05712402,-72.8889542,3.81981802,-0.845733643,-72.9898605,3.89201927,-0.794221103,-72.5777359
240,3.21634793,-1.48955488,-71.0466385,3.4656949,-1.33160388,-70.9532166,3.7750659,-1.19364023,-71.0023956,3.90839553,-1.35361362,-71.3814468,3.85955405,-1.17554712,-71.9817963,3.80305243,-0.909709811,-72.5550003,3.77360296,-0.744489372,-73.16642,4.03489828,-0.699679196,-73.2314301,4.24749899,-0.734806597,-73.2379837,4.11681747,-1.06138694,-73.5441818,3.81929111,-0.85096997,-73.6394272,3.89733362,-0.799890578,-73.2276993
241,3.23209572,-1.4943527,-71.7128296,3.47905278,-1.33588243,-71.6167755,3.78615093,-1.19714427,-71.6649933,3.92026305,-1.36156213,-72.0439911,3.86857271,-1.18210983,-72.6441879,3.81285262,-0.914992034,-73.2165985,3.78060484,-0.748534799,-73.82798,4.04064322,-0.703096688,-73.8914032,4.24861288,-0.73502177,-73.8992691,4.11671925,-1.06559277,-74.2021408,3.81882477,-0.856232882,-74.291687,3.90266204,-0.805571258,-73.8804092
242,3.24784613,-1.49913776,-72.3817368,3.4923923,-1.34015203,-72.2830658,3.79720545,-1.20065737,-72.3303223,3.93213701,-1.36948133,-72.7092819,3.87760425,-1.1886816,-73.3093109,3.82266903,-0.920282722,-73.8809128,3.78760624,-0.75260663,-74.4922485,4.04635382,-0.706532121,-74.5540924,4.24965239,-0.7352283,-74.5632629,4.11664152,-1.06974149,-74.8628311,3.81842041,-0.86152184,-74.9466476,3.90800405,-0.811262369,-74.5358734
243,3.26359916,-1.50390995,-73.05336,3.50571322,-1.34441268,-72.9520798,3.80822968,-1.20417988,-72.9983902,3.9440167,-1.37737072,-73.377327,3.88664913,-1.19526255,-73.9771652,3.83250165,-0.925581932,-74.5479431,3.79460716,-0.756704748,-75.1592331,4.05203009,-0.709985793,-75.2195053,4.25061655,-0.735427737,-75.2299728,4.11658382,-1.07383323,-75.5262527,3.81807923,-0.866836131,-75.6043015,3.91335917,-0.816962838,-75.1940842
244,3.27935457,-1.50866914,-73.7276917,3.51901579,-1.34866452,-73.6238251,3.81922364,-1.20771241,-73.6691971,3.95590138,-1.38522935,-74.0481186,3.89570737,-1.2018522,-74.6477509,3.84235024,-0.930889666,-75.2176895,3.80160832,-0.760829628,-75.8289261,4.05767202,-0.7134583,-75.8876495,4.25150633,-0.735621452,-75.8993912,4.11654568,-1.07786787,-76.1924133,3.81780267,-0.872175157,-76.2646561,3.91872668,-0.822671771,-75.8550415
245,3.29511213,-1.51341534,-74.4047394,3.5323,-1.35290742,-74.2982941,3.8301878,-1.21125555,-74.3427429,3.96779037,-1.39305663,-74.7216644,3.9047792,-1.20845056,-75.3210754,3.85221529,-0.936206102,-75.8901596,3.80860949,-0.764981687,-76.5013351,4.06327915,-0.71694988,-76.5585098,4.25232124,-0.735810816,-76.5715179,4.11652613,-1.08184552,-76.8613052,3.81759214,-0.877538323,-76.9277115,3.92410612,-0.828388155,-76.5187454
246,3.31087184,-1.51814842,-75.0844955,3.54556584,-1.35714138,-74.9754944,3.84112239,-1.21481001,-75.0190201,3.97968292,-1.4008522,-75.3979645,3.91386533,-1.21505773,-75.9971313,3.86209631,-0.941530943,-76.5653458,3.81561112,-0.76916033,-77.1764526,4.06885147,-0.720460653,-77.2320938,4.25306082,-0.735997796,-77.2463531,4.1165247,-1.08576643,-77.5329361,3.81744885,-0.882924974,-77.5934601,3.929497,-0.834110975,-77.1851959
247,3.32663345,-1.52286839,-75.7669678,3.55881333,-1.36136663,-75.6554184,3.85202765,-1.21837652,-75.6980362,3.99157834,-1.40861547,-76.0770111,3.92296624,-1.22167361,-76.6759186,3.87199283,-0.946864009,-77.243248,3.82261324,-0.773365498,-77.8542786,4.07438898,-0.723990977,-77.9084015,4.25372505,-0.736183941,-77.9238968,4.11654091,-1.08963084,-78.2073059,3.81737423,-0.888334334,-78.2619171,3.93489885,-0.839839339,-77.854393
248,3.34239697,-1.52757514,-76.4521484,3.5720427,-1.36558318,-76.3380737,3.86290359,-1.2219553,-76.3797836,4.00347567,-1.41634572,-76.758812,3.93208218,-1.22829807,-77.3574371,3.88190532,-0.952205658,-77.9238663,3.82961631,-0.777597785,-78.5348206,4.07989168,-0.727541268,-78.5874329,4.25431395,-0.736370683,-78.6041489,4.11657333,-1.09343874,-78.8844147,3.81736946,-0.893765688,-78.933075,3.94031143,-0.845572114,-78.5263367
249,3.3581624,-1.53226864,-77.1400375,3.58525372,-1.36979091,-77.0234528,3.87375045,-1.22554684,-77.06427,4.01537418,-1.42404211,-77.443367,3.94121337,-1.23493075,-78.041687,3.89183378,-0.95755595,-78.607193,3.83662057,-0.781857371,-79.218071,4.08535862,-0.731111884,-79.2691879,4.25482798,-0.736559749,-79.2871094,4.11662197,-1.0971905,-79.5642624,3.81743598,-0.899218202,-79.6069336,3.94573402,-0.851308286,-79.2010269
250,3.37392926,-1.53694892,-77.8306427,3.59844685,-1.37399006,-77.7115555,3.88456869,-1.22915196,-77.7514954,4.02727318,-1.43170464,-78.1306763,3.95036054,-1.2415719,-78.7286682,3.90177798,-0.962914467,-79.2932434,3.84362626,-0.786143959,-79.9040298,4.09079027,-0.734703004,-79.9536667,4.25526667,-0.736752689,-79.9727707,4.11668539,-1.10088623,-80.2468567,3.81757498,-0.9046911,-80.283493,3.95116639,-0.857046962,-79.8784637
251,3.38969779,-1.54161584,-78.5239563,3.61162186,-1.3781805,-78.4023895,3.89535832,-1.23277104,-78.4414597,4.0391717,-1.43933225,-78.8207321,3.95952344,-1.24822104,-79.4183807,3.91173792,-0.968281507,-79.9820099,3.85063362,-0.790458262,-80.5926971,4.09618616,-0.738315344,-80.6408691,4.25563002,-0.736951113,-80.6611404,4.11676264,-1.1045264,-80.9321899,3.81778812,-0.91018337,-80.9627609,3.95660853,-0.86278677,-80.5586395
252,3.40546775,-1.54626942,-79.219986,3.62477899,-1.38236248,-79.0959473,3.90611982,-1.23640466,-79.1341553,4.05106926,-1.44692469,-79.5135422,3.96870303,-1.2548784,-80.1108246,3.92171335,-0.973656893,-80.6734924,3.85764289,-0.794799745,-81.2840805,4.10154629,-0.741948783,-81.3307953,4.2559185,-0.737156868,-81.352211,4.11685324,-1.10811126,-81.6202621,3.81807613,-0.915694356,-81.6447296,3.96205974,-0.868526995,-81.2415619
253,3.4212389,-1.5509094,-79.9187241,3.63791823,-1.38653576,-79.7922363,3.91685343,-1.24005342,-79.8295898,4.06296492,-1.45448148,-80.2091141,3.97789931,-1.26154363,-80.8059998,3.93170452,-0.979040504,-81.367691,3.8646543,-0.799168527,-81.9781723,4.10687017,-0.745603621,-82.0234451,4.25613165,-0.737371802,-82.04599,4.11695623,-1.11164129,-82.3110809,3.81844044,-0.921223104,-82.3294067,3.96752,-0.874266446,-81.9272232
254,3.437011,-1.55553603,-80.6201706,3.6510396,-1.39070058,-80.4912491,3.92755914,-1.24371779,-80.5277634,4.07485771,-1.46200204,-80.9074402,3.98711276,-1.26821661,-81.5039062,3.94171119,-0.984432399,-82.0646057,3.8716681,-0.803564847,-82.6749725,4.11215782,-0.749280334,-82.7188187,4.25626945,-0.737597466,-82.7424698,4.11707067,-1.11511683,-83.0046387,3.81888247,-0.926768541,-83.0167923,3.97298884,-0.880003989,-82.6156311
255,3.4527843,-1.56014907,-81.3243332,3.66414309,-1.39485693,-81.1929855,3.93823743,-1.24739826,-81.2286682,4.08674717,-1.469486,-81.6085205,3.99634361,-1.27489734,-82.2045364,3.95173311,-0.98983252,-82.7642365,3.87868476,-0.807988763,-83.3744812,4.11740923,-0.752979219,-83.4169159,4.25633287,-0.737835586,-83.4416504,4.11719513,-1.11853826,-83.700943,3.81940341,-0.932329714,-83.7068863,3.97846627,-0.885738492,-83.306778
256,3.46855831,-1.56474864,-82.0312042,3.67722893,-1.39900482,-81.8974533,3.94888854,-1.25109541,-81.932312,4.09863234,-1.47693264,-82.312355,4.00559187,-1.28158534,-82.9079056,3.9617703,-0.995240808,-83.4665833,3.88570452,-0.812440395,-84.0766983,4.12262392,-0.756700456,-84.1177292,4.25632143,-0.738088071,-84.1435318,4.11732864,-1.12190604,-84.3999939,3.82000422,-0.937905729,-84.3996887,3.98395205,-0.891469061,-84.0006638
257,3.48433304,-1.56933463,-82.7407837,3.69029713,-1.40314436,-82.6046448,3.95951271,-1.25480986,-82.6386948,4.11051226,-1.48434198,-83.0189438,4.01485872,-1.28828084,-83.6139984,3.97182274,-1.00065696,-84.1716461,3.89272738,-0.816919088,-84.7816238,4.12780237,-0.760444164,-84.8212662,4.2562356,-0.738356888,-84.848114,4.11747026,-1.12522066,-85.1017914,3.82068586,-0.943495512,-85.0951996,3.98944616,-0.897194684,-84.6972885
258,3.50010848,-1.57390702,-83.4530716,3.70334792,-1.40727556,-83.3145676,3.97011065,-1.25854218,-83.3478165,4.12238646,-1.49171388,-83.7282867,4.02414417,-1.29498363,-84.3228226,3.98188996,-1.00608075,-84.879425,3.89975381,-0.821424782,-85.4892502,4.13294363,-0.764210641,-85.5275269,4.25607538,-0.738643885,-85.555397,4.11761856,-1.1284827,-85.8063354,3.82144952,-0.949098051,-85.7934265,3.99494863,-0.902914166,-85.3966522
259,3.51588416,-1.5784657,-84.1680756,3.71638107,-1.41139841,-84.0272141,3.98068237,-1.26229286,-84.0596695,4.13425398,-1.49904776,-84.4403839,4.03344822,-1.30169356,-85.0343781,3.99197221,-1.01151228,-85.58992,3.90678382,-0.825957894,-86.1995926,4.13804817,-0.768000305,-86.2365112,4.25584078,-0.738950551,-86.2653732,4.11777258,-1.13169265,-86.5136261,3.82229638,-0.954712093,-86.4943619,4.00045919,-0.908626378,-86.0987549
260,3.53166032,-1.58301055,-84.885788,3.72939658,-1.41551292,-84.7425919,3.9912281,-1.26606214,-84.7742615,4.14611435,-1.50634277,-85.1552429,4.04277134,-1.30841029,-85.7486572,4.00206947,-1.01695168,-86.3031311,3.91381812,-0.830518305,-86.9126358,4.14311552,-0.771813273,-86.9482193,4.25553274,-0.739279091,-86.9780502,4.11793089,-1.1348511,-87.223671,3.82322741,-0.960336685,-87.1980133,4.00597763,-0.914330482,-86.8035965
261,3.54743648,-1.58754158,-85.6062088,3.74239492,-1.41961908,-85.4606934,4.00174856,-1.26985097,-85.4915924,4.15796661,-1.51359928,-85.8728561,4.05211449,-1.31513393,-86.4656677,4.01218128,-1.02239859,-87.0190506,3.92085695,-0.835105658,-87.6283875,4.1481452,-0.775649726,-87.6626434,4.25515127,-0.739631236,-87.693428,4.11809254,-1.13795841,-87.9364624,3.82424331,-0.965970635,-87.9043808,4.01150417,-0.920025527,-87.5111694
262,3.56321287,-1.5920589,-86.3293381,3.75537586,-1.42371702,-86.1815186,4.01224375,-1.27365971,-86.2116547,4.16980982,-1.5208168,-86.5932236,4.06147718,-1.32186425,-87.1854095,4.0223074,-1.02785265,-87.7376862,3.92790031,-0.839719892,-88.3468475,4.15313768,-0.779509962,-88.3797913,4.25469637,-0.740008891,-88.4115067,4.11825657,-1.14101529,-88.6520004,3.82534528,-0.971612811,-88.6134644,4.01703882,-0.92571038,-88.2214813
263,3.57898903,-1.59656239,-87.0551758,3.76833963,-1.42780662,-86.9050751,4.02271461,-1.27748895,-86.9344559,4.18164349,-1.52799535,-87.3163452,4.07086039,-1.32860112,-87.9078751,4.03244781,-1.03331375,-88.4590378,3.93494844,-0.844360769,-89.0680084,4.1580925,-0.783394098,-89.0996628,4.25416899,-0.740413964,-89.1322784,4.11842108,-1.14402235,-89.3702927,3.82653427,-0.97726208,-89.3252716,4.02258158,-0.931384027,-88.9345245
264,3.59476495,-1.60105193,-87.7837219,3.78128624,-1.4318881,-87.6313553,4.03316069,-1.28133893,-87.659996,4.19346666,-1.53513455,-88.0422211,4.08026409,-1.33534443,-88.6330719,4.04260254,-1.03878188,-89.1831055,3.94200182,-0.849028051,-89.7918777,4.16300964,-0.787302375,-89.8222504,4.25356913,-0.740848541,-89.855751,4.11858511,-1.1469804,-90.0913391,3.827811,-0.98291707,-90.0397949,4.02813244,-0.937045395,-89.6503067
265,3.61054039,-1.60552752,-88.5149765,3.79421592,-1.43596125,-88.3603592,4.04358292,-1.28521025,-88.3882675,4.2052784,-1.54223418,-88.7708588,4.0896883,-1.34209394,-89.3609924,4.05277157,-1.04425693,-89.9098892,3.94906044,-0.853721917,-90.5184479,4.16788912,-0.791235149,-90.5475616,4.25289726,-0.741314173,-90.5819168,4.11874723,-1.14988983,-90.8151321,3.82917619,-0.988576651,-90.7570419,4.03369188,-0.942693651,-90.3688202
266,3.62631536,-1.60998917,-89.2489395,3.80712867,-1.44002628,-89.0920868,4.0539813,-1.28910327,-89.119278,4.21707821,-1.54929388,-89.5022507,4.09913397,-1.34884942,-90.0916443,4.06295443,-1.04973876,-90.639389,3.95612502,-0.858442068,-91.2477188,4.17273092,-0.79519248,-91.275589,4.25215387,-0.741813004,-91.3107758,4.1189065,-1.15275145,-91.5416794,3.83063078,-0.994239509,-91.4770126,4.03925943,-0.94832778,-91.090065
267,3.64208984,-1.61443698,-89.985611,3.82002449,-1.44408333,-89.8265457,4.06435633,-1.29301846,-89.8530197,4.22886515,-1.55631375,-90.2363968,4.10860109,-1.35561097,-90.8250198,4.07315111,-1.05522704,-91.3716049,3.96319532,-0.863188148,-91.9796982,4.17753458,-0.799174607,-92.00634,4.25133991,-0.742346764,-92.0423355,4.11906099,-1.15556586,-92.2709808,3.83217525,-0.999904394,-92.199707,4.04483557,-0.953946888,-91.8140488
268,3.65786338,-1.61887074,-90.7249908,3.83290362,-1.44813216,-90.5637283,4.07470846,-1.29695642,-90.5895004,4.24063826,-1.5632937,-90.9733047,4.11809015,-1.36237824,-91.5611267,4.08336163,-1.06072164,-92.1065369,3.97027183,-0.867959738,-92.7143784,4.18230057,-0.803181529,-92.7398071,4.25045586,-0.742917657,-92.7765884,4.11920977,-1.1583339,-93.0030365,3.83381009,-1.00557005,-92.9251328,4.05042028,-0.959550083,-92.5407639
269,3.6736362,-1.62329042,-91.4670792,3.84576607,-1.45217288,-91.3036346,4.08503771,-1.30091763,-91.3287201,4.25239706,-1.57023358,-91.7129669,4.12760162,-1.36915123,-92.2999573,4.09358501,-1.06622219,-92.8441772,3.97735476,-0.8727566,-93.4517593,4.18702841,-0.807213545,-93.4759979,4.24950171,-0.743527591,-93.5135345,4.11935139,-1.16105616,-93.7378464,3.835536,-1.01123512,-93.6532898,4.05601358,-0.965136468,-93.2702103
270,3.68940783,-1.62769616,-92.2118759,3.85861182,-1.45620549,-92.0462646,4.09534502,-1.30490243,-92.0706711,4.26414108,-1.57713354,-92.4553833,4.13713551,-1.37592983,-93.0415115,4.10382175,-1.07172859,-93.5845337,3.98444438,-0.877578497,-94.1918411,4.1917181,-0.811270893,-94.2149048,4.24847889,-0.744178295,-94.2531815,4.11948442,-1.1637336,-94.4754105,3.83735371,-1.01689827,-94.3841705,4.06161594,-0.970705032,-94.002388
271,3.70517826,-1.63208783,-92.9593811,3.87144089,-1.46022999,-92.791626,4.1056304,-1.30891132,-92.815361,4.27586937,-1.58399332,-93.2005615,4.14669228,-1.38271368,-93.7857971,4.11407185,-1.07724071,-94.3276062,3.99154115,-0.88242507,-94.9346237,4.19636965,-0.815353692,-94.9565353,4.24738789,-0.744871795,-94.9955215,4.11960793,-1.16636658,-95.2157288,3.83926344,-1.02255821,-95.1177902,4.06722736,-0.976255178,-94.7372971
272,3.72094727,-1.63646531,-93.7095947,3.88425374,-1.46424651,-93.539711,4.11589479,-1.31294465,-93.5627899,4.28758097,-1.59081316,-93.948494,4.15627241,-1.38950288,-94.5328064,4.12433434,-1.08275807,-95.0733871,3.99864483,-0.887295544,-95.6801071,4.20098352,-0.819461882,-95.700882,4.24622917,-0.745610178,-95.7405548,4.11971998,-1.16895616,-95.9588013,3.84126544,-1.02821362,-95.8541412,4.07284832,-0.981786013,-95.4749374
273,3.73671484,-1.64082873,-94.4625168,3.89705014,-1.46825504,-94.2905197,4.12613821,-1.31700313,-94.3129501,4.29927492,-1.59759331,-94.6991806,4.16587591,-1.39629722,-95.2825394,4.1346097,-1.0882802,-95.8218842,4.0057559,-0.892189562,-96.4282837,4.20555925,-0.823595643,-96.4479446,4.2450037,-0.74639523,-96.4882889,4.11981964,-1.17150307,-96.704628,3.84336019,-1.03386307,-96.5932236,4.07847881,-0.98729676,-96.2153015
274,3.75248075,-1.64517808,-95.2181473,3.90983033,-1.47225547,-95.0440521,4.13636112,-1.32108688,-95.0658417,4.31095123,-1.60433364,-95.4526291,4.17550373,-1.40309656,-96.034996,4.14489746,-1.0938071,-96.5730972,4.0128746,-0.897106826,-97.1791611,4.21009684,-0.827755094,-97.1977234,4.2437129,-0.74722892,-97.2387161,4.11990547,-1.17400789,-97.4532089,3.84554791,-1.03950524,-97.3350449,4.08411932,-0.992786705,-96.9583969
275,3.76824498,-1.64951324,-95.9764862,3.92259431,-1.47624791,-95.8003159,4.14656353,-1.32519639,-95.8214722,4.32260895,-1.61103404,-96.2088318,4.18515539,-1.40990055,-96.7901764,4.15519762,-1.09933877,-97.3270187,4.02000093,-0.902047336,-97.9327393,4.21459627,-0.831940591,-97.9502182,4.24235678,-0.748112798,-97.9918365,4.11997604,-1.17647147,-98.2045517,3.84782887,-1.04513872,-98.0796051,4.08976984,-0.998255014,-97.7042236
276,3.78400731,-1.65383422,-96.7375259,3.93534207,-1.48023224,-96.5593033,4.15674639,-1.32933211,-96.5798416,4.33424711,-1.61769485,-96.9677887,4.19483137,-1.4167093,-97.5480804,4.1655097,-1.10487449,-98.0836563,4.02713537,-0.907010257,-98.6890106,4.21905804,-0.836152136,-98.7054291,4.24093676,-0.749048948,-98.7476578,4.12002993,-1.17889452,-98.9586487,3.8502028,-1.05076206,-98.8269119,4.09543085,-1.00370121,-98.452774
277,3.79976749,-1.65814102,-97.5012741,3.94807386,-1.48420858,-97.3210144,4.16691017,-1.33349419,-97.3409424,4.34586525,-1.62431598,-97.7294998,4.20453215,-1.42352235,-98.3087082,4.17583323,-1.11041439,-98.8430023,4.03427839,-0.911995471,-99.4479752,4.22348213,-0.840390146,-99.463356,4.23945379,-0.750039041,-99.5061722,4.12006569,-1.18127799,-99.7154999,3.85267019,-1.05637383,-99.5769577,4.10110235,-1.0091244,-99.2040558
278,3.81552529,-1.66243362,-98.2677307,3.96078968,-1.48817682,-98.0854492,4.17705536,-1.33768332,-98.1047745,4.35746241,-1.630898,-98.4939651,4.21425819,-1.43034005,-99.0720596,4.18616867,-1.11595786,-99.6050568,4.04142952,-0.917002082,-100.209633,4.22786856,-0.844654441,-100.223999,4.23790932,-0.751084864,-100.26738,4.12008238,-1.18362236,-100.475113,3.85523057,-1.06197274,-100.32975,4.10678434,-1.01452422,-99.9580612
279,3.83128095,-1.66671205,-99.0368881,3.97348976,-1.49213719,-98.8526077,4.18718195,-1.34189975,-98.8713455,4.36903811,-1.63744116,-99.2611847,4.22400951,-1.43716204,-99.8381348,4.19651508,-1.12150455,-100.369827,4.04858875,-0.922029316,-100.973984,4.23221779,-0.848945141,-100.987358,4.23630428,-0.752188444,-101.031281,4.12007856,-1.18592846,-101.23748,3.85788417,-1.06755745,-101.085289,4.1124773,-1.01990008,-100.714798
280,3.84703398,-1.67097616,-99.808754,3.98617411,-1.49608958,-99.6224899,4.19729042,-1.34614372,-99.6406479,4.38059187,-1.64394546,-100.031166,4.23378658,-1.4439882,-100.606926,4.20687294,-1.12705433,-101.137306,4.05575657,-0.927077055,-101.741028,4.23652983,-0.853262484,-101.753433,4.23463964,-0.753351271,-101.797882,4.12005281,-1.18819714,-102.002602,3.86063051,-1.07312644,-101.843582,4.11818171,-1.02525127,-101.474258
281,3.86278439,-1.67522609,-100.583328,3.99884295,-1.50003397,-100.395096,4.20738173,-1.35041571,-100.412689,4.39212275,-1.65041137,-100.803902,4.2435894,-1.45081842,-101.378441,4.21724129,-1.13260674,-101.907494,4.06293344,-0.932144582,-102.510765,4.24080467,-0.857606649,-102.522224,4.23291683,-0.754575074,-102.567177,4.12000418,-1.19042909,-102.770485,3.8634696,-1.07867837,-102.604622,4.12389755,-1.03057742,-102.23645
282,3.87853217,-1.67946184,-101.360603,4.01149654,-1.5039705,-101.170425,4.21745586,-1.35471594,-101.187462,4.40363026,-1.65683937,-101.579384,4.25341797,-1.45765257,-102.152679,4.2276206,-1.1381613,-102.680389,4.0701189,-0.937231064,-103.283195,4.2450428,-0.861977696,-103.293724,4.2311368,-0.7558617,-103.339172,4.11993122,-1.19262505,-103.54113,3.86640096,-1.08421171,-103.368416,4.12962484,-1.03587806,-103.001366
283,3.89427686,-1.68368328,-102.140587,4.02413464,-1.50789893,-101.948479,4.22751331,-1.35904467,-101.964966,4.41511345,-1.66322923,-102.35762,4.26327324,-1.46449029,-102.929634,4.23801041,-1.143718,-103.456001,4.07731342,-0.942336798,-104.058311,4.24924469,-0.866375983,-104.06794,4.22930145,-0.757212281,-104.113861,4.11983252,-1.19478583,-104.314529,3.8694241,-1.08972514,-104.134964,4.13536406,-1.04115272,-103.769005
284,3.91001844,-1.68789053,-102.923279,4.03675699,-1.51181936,-102.729256,4.23755407,-1.36340213,-102.745209,4.42657185,-1.66958141,-103.138611,4.27315521,-1.47133172,-103.709312,4.24841022,-1.14927661,-104.234322,4.084517,-0.947460771,-104.836121,4.25341034,-0.870801568,-104.844872,4.22741175,-0.758628666,-104.891251,4.11970711,-1.19691193,-105.090683,3.87253857,-1.09521723,-104.904266,4.14111567,-1.04640114,-104.539368
285,3.92575669,-1.69208348,-103.708672,4.04936409,-1.51573169,-103.512756,4.2475791,-1.36778879,-103.528183,4.43800545,-1.67589653,-103.922356,4.28306389,-1.47817671,-104.491707,4.25882006,-1.15483665,-105.015343,4.09172964,-0.952602088,-105.616615,4.25754023,-0.875254512,-105.624512,4.22546911,-0.760112405,-105.671341,4.11955357,-1.19900417,-105.869598,3.87574387,-1.10068667,-105.676331,4.14687967,-1.05162287,-105.312462
286,3.9414916,-1.69626212,-104.496773,4.06195593,-1.51963592,-104.298981,4.25758886,-1.3722049,-104.313889,4.44941282,-1.68217492,-104.708855,4.29299974,-1.48502505,-105.276825,4.26923943,-1.16039753,-105.799072,4.09895134,-0.957760334,-106.399796,4.26163483,-0.879735112,-106.406868,4.22347546,-0.761664987,-106.454124,4.11937094,-1.20106328,-106.651268,3.87903905,-1.10613215,-106.451157,4.15265608,-1.05681789,-106.08828
287,3.95722294,-1.70042646,-105.287575,4.07453251,-1.52353215,-105.087929,4.26758337,-1.37665045,-105.102333,4.46079397,-1.68841648,-105.498108,4.30296278,-1.49187636,-106.064659,4.27966833,-1.1659596,-106.58551,4.1061821,-0.962935507,-107.185661,4.26569414,-0.884243667,-107.191933,4.22143221,-0.763287425,-107.239609,4.11915827,-1.20308995,-107.435699,3.88242364,-1.11155212,-107.228745,4.15844536,-1.06198573,-106.866821
288,3.97295046,-1.70457649,-106.081078,4.08709431,-1.52742016,-105.879601,4.27756357,-1.38112605,-105.893509,4.47214794,-1.69462264,-106.290115,4.31295347,-1.49873102,-106.855217,4.2901063,-1.17152166,-107.374657,4.11342192,-0.968126178,-107.974213,4.26971912,-0.888780117,-107.979706,4.2193408,-0.764981329,-108.027794,4.1189146,-1.20508456,-108.222885,3.88589668,-1.11694551,-108.009102,4.16424751,-1.06712639,-107.648087
289,3.98867416,-1.70871222,-106.877289,4.09964085,-1.53130031,-106.673996,4.28752947,-1.38563156,-106.687416,4.48347425,-1.70079303,-107.084877,4.32297182,-1.50558853,-107.648491,4.3005538,-1.17708397,-108.166512,4.12067127,-0.973332345,-108.76545,4.27370977,-0.89334482,-108.770195,4.21720314,-0.766747773,-108.81868,4.11863852,-1.20704782,-109.012825,3.88945746,-1.12231088,-108.792229,4.17006302,-1.07223964,-108.432083
290,4.00439405,-1.71283376,-107.676201,4.1121726,-1.53517234,-107.471115,4.29748154,-1.39016736,-107.484055,4.49477243,-1.70692825,-107.882385,4.3330183,-1.51244867,-108.444481,4.31100988,-1.18264616,-108.961067,4.12792969,-0.978553593,-109.559372,4.27766657,-0.897937953,-109.563393,4.21502066,-0.768587828,-109.612267,4.11832905,-1.20898068,-109.805527,3.89310503,-1.1276468,-109.578125,4.17589188,-1.07732522,-109.218803
291,4.02010965,-1.716941,-108.477821,4.12468958,-1.53903627,-108.27095,4.30742025,-1.39473355,-108.283432,4.50604153,-1.71302879,-108.682648,4.34309292,-1.51931155,-109.243195,4.32147455,-1.18820775,-109.758331,4.13519716,-0.983788967,-110.355972,4.28158998,-0.902559698,-110.359306,4.21279573,-0.770502865,-110.408546,4.11798525,-1.2108835,-110.600983,3.89683843,-1.13295209,-110.366791,4.18173409,-1.08238328,-110.008247
292,4.03582096,-1.72103393,-109.282143,4.13719225,-1.5428921,-109.073509,4.3173461,-1.39933038,-109.085541,4.51728153,-1.71909535,-109.485664,4.35319567,-1.52617693,-110.044624,4.33194733,-1.19376826,-110.558304,4.1424737,-0.989037752,-111.155251,4.28548098,-0.907210231,-111.157928,4.21052933,-0.772493899,-111.207535,4.11760664,-1.21275675,-111.399193,3.90065622,-1.13822556,-111.158226,4.18758965,-1.08741379,-110.800415
293,4.0515275,-1.72511268,-110.089172,4.14968014,-1.54673982,-109.878792,4.32725906,-1.40395796,-109.890381,4.52849197,-1.72512829,-110.291428,4.36332703,-1.5330447,-110.84877,4.34242821,-1.19932771,-111.360977,4.14975929,-0.994299591,-111.957214,4.28933954,-0.911889732,-111.959259,4.20822382,-0.774561822,-112.009224,4.11719227,-1.21460104,-112.200157,3.90455747,-1.14346588,-111.952438,4.19345903,-1.09241676,-111.595306
294,4.06722975,-1.72917712,-110.898903,4.16215324,-1.55057931,-110.686798,4.33715963,-1.40861654,-110.697952,4.5396719,-1.73112845,-111.099945,4.373487,-1.53991485,-111.655632,4.35291719,-1.20488536,-112.166351,4.15705347,-0.999573827,-112.761856,4.29316664,-0.916598439,-112.763298,4.20588112,-0.776707351,-112.813614,4.11674118,-1.21641695,-113.003876,3.90854073,-1.14867198,-112.749428,4.19934225,-1.09739244,-112.392921
295,4.08292675,-1.73322725,-111.711334,4.17461205,-1.55441046,-111.497528,4.34704876,-1.41330624,-111.508263,4.5508213,-1.73709655,-111.911209,4.38367605,-1.54678726,-112.46521,4.36341381,-1.21044087,-112.974434,4.16435623,-1.00485992,-113.569176,4.29696274,-0.921336591,-113.570045,4.20350313,-0.77893132,-113.620705,4.11625242,-1.21820486,-113.810349,3.91260481,-1.15384269,-113.549194,4.2052393,-1.10234094,-113.193268
296,4.09861898,-1.73726308,-112.526466,4.18705654,-1.55823338,-112.310982,4.35692644,-1.41802704,-112.321304,4.56193972,-1.74303257,-112.725227,4.39389372,-1.55366158,-113.277504,4.37391758,-1.21599436,-113.785217,4.17166805,-1.0101577,-114.379173,4.30072832,-0.926104426,-114.379501,4.20109177,-0.781234264,-114.430496,4.11572552,-1.21996522,-114.619576,3.91674805,-1.15897679,-114.351746,4.21115017,-1.10726249,-113.996338
297,4.11430597,-1.74128473,-113.344299,4.19948626,-1.56204796,-113.127159,4.36679316,-1.42277908,-113.137077,4.57302666,-1.74893725,-113.541992,4.40414047,-1.56053758,-114.092514,4.3844285,-1.22154546,-114.598709,4.17898846,-1.01546669,-115.191841,4.30446434,-0.930902243,-115.191673,4.19864893,-0.783616841,-115.242996,4.11515999,-1.22169852,-115.431549,3.92096925,-1.16407323,-115.157082,4.21707487,-1.11215734,-114.802132
298,4.12998772,-1.74529219,-114.164841,4.21190214,-1.56585443,-113.946053,4.3766489,-1.42756236,-113.955582,4.58408117,-1.75481129,-114.361511,4.41441631,-1.56741536,-114.91024,4.39494658,-1.2270937,-115.414902,4.18631744,-1.02078629,-116.007187,4.30817127,-0.935730159,-116.006554,4.19617653,-0.786079407,-116.058197,4.11455536,-1.22340512,-116.246277,3.92526674,-1.16913116,-115.965195,4.2230134,-1.11702585,-115.610649
299,4.14566374,-1.74928534,-114.988083,4.22430372,-1.56965256,-114.76767,4.38649464,-1.43237698,-114.776817,4.59510326,-1.76065528,-115.183777,4.42472124,-1.57429469,-115.730682,4.40547132,-1.23263884,-116.233795,4.19365454,-1.02611589,-116.825211,4.31184959,-0.940588355,-116.824142,4.19367695,-0.788622558,-116.876099,4.11391068,-1.2250855,-117.063759,3.9296391,-1.17414927,-116.7761,4.22896576,-1.12186825,-116.421898
300,4.16133451,-1.75326431,-115.814026,4.236691,-1.57344234,-115.59201,4.39633036,-1.43722308,-115.600784,4.60609245,-1.76646972,-116.008789,4.43505573,-1.58117533,-116.553841,4.41600275,-1.23818064,-117.055389,4.20099974,-1.03145528,-117.645905,4.31550026,-0.945477188,-117.64444,4.19115257,-0.791246355,-117.696709,4.11322594,-1.22673965,-117.883987,3.93408442,-1.17912686,-117.58979,4.23493195,-1.12668526,-117.23587
301,4.17699909,-1.75722909,-116.64267,4.24906397,-1.57722366,-116.419067,4.40615606,-1.44210052,-116.42749,4.61704874,-1.77225542,-116.836548,4.44541979,-1.58805716,-117.379715,4.42654037,-1.24371874,-117.879684,4.20835304,-1.0368042,-118.469276,4.31912374,-0.950396836,-118.467445,4.18860483,-0.793950856,-118.52002,4.11250067,-1.22836816,-118.706963,3.93860102,-1.18406296,-118.406273,4.24091196,-1.13147724,-118.052567
302,4.19265747,-1.76117957,-117.474014,4.26142311,-1.58099651,-117.248848,4.41597271,-1.44700944,-117.256927,4.62797117,-1.77801311,-117.667061,4.45581293,-1.59494019,-118.208305,4.4370842,-1.2492528,-118.70668,4.21571398,-1.04216194,-119.295319,4.322721,-0.955347538,-119.293159,4.18603611,-0.79673636,-119.346039,4.11173439,-1.22997117,-119.532684,3.94318724,-1.18895686,-119.22554,4.2469058,-1.13624477,-118.871994
303,4.20830965,-1.76511598,-118.308067,4.27376842,-1.58476102,-118.081352,4.4257803,-1.45194983,-118.089096,4.63885975,-1.78374314,-118.50032,4.46623564,-1.60182393,-119.039612,4.44763422,-1.25478256,-119.536385,4.22308254,-1.04752862,-120.124031,4.32629251,-0.960329533,-120.121582,4.18344879,-0.799602687,-120.174767,4.1109271,-1.23154879,-120.361145,3.94784117,-1.19380748,-120.0476,4.25291348,-1.14098847,-119.694145
304,4.22395563,-1.7690382,-119.144821,4.28609943,-1.58851695,-118.91658,4.4355793,-1.45692158,-118.923996,4.64971399,-1.78944612,-119.336327,4.47668743,-1.60870814,-119.873634,4.45818996,-1.26030815,-120.36879,4.23045874,-1.05290413,-120.955421,4.32983875,-0.965342999,-120.952713,4.18084431,-0.802549362,-121.006195,4.11007881,-1.23310149,-121.192352,3.9525609,-1.19861424,-120.872459,4.2589345,-1.14570892,-120.519028
305,4.23959541,-1.77294624,-119.984276,4.29841661,-1.59226429,-119.754524,4.4453702,-1.46192467,-119.761627,4.66053391,-1.79512262,-120.175079,4.48716879,-1.61559272,-120.710373,4.46875143,-1.26582909,-121.203896,4.23784256,-1.05828798,-121.789482,4.33336067,-0.970388174,-121.786552,4.17822504,-0.805576384,-121.840332,4.10918951,-1.23462939,-122.026299,3.95734477,-1.20337641,-121.700111,4.26496887,-1.15040672,-121.346634
306,4.25522852,-1.77684033,-120.826431,4.31072044,-1.59600317,-120.595192,4.45515251,-1.466959,-120.601997,4.67131901,-1.80077326,-121.016586,4.49767923,-1.62247741,-121.549828,4.47931814,-1.27134514,-122.041702,4.24523354,-1.06367981,-122.626213,4.33685923,-0.975465298,-122.6231,4.17559338,-0.808683574,-122.677177,4.10825872,-1.2361325,-122.862984,3.96219063,-1.2080934,-122.530556,4.2710166,-1.15508282,-122.176971
307,4.27085447,-1.78072023,-121.671288,4.32301044,-1.59973347,-121.438583,4.4649272,-1.47202456,-121.445099,4.68206882,-1.80639911,-121.86084,4.50821877,-1.62936211,-122.391998,4.4898901,-1.27685595,-122.88221,4.25263166,-1.06907952,-123.465614,4.34033489,-0.980574489,-123.462364,4.17295122,-0.811870217,-123.516724,4.10728693,-1.23761106,-123.702408,3.96709633,-1.2127645,-123.3638,4.2770772,-1.15973783,-123.01004
308,4.28647375,-1.78458619,-122.518845,4.33528662,-1.60345519,-122.284691,4.47469473,-1.47712135,-122.290932,4.69278288,-1.81200075,-122.70784,4.51878786,-1.63624668,-123.236885,4.50046682,-1.28236139,-123.725418,4.26003695,-1.07448661,-124.307686,4.34378815,-0.985716045,-124.304337,4.17030096,-0.815136015,-124.358978,4.10627365,-1.23906505,-124.544563,3.97205997,-1.21738923,-124.199844,4.28315067,-1.16437268,-123.84584
309,4.3020854,-1.7884382,-123.369102,4.34754896,-1.6071682,-123.133522,4.48445511,-1.48224926,-123.139496,4.70346165,-1.81757903,-123.557587,4.52938652,-1.64313102,-124.084488,4.51104832,-1.28786087,-124.571327,4.26744843,-1.07990074,-125.152428,4.34721994,-0.990890026,-125.149017,4.1676445,-0.818480313,-125.203941,4.10521984,-1.24049473,-125.389458,3.97707963,-1.22196698,-125.038689,4.28923702,-1.16898811,-124.684364
310,4.3176899,-1.79227626,-124.222061,4.35979795,-1.61087263,-123.985077,4.49420834,-1.48740816,-123.990791,4.71410418,-1.82313454,-124.41008,4.54001379,-1.65001476,-124.934807,4.52163458,-1.29335439,-125.419937,4.27486658,-1.08532214,-125.99984,4.35063076,-0.996096611,-125.996407,4.16498375,-0.821902215,-126.051613,4.1041255,-1.24189997,-126.237083,3.98215318,-1.22649753,-125.880333,4.29533577,-1.1735853,-125.52562
311,4.33328676,-1.79610026,-125.077721,4.37203312,-1.61456823,-124.839348,4.50395489,-1.49259782,-124.844826,4.72471094,-1.82866752,-125.26532,4.55066967,-1.65689731,-125.787842,4.53222561,-1.29884195,-126.271248,4.28229141,-1.09075117,-126.849922,4.35402107,-1.0013361,-126.846512,4.16232061,-0.825400829,-126.901985,4.1029911,-1.24328077,-127.087433,3.98727846,-1.2309804,-126.724785,4.30144691,-1.17816508,-126.369606
312,4.348876,-1.79991055,-125.936081,4.38425493,-1.61825514,-125.696342,4.51369524,-1.49781823,-125.701591,4.73528147,-1.83417916,-126.123299,4.56135464,-1.66377878,-126.643593,4.54282045,-1.30432308,-127.125259,4.28972292,-1.096187,-127.702675,4.35739183,-1.00660861,-127.699326,4.159657,-0.828975379,-127.755066,4.10181713,-1.24463713,-127.940514,3.99245334,-1.23541534,-127.572037,4.30756998,-1.18272829,-127.216324
313,4.36445761,-1.80370688,-126.797142,4.39646339,-1.62193334,-126.556053,4.52342939,-1.50306916,-126.561089,4.74581528,-1.83966994,-126.984024,4.57206821,-1.67065883,-127.50206,4.55341959,-1.30979764,-127.981979,4.29716063,-1.10162997,-128.55809,4.36074352,-1.01191425,-128.554855,4.1569953,-0.832624674,-128.610855,4.10060406,-1.24596906,-128.796326,3.99767566,-1.23980224,-128.422089,4.31370449,-1.18727612,-128.065781
314,4.38003111,-1.80748951,-127.660904,4.40865803,-1.62560272,-127.418488,4.53315783,-1.50835049,-127.423325,4.75631237,-1.84514081,-127.847496,4.5828104,-1.67753732,-128.363235,4.56402254,-1.31526542,-128.8414,4.30460405,-1.10707963,-129.416183,4.36407709,-1.01725316,-129.413086,4.15433741,-0.836347818,-129.46936,4.09935236,-1.24727631,-129.654846,4.00294352,-1.24414062,-129.274948,4.31985044,-1.19180977,-128.917969
315,4.39559603,-1.81125832,-128.527359,4.42083931,-1.62926328,-128.283646,4.54288101,-1.51366186,-128.2883,4.76677275,-1.85059166,-128.713715,4.59358025,-1.68441343,-129.227142,4.57462931,-1.32072663,-129.703522,4.31205416,-1.11253691,-130.276932,4.36739254,-1.02262557,-130.274033,4.15168476,-0.840143561,-130.330566,4.09806347,-1.248559,-130.516098,4.00825453,-1.24843049,-130.130615,4.32600737,-1.19633019,-129.772888
316,4.41115236,-1.81501341,-129.396515,4.43300724,-1.63291502,-129.15152,4.55259848,-1.51900327,-129.156006,4.77719641,-1.85602355,-129.582687,4.60437822,-1.69128728,-130.093765,4.58523989,-1.32618105,-130.568344,4.31951046,-1.11800194,-131.140366,4.37069035,-1.02803111,-131.137695,4.14903879,-0.844009757,-131.194473,4.09673738,-1.24981725,-131.380066,4.01360703,-1.25267196,-130.98909,4.33217525,-1.20083845,-130.630539
317,4.42670059,-1.81875479,-130.268372,4.44516182,-1.63655782,-130.02211,4.56231117,-1.52437449,-130.026443,4.78758335,-1.86143839,-130.454391,4.61520433,-1.69815922,-130.963104,4.59585428,-1.33162737,-131.435867,4.32697248,-1.12347329,-132.006454,4.37397146,-1.03347027,-132.004059,4.14640236,-0.847946167,-132.061096,4.09537506,-1.25105035,-132.24675,4.01899862,-1.25686479,-131.850372,4.33835316,-1.20533574,-131.490936
318,4.44223976,-1.82248271,-131.142929,4.45730305,-1.64019179,-130.895432,4.57201862,-1.52977526,-130.899612,4.7979331,-1.866835,-131.328857,4.6260581,-1.70502782,-131.835159,4.60647154,-1.33706677,-132.306091,4.33444023,-1.12895203,-132.875214,4.37723637,-1.03894317,-132.873138,4.14377642,-0.851951301,-132.93042,4.09397793,-1.25225866,-133.11615,4.02442694,-1.26100898,-132.714462,4.34454107,-1.20982325,-132.354065
319,4.45776987,-1.82619715,-132.020187,4.4694314,-1.64381683,-131.771469,4.58172178,-1.53520536,-131.775513,4.80824566,-1.87221563,-132.206055,4.63693905,-1.71189356,-132.70993,4.61709213,-1.34249818,-133.179031,4.34191418,-1.13443816,-133.746643,4.38048458,-1.04444957,-133.744934,4.1411624,-0.856022775,-133.80246,4.09254694,-1.25344181,-133.988251,4.02989054,-1.26510501,-133.58136,4.350739,-1.21430218,-133.21994
320,4.4732914,-1.82989812,-132.900146,4.4815464,-1.64743316,-132.650223,4.59142065,-1.54066467,-132.654144,4.81852102,-1.8775804,-133.085999,4.64784718,-1.71875608,-133.587418,4.62771559,-1.34792161,-134.054672,4.34939337,-1.13993132,-134.620743,4.38371706,-1.04998958,-134.619446,4.13856268,-0.860159934,-134.677216,4.09108257,-1.25459993,-134.863068,4.03538704,-1.26915252,-134.451065,4.35694599,-1.2187736,-134.088547
321,4.48880339,-1.83358574,-133.782806,4.49364853,-1.65104043,-133.531708,4.60111523,-1.54615283,-133.535522,4.82875919,-1.8829304,-133.968689,4.65878201,-1.72561514,-134.467621,4.6383419,-1.35333693,-134.933014,4.3568778,-1.14543152,-135.497513,4.38693428,-1.05556321,-135.496674,4.13597822,-0.864361227,-135.554672,4.08958673,-1.25573277,-135.740585,4.04091406,-1.27315187,-135.323578,4.36316204,-1.22323883,-134.9599
322,4.50430584,-1.83726001,-134.668167,4.5057373,-1.65463853,-134.415909,4.61080599,-1.5516696,-134.419632,4.83896017,-1.88826573,-134.854126,4.66974306,-1.73247004,-135.350555,4.64897108,-1.35874414,-135.814056,4.36436844,-1.15093982,-136.376953,4.39013672,-1.06117058,-136.376617,4.13341045,-0.868624687,-136.43483,4.08806038,-1.25683999,-136.620804,4.04646969,-1.27710307,-136.198914,4.3693862,-1.22769916,-135.833984
323,4.51979876,-1.84092104,-135.556213,4.51781273,-1.6582278,-135.302826,4.62049294,-1.55721462,-135.306473,4.84912395,-1.89358687,-135.74231,4.68073034,-1.7393204,-136.236206,4.65960264,-1.36414325,-136.697815,4.37186527,-1.15645599,-137.259064,4.39332438,-1.06681156,-137.259277,4.13086081,-0.872948468,-137.317703,4.08650494,-1.25792146,-137.503723,4.0520525,-1.28100705,-137.077057,4.37561846,-1.23215568,-136.710815
324,4.53528214,-1.84456897,-136.44696,4.52987528,-1.66180837,-136.192459,4.63017654,-1.56278777,-136.196045,4.85925055,-1.89889538,-136.633224,4.69174337,-1.74616623,-137.124573,4.67023659,-1.36953354,-137.584274,4.37936735,-1.16197944,-138.143845,4.39649773,-1.07248628,-138.144653,4.12833118,-0.877331436,-138.203293,4.08492136,-1.25897729,-138.389343,4.0576601,-1.28486347,-137.958008,4.38185835,-1.23660946,-137.590393
325,4.5507555,-1.84820366,-137.340408,4.54192495,-1.66537988,-137.084824,4.63985682,-1.5683887,-137.088364,4.86933994,-1.90419114,-137.526886,4.70278168,-1.75300682,-138.015656,4.68087244,-1.37491548,-138.473434,4.38687515,-1.16751146,-139.031296,4.39965677,-1.07819462,-139.032745,4.12582254,-0.881771445,-139.091583,4.08331156,-1.26000714,-139.277649,4.0632906,-1.28867292,-138.841766,4.38810539,-1.24106205,-138.472717
326,4.56621885,-1.85182548,-138.236557,4.55396175,-1.66894245,-137.979904,4.64953375,-1.57401705,-137.983414,4.87939215,-1.90947556,-138.423294,4.71384525,-1.75984228,-138.90947,4.6915102,-1.38028824,-139.365311,4.3943882,-1.17305088,-139.921417,4.40280247,-1.08393669,-139.923553,4.12333632,-0.886267722,-139.982574,4.08167696,-1.261011,-140.168655,4.06894159,-1.29243517,-139.728333,4.39435911,-1.24551427,-139.357788
327,4.58167171,-1.85543418,-139.135406,4.5659852,-1.67249596,-138.877701,4.65920782,-1.57967246,-138.881195,4.88940763,-1.91474926,-139.322449,4.72493362,-1.76667225,-139.806,4.70214939,-1.38565183,-140.259888,4.40190697,-1.17859864,-140.814209,4.40593386,-1.08971214,-140.817078,4.12087345,-0.890817404,-140.876282,4.080019,-1.26198888,-141.062347,4.07461214,-1.2961514,-140.617722,4.40061903,-1.24996746,-140.24559
328,4.59711409,-1.85903013,-140.036957,4.57799578,-1.67604053,-139.778214,4.66887903,-1.58535469,-139.781723,4.89938593,-1.92001283,-140.22435,4.73604584,-1.77349615,-140.705261,4.71279049,-1.39100623,-141.157166,4.40943098,-1.18415451,-141.709686,4.40905142,-1.09552097,-141.713318,4.11843491,-0.895418882,-141.772705,4.07834005,-1.26294017,-141.958725,4.08029985,-1.29982221,-141.509918,4.40688419,-1.25442302,-141.136154
329,4.61254597,-1.86261332,-140.941208,4.58999395,-1.67957616,-140.681458,4.67854786,-1.59106338,-140.684982,4.90932703,-1.92526698,-141.128983,4.74718189,-1.78031361,-141.607239,4.72343254,-1.3963511,-142.057159,4.41696072,-1.18971896,-142.607819,4.41215563,-1.10136318,-142.612274,4.11602211,-0.900070488,-142.671829,4.07664108,-1.26386511,-142.857773,4.0860033,-1.3034476,-142.404922,4.4131546,-1.25888205,-142.029465
330,4.62796736,-1.86618388,-141.848145,4.60197878,-1.68310261,-141.587418,4.6882143,-1.5967983,-141.590973,4.91923141,-1.93051314,-142.036362,4.75834179,-1.78712487,-142.511932,4.73407602,-1.40168595,-142.959869,4.42449522,-1.19529152,-143.508636,4.41524601,-1.10723853,-143.513947,4.11363602,-0.904770613,-143.573669,4.07492447,-1.26476383,-143.759506,4.09172058,-1.30702806,-143.302734,4.41942978,-1.26334548,-142.925522
331,4.64337778,-1.8697418,-142.757782,4.61395121,-1.68662024,-142.496094,4.69787836,-1.60255897,-142.499695,4.92909956,-1.93575156,-142.946487,4.76952457,-1.79392934,-143.419357,4.74471998,-1.40701079,-143.86528,4.43203497,-1.2008723,-144.412125,4.41832304,-1.11314714,-144.41835,4.11127806,-0.909517944,-144.47821,4.07319164,-1.26563609,-144.66391,4.09744978,-1.31056392,-144.203369,4.42570877,-1.26781452,-143.824341
332,4.65877724,-1.87328732,-143.67012,4.62591076,-1.69012904,-143.407501,4.70754051,-1.60834515,-143.411163,4.93893099,-1.94098246,-143.859344,4.78072977,-1.80072629,-144.329498,4.75536489,-1.41232562,-144.773407,4.43957949,-1.20646167,-145.318268,4.42138624,-1.11908877,-145.32547,4.10894871,-0.914310098,-145.385468,4.07144451,-1.266482,-145.570999,4.10318947,-1.31405616,-145.106812,4.43199158,-1.27229011,-144.725906
333,4.67416525,-1.87682033,-144.585159,4.63785744,-1.69362867,-144.321625,4.71720076,-1.61415625,-144.325363,4.94872618,-1.94620728,-144.774948,4.79195738,-1.80751586,-145.242371,4.76601028,-1.41763031,-145.684235,4.44712973,-1.21206009,-146.227097,4.42443514,-1.12506306,-146.235306,4.10664845,-0.919144928,-146.295441,4.06968546,-1.26730144,-146.480759,4.10893774,-1.31750536,-146.013062,4.43827772,-1.27677357,-145.630234
334,4.68954182,-1.88034105,-145.502899,4.64979124,-1.69711947,-145.238464,4.72685909,-1.61999214,-145.24231,4.95848513,-1.95142651,-145.693283,4.80320644,-1.81429756,-146.157974,4.77665615,-1.4229244,-146.597778,4.45468473,-1.21766734,-147.138596,4.42746973,-1.13106978,-147.147873,4.10437822,-0.924020767,-147.208115,4.06791639,-1.26809454,-147.393173,4.11469364,-1.32091224,-146.922119,4.44456625,-1.28126574,-146.537308
335,4.70490694,-1.88384938,-146.42334,4.66171217,-1.70060134,-146.15802,4.736516,-1.62585235,-146.161987,4.96820831,-1.95664024,-146.614365,4.81447697,-1.82107055,-147.076294,4.78730202,-1.42820847,-147.514038,4.46224546,-1.22328424,-148.052765,4.43049002,-1.13710892,-148.063156,4.10213852,-0.928935647,-148.123505,4.0661397,-1.26886117,-148.308258,4.12045527,-1.3242774,-147.833984,4.45085669,-1.28576767,-147.447144
336,4.72026014,-1.88734567,-147.346466,4.67362022,-1.70407426,-147.080307,4.74617147,-1.63173652,-147.084396,4.97789574,-1.96185017,-147.538193,4.82576847,-1.82783544,-147.997345,4.79794788,-1.43348145,-148.433014,4.46981096,-1.22890997,-148.969604,4.43349552,-1.14318001,-148.981155,4.09993029,-0.933887839,-149.041595,4.06435776,-1.2696017,-149.226013,4.12622118,-1.32760167,-148.748672,4.45714855,-1.29028034,-148.359741
337,4.73560143,-1.89082992,-148.272293,4.68551588,-1.70753837,-148.00531,4.75582552,-1.63764417,-148.009552,4.98754787,-1.96705639,-148.464752,4.83708,-1.83459127,-148.921112,4.8085928,-1.43874359,-149.354691,4.47738075,-1.23454475,-149.88913,4.43648624,-1.14928305,-149.901886,4.097754,-0.938875675,-149.962402,4.06257296,-1.270316,-150.146423,4.13198996,-1.33088577,-149.666168,4.46344137,-1.29480481,-149.275101
338,4.75093079,-1.89430225,-149.200821,4.69739866,-1.71099341,-148.933029,4.76547861,-1.64357495,-148.937439,4.99716473,-1.97226,-149.394058,4.84841156,-1.84133804,-149.84761,4.81923723,-1.44399452,-150.279083,4.48495483,-1.24018872,-150.811325,4.43946123,-1.15541756,-150.825333,4.09561062,-0.943897367,-150.885925,4.06078768,-1.27100432,-151.069489,4.13776016,-1.33413029,-150.586472,4.46973419,-1.29934192,-150.193222
339,4.76624823,-1.89776278,-150.13205,4.70926857,-1.71443975,-149.863464,4.77513027,-1.6495285,-149.868073,5.00674629,-1.97746122,-150.326111,4.85976219,-1.84807491,-150.77684,4.82988071,-1.44923425,-151.206192,4.49253368,-1.24584222,-151.736191,4.44242048,-1.16158354,-151.751511,4.09350061,-0.948950946,-151.812149,4.05900383,-1.27166688,-151.995193,4.14353085,-1.33733606,-151.509583,4.47602654,-1.30389237,-151.114105
340,4.78155327,-1.90121174,-151.065979,4.72112608,-1.71787727,-150.796631,4.78478098,-1.65550435,-150.801437,5.01629305,-1.98266113,-151.260895,4.87113142,-1.85480177,-151.708801,4.84052277,-1.45446241,-152.136017,4.5001173,-1.25150537,-152.663727,4.44536304,-1.16778052,-152.680405,4.09142447,-0.954034388,-152.741089,4.05722427,-1.27230394,-152.923553,4.14930105,-1.34050429,-152.435501,4.48231745,-1.3084569,-152.03775
341,4.79684591,-1.90464902,-152.002594,4.73297071,-1.72130597,-151.732513,4.79443121,-1.66150224,-151.737549,5.02580547,-1.98786044,-152.19841,4.88251925,-1.86151862,-152.643478,4.85116339,-1.45967889,-153.068542,4.50770473,-1.25717783,-153.593933,4.44828796,-1.17400801,-153.61203,4.08938217,-0.959146142,-153.672745,4.05545187,-1.27291572,-153.854553,4.15506887,-1.34363556,-153.364227,4.48860693,-1.31303644,-152.964172
342,4.81212568,-1.90807474,-152.94191,4.74480295,-1.72472584,-152.671112,4.80408049,-1.66752148,-152.676392,5.03528357,-1.99305999,-153.138672,4.89392471,-1.86822498,-153.580887,4.8618021,-1.46488345,-154.003784,4.51529551,-1.26285958,-154.526825,4.45119619,-1.18026614,-154.546387,4.08737469,-0.964284897,-154.607101,4.053689,-1.27350271,-154.788208,4.16083336,-1.34673035,-154.295761,4.49489403,-1.31763148,-153.893372
343,4.82739305,-1.91148925,-153.883926,4.75662279,-1.72813725,-153.612442,4.81372929,-1.67356169,-153.617981,5.04472733,-1.99826026,-154.081665,4.90534735,-1.87492037,-154.521027,4.87243891,-1.47007596,-154.941742,4.52289009,-1.26855111,-155.462387,4.45408583,-1.18655407,-155.483459,4.08540201,-0.969448149,-155.544174,4.05193806,-1.27406538,-155.724503,4.16659403,-1.34978998,-155.230103,4.50117826,-1.32224262,-154.825333
344,4.84264708,-1.91489232,-154.828644,4.76842976,-1.73153985,-154.556488,4.82337761,-1.67962241,-154.562302,5.05413771,-2.00346184,-155.027405,4.91678619,-1.88160455,-155.463898,4.88307333,-1.4752562,-155.882416,4.53048801,-1.27425241,-156.40062,4.45695639,-1.19287169,-156.423264,4.0834651,-0.974634469,-156.483963,4.05020237,-1.27460396,-156.663437,4.17234945,-1.35281539,-156.167252,4.50745869,-1.32687056,-155.760071
345,4.85788822,-1.91828418,-155.776047,4.78022432,-1.73493373,-155.50325,4.83302593,-1.6857034,-155.509369,5.06351471,-2.00866556,-155.975876,4.92824125,-1.88827705,-156.4095,4.89370489,-1.48042405,-156.825806,4.5380888,-1.27996325,-157.341537,4.4598074,-1.19921863,-157.365799,4.08156395,-0.979842365,-157.426468,4.0484848,-1.27511907,-157.604996,4.1780982,-1.35580707,-157.107208,4.51373482,-1.33151579,-156.697586
346,4.87311602,-1.92166495,-156.726151,4.79200649,-1.73831904,-156.452728,4.84267378,-1.69180393,-156.459167,5.07285881,-2.01387215,-156.927094,4.93971157,-1.89493775,-157.357834,4.90433359,-1.48557913,-157.771927,4.54569244,-1.28568387,-158.285126,4.46263742,-1.2055943,-158.311066,4.07969809,-0.985069692,-158.371674,4.04678774,-1.2756114,-158.549194,4.1838398,-1.35876656,-158.049973,4.5200057,-1.33617866,-157.637878
347,4.88833094,-1.92503488,-157.678955,4.80377626,-1.741696,-157.404938,4.85232162,-1.69792378,-157.411713,5.08217001,-2.01908207,-157.881042,4.95119715,-1.90158606,-158.308899,4.91495895,-1.49072134,-158.720764,4.553298,-1.29141414,-159.231384,4.465446,-1.21199834,-159.259064,4.07786846,-0.99031496,-159.319595,4.04511404,-1.27608156,-159.496033,4.18957376,-1.36169481,-158.995544,4.52627134,-1.34085941,-158.580948
348,4.90353203,-1.92839396,-158.63446,4.81553316,-1.74506438,-158.359863,4.86196947,-1.70406222,-158.366989,5.09144878,-2.02429605,-158.837723,4.96269703,-1.90822196,-159.262695,4.9255805,-1.49585056,-159.672318,4.56090546,-1.29715395,-160.180328,4.46823215,-1.21843028,-160.209778,4.07607555,-0.995576322,-160.270233,4.04346752,-1.27652979,-160.445496,4.19529915,-1.36459315,-159.943909,4.53253031,-1.34555876,-159.526794
349,4.91871929,-1.93174219,-159.592651,4.82727766,-1.74842405,-159.317505,4.87161732,-1.71021914,-159.325012,5.10069561,-2.02951455,-159.79715,4.97421026,-1.91484487,-160.219223,4.93619823,-1.50096679,-160.626587,4.56851387,-1.30290353,-161.131943,4.470994,-1.22488916,-161.163223,4.07431889,-1.00085175,-161.223587,4.04185152,-1.27695715,-161.397568,4.20101547,-1.36746275,-160.895081,4.53878212,-1.35027683,-160.475418
350,4.9338932,-1.93508005,-160.553543,4.83900976,-1.75177562,-160.277878,4.88126516,-1.71639383,-160.285782,5.10991096,-2.0347383,-160.759308,4.98573685,-1.92145443,-161.178482,4.9468112,-1.50606966,-161.583572,4.57612371,-1.30866277,-162.086227,4.47373104,-1.23137474,-162.1194,4.07259893,-1.00613999,-162.179657,4.04026842,-1.27736449,-162.352264,4.20672226,-1.37030447,-161.84906,4.54502583,-1.35501385,-161.426834
351,4.94905281,-1.9384073,-161.517136,4.85072947,-1.75511885,-161.240967,4.89091301,-1.72258592,-161.249283,5.11909485,-2.03996778,-161.724197,4.99727583,-1.92805052,-162.140472,4.9574194,-1.51115906,-162.543274,4.58373356,-1.31443155,-163.043198,4.47644281,-1.23788667,-163.078308,4.0709157,-1.01143956,-163.138443,4.03872156,-1.27775264,-163.309586,4.21241808,-1.37311924,-162.805847,4.55126095,-1.35976982,-162.381027
352,4.96419811,-1.94172418,-162.483429,4.86243629,-1.75845373,-162.206772,4.90056133,-1.72879481,-162.21553,5.12824821,-2.04520369,-162.691818,5.00882626,-1.93463254,-163.105194,4.96802235,-1.51623476,-163.505692,4.5913434,-1.3202101,-164.002838,4.47912645,-1.24442375,-164.039948,4.06926918,-1.01674807,-164.09993,4.03721476,-1.27812254,-164.269531,4.21810389,-1.37590933,-163.765427,4.55748701,-1.36454487,-163.338013
353,4.97932959,-1.94503069,-163.452408,4.87413073,-1.76178026,-163.175293,4.91020966,-1.73502004,-163.184509,5.13737106,-2.05044651,-163.662186,5.02038765,-1.94120026,-164.072647,4.97861958,-1.52129674,-164.470825,4.59895182,-1.32599807,-164.965149,4.48178196,-1.25098574,-165.004333,4.06766033,-1.02206445,-165.064133,4.03575087,-1.27847505,-165.232086,4.22377872,-1.37867534,-164.727798,4.56370306,-1.36933899,-164.297791
354,4.99444675,-1.94832718,-164.424088,4.88581276,-1.76509881,-164.146545,4.91985846,-1.74126124,-164.156235,5.14646387,-2.0556972,-164.635284,5.03196001,-1.94775379,-165.042831,4.98921061,-1.5263443,-165.43869,4.60655785,-1.3317951,-165.930145,4.48440742,-1.25757182,-165.971451,4.0660882,-1.0273869,-166.031067,4.03433371,-1.2788111,-166.19725,4.2294426,-1.38141882,-165.692978,4.56990767,-1.3741523,-165.260361
355,5.00954914,-1.95161378,-165.398468,4.89748287,-1.76840937,-165.120514,4.92950773,-1.7475177,-165.130707,5.15552711,-2.06095505,-165.611115,5.04354095,-1.95429158,-166.015762,4.99979448,-1.53137815,-166.409271,4.61416292,-1.33760226,-166.897812,4.48700142,-1.26418126,-166.941299,4.06455326,-1.03271353,-167.000702,4.03296614,-1.27913225,-167.165024,4.23509502,-1.38414109,-166.66095,4.5761013,-1.37898457,-166.225723
356,5.02463722,-1.95489037,-166.375549,4.90914011,-1.77171195,-166.097198,4.93915796,-1.75378907,-166.10791,5.16456079,-2.06622195,-166.589676,5.05513144,-1.96081436,-166.991425,5.01037169,-1.53639734,-167.382568,4.62176418,-1.34341848,-167.868149,4.48956251,-1.27081311,-167.913879,4.06305552,-1.0380429,-167.973068,4.03165197,-1.27943969,-168.135422,4.24073601,-1.38684368,-167.631714,4.58228302,-1.38383555,-167.193878
357,5.03971004,-1.95815718,-167.355316,4.92078495,-1.77500641,-167.076614,4.94880867,-1.76007497,-167.08786,5.17356586,-2.07149792,-167.570969,5.06673002,-1.9673214,-167.969818,5.02094126,-1.5414021,-168.358597,4.62936163,-1.349244,-168.841156,4.49208927,-1.27746665,-168.889191,4.06159496,-1.04337358,-168.948135,4.03039408,-1.27973461,-169.108414,4.24636507,-1.38952756,-168.605286,4.58845139,-1.38870513,-168.164825
358,5.05476809,-1.9614141,-168.337784,4.93241739,-1.77829289,-168.058746,4.95845985,-1.76637459,-168.070557,5.1825428,-2.07678342,-168.554993,5.07833576,-1.97381234,-168.950958,5.03150225,-1.5463922,-169.337341,4.63695431,-1.35507882,-169.816849,4.49457932,-1.28414083,-169.867233,4.0601716,-1.04870343,-169.925934,4.02919674,-1.28001833,-170.084015,4.25198364,-1.39219511,-169.58165,4.5946064,-1.39359307,-169.13858
359,5.06981087,-1.96466136,-169.322952,4.94403696,-1.78157151,-169.043594,4.96811199,-1.77268755,-169.055984,5.19149208,-2.08207941,-169.541763,5.08994865,-1.98028731,-169.93483,5.04205465,-1.55136716,-170.318802,4.64454031,-1.36092234,-170.795212,4.49703121,-1.29083478,-170.848007,4.05878592,-1.05403113,-170.906448,4.0280633,-1.28029263,-171.062225,4.25759077,-1.39484715,-170.560806,4.60074711,-1.39849889,-170.115128
360,5.08483839,-1.96789932,-170.310806,4.95564461,-1.78484249,-170.031174,4.97776461,-1.77901351,-170.044159,5.2004137,-2.08738589,-170.531265,5.10156775,-1.98674548,-170.921432,5.05259752,-1.55632699,-171.302994,4.65211964,-1.36677468,-171.776245,4.49944258,-1.29754686,-171.831528,4.05743647,-1.05935454,-171.889679,4.02699757,-1.28055906,-172.043045,4.26318741,-1.39748621,-171.54274,4.60687351,-1.40342224,-171.094467
361,5.09985065,-1.97112811,-171.301361,4.96723938,-1.78810596,-171.021469,4.98741817,-1.78535187,-171.03508,5.20930815,-2.09270382,-171.523483,5.11319256,-1.99318695,-171.910782,5.06313086,-1.56127119,-172.289902,4.6596899,-1.37263525,-172.759964,4.50181198,-1.30427659,-172.81778,4.05612516,-1.06467259,-172.875626,4.02600336,-1.28081894,-173.026459,4.26877403,-1.40011346,-172.527466,4.6129837,-1.40836275,-172.076614
362,5.11484766,-1.97434759,-172.294617,4.97882223,-1.79136193,-172.014481,4.9970727,-1.79170203,-172.028748,5.21817589,-2.09803247,-172.518448,5.12482071,-1.99961042,-172.902863,5.07365322,-1.56620038,-173.279541,4.66725111,-1.37850487,-173.746353,4.50413704,-1.31102252,-173.806763,4.05485058,-1.06998324,-173.864288,4.0250845,-1.28107417,-174.012482,4.27435112,-1.40273094,-173.514984,4.61907768,-1.41331995,-173.061569
363,5.12982893,-1.97755778,-173.290573,4.99039221,-1.79461026,-173.010208,5.00672817,-1.7980634,-173.025146,5.22701788,-2.10337329,-173.516129,5.13645267,-2.00601625,-173.897675,5.08416414,-1.57111382,-174.271912,4.67480183,-1.38438272,-174.735413,4.50641584,-1.31778336,-174.798492,4.05361366,-1.07528484,-174.855667,4.02424479,-1.28132677,-175.001099,4.27991915,-1.40534019,-174.505295,4.62515497,-1.41829336,-174.049316
364,5.14479399,-1.98075902,-174.289215,5.00194979,-1.79785109,-174.008667,5.0163846,-1.80443549,-174.024292,5.23583412,-2.10872602,-174.516541,5.1480875,-2.0124042,-174.895233,5.09466314,-1.57601154,-175.266998,4.68233967,-1.39026868,-175.727142,4.50864553,-1.32455766,-175.792953,4.05241394,-1.08057559,-175.849777,4.02348709,-1.28157854,-175.99231,4.28547907,-1.40794337,-175.498383,4.63121557,-1.4232825,-175.039871
365,5.15974331,-1.98395133,-175.290558,5.01349497,-1.8010844,-175.009842,5.02604198,-1.81081784,-175.026184,5.24462557,-2.11409163,-175.519684,5.15972424,-2.01877356,-175.895538,5.10514927,-1.58089328,-176.264816,4.68986416,-1.39616263,-176.721542,4.5108242,-1.33134425,-176.790161,4.05125141,-1.08585393,-176.846603,4.0228157,-1.28183138,-176.98613,4.29103184,-1.41054237,-176.494263,4.63725805,-1.42828655,-176.033234
366,5.17467642,-1.98713481,-176.294601,5.02502775,-1.80431068,-176.013733,5.03570032,-1.81721008,-176.030823,5.25339222,-2.11947012,-176.525558,5.1713624,-2.02512431,-176.898575,5.11562204,-1.58575881,-177.26535,4.69737291,-1.4020642,-177.718628,4.51294899,-1.3381412,-177.7901,4.05012608,-1.09111798,-177.846146,4.02223444,-1.28208768,-177.982544,4.29657888,-1.41313922,-177.49292,4.64328289,-1.43330503,-177.029404
367,5.18959332,-1.99030972,-177.301331,5.03654814,-1.80752993,-177.020355,5.04535961,-1.82361162,-177.038208,5.26213455,-2.12486124,-177.534164,5.18300009,-2.03145528,-177.904343,5.12608051,-1.59060836,-178.268616,4.70486546,-1.40797353,-178.718384,4.51501894,-1.3449477,-178.79277,4.04903841,-1.09636629,-178.848419,4.02174711,-1.28234935,-178.981567,4.30212021,-1.4157356,-178.494354,4.64928865,-1.43833721,-178.028381
368,5.204494,-1.99347591,-178.31076,5.04805565,-1.8107419,-178.029694,5.05501986,-1.8300215,-178.04834,5.27085304,-2.13026571,-178.545502,5.19463682,-2.0377667,-178.912857,5.13652372,-1.59544158,-179.274612,4.7123394,-1.41389024,-179.72081,4.51702929,-1.35176086,-179.798187,4.04798746,-1.10159647,-179.853409,4.02135706,-1.282619,-179.983185,4.30765867,-1.41833425,-179.498566,4.65527582,-1.44338262,-179.030167
369,5.21937799,-1.99663353,-179.322891,5.05955076,-1.81394684,-179.041748,5.06468153,-1.83643937,-179.061203,5.27954865,-2.13568354,-179.55957,5.20627117,-2.04405761,-179.924118,5.14695072,-1.60025847,-180.283325,4.71979332,-1.41981447,-180.725906,4.51897907,-1.35857964,-180.806351,4.04697418,-1.10680735,-180.86113,4.02106857,-1.28289902,-180.987396,4.31319427,-1.42093682,-180.505554,4.66124392,-1.44844055,-180.03476
370,5.2342453,-1.99978292,-180.337708,5.07103348,-1.81714499,-180.056534,5.07434416,-1.84286487,-180.076813,5.28822136,-2.14111519,-180.57637,5.21790266,-2.05032802,-180.938126,5.15736055,-1.60505879,-181.294769,4.72722435,-1.42574549,-181.733673,4.52086496,-1.36540222,-181.817245,4.04599857,-1.11199689,-181.871567,4.02088499,-1.28319156,-181.994217,4.31872892,-1.42354548,-181.51532,4.66719246,-1.45351017,-181.04216
371,5.24909592,-2.0029242,-181.355225,5.0825038,-1.82033658,-181.074036,5.08400774,-1.84929764,-181.095169,5.29687166,-2.14656091,-181.595901,5.22953033,-2.05657744,-181.954865,5.16775227,-1.60984182,-182.308945,4.73463106,-1.43168294,-182.74411,4.5226841,-1.37222624,-182.830872,4.04506016,-1.11716318,-182.884735,4.02081013,-1.28349948,-183.003632,4.32426453,-1.42616272,-182.527863,4.67312145,-1.45859098,-182.052368
372,5.26392984,-2.0060575,-182.375443,5.09396172,-1.82352161,-182.094269,5.09367275,-1.85573697,-182.116272,5.30550003,-2.15202045,-182.618164,5.24115276,-2.06280518,-182.97435,5.17812443,-1.61460817,-183.325851,4.74201202,-1.43762708,-183.757202,4.52443409,-1.37904966,-183.847244,4.04415941,-1.12230456,-183.90062,4.0208478,-1.28382552,-184.015656,4.32980251,-1.42879057,-183.543167,4.6790309,-1.46368229,-183.065384
373,5.2787466,-2.00918269,-183.398346,5.10540724,-1.82670009,-183.117218,5.10333872,-1.86218202,-183.140121,5.31410694,-2.15749454,-183.643158,5.25276947,-2.06901145,-183.996582,5.18847656,-1.61935711,-184.34549,4.74936438,-1.44357717,-184.77298,4.52611113,-1.38587022,-184.866348,4.04329681,-1.12741911,-184.919235,4.02100134,-1.28417218,-185.030273,4.33534479,-1.43143129,-184.561249,4.68492126,-1.4687835,-184.081207
374,5.2935462,-2.01230001,-184.42395,5.11684036,-1.82987213,-184.142883,5.11300564,-1.86863244,-184.166718,5.32269287,-2.16298294,-184.670868,5.26437807,-2.07519507,-185.021561,5.19880724,-1.62408876,-185.367859,4.75668669,-1.44953358,-185.791412,4.52771378,-1.39268601,-185.888184,4.04247189,-1.13250506,-185.940567,4.02127457,-1.28454244,-186.047501,4.34089279,-1.43408716,-185.582092,4.69079208,-1.47389388,-185.099838
375,5.30832815,-2.01540923,-185.452255,5.12826109,-1.83303785,-185.17128,5.12267399,-1.87508774,-185.19606,5.33125877,-2.16848612,-185.701309,5.27597952,-2.08135653,-186.049286,5.20911551,-1.62880266,-186.39296,4.76397514,-1.45549512,-186.812515,4.52923775,-1.39949429,-186.912766,4.04168558,-1.13756061,-186.96463,4.02167082,-1.28493905,-187.067337,4.3464489,-1.43676054,-186.605713,4.69664288,-1.47901285,-186.121262
376,5.32309246,-2.01851082,-186.483261,5.13966894,-1.83619726,-186.202393,5.13234377,-1.88154745,-186.228149,5.33980465,-2.17400336,-186.734482,5.28757095,-2.08749413,-187.079742,5.21939993,-1.63349926,-187.420807,4.77122831,-1.46146226,-187.836288,4.53068113,-1.40629268,-187.940079,4.04093742,-1.14258373,-187.991409,4.02219391,-1.28536499,-188.089783,4.35201502,-1.43945384,-187.632095,4.70247412,-1.4841398,-187.145493
377,5.33783913,-2.02160478,-187.516953,5.15106392,-1.83935058,-187.236221,5.1420145,-1.88801062,-187.262985,5.34833097,-2.17953563,-187.770386,5.2991519,-2.09360838,-188.112946,5.22965908,-1.63817799,-188.451385,4.77844381,-1.46743441,-188.862732,4.5320406,-1.41307878,-188.970123,4.04022837,-1.14757288,-189.02092,4.02284718,-1.28582311,-189.114838,4.35759354,-1.44216943,-188.66124,4.70828533,-1.48927414,-188.172531
378,5.35256767,-2.0246911,-188.553345,5.1624465,-1.84249783,-188.272781,5.15168667,-1.89447677,-188.300568,5.3568387,-2.1850822,-188.809006,5.31072044,-2.09969807,-189.148911,5.23989153,-1.64283895,-189.484695,4.78561926,-1.47341168,-189.891846,4.5333128,-1.41984963,-190.002899,4.03955841,-1.1525259,-190.053162,4.02363396,-1.28631663,-190.142517,4.36318684,-1.44490969,-189.69313,4.71407795,-1.49441564,-189.202377
379,5.3672781,-2.02777004,-189.592438,5.1738162,-1.84563923,-189.312057,5.16135979,-1.90094566,-189.340897,5.36532784,-2.19064307,-189.850357,5.32227564,-2.1057632,-190.187622,5.25009584,-1.64748192,-190.520752,4.79275131,-1.47939336,-190.92363,4.53449535,-1.42660248,-191.038406,4.03892851,-1.15744114,-191.08812,4.02455759,-1.28684866,-191.172806,4.36879635,-1.44767678,-190.727783,4.71985245,-1.49956369,-190.235031
380,5.38197041,-2.03084183,-190.634216,5.18517351,-1.84877503,-190.35405,5.17103434,-1.90741682,-190.383972,5.37379885,-2.19621801,-190.89444,5.33381653,-2.11180258,-191.22908,5.26027012,-1.65210688,-191.55954,4.79983759,-1.48537934,-191.958069,4.5355854,-1.43333471,-192.076645,4.03833866,-1.16231668,-192.125809,4.02562094,-1.28742218,-192.205719,4.37442493,-1.45047331,-191.765198,4.7256093,-1.50471795,-191.270477
381,5.39664459,-2.03390622,-191.678696,5.19651794,-1.85190523,-191.398773,5.18071032,-1.91388929,-191.429794,5.38225222,-2.20180702,-191.941254,5.34534121,-2.11781597,-192.273285,5.2704134,-1.65671372,-192.601074,4.80687571,-1.49136961,-192.995178,4.53658056,-1.44004333,-193.117615,4.03778934,-1.16715097,-193.166229,4.02682734,-1.2880404,-193.241257,4.38007498,-1.45330143,-192.805374,4.73134804,-1.5098778,-192.308731
382,5.41130018,-2.03696346,-192.725876,5.20784998,-1.85502982,-192.446213,5.19038725,-1.92036259,-192.478363,5.39068842,-2.2074101,-192.990784,5.35684824,-2.1238029,-193.320236,5.2805233,-1.66130221,-193.64534,4.8138628,-1.49736369,-194.034958,4.53747797,-1.44672561,-194.161316,4.03728151,-1.17194211,-194.209366,4.02817917,-1.2887063,-194.279419,4.38574886,-1.45616329,-193.848297,4.73707008,-1.51504326,-193.349777
383,5.42593718,-2.04001379,-193.775742,5.21916962,-1.85814917,-193.496384,5.20006561,-1.92683637,-193.529694,5.39910793,-2.21302652,-194.043045,5.3683362,-2.12976241,-194.369934,5.29059839,-1.66587257,-194.692352,4.82079649,-1.50336158,-195.077408,4.53827524,-1.45337844,-195.207733,4.03681564,-1.17668855,-195.255234,4.0296793,-1.28942299,-195.320221,4.3914485,-1.45906126,-194.893982,4.74277544,-1.52021396,-194.393616
384,5.4405551,-2.04305696,-194.828308,5.2304759,-1.86126292,-194.549271,5.20974541,-1.93330956,-194.583771,5.40751171,-2.21865702,-195.098038,5.37980366,-2.1356945,-195.422394,5.30063629,-1.67042446,-195.742111,4.82767344,-1.50936294,-196.122513,4.53896999,-1.45999897,-196.256882,4.03639317,-1.18138874,-196.303818,4.03133154,-1.29019356,-196.363663,4.39717674,-1.46199763,-195.942413,4.74846458,-1.52538955,-195.440262
385,5.45515442,-2.04609346,-195.883575,5.24176979,-1.86437178,-195.604889,5.21942616,-1.93978214,-195.640594,5.41589928,-2.22430038,-196.155746,5.3912487,-2.14159799,-196.4776,5.31063557,-1.67495775,-196.794617,4.83449173,-1.51536763,-197.170288,4.53956079,-1.46658421,-197.308746,4.03601456,-1.18604124,-197.355133,4.03313684,-1.29102099,-197.409744,4.40293503,-1.46497416,-196.993607,4.75413895,-1.53057003,-196.4897
386,5.46973419,-2.04912305,-196.941544,5.2530508,-1.86747551,-196.663223,5.22910833,-1.94625306,-196.700165,5.42427158,-2.2299571,-197.216187,5.40267038,-2.14747262,-197.535553,5.32059383,-1.67947245,-197.849869,4.84124804,-1.52137554,-198.220734,4.54004478,-1.47313118,-198.363327,4.03568029,-1.1906445,-198.409164,4.0350976,-1.29190814,-198.458466,4.40872669,-1.46799314,-198.047546,4.759799,-1.53575528,-197.541931
387,5.48429489,-2.05214596,-198.002197,5.26431894,-1.87057424,-197.724274,5.23879194,-1.95272195,-197.762482,5.43262911,-2.23562622,-198.279358,5.41406679,-2.15331769,-198.596268,5.33050919,-1.68396866,-198.907883,4.84793949,-1.52738655,-199.273834,4.54042149,-1.47963727,-199.420624,4.03539228,-1.19519722,-199.465927,4.03721619,-1.29285753,-199.509827,4.41455317,-1.47105646,-199.104233,4.76544523,-1.54094517,-198.596939
388,5.49883604,-2.05516243,-199.065552,5.27557421,-1.87366843,-198.788055,5.24847651,-1.9591887,-198.827545,5.44097185,-2.24130726,-199.345261,5.4254365,-2.159132,-199.659729,5.34037924,-1.6884464,-199.968643,4.85456419,-1.53340065,-200.329605,4.54068947,-1.48609972,-200.480621,4.03515148,-1.19969821,-200.525406,4.03949404,-1.293872,-200.563858,4.42041636,-1.47416604,-200.163666,4.77107811,-1.5461396,-199.654739
389,5.51335764,-2.05817246,-200.131607,5.2868166,-1.87675786,-199.854553,5.2581625,-1.96565199,-199.89537,5.44930029,-2.24700022,-200.413879,5.43677759,-2.16491532,-200.725952,5.35020161,-1.69290578,-201.032166,4.86111927,-1.53941774,-201.388046,4.54084682,-1.49251521,-201.543335,4.03495884,-1.20414627,-201.587601,4.04193306,-1.29495418,-201.620544,4.42631912,-1.47732377,-201.225845,4.77669907,-1.55133891,-200.715332
390,5.52785921,-2.06117606,-201.200348,5.29804611,-1.87984276,-200.923782,5.26784992,-1.97211146,-200.965942,5.45761538,-2.25270462,-201.485229,5.44808817,-2.17066669,-201.794922,5.35997343,-1.69734657,-202.098434,4.86760235,-1.54543781,-202.449158,4.54089355,-1.49888158,-202.608749,4.03481627,-1.20854056,-202.652512,4.04453421,-1.29610622,-202.679886,4.4322629,-1.48053122,-202.290771,4.78230906,-1.55654311,-201.778702
391,5.54234076,-2.06417322,-202.27179,5.30926275,-1.88292313,-201.995728,5.2775383,-1.97856653,-202.039261,5.46591711,-2.25842023,-202.559311,5.45936632,-2.17638588,-202.866653,5.36969233,-1.70176876,-203.167465,4.87401104,-1.55146074,-203.512939,4.54082918,-1.50519621,-203.676865,4.03472519,-1.21288025,-203.720139,4.04729891,-1.29733062,-203.741898,4.43824959,-1.4837898,-203.358429,4.78790808,-1.5617522,-202.844864
392,5.55680227,-2.06716418,-203.345932,5.32046604,-1.88599944,-203.070404,5.28722811,-1.98501682,-203.115326,5.47420549,-2.26414609,-203.636108,5.47061062,-2.18207169,-203.941147,5.37935591,-1.70617259,-204.239258,4.88034248,-1.55748665,-204.579376,4.54065371,-1.51145661,-204.747665,4.03468704,-1.21716464,-204.790482,4.05022717,-1.29862905,-204.80658,4.44428062,-1.48710096,-204.428833,4.79349804,-1.56696653,-203.913803
393,5.57124329,-2.07014894,-204.42276,5.33165646,-1.88907158,-204.147797,5.29691935,-1.99146152,-204.194138,5.48248148,-2.26988173,-204.715637,5.48181868,-2.1877234,-205.018387,5.38896084,-1.71055818,-205.313828,4.88659525,-1.56351578,-205.648483,4.5403676,-1.5176605,-205.821152,4.03470373,-1.22139311,-205.863541,4.05332041,-1.30000353,-205.873947,4.45035791,-1.490466,-205.501984,4.79907942,-1.57218635,-204.985519
394,5.5856638,-2.07312751,-205.502289,5.342834,-1.89213967,-205.227921,5.30661201,-1.99790013,-205.275711,5.49074507,-2.27562666,-205.797897,5.49298906,-2.19334054,-206.098389,5.39850521,-1.71492577,-206.391159,4.89276695,-1.56954801,-206.720276,4.53997135,-1.52380586,-206.897324,4.03477669,-1.22556555,-206.939316,4.05657864,-1.3014555,-206.944,4.45648241,-1.49388623,-206.577881,4.80465317,-1.57741177,-206.059998
395,5.60006332,-2.07610011,-206.584518,5.35399818,-1.89520407,-206.31076,5.31630611,-2.00433207,-206.360031,5.49899673,-2.28138041,-206.882874,5.50411987,-2.19892216,-207.181152,5.40798521,-1.71927524,-207.471252,4.89885521,-1.57558358,-207.794739,4.53946638,-1.52989089,-207.976181,4.03490925,-1.22968173,-208.017792,4.06000185,-1.30298662,-208.016739,4.46265602,-1.49736249,-207.656525,4.81021929,-1.58264267,-207.137253
396,5.61444187,-2.07906675,-207.669449,5.36514902,-1.89826465,-207.396332,5.32600164,-2.01075649,-207.447098,5.50723648,-2.28714228,-207.970581,5.51520824,-2.20446777,-208.266678,5.4173975,-1.72360682,-208.554123,4.90485859,-1.58162284,-208.871872,4.53885508,-1.53591394,-209.057709,4.03510237,-1.23374176,-209.098969,4.06359005,-1.30459762,-209.092178,4.46887922,-1.50089598,-208.7379,4.81577826,-1.58787954,-208.217285
397,5.62879944,-2.08202744,-208.757065,5.37628698,-1.90132177,-208.484619,5.3356986,-2.01717329,-208.536926,5.51546478,-2.29291201,-209.06102,5.5262537,-2.20997643,-209.354965,5.42673969,-1.72792053,-209.639771,4.91077471,-1.58766568,-209.951675,4.53813839,-1.54187357,-210.141907,4.03535891,-1.23774576,-210.182861,4.06734228,-1.30628932,-210.170303,4.47515345,-1.50448716,-209.822021,4.8213315,-1.59312272,-209.300095
398,5.64313555,-2.0849824,-209.847382,5.38741159,-1.90437543,-209.575638,5.34539652,-2.02358174,-209.629501,5.52368212,-2.29868841,-210.154175,5.5372529,-2.21544695,-210.446014,5.4360075,-1.73221695,-210.728195,4.91660261,-1.59371269,-211.034164,4.53731966,-1.54776847,-211.228775,4.03568077,-1.24169421,-211.269455,4.07125759,-1.3080622,-211.251144,4.48147964,-1.50813663,-210.908875,4.82687998,-1.5983727,-210.385666
399,5.65745068,-2.08793187,-210.940399,5.39852285,-1.907426,-210.669373,5.35509586,-2.02998137,-210.724838,5.53188848,-2.30447054,-211.250061,5.54820395,-2.2208786,-211.539825,5.44519758,-1.73649621,-211.819397,4.92234039,-1.59976435,-212.119324,4.53640175,-1.55359757,-212.318298,4.03607082,-1.24558747,-212.358749,4.0753355,-1.30991673,-212.334686,4.48785782,-1.51184499,-211.998474,4.83242369,-1.60362959,-211.473999
400,5.67174387,-2.09087563,-212.036118,5.40962076,-1.91047335,-211.765823,5.36479664,-2.03637147,-211.822922,5.54008484,-2.31025863,-212.348679,5.55910492,-2.22627139,-212.636398,5.4543066,-1.7407583,-212.913376,4.9279871,-1.60582066,-213.207169,4.53538847,-1.5593605,-213.410477,4.03653145,-1.2494266,-213.450729,4.07957458,-1.31185281,-213.420944,4.49428892,-1.51561236,-213.090805,4.8379631,-1.60889339,-212.565109
401,5.68601513,-2.09381366,-213.134521,5.42070532,-1.91351759,-212.865005,5.37449884,-2.04275107,-212.923752,5.5482707,-2.31605196,-213.450027,5.56995392,-2.23162436,-213.735748,5.46332979,-1.74500334,-214.010147,4.93354034,-1.61188197,-214.297699,4.53428316,-1.56505632,-214.50531,4.03706598,-1.25321221,-214.54541,4.08397293,-1.31387031,-214.509918,4.50077295,-1.5194391,-214.185883,4.84349918,-1.61416495,-213.658981
402,5.70026445,-2.09674644,-214.235626,5.43177652,-1.91655958,-213.966919,5.38420248,-2.04912043,-214.027344,5.55644608,-2.32184887,-214.554092,5.58074808,-2.23693562,-214.83786,5.47226381,-1.74923217,-215.109711,4.93899965,-1.61794901,-215.390915,4.53309059,-1.57068491,-215.602783,4.03767729,-1.25694561,-215.642776,4.08852959,-1.31596851,-215.601624,4.50731087,-1.52332544,-215.283691,4.84903193,-1.61944401,-214.755615
403,5.71449137,-2.09967375,-215.339432,5.4428339,-1.9195987,-215.071548,5.39390755,-2.0554781,-215.133682,5.56461191,-2.32764959,-215.660889,5.5914855,-2.24220562,-215.942734,5.48110485,-1.75344479,-216.212067,4.94436359,-1.62402201,-216.486832,4.53181505,-1.57624626,-216.702896,4.03836775,-1.2606281,-216.742844,4.09324169,-1.31814647,-216.696045,4.51390171,-1.52727091,-216.384247,4.85456276,-1.62473142,-215.854996
404,5.72869635,-2.10259581,-216.445923,5.45387793,-1.92263544,-216.178909,5.40361404,-2.06182408,-216.242783,5.57276773,-2.33345222,-216.770416,5.60216331,-2.24743247,-217.050385,5.48984814,-1.75764203,-217.317215,4.94963121,-1.63010192,-217.585434,4.53046227,-1.5817405,-217.805649,4.03914118,-1.26426113,-217.845596,4.09810734,-1.32040334,-217.793198,4.52054644,-1.53127575,-217.487534,4.86009169,-1.63002706,-216.957138
405,5.74287844,-2.10551262,-217.555115,5.4649086,-1.92566979,-217.288986,5.41332197,-2.06815767,-217.35463,5.58091402,-2.33925676,-217.882675,5.61277962,-2.25261593,-218.160797,5.4984889,-1.76182401,-218.425156,4.95480108,-1.63618886,-218.686737,4.52903795,-1.58716798,-218.911026,4.04000092,-1.26784623,-218.951035,4.10312462,-1.32273805,-218.893082,4.52724457,-1.53533947,-218.593552,4.86561823,-1.63533115,-218.062042
406,5.75703764,-2.10842443,-218.667007,5.47592545,-1.92870224,-218.401794,5.42303133,-2.07447839,-218.469238,5.58905125,-2.34506178,-218.99765,5.62333155,-2.25775456,-219.273972,5.50702333,-1.76599121,-219.535904,4.95987225,-1.64228368,-219.790726,4.52754831,-1.59252954,-220.019028,4.0409503,-1.27138519,-220.059143,4.10829115,-1.32514882,-219.995712,4.53399563,-1.53946161,-219.702301,4.87114334,-1.64064395,-219.169708
407,5.77117395,-2.11133122,-219.781601,5.48692846,-1.93173254,-219.517334,5.4327426,-2.08078527,-219.586609,5.59717894,-2.35086679,-220.115356,5.6338172,-2.26284838,-220.389923,5.51544619,-1.7701441,-220.649445,4.96484327,-1.64838672,-220.89743,4.52599907,-1.597826,-221.129654,4.04199219,-1.27488005,-221.169937,4.11360312,-1.32763374,-221.101074,4.54079914,-1.54364157,-220.813797,4.87666798,-1.64596629,-220.280121
408,5.7852869,-2.11423302,-220.898895,5.49791765,-1.93476105,-220.63559,5.44245529,-2.08707786,-220.706726,5.60529757,-2.35667109,-221.235794,5.64423323,-2.26789594,-221.508636,5.52375269,-1.77428329,-221.765793,4.96971369,-1.65449882,-222.006836,4.52439737,-1.60305834,-222.242889,4.04313135,-1.27833283,-222.283401,4.11905909,-1.3301909,-222.209183,4.54765511,-1.54787898,-221.928024,4.88219166,-1.65129781,-221.393295
409,5.79937649,-2.1171298,-222.018875,5.50889301,-1.93778777,-221.756577,5.45216942,-2.09335542,-221.829605,5.61340761,-2.36247349,-222.358963,5.65457726,-2.27289653,-222.630127,5.5319376,-1.77840948,-222.884949,4.97448206,-1.66062057,-223.118942,4.52275038,-1.60822773,-223.358734,4.04437113,-1.28174567,-223.399536,4.12465525,-1.33281827,-223.320038,4.55456257,-1.55217314,-223.044983,4.88771486,-1.65663898,-222.509216
410,5.81344223,-2.12002158,-223.141556,5.51985455,-1.94081295,-222.88028,5.46188498,-2.09961748,-222.955231,5.62150812,-2.36827278,-223.484863,5.66484642,-2.27784896,-223.754395,5.53999567,-1.78252327,-224.006912,4.97914791,-1.66675282,-224.233765,4.52106524,-1.61333573,-224.477188,4.04571533,-1.28512084,-224.518341,4.13038969,-1.33551347,-224.433655,4.56152058,-1.5565232,-224.164673,4.89323759,-1.66198981,-223.627899
411,5.82748413,-2.12290859,-224.266937,5.53080225,-1.94383669,-224.006714,5.47160196,-2.10586357,-224.083618,5.62959957,-2.37406802,-224.613495,5.67503834,-2.28275251,-224.881424,5.54792118,-1.78662503,-225.131683,4.98370981,-1.67289603,-225.351303,4.51935053,-1.61838388,-225.598236,4.04716825,-1.28846085,-225.639816,4.13625813,-1.33827376,-225.550018,4.56852913,-1.56092823,-225.287094,4.89876032,-1.66735089,-224.749329
412,5.84150171,-2.12579083,-225.39502,5.54173613,-1.94685936,-225.13588,5.48132038,-2.11209297,-225.214767,5.63768244,-2.37985849,-225.744843,5.68514967,-2.28760624,-226.01123,5.55570889,-1.79071558,-226.259262,4.98816681,-1.67905104,-226.471573,4.51761389,-1.6233741,-226.721893,4.04873371,-1.29176855,-226.763962,4.14225817,-1.3410964,-226.669128,4.5755868,-1.56538725,-226.412247,4.90428305,-1.67272198,-225.873505
413,5.85549498,-2.12866831,-226.525803,5.5526557,-1.94988072,-226.267761,5.49104071,-2.11830497,-226.348663,5.64575624,-2.38564324,-226.878922,5.69517803,-2.29240942,-227.143814,5.56335306,-1.79479539,-227.389664,4.99251747,-1.68521833,-227.594559,4.5158639,-1.62830806,-227.848145,4.05041647,-1.29504621,-227.890762,4.14838648,-1.34397912,-227.791,4.5826931,-1.56989944,-227.540131,4.90980577,-1.67810321,-227.000427
414,5.86946344,-2.13154125,-227.659271,5.56356096,-1.95290112,-227.402374,5.50076246,-2.12449884,-227.485321,5.65382099,-2.3914206,-228.015732,5.70511961,-2.29716063,-228.279175,5.57084751,-1.7988658,-228.522873,4.99676085,-1.69139886,-228.720276,4.51410961,-1.63318777,-228.976974,4.05222034,-1.29829645,-229.020218,4.1546402,-1.34691894,-228.915619,4.58984661,-1.57446384,-228.670746,4.9153285,-1.68349481,-228.130096
415,5.88340759,-2.13440967,-228.795441,5.57445192,-1.95592082,-228.539719,5.51048565,-2.13067436,-228.624725,5.66187668,-2.39718986,-229.155273,5.71497202,-2.3018589,-229.417297,5.57818651,-1.80292702,-229.658905,5.0008955,-1.69759321,-229.848724,4.51235962,-1.63801539,-230.108398,4.05414915,-1.30152225,-230.152328,4.16101551,-1.34991229,-230.042999,4.59704733,-1.57907915,-229.804092,4.92085171,-1.68889737,-229.262512
416,5.89732647,-2.13727355,-229.934311,5.58532858,-1.95893979,-229.679779,5.52021027,-2.13683057,-229.766891,5.66992331,-2.40294981,-230.297546,5.72473192,-2.30650353,-230.558197,5.58536386,-1.80698013,-230.79776,5.00492096,-1.70380223,-230.979919,4.51062393,-1.6427933,-231.242416,4.05620813,-1.30472684,-231.287094,4.16750956,-1.35295606,-231.173141,4.60429335,-1.58374429,-230.94017,4.92637539,-1.69431055,-230.39769
417,5.91122007,-2.1401329,-231.075882,5.59619093,-1.96195853,-230.822571,5.52993679,-2.14296722,-230.911819,5.6779604,-2.4086988,-231.442551,5.73439598,-2.31109285,-231.701874,5.59237337,-1.81102622,-231.939423,5.00883532,-1.71002662,-232.113861,4.50891161,-1.64752376,-232.379013,4.05840111,-1.30791283,-232.4245,4.17411947,-1.35604751,-232.306046,4.61158371,-1.58845806,-232.078979,4.93189907,-1.69973457,-231.535614
418,5.92508793,-2.14298797,-232.220154,5.6070385,-1.96497667,-231.968079,5.53966475,-2.14908314,-232.059509,5.68598795,-2.4144361,-232.590286,5.74396086,-2.31562638,-232.848328,5.59920931,-1.81506598,-233.083908,5.01263809,-1.71626699,-233.250549,4.50723219,-1.65220904,-233.518204,4.06073236,-1.31108296,-233.56456,4.18084097,-1.35918319,-233.441711,4.61891747,-1.59321916,-233.22052,4.93742371,-1.7051698,-232.67627
419,5.93893003,-2.1458385,-233.367126,5.61787176,-1.96799457,-233.116318,5.54939413,-2.15517783,-233.209946,5.69400597,-2.42016006,-233.740753,5.75342321,-2.32010293,-233.997559,5.60586452,-1.81910062,-234.231216,5.01632738,-1.72252405,-234.389984,4.50559616,-1.65685165,-234.659973,4.0632062,-1.31424046,-234.70726,4.18767214,-1.36236036,-234.580124,4.62629366,-1.59802663,-234.364777,4.94294882,-1.71061587,-233.819672
420,5.95274591,-2.14868474,-234.516785,5.62869024,-1.97101235,-234.267288,5.55912542,-2.16125083,-234.363144,5.70201397,-2.42586946,-234.893951,5.76277971,-2.3245213,-235.149567,5.6123333,-1.82313108,-235.381348,5.01990271,-1.72879863,-235.532181,4.50401306,-1.6614542,-235.804321,4.06582689,-1.31738853,-235.8526,4.19460869,-1.36557496,-235.721298,4.63371086,-1.60287893,-235.511765,4.94847441,-1.71607351,-234.96582
421,5.96653557,-2.15152669,-235.669144,5.63949347,-1.97403026,-235.42099,5.56885815,-2.16730118,-235.519104,5.71001196,-2.4315629,-236.049896,5.77202749,-2.32888031,-236.304337,5.61860991,-1.82715845,-236.534302,5.02336264,-1.73509121,-236.677139,4.5024929,-1.6660192,-236.951248,4.06859827,-1.32053006,-237.00058,4.20164824,-1.36882424,-236.865234,4.64116812,-1.60777485,-236.661484,4.95400047,-1.72154236,-236.114716
422,5.98029852,-2.15436435,-236.824203,5.65028191,-1.97704828,-236.577423,5.5785923,-2.1733284,-236.677826,5.71799994,-2.43723941,-237.208557,5.78116274,-2.33317924,-237.461884,5.62468767,-1.83118355,-237.690063,5.02670574,-1.74140239,-237.824875,4.5010457,-1.67054927,-238.100769,4.07152462,-1.32366812,-238.151184,4.20878696,-1.37210453,-238.011932,4.648664,-1.61271298,-237.813919,4.95952749,-1.72702289,-237.266357
423,5.99403477,-2.15719795,-237.981964,5.66105556,-1.98006654,-237.736572,5.58832836,-2.17933154,-237.83931,5.72597742,-2.44289708,-238.369965,5.79018211,-2.33741689,-238.622208,5.63056087,-1.83520782,-238.848648,5.02993155,-1.74773288,-238.975372,4.49968195,-1.67504668,-239.252869,4.0746088,-1.32680571,-239.304428,4.21602249,-1.3754133,-239.161392,4.65619755,-1.61769211,-238.969086,4.96505547,-1.73251486,-238.420731
424,6.00774336,-2.16002727,-239.142426,5.67181396,-1.9830848,-238.898453,5.59806585,-2.18530965,-239.00354,5.73394442,-2.4485352,-239.534103,5.79908323,-2.34159327,-239.785309,5.63622475,-1.83923197,-240.010056,5.03303909,-1.75408304,-240.128662,4.4984107,-1.67951477,-240.407547,4.07785416,-1.32994604,-240.460297,4.223351,-1.37874651,-240.313614,4.66376686,-1.62271059,-240.126968,4.97058392,-1.73801839,-239.57785
425,6.02142477,-2.16285276,-240.305588,5.68255711,-1.98610389,-240.063065,5.60780478,-2.19126272,-240.170532,5.74190044,-2.45415163,-240.700974,5.80786228,-2.34570622,-240.951187,5.64167356,-1.84325743,-241.174271,5.03602839,-1.76045346,-241.284729,4.49724245,-1.68395591,-241.564804,4.0812645,-1.33309209,-241.61879,4.23077011,-1.38210154,-241.468597,4.67137098,-1.62776709,-241.287567,4.97611237,-1.74353337,-240.737717
426,6.03507853,-2.16567421,-241.471451,5.69328499,-1.98912358,-241.230392,5.6175456,-2.19718981,-241.340286,5.74984503,-2.45974493,-241.870575,5.8165164,-2.34975505,-242.119843,5.64690208,-1.84728551,-242.341309,5.03889847,-1.76684475,-242.443588,4.49618721,-1.68837285,-242.724655,4.08484268,-1.33624685,-242.779907,4.23827648,-1.38547516,-242.626328,4.67900801,-1.6328603,-242.450897,4.98164129,-1.7490598,-241.900314
427,6.04870462,-2.16849184,-242.640015,5.70399761,-1.99214423,-242.400452,5.62728786,-2.20309043,-242.512802,5.75777864,-2.46531415,-243.042908,5.8250432,-2.35373926,-243.291275,5.65190697,-1.85131705,-243.511154,5.04164934,-1.77325702,-243.605255,4.49525309,-1.69276822,-243.8871,4.08858967,-1.33941293,-243.943649,4.24586678,-1.38886452,-243.786819,4.68667698,-1.63798869,-243.616943,4.9871707,-1.75459778,-243.065659
428,6.06230259,-2.17130542,-243.811279,5.7146945,-1.99516606,-243.573242,5.63703203,-2.20896363,-243.68808,5.76570034,-2.47085738,-244.217972,5.83343935,-2.35765743,-244.465485,5.65668344,-1.85535383,-244.683807,5.04428101,-1.77969098,-244.769714,4.49445009,-1.69714475,-245.052124,4.09250784,-1.34259319,-245.110016,4.25353861,-1.39226675,-244.950058,4.69437647,-1.64315069,-244.785706,4.9927001,-1.76014709,-244.233749
429,6.07587194,-2.17411518,-244.985245,5.72537613,-1.99818897,-244.748764,5.64677763,-2.21480894,-244.866119,5.77361059,-2.47637367,-245.395782,5.84170294,-2.36150956,-245.642471,5.66122818,-1.8593967,-245.859268,5.04679394,-1.78614676,-245.936981,4.49378633,-1.70150506,-246.219742,4.09659863,-1.34579039,-246.278992,4.26128864,-1.39567876,-246.116058,4.70210457,-1.64834499,-245.957184,4.99822998,-1.76570821,-245.404572
430,6.08941269,-2.17692113,-246.161911,5.73604202,-2.00121307,-245.927017,5.65652514,-2.2206254,-246.046921,5.7815094,-2.48186159,-246.576324,5.84983158,-2.36529517,-246.82222,5.66553974,-1.86344671,-247.037521,5.04918909,-1.79262459,-247.107071,4.49326944,-1.70585191,-247.389969,4.10086298,-1.34900701,-247.450592,4.26911402,-1.39909804,-247.284805,4.70985985,-1.65356994,-247.131378,5.00375986,-1.77128065,-246.57814
431,6.10292435,-2.17972326,-247.341278,5.74669218,-2.00423837,-247.108002,5.66627502,-2.2264123,-247.230469,5.78939629,-2.48731995,-247.759598,5.85782337,-2.36901402,-248.004745,5.66961527,-1.86750531,-248.218582,5.05146742,-1.79912472,-248.279968,4.49290705,-1.71018755,-248.562805,4.10530043,-1.35224509,-248.624802,4.27701235,-1.40252244,-248.456299,4.71764088,-1.65882432,-248.308289,5.00928974,-1.77686429,-247.75444
432,6.11640739,-2.18252182,-248.523346,5.7573266,-2.00726533,-248.291718,5.67602634,-2.23216915,-248.416794,5.79727173,-2.49274731,-248.945602,5.86567688,-2.37266541,-249.190048,5.67345428,-1.87157357,-249.402435,5.05363035,-1.80564725,-249.455688,4.49270535,-1.71451449,-249.738251,4.10991096,-1.3555069,-249.80162,4.2849803,-1.40594959,-249.630554,4.72544622,-1.66410661,-249.4879,5.01481962,-1.78245926,-248.933487
433,6.12986088,-2.1853168,-249.708115,5.76794529,-2.01029396,-249.478149,5.68578005,-2.23789549,-249.605865,5.80513525,-2.49814248,-250.134354,5.8733902,-2.37624931,-250.378113,5.67705584,-1.87565255,-250.589066,5.0556798,-1.81219232,-250.634232,4.49267101,-1.71883535,-250.916306,4.11469364,-1.35879457,-250.981064,4.293015,-1.4093771,-250.807556,4.73327398,-1.66941535,-250.670227,5.02034903,-1.78806531,-250.115265
434,6.1432848,-2.18810821,-250.895584,5.77854824,-2.01332474,-250.667313,5.69553566,-2.24359059,-250.797714,5.81298685,-2.50350428,-251.325836,5.88096285,-2.37976551,-251.568939,5.68042088,-1.8797437,-251.778488,5.05761766,-1.81875992,-251.815598,4.49280882,-1.7231524,-252.096985,4.1196475,-1.3621099,-252.163116,4.30111361,-1.4128027,-251.987305,4.74112272,-1.6747489,-251.85527,5.02587843,-1.79368269,-251.299774
435,6.15667915,-2.19089603,-252.085739,5.78913546,-2.01635766,-251.859207,5.70529318,-2.24925351,-251.99231,5.82082653,-2.5088315,-252.52005,5.8883934,-2.38321424,-252.762543,5.68354988,-1.88384819,-252.970688,5.05944681,-1.82535028,-252.999786,4.49312401,-1.72746766,-253.280289,4.12477016,-1.3654542,-253.347778,4.3092742,-1.41622508,-253.169785,4.74899101,-1.68010616,-253.04303,5.03140736,-1.79931104,-252.48703
436,6.17004347,-2.19368076,-253.27861,5.79970646,-2.01939321,-253.053833,5.71505308,-2.25488424,-253.189667,5.82865477,-2.51412296,-253.71701,5.89568233,-2.38659525,-253.958908,5.68644476,-1.88796699,-254.165649,5.06116915,-1.83196294,-254.186813,4.49361944,-1.73178339,-254.466217,4.13005972,-1.36882913,-254.535049,4.31749344,-1.41964257,-254.355011,4.75687695,-1.6854856,-254.23349,5.03693533,-1.80495,-253.677017
437,6.18337727,-2.19646215,-254.474182,5.81026173,-2.02243114,-254.25119,5.72481585,-2.26048183,-254.389786,5.83647203,-2.51937819,-254.916702,5.90282917,-2.38990974,-255.158035,5.68910885,-1.89210093,-255.363388,5.06278801,-1.83859813,-255.376678,4.49429846,-1.73610175,-255.654785,4.13551283,-1.37223589,-255.724945,4.32576895,-1.4230535,-255.542984,4.76477909,-1.69088578,-255.426666,5.04246235,-1.81059957,-254.869751
438,6.19668102,-2.19924021,-255.672455,5.82080078,-2.02547169,-255.451279,5.73458099,-2.26604557,-255.592667,5.84427834,-2.52459598,-256.119141,5.90983438,-2.3931582,-256.359924,5.69154501,-1.89625132,-256.563873,5.06430721,-1.84525573,-256.569366,4.49516296,-1.74042451,-256.846008,4.14112616,-1.37567532,-256.91745,4.33409786,-1.42645621,-256.733704,4.77269602,-1.69630539,-256.622559,5.04798889,-1.81625998,-256.065216
439,6.20995426,-2.2020154,-256.873413,5.8313241,-2.02851534,-256.654114,5.74434853,-2.27157521,-256.798309,5.85207367,-2.52977538,-257.32431,5.91669798,-2.39634037,-257.564575,5.69375753,-1.90041935,-257.76712,5.06573057,-1.85193574,-257.764893,4.49621439,-1.74475348,-258.039856,4.14689636,-1.37914813,-258.112579,4.34247828,-1.42985022,-257.927155,4.7806263,-1.70174325,-257.821136,5.053514,-1.82193053,-257.263428
440,6.22319651,-2.20478749,-258.077087,5.84183168,-2.03156209,-257.85965,5.7541194,-2.27706981,-258.006714,5.85985899,-2.53491616,-258.532227,5.92342138,-2.39945817,-258.772003,5.69575167,-1.90460551,-258.973114,5.06706095,-1.85863745,-258.963257,4.49745321,-1.74909055,-259.236359,4.15281868,-1.38265502,-259.310303,4.35090685,-1.43323374,-259.123352,4.78856802,-1.7071979,-259.02243,5.05903864,-1.82761168,-258.464355
441,6.23640776,-2.20755672,-259.283478,5.85232353,-2.03461242,-259.067932,5.76389313,-2.28252912,-259.217896,5.8676343,-2.54001737,-259.742859,5.93000603,-2.40251184,-259.982178,5.69753265,-1.90881085,-260.181854,5.06830406,-1.86536121,-260.164459,4.49887848,-1.75343728,-260.435547,4.15888929,-1.38619626,-260.510651,4.35938168,-1.43660653,-260.322296,4.79652023,-1.71266818,-260.22641,5.06456089,-1.83330226,-259.66803
442,6.24958849,-2.21032333,-260.492554,5.86279964,-2.0376668,-260.278961,5.77366972,-2.28795338,-260.431824,5.87539959,-2.5450778,-260.956238,5.93645191,-2.40550137,-261.195099,5.69910526,-1.91303658,-261.393341,5.0694623,-1.87210667,-261.3685,4.50049114,-1.75779521,-261.63739,4.16510391,-1.3897723,-261.713623,4.36790037,-1.43996775,-261.523956,4.80448103,-1.71815288,-261.433105,5.07008171,-1.83900285,-260.874451
443,6.26273775,-2.21308708,-261.704346,5.87326002,-2.04072523,-261.492706,5.78344965,-2.29334116,-261.648529,5.8831563,-2.5500977,-262.172363,5.94276142,-2.40842891,-262.410797,5.70047665,-1.91728365,-262.607544,5.0705409,-1.87887359,-262.575348,4.50228834,-1.76216495,-262.841919,4.17145634,-1.39338219,-262.91922,4.37646055,-1.44331682,-262.728363,4.81244898,-1.72365105,-262.642517,5.07560205,-1.84471381,-262.083588
444,6.27585554,-2.21584845,-262.918823,5.88370466,-2.04378796,-262.709198,5.79323339,-2.29869223,-262.867981,5.89090443,-2.55507636,-263.391235,5.94893599,-2.41129541,-263.629242,5.70165253,-1.92155242,-263.824493,5.07154417,-1.8856616,-263.785034,4.50426817,-1.76654792,-264.049133,4.17794275,-1.39702642,-264.127441,4.38506031,-1.44665372,-263.935516,4.8204236,-1.72916186,-263.854614,5.08112049,-1.8504343,-263.295471
445,6.28894186,-2.21860766,-264.136017,5.89413357,-2.04685545,-263.928406,5.80302048,-2.30400681,-264.09021,5.89864397,-2.56001282,-264.612823,5.95497751,-2.41410136,-264.850433,5.7026391,-1.92584372,-265.044159,5.07247543,-1.89247048,-264.997559,4.50642872,-1.77094567,-265.259033,4.18455887,-1.40070486,-265.338287,4.39369726,-1.44997787,-265.145416,4.828403,-1.73468375,-265.069427,5.08663702,-1.8561641,-264.510101
446,6.30199623,-2.22136474,-265.355927,5.90454721,-2.04992795,-265.15036,5.81281137,-2.30928373,-265.315186,5.90637589,-2.56490731,-265.837158,5.96088839,-2.41684866,-266.074371,5.70344496,-1.9301585,-266.266541,5.07334089,-1.89930022,-266.212891,4.50876665,-1.77535868,-266.471619,4.19129801,-1.40441668,-266.551758,4.4023695,-1.45328939,-266.358032,4.8363862,-1.7402159,-266.286926,5.09215212,-1.86190307,-265.727448
447,6.31501913,-2.22411942,-266.578522,5.91494513,-2.0530057,-266.375031,5.82260609,-2.31452298,-266.542938,5.91410065,-2.56975937,-267.06424,5.96667004,-2.41953802,-267.301056,5.70407534,-1.93449724,-267.491638,5.07414293,-1.90614998,-267.431061,4.51127958,-1.77978837,-267.68689,4.19815731,-1.40816212,-267.767853,4.41107559,-1.45658791,-267.573395,4.8443718,-1.74575734,-267.507111,5.09766483,-1.86765099,-266.94754
448,6.32800961,-2.22687221,-267.803833,5.9253273,-2.05608892,-267.602448,5.83240509,-2.31972361,-267.773468,5.92181921,-2.57456875,-268.294037,5.97232437,-2.42217135,-268.530487,5.70453835,-1.93886101,-268.719452,5.0748868,-1.91302001,-268.652039,4.5139637,-1.78423488,-268.904877,4.20513058,-1.41193962,-268.986603,4.41981268,-1.4598738,-268.791504,4.85235882,-1.75130725,-268.730011,5.10317612,-1.8734082,-268.170349
449,6.34096766,-2.22962308,-269.03183,5.93569422,-2.05917811,-268.832581,5.84220839,-2.32488585,-269.006744,5.92953157,-2.57933497,-269.526581,5.97785378,-2.42474937,-269.762665,5.70484114,-1.9432503,-269.949951,5.07557631,-1.91990995,-269.875854,4.51681519,-1.78869867,-270.125549,4.21221256,-1.41574848,-270.207977,4.42857933,-1.46314752,-270.01236,4.86034679,-1.75686502,-269.955597,5.10868597,-1.87917423,-269.395905
450,6.35389376,-2.23237252,-270.262543,5.94604588,-2.06227374,-270.06546,5.85201597,-2.3300097,-270.242798,5.93723774,-2.58405733,-270.761871,5.98326015,-2.4272728,-270.997589,5.70499039,-1.94766569,-271.183167,5.07621527,-1.92681932,-271.102478,4.51983023,-1.79318106,-271.348938,4.21939993,-1.41958869,-271.432007,4.43737459,-1.46640909,-271.235931,4.86833429,-1.76242948,-271.183899,5.11419344,-1.88494849,-270.624207
451,6.36678696,-2.23512006,-271.495972,5.9563818,-2.06537533,-271.301086,5.86182785,-2.3350935,-271.481598,5.94493914,-2.5887363,-271.999908,5.98854589,-2.42974424,-272.23526,5.70499325,-1.95210791,-272.419098,5.07680798,-1.93374813,-272.331909,4.52300501,-1.79768181,-272.575043,4.22668743,-1.4234587,-272.658691,4.44619608,-1.46965957,-272.46225,4.87632132,-1.76800036,-272.414886,5.11969852,-1.89073074,-271.855255
452,6.37964773,-2.2378664,-272.732086,5.96670246,-2.06848407,-272.539429,5.8716445,-2.3401382,-272.723175,5.95263577,-2.59337163,-273.240692,5.99371338,-2.43216443,-273.475677,5.7048564,-1.95657706,-273.657715,5.07735825,-1.94069552,-273.564148,4.52633429,-1.80220163,-273.803864,4.23407078,-1.42735779,-273.888,4.45504189,-1.47289801,-273.691315,4.88430643,-1.77357638,-273.64856,5.12520266,-1.89652216,-273.08902
453,6.39247513,-2.24061131,-273.970917,5.97700787,-2.07159996,-273.780518,5.88146591,-2.34514284,-273.967499,5.96032763,-2.59796309,-274.484222,5.99876451,-2.43453455,-274.718842,5.70458698,-1.96107399,-274.899017,5.07786942,-1.94766176,-274.799194,4.5298152,-1.80674183,-275.0354,4.24154663,-1.43128598,-275.119965,4.46391058,-1.47612453,-274.923126,4.89228773,-1.77915633,-274.884949,5.13070488,-1.9023217,-274.325531
454,6.40526962,-2.24335527,-275.212463,5.98729801,-2.07472372,-275.024353,5.89129162,-2.35010767,-275.2146,5.96801519,-2.60251045,-275.730469,6.00370121,-2.43685532,-275.964722,5.70419168,-1.96559894,-276.143005,5.07834482,-1.95464635,-276.037048,4.53344345,-1.81130183,-276.269653,4.2491107,-1.43524158,-276.354584,4.47280121,-1.47934079,-276.157654,4.90026569,-1.78474009,-276.124023,5.13620567,-1.90812922,-275.564758
455,6.41803074,-2.24609828,-276.456696,5.9975729,-2.07785511,-276.270905,5.90112257,-2.35503173,-276.464447,5.97569942,-2.6070137,-276.979462,6.00852585,-2.43912888,-277.213348,5.70367718,-1.97015262,-277.389679,5.07878876,-1.96164918,-277.277679,4.5372138,-1.81588137,-277.506653,4.25675774,-1.43922317,-277.591858,4.48171186,-1.48254693,-277.394928,4.90823984,-1.79032743,-277.365784,5.14170504,-1.91394508,-276.806732
456,6.43075848,-2.24884057,-277.703644,6.00783253,-2.08099484,-277.520203,5.91095829,-2.35991549,-277.717072,5.98337984,-2.61147261,-278.231201,6.01323986,-2.44135571,-278.464722,5.70304918,-1.97473526,-278.639038,5.07920313,-1.96866953,-278.521118,4.54112339,-1.82048082,-278.746368,4.26448536,-1.44323027,-278.831787,4.49064112,-1.48574388,-278.634949,4.9162097,-1.79591763,-278.610229,5.14720297,-1.91976893,-278.051422
457,6.44345236,-2.25158215,-278.953308,6.0180769,-2.08414292,-278.772247,5.92079878,-2.36475825,-278.972443,5.99105787,-2.6158874,-279.485687,6.01784611,-2.44353795,-279.718811,5.7023139,-1.97934699,-279.891083,5.07959175,-1.97570729,-279.767365,4.54516697,-1.82510042,-279.9888,4.27228928,-1.44726169,-280.074371,4.49958801,-1.48893237,-279.877716,4.92417431,-1.80150986,-279.857391,5.15269947,-1.92560017,-279.298859
458,6.45611238,-2.25432324,-280.205688,6.02830648,-2.08730006,-280.027008,5.93064404,-2.36955976,-280.230591,5.99873304,-2.62025809,-280.74292,6.02234602,-2.44567609,-280.975647,5.701478,-1.9839884,-281.145813,5.07995796,-1.98276246,-281.016388,4.54934072,-1.82974076,-281.233978,4.28016663,-1.45131695,-281.319641,4.5085516,-1.49211228,-281.12323,4.9321332,-1.80710351,-281.107239,5.15819407,-1.93143892,-280.549042
459,6.46873856,-2.2570641,-281.460754,6.03852081,-2.0904665,-281.284515,5.94049406,-2.37432003,-281.491516,6.00640583,-2.6245842,-282.002869,6.0267415,-2.44777203,-282.235199,5.70054626,-1.98865962,-282.403229,5.08030367,-1.98983395,-282.268188,4.55364084,-1.83440208,-282.481903,4.28811502,-1.45539534,-282.567566,4.51752996,-1.49528408,-282.37149,4.94008541,-1.81269765,-282.359772,5.16368818,-1.93728542,-281.801941
460,6.48133039,-2.25980496,-282.718536,6.04872036,-2.09364271,-282.544769,5.95034933,-2.37903857,-282.755188,6.01407623,-2.62886572,-283.265564,6.03103399,-2.44982576,-283.497467,5.69952536,-1.99336135,-283.66333,5.08063173,-1.99692225,-283.522766,4.55806303,-1.83908355,-283.732544,4.29613066,-1.45949507,-283.818146,4.52652216,-1.49844968,-283.622467,4.94803143,-1.8182925,-283.61499,5.16918087,-1.94313908,-283.057587
461,6.49388742,-2.26254582,-283.979034,6.05890417,-2.09682822,-283.807739,5.96020937,-2.38371468,-284.021637,6.0217452,-2.63310313,-284.531006,6.03522539,-2.45183992,-284.762482,5.69841957,-1.99809361,-284.926117,5.08094501,-2.00402689,-284.780151,4.56260395,-1.84378588,-284.985931,4.30421066,-1.46361554,-285.071411,4.53552723,-1.50160849,-284.87619,4.95597029,-1.82388687,-284.872925,5.17467308,-1.94900024,-284.315948
462,6.50640965,-2.26528668,-285.242249,6.0690732,-2.10002446,-285.073456,5.97007418,-2.38834906,-285.290833,6.02941227,-2.63729596,-285.799194,6.03931761,-2.45381427,-286.030212,5.69723463,-2.00285673,-286.191559,5.0812459,-2.01114726,-286.040314,4.56726027,-1.84850883,-286.242065,4.31235266,-1.46775603,-286.327362,4.54454374,-1.50476182,-286.13266,4.963902,-1.82948065,-286.133545,5.18016434,-1.95486856,-285.577057
463,6.51889658,-2.26802778,-286.508148,6.07922697,-2.10323119,-286.341919,5.97994375,-2.39294052,-286.562805,6.0370779,-2.64144444,-287.070129,6.0433116,-2.45575094,-287.30069,5.6959753,-2.00765061,-287.459686,5.08153725,-2.01828337,-287.303223,4.57202721,-1.85325205,-287.500946,4.3205533,-1.47191513,-287.585968,4.55357075,-1.50791049,-287.391876,4.97182655,-1.83507371,-287.396851,5.18565464,-1.96074378,-286.840912
464,6.53134823,-2.2707696,-287.776764,6.08936596,-2.10644889,-287.613129,5.9898181,-2.39748955,-287.837524,6.04474211,-2.64554858,-288.343811,6.04721022,-2.4576509,-288.573883,5.69464636,-2.01247525,-288.730499,5.08182001,-2.02543449,-288.568909,4.57690144,-1.85801589,-288.762573,4.32881117,-1.47609246,-288.84726,4.56260777,-1.51105511,-288.653839,4.979743,-1.84066463,-288.662842,5.19114494,-1.96662617,-288.107483
465,6.54376459,-2.27351189,-289.048096,6.09948969,-2.10967779,-288.887054,5.99969673,-2.4019959,-289.115021,6.05240536,-2.64960837,-289.620239,6.05101442,-2.45951486,-289.849792,5.69325209,-2.01733112,-290.003998,5.0820961,-2.0326004,-289.837372,4.58188057,-1.86279976,-290.026947,4.33712387,-1.48028684,-290.111237,4.57165289,-1.51419663,-289.918549,4.98765135,-1.84625387,-289.931519,5.19663477,-1.97251534,-289.376801
466,6.55614519,-2.27625537,-290.322144,6.10959864,-2.11291862,-290.163727,6.00957966,-2.40645933,-290.395264,6.06006718,-2.65362358,-290.899414,6.05472565,-2.46134377,-291.128418,5.69179726,-2.02221799,-291.280151,5.08236837,-2.03978086,-291.108612,4.58696032,-1.86760426,-291.294067,4.3454895,-1.48449779,-291.377899,4.58070564,-1.5173353,-291.186035,4.99555159,-1.85184038,-291.202881,5.20212507,-1.97841156,-290.648834
467,6.56849003,-2.27900028,-291.598907,6.1196928,-2.11617208,-291.443146,6.01946688,-2.41087985,-291.678284,6.06772757,-2.65759444,-292.181335,6.05834532,-2.46313882,-292.40976,5.69028616,-2.02713585,-292.55899,5.08263826,-2.04697537,-292.382599,4.59213781,-1.87242901,-292.563934,4.35390615,-1.48872435,-292.647217,4.58976507,-1.52047229,-292.456268,5.00344324,-1.85742414,-292.476929,5.2076149,-1.98431396,-291.923615
468,6.58079815,-2.28174591,-292.878357,6.12977171,-2.11943746,-292.725311,6.02935839,-2.4152565,-292.964081,6.07538748,-2.6615212,-293.466003,6.06187534,-2.46490216,-293.693817,5.68872213,-2.03208518,-293.840485,5.08290768,-2.0541842,-293.659363,4.59740973,-1.87727368,-293.836517,4.36237097,-1.49296498,-293.91925,4.59883022,-1.52360868,-293.729218,5.01132679,-1.86300457,-293.753662,5.2131052,-1.99022281,-293.201111
469,6.59307003,-2.28449321,-294.160522,6.13983536,-2.12271595,-294.010223,6.03925371,-2.41958952,-294.252625,6.08304644,-2.6654036,-294.753387,6.0653162,-2.46663356,-294.980591,5.68710947,-2.03706551,-295.124664,5.08317804,-2.06140637,-294.938873,4.60277414,-1.88213909,-295.111877,4.37088346,-1.49722028,-295.193939,4.60790014,-1.5267446,-295.004944,5.01920176,-1.86858118,-295.033081,5.2185955,-1.99613738,-294.481354
470,6.60530519,-2.28724194,-295.445404,6.14988375,-2.12600708,-295.297882,6.04915333,-2.42387843,-295.543945,6.09070444,-2.66924167,-296.043518,6.06866932,-2.46833467,-296.270111,5.68545198,-2.0420773,-296.411499,5.08345127,-2.06864214,-296.221161,4.60822678,-1.8870244,-296.389984,4.37944174,-1.50148845,-296.471344,4.61697435,-1.52988136,-296.283417,5.02706766,-1.87415349,-296.315186,5.22408628,-2.00205803,-295.764343
471,6.61750317,-2.28999257,-296.733002,6.15991688,-2.12931156,-296.588287,6.05905628,-2.42812324,-296.838013,6.09836197,-2.67303586,-297.336395,6.07193708,-2.47000647,-297.562317,5.68375349,-2.04711986,-297.701019,5.08372784,-2.0758903,-297.506195,4.61376572,-1.8919307,-297.670837,4.38804436,-1.50576997,-297.751434,4.62605143,-1.53301859,-297.564636,5.03492403,-1.87972045,-297.600006,5.22957802,-2.00798488,-297.050049
472,6.62966347,-2.29274511,-298.023315,6.16993475,-2.13262963,-297.881409,6.06896305,-2.43232369,-298.134857,6.10601902,-2.67678595,-298.632019,6.07512045,-2.47165012,-298.857239,5.68201733,-2.0521934,-298.993225,5.08400965,-2.0831511,-298.793976,4.61938763,-1.89685631,-298.954437,4.39668941,-1.51006258,-299.03421,4.63513041,-1.53615808,-298.848602,5.04277229,-1.88528275,-298.887512,5.23507118,-2.01391816,-298.338501
473,6.6417861,-2.29550004,-299.316345,6.17993736,-2.13596177,-299.177277,6.07887316,-2.43647981,-299.434479,6.11367559,-2.68049169,-299.93042,6.07821989,-2.47326636,-300.154877,5.68024635,-2.05729795,-300.288086,5.08429861,-2.0904243,-300.084503,4.6250906,-1.90180182,-300.240784,4.40537548,-1.51436627,-300.319672,4.64421082,-1.53930056,-300.135315,5.0506115,-1.8908397,-300.177704,5.24056482,-2.01985669,-299.629669
474,6.65387058,-2.29825735,-300.612091,6.18992519,-2.13930845,-300.475891,6.08878613,-2.4405911,-300.736847,6.12133121,-2.68415356,-301.231537,6.08123732,-2.47485685,-301.455231,5.67844391,-2.06243324,-301.585632,5.0845952,-2.09770918,-301.377808,4.63087273,-1.9067688,-301.529877,4.41410255,-1.51868188,-301.607849,4.65329218,-1.54244578,-301.424774,5.05844021,-1.89638948,-301.470551,5.24605942,-2.02580023,-300.923584
475,6.66591692,-2.30101728,-301.910553,6.19989777,-2.14267015,-301.777252,6.09870195,-2.4446578,-302.041992,6.12898588,-2.68777108,-302.5354,6.08417368,-2.47642159,-302.758301,5.67661333,-2.06759882,-302.885834,5.08490133,-2.1050055,-302.673859,4.63673019,-1.91175473,-302.821747,4.42286777,-1.52300632,-302.898712,4.66237259,-1.54559529,-302.71698,5.06626034,-1.90193367,-302.766113,5.2515564,-2.0317502,-302.220215
476,6.67792463,-2.3037796,-303.211731,6.2098546,-2.14604664,-303.08136,6.10862064,-2.44867921,-303.349884,6.13664055,-2.69134474,-303.84201,6.08703041,-2.47796297,-304.064056,5.67475748,-2.07279491,-304.188721,5.08521748,-2.11231303,-303.972656,4.64266109,-1.91676021,-304.116364,4.43167067,-1.52734005,-304.192261,4.67145252,-1.54875004,-304.011963,5.07407141,-1.90747106,-304.064362,5.25705481,-2.03770542,-303.519592
477,6.68989372,-2.30654526,-304.515625,6.21979618,-2.14943886,-304.388214,6.11854124,-2.45265532,-304.660553,6.14429379,-2.69487453,-305.151367,6.08980846,-2.47948074,-305.372528,5.67287922,-2.07802105,-305.494263,5.08554506,-2.11963153,-305.27417,4.64866352,-1.92178595,-305.413727,4.44051027,-1.53168273,-305.488525,4.68053055,-1.5519104,-305.309692,5.08187342,-1.91300094,-305.365295,5.26255465,-2.04366541,-304.821686
478,6.70182371,-2.30931377,-305.822235,6.22972202,-2.15284657,-305.697815,6.12846422,-2.45658588,-305.973969,6.15194654,-2.6983602,-306.463501,6.09250975,-2.48097658,-306.683716,5.67098141,-2.08327723,-306.80249,5.08588457,-2.12696028,-306.57843,4.65473509,-1.9268316,-306.713837,4.44938612,-1.53603411,-306.787476,4.68960619,-1.55507767,-306.610168,5.08966637,-1.91852307,-306.668884,5.26805639,-2.04962993,-306.126526
479,6.71371412,-2.31208587,-307.131561,6.23963261,-2.15627074,-307.010162,6.13838816,-2.46047115,-307.290161,6.15959835,-2.70180202,-307.778381,6.09513521,-2.4824512,-307.997589,5.66906643,-2.08856297,-308.113403,5.08623695,-2.1342988,-307.885437,4.66087341,-1.93189704,-308.016693,4.45829725,-1.54039323,-308.089142,4.69867849,-1.5582521,-307.913391,5.09744978,-1.92403746,-307.975159,5.27356005,-2.05559897,-307.434082
480,6.72556496,-2.31486177,-308.443604,6.24952793,-2.1597116,-308.325287,6.14831305,-2.46431088,-308.6091,6.16724873,-2.70519972,-309.095978,6.09768581,-2.48390555,-309.314178,5.66713667,-2.09387803,-309.426971,5.08660364,-2.14164686,-309.19519,4.66707754,-1.93698192,-309.322327,4.46724224,-1.54475939,-309.393494,4.70774698,-1.56143439,-309.21936,5.10522461,-1.92954373,-309.284149,5.27906609,-2.06157255,-308.744385
481,6.73737574,-2.31764102,-309.758362,6.25940752,-2.16316891,-309.643127,6.15823889,-2.46810436,-309.930817,6.17489815,-2.70855379,-310.416351,6.10016298,-2.48534107,-310.633453,5.66519451,-2.09922242,-310.743225,5.08698511,-2.14900446,-310.50769,4.67334461,-1.9420861,-310.630707,4.47621965,-1.54913187,-310.700562,4.7168107,-1.56462538,-310.528107,5.11299038,-1.93504119,-310.595795,5.28457499,-2.0675509,-310.057404
482,6.74914551,-2.32042432,-311.075836,6.26927137,-2.16664314,-310.963745,6.16816568,-2.47185183,-311.25531,6.18254614,-2.71186376,-311.739471,6.10256767,-2.48675895,-311.955444,5.66324234,-2.10459566,-312.062134,5.08738232,-2.15637112,-311.822937,4.67967272,-1.94720995,-311.941833,4.48522949,-1.55351055,-312.010345,4.72586966,-1.56782615,-311.8396,5.12074709,-1.94052947,-311.910126,5.29008627,-2.07353306,-311.373169
483,6.76087475,-2.32321191,-312.396027,6.27911949,-2.17013478,-312.287109,6.17809248,-2.4755528,-312.58255,6.19019318,-2.71512961,-313.065338,6.10490131,-2.48816013,-313.280121,5.66128254,-2.10999751,-313.383728,5.08779621,-2.16374636,-313.1409,4.68606091,-1.9523536,-313.255707,4.49427128,-1.5578953,-313.322815,4.73492193,-1.57103705,-313.153839,5.12849522,-1.94600797,-313.227142,5.29560041,-2.07951903,-312.69165
484,6.7725625,-2.32600379,-313.718933,6.2889514,-2.17364383,-313.61322,6.1880188,-2.47920728,-313.912567,6.19783831,-2.71835136,-314.393951,6.10716486,-2.48954535,-314.607513,5.65931749,-2.11542749,-314.708008,5.08822775,-2.17113018,-314.461609,4.69250679,-1.95751679,-314.572357,4.50334406,-1.56228518,-314.638,4.74396801,-1.5742588,-314.470825,5.13623428,-1.95147693,-314.546844,5.30111742,-2.08550858,-314.012878
485,6.78420877,-2.32880044,-315.044556,6.29876757,-2.17717099,-314.942078,6.19794416,-2.48281527,-315.245331,6.20548153,-2.72152925,-315.725311,6.10936069,-2.49091578,-315.937592,5.65734911,-2.12088537,-316.034943,5.08867693,-2.17852163,-315.785065,4.69900894,-1.96269917,-315.891754,4.51244688,-1.56667984,-315.955902,4.75300646,-1.57749248,-315.790558,5.14396477,-1.95693564,-315.869232,5.30663776,-2.09150195,-315.336823
486,6.79581356,-2.3316021,-316.372894,6.308568,-2.18071675,-316.273682,6.2078681,-2.48637652,-316.580872,6.21312284,-2.72466302,-317.059418,6.11148882,-2.49227214,-317.270355,5.65537882,-2.12637091,-317.364563,5.08914566,-2.18592072,-317.111237,4.70556545,-1.9679004,-317.213898,4.52157831,-1.5710783,-317.27652,4.76203632,-1.58073866,-317.113068,5.15168762,-1.96238422,-317.194305,5.31216145,-2.09749889,-316.663513
487,6.80737591,-2.33440876,-317.703979,6.31835222,-2.18428111,-317.608032,6.2177906,-2.48989058,-317.919159,6.22076273,-2.72775245,-318.396271,6.11355114,-2.49361563,-318.605804,5.65341043,-2.13188362,-318.696838,5.08963251,-2.19332576,-318.440155,4.71217489,-1.97312212,-318.538788,4.53073978,-1.57548237,-318.599823,4.77105713,-1.58399725,-318.438324,5.15940142,-1.96782112,-318.522064,5.31768894,-2.10349917,-317.99292
488,6.81889582,-2.33722067,-319.037781,6.32812023,-2.18786407,-318.945129,6.2277112,-2.49335718,-319.260223,6.22840023,-2.73079753,-319.73587,6.11554861,-2.49494791,-319.943939,5.65144444,-2.13742304,-320.031799,5.09013939,-2.20073819,-319.77179,4.71883583,-1.9783628,-319.866455,4.53992939,-1.57988966,-319.925842,4.78006887,-1.58727002,-319.766327,5.16710711,-1.97324705,-319.852509,5.32321978,-2.10950208,-319.325073
489,6.83037281,-2.34003782,-320.374298,6.33787203,-2.19146633,-320.284973,6.23762894,-2.49677658,-320.604034,6.23603487,-2.73379827,-321.078217,6.11748266,-2.49626946,-321.28479,5.64948273,-2.14298916,-321.369446,5.09066725,-2.2081573,-321.106171,4.72554684,-1.98362279,-321.196869,4.54914665,-1.58430016,-321.254578,4.78907061,-1.59055746,-321.097076,5.17480421,-1.9786613,-321.185638,5.32875443,-2.1155076,-320.659973
490,6.84180641,-2.3428607,-321.713531,6.34760714,-2.19508815,-321.627594,6.24754381,-2.5001483,-321.950623,6.24366665,-2.73675466,-322.423309,6.11935425,-2.49758124,-322.628326,5.64752722,-2.14858127,-322.709778,5.09121609,-2.21558237,-322.443268,4.732306,-1.98890185,-322.530029,4.55839109,-1.58871353,-322.586029,4.79806137,-1.59386003,-322.430603,5.18249369,-1.98406351,-322.521454,5.33429337,-2.12151623,-321.997589
491,6.85319614,-2.34568954,-323.055481,6.35732603,-2.19872999,-322.972961,6.2574544,-2.50347257,-323.299957,6.25129557,-2.73966646,-323.771179,6.1211648,-2.4988842,-323.974548,5.64557934,-2.15419936,-324.052765,5.09178686,-2.22301292,-323.783112,4.73911285,-1.99420083,-323.865967,4.56766224,-1.59313023,-323.920197,4.80704069,-1.5971781,-323.766876,5.19017458,-1.98945284,-323.859955,5.3398366,-2.12752724,-323.337921
492,6.86454201,-2.34852457,-324.400177,6.36702824,-2.20239162,-324.321075,6.26736116,-2.50674891,-324.652069,6.25892162,-2.74253321,-325.121796,6.12291622,-2.50017977,-325.323456,5.64364195,-2.15984249,-325.398438,5.09237909,-2.23044825,-325.125671,4.74596548,-1.99951947,-325.204651,4.57696009,-1.59755027,-325.25708,4.81600809,-1.60051274,-325.105896,5.19784737,-1.99482906,-325.201111,5.34538412,-2.13354015,-324.681
493,6.87584305,-2.35136628,-325.747589,6.37671423,-2.206074,-325.671936,6.27726269,-2.50997758,-326.006927,6.26654339,-2.74535513,-326.475159,6.12461042,-2.50146866,-326.675049,5.641716,-2.16551065,-326.746796,5.09299421,-2.23788834,-326.470978,4.75286245,-2.0048573,-326.546082,4.58628368,-1.60197246,-326.59668,4.82496262,-1.60386455,-326.447693,5.20551252,-2.00019193,-326.544952,5.35093641,-2.13955522,-326.026794
494,6.88709927,-2.35421467,-327.097717,6.38638353,-2.20977736,-327.025574,6.28715849,-2.51315808,-327.364563,6.27416134,-2.74813175,-327.831268,6.12624788,-2.50275183,-328.029327,5.63980341,-2.17120337,-328.097839,5.09363222,-2.24533272,-327.819,4.75980234,-2.01021481,-327.890259,4.59563255,-1.60639691,-327.938995,4.83390427,-1.60723436,-327.792236,5.21317053,-2.0055418,-327.891479,5.356493,-2.14557147,-327.375336
495,6.89831066,-2.35706949,-328.450562,6.39603567,-2.21350098,-328.381958,6.29704857,-2.51629019,-328.724945,6.28177547,-2.75086331,-329.190125,6.12782907,-2.50403094,-329.386292,5.63790464,-2.17692041,-329.451538,5.09429407,-2.25278139,-329.169769,4.76678514,-2.01559186,-329.237213,4.60500669,-1.61082304,-329.284027,4.84283209,-1.61062229,-329.139526,5.2208209,-2.01087785,-329.240692,5.36205435,-2.15158939,-328.726624
496,6.90947628,-2.35993195,-329.806152,6.40567064,-2.21724653,-329.741089,6.3069315,-2.51937413,-330.088104,6.28938437,-2.7535491,-330.551758,6.12935734,-2.50530624,-330.745911,5.63602209,-2.18266106,-330.807922,5.09497976,-2.2602334,-330.523254,4.77380848,-2.02098775,-330.586914,4.61440468,-1.61525071,-330.631744,4.85174465,-1.61402941,-330.489563,5.2284646,-2.01620007,-330.59259,5.36762094,-2.15760922,-330.080627
497,6.92059565,-2.36280155,-331.164459,6.41528893,-2.22101355,-331.102966,6.31680775,-2.5224092,-331.45401,6.29698849,-2.75618887,-331.916138,6.13083315,-2.5065794,-332.108215,5.63415718,-2.1884253,-332.166992,5.09569025,-2.26768899,-331.879456,4.78087187,-2.02640367,-331.939362,4.62382698,-1.61968017,-331.982208,4.86064243,-1.61745608,-331.842377,5.23610067,-2.02150726,-331.947174,5.37319279,-2.16362977,-331.437347
498,6.93166876,-2.36567855,-332.525482,6.42489004,-2.22480226,-332.467621,6.32667589,-2.52539563,-332.822662,6.30458736,-2.75878239,-333.283264,6.13225746,-2.50785136,-333.473206,5.63231134,-2.19421268,-333.528748,5.09642553,-2.27514744,-333.238403,4.7879734,-2.03183889,-333.294556,4.63327312,-1.62411094,-333.335388,4.86952448,-1.62090313,-333.197937,5.24373007,-2.02679992,-333.304443,5.37876987,-2.16965103,-332.796814
499,6.94269466,-2.36856341,-333.889252,6.43447351,-2.2286129,-333.835022,6.33653545,-2.52833295,-334.194092,6.31218052,-2.76132941,-334.653137,6.13363266,-2.50912333,-334.840881,5.6304841,-2.20002317,-334.893158,5.09718704,-2.28260899,-334.600067,4.79511356,-2.03729343,-334.652527,4.64274263,-1.62854218,-334.691284,4.87839031,-1.62437117,-334.556244,5.25135279,-2.03207755,-334.664398,5.38435221,-2.17567301,-334.158997
500,6.95367336,-2.37145638,-335.255737,6.44403982,-2.23244596,-335.2052,6.34638548,-2.53122139,-335.568268,6.319767,-2.76382971,-336.025757,6.1349597,-2.510396,-336.211243,5.62867975,-2.20585585,-336.260254,5.0979743,-2.29007268,-335.964447,4.80228996,-2.04276752,-336.013245,4.65223503,-1.63297462,-336.049896,4.88723946,-1.62786102,-335.917297,5.25896883,-2.03733969,-336.027039,5.38993979,-2.18169522,-335.523926
501,6.96460438,-2.37435746,-336.624969,6.45358849,-2.23630142,-336.578125,6.35622549,-2.53406096,-336.94519,6.3273468,-2.7662828,-337.401154,6.13624096,-2.51167059,-337.584259,5.62689829,-2.21171045,-337.630035,5.09878731,-2.29753804,-337.331573,4.80950212,-2.04826117,-337.376709,4.66174984,-1.63740826,-337.411224,4.89607096,-1.63137293,-337.281097,5.2665782,-2.04258561,-337.392365,5.39553356,-2.18771768,-336.891571
502,6.97548771,-2.37726665,-337.996918,6.46311903,-2.24017954,-337.953796,6.36605453,-2.53685093,-338.32489,6.33491993,-2.76868844,-338.779297,6.13747644,-2.51294827,-338.959961,5.62514067,-2.21758699,-339.002502,5.09962749,-2.30500531,-338.701416,4.8167491,-2.05377388,-338.74295,4.67128658,-1.64184189,-338.775269,4.90488434,-1.63490784,-338.647675,5.27418184,-2.0478158,-338.760345,5.40113354,-2.19374037,-338.261963
503,6.9863224,-2.38018465,-339.371582,6.47263193,-2.24408102,-339.332245,6.37587166,-2.53959179,-339.707336,6.34248495,-2.77104616,-340.160187,6.13866901,-2.51422954,-340.338348,5.62340832,-2.22348475,-340.377655,5.10049486,-2.31247425,-340.073975,4.82402992,-2.05930591,-340.111938,4.68084478,-1.64627588,-340.142029,4.91367912,-1.638466,-340.016998,5.28177929,-2.05302978,-340.131012,5.40673923,-2.19976282,-339.635071
504,6.99710798,-2.38311172,-340.748993,6.48212671,-2.24800563,-340.71344,6.38567638,-2.54228306,-341.09256,6.35004187,-2.77335572,-341.543823,6.13982058,-2.5155158,-341.719391,5.62170362,-2.22940326,-341.755493,5.10138941,-2.31994319,-341.449249,4.83134317,-2.06485748,-341.483673,4.69042444,-1.6507107,-341.511505,4.92245483,-1.64204824,-341.389069,5.28937101,-2.0582273,-341.504364,5.41235113,-2.20578456,-341.010925
505,7.00784445,-2.38604784,-342.12912,6.49160337,-2.2519536,-342.097412,6.39546824,-2.54492474,-342.48053,6.3575902,-2.77561688,-342.930206,6.14093161,-2.51680827,-343.103119,5.62002659,-2.2353425,-343.136017,5.10231209,-2.32741284,-342.827271,4.83868837,-2.07042813,-342.858154,4.70002508,-1.65514565,-342.883728,4.93121147,-1.64565504,-342.763885,5.29695702,-2.06340814,-342.880402,5.41796923,-2.21180534,-342.389526
506,7.01853085,-2.38899326,-343.511993,6.50106144,-2.25592494,-343.484131,6.40524673,-2.54751658,-343.871246,6.36512947,-2.77782893,-344.319366,6.14200401,-2.51810789,-344.489532,5.61837864,-2.24130201,-344.519226,5.1032629,-2.3348825,-344.208008,4.84606504,-2.07601929,-344.235382,4.7096467,-1.65958166,-344.258667,4.93994761,-1.64928603,-344.141449,5.30453682,-2.06857085,-344.259125,5.423594,-2.21782565,-343.770844
507,7.0291667,-2.39194822,-344.897614,6.51050138,-2.25992036,-344.873627,6.41501045,-2.55005884,-345.264709,6.37265825,-2.77999115,-345.711273,6.14303923,-2.51941562,-345.878601,5.61675978,-2.24728179,-345.905121,5.1042428,-2.34235263,-345.591461,4.85347271,-2.08162904,-345.615387,4.71928835,-1.66401696,-345.636322,4.94866276,-1.65294278,-345.521759,5.31211185,-2.07371688,-345.640533,5.42922592,-2.22384501,-345.154877
508,7.03975201,-2.39491296,-346.28595,6.51992273,-2.26393986,-346.265869,6.42475843,-2.55255127,-346.66095,6.38017654,-2.78210354,-347.105927,6.14403963,-2.5207324,-347.270355,5.61517239,-2.25328135,-347.293701,5.10525179,-2.34982181,-346.977631,4.86090994,-2.08725858,-346.998138,4.72895002,-1.6684531,-347.016724,4.95735693,-1.65662539,-346.904846,5.31968164,-2.07884455,-347.024628,5.43486452,-2.22986293,-346.541656
509,7.05028629,-2.39788771,-347.677032,6.52932501,-2.26798368,-347.660889,6.4344902,-2.55499387,-348.059937,6.38768387,-2.78416562,-348.503326,6.14500666,-2.52205944,-348.664764,5.61361837,-2.25929999,-348.684967,5.10628986,-2.35728884,-348.366547,4.8683753,-2.09290767,-348.383636,4.73863077,-1.67288983,-348.399841,4.96602869,-1.66033459,-348.29068,5.32724667,-2.08395457,-348.411407,5.44051027,-2.23587966,-347.931152
510,7.06076908,-2.40087247,-349.070831,6.53870821,-2.27205157,-349.058655,6.44420528,-2.5573864,-349.46167,6.39517975,-2.78617668,-349.903503,6.14594173,-2.52339792,-350.061859,5.61209726,-2.26533794,-350.078918,5.10735798,-2.36475444,-349.758179,4.87586927,-2.09857583,-349.771881,4.74833059,-1.67732656,-349.785675,4.97467804,-1.66407096,-349.67926,5.3348074,-2.08904696,-349.800873,5.44616318,-2.24189425,-349.323395
511,7.07119942,-2.40386796,-350.467377,6.54807281,-2.2761445,-350.459198,6.45390224,-2.55972886,-350.86615,6.40266228,-2.78813601,-351.306427,6.14684725,-2.52474833,-351.461609,5.61061096,-2.27139449,-351.475555,5.10845661,-2.37221837,-351.152527,4.8833909,-2.10426378,-351.162872,4.75804949,-1.68176389,-351.174225,4.98330498,-1.66783428,-351.070587,5.34236288,-2.0941205,-351.192993,5.45182323,-2.24790692,-350.718353
512,7.0815773,-2.40687394,-351.866669,6.55741787,-2.28026223,-351.862518,6.46358013,-2.56202149,-352.273376,6.41013145,-2.79004359,-352.712097,6.14772415,-2.52611184,-352.864044,5.60916042,-2.2774694,-352.874878,5.10958576,-2.37967992,-352.549622,4.89093924,-2.10997128,-352.55661,4.7677865,-1.68620133,-352.565521,4.99190807,-1.67162538,-352.464661,5.34991455,-2.09917569,-352.587799,5.45749092,-2.25391769,-352.116058
513,7.09190273,-2.40989065,-353.268677,6.56674337,-2.28440475,-353.268585,6.47323847,-2.56426406,-353.68335,6.4175868,-2.79189825,-354.120514,6.14857483,-2.52748942,-354.269135,5.60774612,-2.28356266,-354.276886,5.11074638,-2.38713908,-353.949432,4.89851379,-2.11569834,-353.953125,4.77754164,-1.69063878,-353.959534,5.00048733,-1.67544472,-353.861481,5.35746193,-2.10421252,-353.985291,5.46316576,-2.25992584,-353.516479
514,7.10217476,-2.41291833,-354.673431,6.57604933,-2.28857231,-354.677429,6.4828763,-2.56645656,-355.096069,6.42502689,-2.79369974,-355.531677,6.14940071,-2.52888203,-355.67691,5.6063695,-2.28967381,-355.68158,5.11193848,-2.39459562,-355.351959,4.90611362,-2.12144399,-355.352386,4.78731394,-1.69507539,-355.356262,5.00904179,-1.67929292,-355.261047,5.36500645,-2.10923123,-355.385468,5.46884871,-2.26593208,-354.919647
515,7.1123929,-2.41595745,-356.080933,6.58533573,-2.29276538,-356.08905,6.49249172,-2.56859899,-356.511566,6.43245077,-2.79544735,-356.945618,6.1502037,-2.5302906,-357.087341,5.60503054,-2.29580307,-357.088959,5.11316299,-2.40204978,-356.757202,4.9137392,-2.12720847,-356.754395,4.79710293,-1.69951153,-356.755737,5.01757145,-1.68317032,-356.663361,5.37254715,-2.11423063,-356.78833,5.47454023,-2.2719357,-356.325531
516,7.12255669,-2.41900778,-357.49115,6.59460163,-2.29698324,-357.503418,6.50208616,-2.57069135,-357.929779,6.43985844,-2.79714012,-358.362305,6.15098524,-2.53171659,-358.500458,5.60373211,-2.3019495,-358.499023,5.11441994,-2.40949917,-358.165161,4.92138815,-2.13299298,-358.159149,4.80690861,-1.70394886,-358.157928,5.02607536,-1.68707693,-358.06842,5.38008451,-2.11921096,-358.193878,5.48023939,-2.27793646,-357.734161
517,7.13266611,-2.42207003,-358.904114,6.6038475,-2.30122685,-358.920563,6.51165628,-2.57273364,-359.350769,6.44724846,-2.79877806,-359.781738,6.15174818,-2.53316021,-359.916229,5.60247517,-2.3081131,-359.911804,5.1157093,-2.41694379,-359.575867,4.92906094,-2.13879681,-359.56665,4.8167305,-1.7083869,-359.562836,5.03455305,-1.69101334,-359.476227,5.38761902,-2.12417197,-359.602112,5.48594713,-2.28393459,-359.145508
518,7.14271975,-2.4251442,-360.319824,6.61307287,-2.30549622,-360.340485,6.52120352,-2.57472587,-360.774475,6.45461988,-2.8003602,-361.203918,6.152493,-2.53462291,-361.334656,5.60125923,-2.31429362,-361.327271,5.11703205,-2.42438459,-360.989288,4.93675709,-2.14461946,-360.976898,4.82656813,-1.71282494,-360.97049,5.04300451,-1.69498026,-360.88678,5.39515018,-2.12911367,-361.013031,5.49166346,-2.28992939,-360.559601
519,7.15271807,-2.42823029,-361.738281,6.62227774,-2.30979109,-361.763153,6.530725,-2.57666826,-362.200928,6.46197176,-2.80188608,-362.628845,6.15322208,-2.53610516,-362.755768,5.60008526,-2.32049108,-362.745422,5.11838865,-2.43182111,-362.405426,4.94447613,-2.1504612,-362.389893,4.83642149,-1.71726298,-362.380859,5.05142879,-1.69897771,-362.300079,5.40267897,-2.13403606,-362.426636,5.49738884,-2.29592109,-361.97641
520,7.1626606,-2.4313283,-363.159485,6.63146162,-2.31411147,-363.188599,6.54022074,-2.57856059,-363.630127,6.46930361,-2.80335498,-364.056549,6.15393686,-2.53760839,-364.179535,5.59895515,-2.32670522,-364.16626,5.11977959,-2.4392519,-363.82428,4.95221758,-2.15632224,-363.805664,4.84628963,-1.72170174,-363.793945,5.05982542,-1.70300579,-363.716125,5.41020536,-2.1389389,-363.842926,5.50312281,-2.30190921,-363.395966
521,7.17254686,-2.43443871,-364.583435,6.64062452,-2.31845784,-364.616821,6.54968977,-2.58040333,-365.062073,6.47661352,-2.8047657,-365.487,6.15463972,-2.53913331,-365.605988,5.59786892,-2.33293605,-365.589813,5.12120533,-2.44667745,-365.24588,4.95998049,-2.16220188,-365.224152,4.85617208,-1.72614074,-365.209778,5.06819439,-1.70706534,-365.134918,5.41772938,-2.14382195,-365.261902,5.50886583,-2.30789399,-364.818237
522,7.18237591,-2.43756175,-366.010101,6.64976645,-2.3228302,-366.047821,6.55912971,-2.58219647,-366.496765,6.48390055,-2.80611873,-366.920197,6.15533257,-2.54068017,-367.035095,5.59682846,-2.33918262,-367.016052,5.12266636,-2.45409703,-366.670197,4.96776485,-2.16810107,-366.645416,4.86606884,-1.73058057,-366.628326,5.07653475,-1.71115637,-366.556427,5.42525101,-2.14868522,-366.683563,5.51461792,-2.31387496,-366.243256
523,7.19214773,-2.44069743,-367.439514,6.65888691,-2.32722855,-367.481567,6.56854153,-2.58394003,-367.934204,6.49116421,-2.80741215,-368.35614,6.15601683,-2.54225039,-368.466858,5.59583378,-2.34544563,-368.444977,5.12416315,-2.46151066,-368.097229,4.9755702,-2.1740191,-368.069427,4.87597942,-1.735021,-368.049622,5.0848465,-1.71527922,-367.980682,5.43277073,-2.15352869,-368.10791,5.52038002,-2.31985211,-367.67099
524,7.20186138,-2.44384646,-368.871674,6.66798592,-2.33165312,-368.918091,6.57792377,-2.58563423,-369.37439,6.49840307,-2.80864573,-369.79483,6.15669441,-2.54384494,-369.901306,5.59488678,-2.35172439,-369.876587,5.12569571,-2.46891713,-369.526978,4.98339558,-2.17995477,-369.496185,4.8859024,-1.7394619,-369.473633,5.09312868,-1.7194345,-369.407684,5.4402895,-2.15835285,-369.534973,5.52615213,-2.32582569,-369.10144
525,7.21151638,-2.44700885,-370.30658,6.67706299,-2.33610392,-370.357391,6.58727598,-2.58727884,-370.817291,6.50561619,-2.80981874,-371.236267,6.15736771,-2.54546428,-371.338409,5.59398842,-2.3580184,-371.310913,5.1272645,-2.47631574,-370.959473,4.9912405,-2.18591022,-370.925659,4.89583826,-1.74390495,-370.900391,5.1013813,-1.72362196,-370.837433,5.44780636,-2.16315651,-370.964691,5.53193378,-2.33179522,-370.534637
526,7.22111273,-2.45018411,-371.744232,6.68611765,-2.34058046,-371.799469,6.59659672,-2.58887458,-372.262939,6.5128026,-2.81093049,-372.68045,6.15803719,-2.5471096,-372.778198,5.59313869,-2.36432815,-372.747925,5.12887049,-2.4837079,-372.394684,4.99910545,-2.19188356,-372.35791,4.90578651,-1.748348,-372.329865,5.1096034,-1.72784233,-372.269928,5.45532227,-2.16794062,-372.397095,5.53772593,-2.33776069,-371.970551
527,7.23064995,-2.45337272,-373.184631,6.69515038,-2.34508348,-373.244324,6.60588408,-2.5904212,-373.711334,6.51995993,-2.81198025,-374.12738,6.15870619,-2.54878116,-374.220642,5.59233856,-2.37065363,-374.187653,5.13051414,-2.49109197,-373.832611,5.00698948,-2.19787455,-373.792877,4.91574621,-1.75279176,-373.762085,5.11779499,-1.73209584,-373.70517,5.4628377,-2.17270541,-373.832214,5.54352856,-2.34372187,-373.40921
528,7.24012709,-2.45657492,-374.627777,6.70416021,-2.34961247,-374.691925,6.61513901,-2.59191918,-375.162445,6.52708864,-2.81296754,-375.577057,6.15937519,-2.55048037,-375.665771,5.59158897,-2.37699437,-375.630066,5.13219643,-2.49846745,-375.273254,5.01489305,-2.2038846,-375.230621,4.92571735,-1.75723732,-375.197021,5.1259551,-1.73638225,-375.143158,5.4703517,-2.17745018,-375.27002,5.54934216,-2.34967852,-374.850586
529,7.24954414,-2.45979095,-376.073669,6.71314764,-2.3541677,-376.142303,6.62435913,-2.59336853,-376.616302,6.53418636,-2.81389141,-377.02948,6.16004658,-2.55220747,-377.113556,5.59089136,-2.38335013,-377.075195,5.13391733,-2.50583482,-376.716614,5.02281475,-2.20991302,-376.671112,4.93569899,-1.7616843,-376.634705,5.13408422,-1.74070179,-376.583862,5.47786474,-2.18217516,-376.71051,5.55516624,-2.35563064,-376.294708
530,7.25890064,-2.4630208,-377.522339,6.72211218,-2.35874915,-377.595459,6.63354397,-2.59476972,-378.072906,6.54125214,-2.81475139,-378.484619,6.16072321,-2.55396318,-378.563995,5.5902462,-2.38972092,-378.52301,5.13567734,-2.51319194,-378.16272,5.03075457,-2.21595979,-378.114319,4.94569111,-1.76613379,-378.075104,5.1421814,-1.74505484,-378.027313,5.48537731,-2.18688011,-378.153687,5.56100178,-2.36157823,-377.741547
531,7.26819563,-2.46626449,-378.973755,6.73105335,-2.36335659,-379.051392,6.64269257,-2.59612274,-379.532227,6.54828453,-2.81554651,-379.942505,6.16140556,-2.5557487,-380.01712,5.58965397,-2.39610672,-379.973541,5.1374774,-2.52054024,-379.611542,5.0387125,-2.22202444,-379.560272,4.95569277,-1.77058446,-379.51825,5.15024614,-1.7494415,-379.473511,5.4928894,-2.19156551,-379.599548,5.56684875,-2.36752105,-379.191132
532,7.27742958,-2.46952224,-380.427917,6.73997116,-2.36799026,-380.510101,6.65180397,-2.59742808,-380.994293,6.55528259,-2.81627655,-381.403137,6.16209555,-2.55756426,-381.4729,5.58911562,-2.40250707,-381.426758,5.13931799,-2.52787876,-381.06308,5.04668856,-2.22810698,-381.008972,4.96570349,-1.77503693,-380.964111,5.15827799,-1.7538619,-380.922424,5.5004015,-2.19623137,-381.048096,5.57270718,-2.37345934,-380.643433
533,7.28660154,-2.47279406,-381.884827,6.74886513,-2.37264991,-381.971588,6.66087723,-2.59868574,-382.459076,6.56224489,-2.81694078,-382.866516,6.16279554,-2.55941105,-382.931366,5.58863211,-2.4089222,-382.88266,5.14119959,-2.53520703,-382.517365,5.05468225,-2.23420691,-382.460419,4.97572327,-1.77949119,-382.41272,5.16627693,-1.7583164,-382.374084,5.50791359,-2.20087767,-382.499329,5.57857752,-2.37939286,-382.09848
534,7.29571056,-2.47608018,-383.344482,6.75773525,-2.37733531,-383.435852,6.66991186,-2.59989643,-383.926575,6.56916952,-2.81753802,-384.332642,6.16350698,-2.56128907,-384.392487,5.58820534,-2.41535139,-384.341278,5.14312267,-2.5425241,-383.974365,5.06269264,-2.2403245,-383.914612,4.98575068,-1.78394806,-383.864044,5.1742425,-1.76280499,-383.828491,5.51542616,-2.20550466,-383.953247,5.58445978,-2.38532162,-383.556244
535,7.30475712,-2.47938037,-384.806885,6.76658058,-2.38204646,-384.902893,6.67890644,-2.60106039,-385.39682,6.57605553,-2.81806755,-385.801514,6.1642313,-2.56319952,-385.856293,5.58783531,-2.42179513,-385.802612,5.1450882,-2.54982996,-385.434082,5.07071972,-2.24645901,-385.371552,4.99578571,-1.78840697,-385.318115,5.18217373,-1.7673279,-385.285614,5.52293921,-2.21011305,-385.409882,5.59035492,-2.3912456,-385.016754
536,7.31373978,-2.48269534,-386.272064,6.77540159,-2.38678336,-386.372711,6.68786001,-2.60217786,-386.869781,6.58290148,-2.81852913,-387.273102,6.16497087,-2.56514263,-387.322784,5.58752298,-2.42825294,-387.266632,5.14709663,-2.5571239,-386.896515,5.07876348,-2.25261092,-386.831238,5.00582743,-1.79286861,-386.774902,5.19007063,-1.77188528,-386.745483,5.53045321,-2.21470213,-386.869202,5.59626245,-2.39716482,-386.47998
537,7.32265902,-2.48602438,-387.73999,6.78419781,-2.39154601,-387.845306,6.69677114,-2.60324955,-388.345459,6.58970547,-2.81892228,-388.747437,6.16572762,-2.56711888,-388.791931,5.58726931,-2.43472528,-388.733368,5.14914846,-2.56440592,-388.361694,5.08682346,-2.25877976,-388.293671,5.01587582,-1.79733312,-388.234436,5.1979332,-1.7764771,-388.208069,5.53796768,-2.2192719,-388.331207,5.60218334,-2.40307903,-387.945953
538,7.33151388,-2.48936844,-389.210663,6.79296923,-2.39633417,-389.320679,6.70563936,-2.60427547,-389.823883,6.59646606,-2.81924629,-390.224518,6.16650295,-2.56912899,-390.263763,5.58707523,-2.44121122,-390.20282,5.15124464,-2.57167602,-389.82959,5.09489918,-2.26496458,-389.75882,5.02592993,-1.80180001,-389.696716,5.20576143,-1.78110361,-389.673401,5.54548311,-2.22382379,-389.795898,5.60811758,-2.40898848,-389.414642
539,7.3403039,-2.49272728,-390.684082,6.80171537,-2.40114784,-390.798828,6.71446371,-2.60525632,-391.305023,6.60318184,-2.81949997,-391.704315,6.16729879,-2.57117343,-391.738251,5.58694124,-2.44771147,-391.674988,5.15338612,-2.578933,-391.300201,5.1029911,-2.27116537,-391.226715,5.03598881,-1.80626953,-391.161713,5.21355391,-1.78576517,-391.141479,5.55299997,-2.22835755,-391.263306,5.61406565,-2.41489315,-390.886078
540,7.34902859,-2.4961009,-392.160278,6.81043577,-2.40598679,-392.279755,6.72324419,-2.60619235,-392.788879,6.60985184,-2.81968331,-393.186859,6.16811609,-2.57325268,-393.215424,5.58686829,-2.45422578,-393.149841,5.15557289,-2.58617687,-392.77356,5.11109924,-2.27738237,-392.697357,5.04605246,-1.81074238,-392.629456,5.22131109,-1.79046118,-392.612274,5.56051779,-2.23287296,-392.733398,5.62002707,-2.42079282,-392.360229
541,7.35768747,-2.49948955,-393.639221,6.81912994,-2.41085076,-393.763458,6.73197889,-2.60708427,-394.275452,6.61647415,-2.81979561,-394.672119,6.16895771,-2.57536721,-394.695282,5.5868578,-2.46075344,-394.627411,5.15780592,-2.5934062,-394.249634,5.11922216,-2.28361487,-394.170746,5.05611992,-1.81521869,-394.099915,5.22903204,-1.79519248,-394.085815,5.56803751,-2.23737073,-394.206177,5.62600327,-2.42668772,-393.837128
542,7.36628008,-2.50289321,-395.120941,6.82779837,-2.41573977,-395.249939,6.74066734,-2.60793257,-395.76474,6.62304688,-2.81983614,-396.160126,6.1698246,-2.57751751,-396.177826,5.58691025,-2.46729445,-396.107697,5.16008615,-2.6006217,-395.728424,5.12736082,-2.28986406,-395.646881,5.0661912,-1.81969893,-395.57312,5.23671675,-1.79995799,-395.562073,5.57555819,-2.24185014,-395.681671,5.63199377,-2.43257737,-395.316742
543,7.37480593,-2.50631166,-396.605408,6.83644056,-2.42065382,-396.739197,6.74930763,-2.60873747,-397.256744,6.62956858,-2.81980467,-397.650848,6.17071915,-2.57970405,-397.663025,5.5870266,-2.47384906,-397.590698,5.16241407,-2.6078217,-397.209961,5.13551426,-2.29612803,-397.125732,5.07626486,-1.82418299,-397.049072,5.24436522,-1.80475879,-397.041046,5.58308077,-2.24631286,-397.159851,5.63799953,-2.43846226,-396.799072
544,7.38326502,-2.50974512,-398.092651,6.84505653,-2.42559266,-398.231232,6.75789928,-2.60949969,-398.751465,6.63603735,-2.81970072,-399.144287,6.1716423,-2.58192706,-399.150909,5.58720779,-2.48041677,-399.076416,5.16479015,-2.61500645,-398.694214,5.14368343,-2.3024075,-398.60733,5.0863409,-1.82867157,-398.52774,5.25197697,-1.80959427,-398.522766,5.59060478,-2.25075769,-398.640717,5.64402008,-2.44434214,-398.284149
545,7.39165688,-2.51319337,-399.582642,6.85364485,-2.43055582,-399.726044,6.76644182,-2.61022019,-400.248901,6.64245272,-2.81952381,-400.640442,6.1725955,-2.58418679,-400.641479,5.58745432,-2.48699784,-400.564819,5.16721535,-2.62217546,-400.181183,5.15186691,-2.3087008,-400.091675,5.0964179,-1.83316362,-400.009155,5.259552,-1.81446528,-400.007202,5.5981307,-2.25518656,-400.124298,5.65005684,-2.45021725,-399.771942
546,7.39998102,-2.5166564,-401.075409,6.86220598,-2.43554306,-401.223633,6.77493382,-2.61089921,-401.749054,6.64881182,-2.81927347,-402.139343,6.17358112,-2.58648372,-402.134735,5.5877676,-2.49359202,-402.055939,5.16969061,-2.62932825,-401.670898,5.16006517,-2.31500793,-401.578766,5.10649538,-1.83765984,-401.493317,5.26708984,-1.81937158,-401.494354,5.60565901,-2.25959921,-401.610565,5.65610981,-2.45608759,-401.262482
547,7.40823698,-2.52013445,-402.570923,6.87073946,-2.44055414,-402.723999,6.78337479,-2.61153746,-403.251923,6.6551137,-2.81894946,-403.640961,6.17460012,-2.58881831,-403.630676,5.58814907,-2.50019836,-403.549805,5.17221642,-2.63646293,-403.16333,5.16827726,-2.32132936,-403.068573,5.11657286,-1.84216154,-402.980194,5.27459002,-1.82431352,-402.984253,5.61318922,-2.26399589,-403.099548,5.66217947,-2.46195316,-402.755737
548,7.41642332,-2.523628,-404.069214,6.87924528,-2.4455893,-404.227173,6.79176378,-2.61213517,-404.757507,6.66135597,-2.81855083,-405.145294,6.17565393,-2.59119058,-405.129303,5.58859825,-2.50681806,-405.046356,5.1747942,-2.64358163,-404.658478,5.17650461,-2.32766366,-404.561127,5.12664986,-1.84666753,-404.469818,5.28205252,-1.82929015,-404.476868,5.62072134,-2.26837683,-404.591217,5.66826582,-2.46781397,-404.25174
549,7.42454052,-2.52713633,-405.570251,6.88772249,-2.45064783,-405.733124,6.80009985,-2.61269331,-406.265808,6.66753817,-2.81807804,-406.652344,6.17674446,-2.59360075,-406.630615,5.58911705,-2.51344991,-406.545654,5.17742443,-2.65068126,-406.156372,5.18474627,-2.33401275,-406.056396,5.13672543,-1.85118032,-405.962189,5.28947735,-1.83430159,-405.972198,5.62825537,-2.27274156,-406.085602,5.67436886,-2.47366977,-405.750458
550,7.43258762,-2.53065991,-407.074066,6.89617109,-2.45572948,-407.241852,6.80838299,-2.61321282,-407.776794,6.67365789,-2.81753016,-408.162109,6.17787313,-2.59604955,-408.134613,5.58970547,-2.52009439,-408.047638,5.18010759,-2.657763,-407.656982,5.19300222,-2.34037375,-407.554413,5.14679909,-1.85569751,-407.457306,5.29686403,-1.83934844,-407.470276,5.6357913,-2.27709198,-407.582672,5.68049002,-2.4795208,-407.251923
551,7.44056511,-2.53419828,-408.580658,6.90459061,-2.46083426,-408.753357,6.81661081,-2.61369395,-409.290497,6.67971373,-2.81690741,-409.674591,6.17904139,-2.59853649,-409.641296,5.59036493,-2.52675104,-409.552338,5.18284512,-2.6648252,-409.160309,5.20127201,-2.34674668,-409.055176,5.15686989,-1.86022031,-408.955139,5.30421257,-1.84443069,-408.971069,5.6433301,-2.2814281,-409.082458,5.6866293,-2.4853673,-408.756104
552,7.44847202,-2.53775144,-410.090027,6.91298103,-2.46596169,-410.267639,6.82478333,-2.61413789,-410.806915,6.68570328,-2.81620932,-411.189758,6.18025064,-2.60106206,-411.150665,5.5910964,-2.53341961,-411.059784,5.18563747,-2.67186761,-410.666382,5.20955563,-2.35313201,-410.558655,5.16693735,-1.86474955,-410.455719,5.31152248,-1.8495481,-410.474579,5.6508708,-2.28574991,-410.58493,5.69278669,-2.49120903,-410.263031
553,7.45630741,-2.54131961,-411.602142,6.9213419,-2.4711113,-411.784698,6.83290005,-2.61454535,-412.326019,6.69162655,-2.81543612,-412.707642,6.18150187,-2.60362649,-412.66272,5.59190035,-2.54009938,-412.569946,5.18848562,-2.67888975,-412.175171,5.21785307,-2.35952902,-412.06488,5.17700052,-1.86928546,-411.959045,5.31879425,-1.8547008,-411.980804,5.65841389,-2.29005766,-412.090118,5.69896269,-2.49704623,-411.772675
554,7.46407175,-2.54490256,-413.117035,6.92967272,-2.47628307,-413.304535,6.84095907,-2.6149168,-413.847839,6.69748116,-2.81458783,-414.228241,6.18279696,-2.60622954,-414.17746,5.59277773,-2.5467906,-414.082825,5.19139004,-2.68589139,-413.686707,5.22616434,-2.36593723,-413.573822,5.18705893,-1.87382793,-413.465118,5.32602739,-1.85988808,-413.489746,5.66595888,-2.29435205,-413.597992,5.70515823,-2.5028789,-413.285034
555,7.47176456,-2.54850006,-414.634705,6.93797302,-2.48147631,-414.827148,6.84896088,-2.61525345,-415.372345,6.70326519,-2.81366396,-415.751526,6.18413591,-2.60887146,-415.694916,5.59372997,-2.55349278,-415.598419,5.19435215,-2.69287014,-415.200958,5.23448896,-2.37235594,-415.08551,5.19711113,-1.87837756,-414.973907,5.33322144,-1.86511147,-415.001434,5.67350674,-2.29863453,-415.108582,5.71137381,-2.50870705,-414.80014
556,7.47938538,-2.5521121,-416.155121,6.94624281,-2.48669076,-416.35257,6.85690355,-2.615556,-416.899567,6.70897722,-2.81266475,-417.277527,6.18552113,-2.61155248,-417.215057,5.59475756,-2.56020617,-417.11673,5.19737244,-2.69982767,-416.717926,5.24282694,-2.37878466,-416.599915,5.20715714,-1.88293386,-416.485443,5.34037733,-1.87036979,-416.515839,5.6810565,-2.30290437,-416.621887,5.71760941,-2.5145309,-416.317963
557,7.48693275,-2.55573893,-417.678345,6.9544816,-2.49192643,-417.880768,6.8647871,-2.61582494,-418.429474,6.71461582,-2.81159043,-418.806213,6.1869545,-2.61427236,-418.737885,5.59586143,-2.56693006,-418.637756,5.20045185,-2.70676208,-418.23764,5.25117922,-2.3852241,-418.117065,5.21719646,-1.88749874,-417.999725,5.34749365,-1.8756628,-418.032959,5.68860817,-2.30716181,-418.137878,5.72386503,-2.52034998,-417.838531
558,7.4944067,-2.55938029,-419.204315,6.96268892,-2.49718237,-419.411743,6.87261105,-2.61606169,-419.962067,6.72017908,-2.81044078,-420.337616,6.18843603,-2.61703086,-420.263428,5.59704256,-2.57366395,-420.16153,5.20359135,-2.71367264,-419.760071,5.25954437,-2.39167309,-419.636932,5.22722769,-1.89207149,-419.516754,5.35457134,-1.88099098,-419.552795,5.69616175,-2.3114078,-419.656586,5.73014164,-2.52616501,-419.361816
559,7.50180817,-2.56303573,-420.733063,6.9708643,-2.50245857,-420.945496,6.88037348,-2.61626697,-421.497375,6.72566557,-2.80921602,-421.871704,6.18996716,-2.61982822,-421.791656,5.59830093,-2.58040786,-421.688019,5.20679188,-2.72055936,-421.285248,5.26792288,-2.3981297,-421.159546,5.23725033,-1.89665198,-421.036499,5.36160994,-1.8863548,-421.075348,5.70371771,-2.31564355,-421.178009,5.7364397,-2.53197575,-420.887848
560,7.50913525,-2.5667057,-422.264587,6.97900772,-2.50775456,-422.482025,6.88807535,-2.61644173,-423.03537,6.73107386,-2.8079164,-423.408478,6.19154882,-2.62266421,-423.322601,5.59963846,-2.58716106,-423.217224,5.2100544,-2.72742128,-422.813141,5.27631474,-2.40459514,-422.684875,5.24726391,-1.90124154,-422.55899,5.36860943,-1.89175355,-422.600616,5.71127558,-2.31986856,-422.702148,5.7427597,-2.53778219,-422.416595
561,7.51638794,-2.57038975,-423.798889,6.98711872,-2.51306987,-424.021332,6.89571476,-2.61658669,-424.57608,6.73640251,-2.8065424,-424.947937,6.19318199,-2.62553883,-424.856232,5.60105562,-2.59392357,-424.749176,5.21337986,-2.7342577,-424.343781,5.28471994,-2.4110682,-424.212921,5.257267,-1.90583992,-424.084229,5.37556982,-1.89718747,-424.128601,5.71883535,-2.32408404,-424.228973,5.74910212,-2.54358435,-423.94809
562,7.52356577,-2.57408762,-425.335968,6.99519682,-2.51840425,-425.563416,6.9032917,-2.61670303,-426.119476,6.74165058,-2.80509424,-426.490112,6.19486809,-2.62845182,-426.392578,5.60255289,-2.60069466,-426.283844,5.21676874,-2.74106789,-425.877136,5.2931385,-2.41754889,-425.743713,5.26725912,-1.91044819,-425.612213,5.38249111,-1.90265632,-425.659302,5.72639704,-2.32828951,-425.758514,5.75546694,-2.54938245,-425.4823
563,7.53066826,-2.57779956,-426.875824,7.00324154,-2.52375698,-427.108307,6.9108057,-2.61679173,-427.665558,6.74681568,-2.80357242,-428.034973,6.19660711,-2.63140273,-427.93161,5.60413122,-2.60747433,-427.821259,5.22022247,-2.74785185,-427.413208,5.30156994,-2.42403483,-427.277222,5.2772398,-1.91506565,-427.142944,5.38937378,-1.90816081,-427.192719,5.73396063,-2.33248663,-427.290771,5.76185513,-2.55517673,-427.019257
564,7.53769493,-2.58152556,-428.418488,7.01125288,-2.5291276,-428.655975,6.91825628,-2.61685371,-429.214325,6.75189734,-2.8019774,-429.582489,6.19840097,-2.63439155,-429.473358,5.60579157,-2.61426163,-429.361389,5.22374153,-2.75460744,-428.952026,5.31001472,-2.4305284,-428.813446,5.28720808,-1.91969466,-428.676422,5.39621735,-1.91369951,-428.728851,5.74152565,-2.33667469,-428.825745,5.7682662,-2.56096673,-428.558929
565,7.54464626,-2.58526492,-429.963928,7.01923037,-2.53451562,-430.206421,6.92564201,-2.61689019,-430.765778,6.75689411,-2.8003099,-431.13269,6.20024967,-2.63741779,-431.017822,5.60753441,-2.62105632,-430.904236,5.22732735,-2.76133466,-430.493591,5.31847239,-2.43702698,-430.352417,5.29716301,-1.92433357,-430.212616,5.40302229,-1.91927385,-430.2677,5.7490921,-2.3408556,-430.363434,5.7747016,-2.56675267,-430.101318
566,7.55152225,-2.58901739,-431.512146,7.02717304,-2.53992105,-431.759644,6.93296289,-2.61690259,-432.319916,6.76180458,-2.79857016,-432.685577,6.20215464,-2.64048147,-432.564972,5.60936022,-2.62785769,-432.449829,5.23097992,-2.76803303,-432.037872,5.32694292,-2.44353032,-431.894104,5.30710411,-1.92898345,-431.751556,5.40978813,-1.92488313,-431.809265,5.75665951,-2.34502959,-431.903809,5.78116226,-2.57253456,-431.646454
567,7.55832243,-2.59278274,-433.063141,7.03508091,-2.54534268,-433.315643,6.94021845,-2.61689186,-433.87674,6.76662731,-2.79675913,-434.24115,6.20411587,-2.64358211,-434.114838,5.61127043,-2.63466525,-433.998138,5.23470068,-2.77470136,-433.584869,5.33542633,-2.45003724,-433.438507,5.31702995,-1.93364501,-433.293243,5.41651535,-1.93052781,-433.353546,5.76422834,-2.34919739,-433.446899,5.78764772,-2.57831264,-433.194305
568,7.56504583,-2.59656119,-434.616913,7.04295349,-2.55078053,-434.87442,6.9474082,-2.61685872,-435.436249,6.77136183,-2.79487777,-435.799377,6.20613432,-2.64671946,-435.667419,5.61326504,-2.64147854,-435.549194,5.23849058,-2.78133917,-435.134613,5.34392214,-2.45654821,-434.985657,5.32694006,-1.93831825,-434.837677,5.42320395,-1.93620729,-434.900513,5.77179813,-2.35335922,-434.992706,5.79415846,-2.58408689,-434.744904
569,7.57169199,-2.60035253,-436.173462,7.05079079,-2.55623364,-436.435974,6.95453167,-2.61680436,-436.998444,6.7760067,-2.79292679,-437.360291,6.20821047,-2.64989281,-437.222717,5.615345,-2.64829683,-437.102966,5.2423501,-2.78794527,-436.687073,5.35243082,-2.46306252,-436.535522,5.33683395,-1.94300473,-436.384857,5.42985439,-1.94192171,-436.450195,5.77936888,-2.35751534,-436.541229,5.80069447,-2.58985734,-436.298218
570,7.57826042,-2.60415649,-437.732788,7.05859232,-2.56170154,-438.000336,6.96158886,-2.61672974,-438.563324,6.78056049,-2.79090691,-438.923859,6.21034479,-2.65310216,-438.780731,5.61751127,-2.65511966,-438.659485,5.24628067,-2.79451847,-438.242279,5.3609519,-2.46957779,-438.088104,5.34671021,-1.94770348,-437.934784,5.43646669,-1.94767237,-438.002594,5.78694057,-2.36166787,-438.092468,5.80725718,-2.59562445,-437.854279
571,7.58475113,-2.60797286,-439.294922,7.06635714,-2.56718421,-439.567474,6.96857977,-2.61663651,-440.13089,6.78502274,-2.78881884,-440.490112,6.21253777,-2.6563468,-440.341492,5.61976385,-2.66194654,-440.21875,5.25028324,-2.80105877,-439.800201,5.36948538,-2.47609425,-439.643402,5.35656834,-1.95241559,-439.487457,5.44304085,-1.95345831,-439.557709,5.79451323,-2.36581612,-439.646423,5.81384611,-2.60138774,-439.413055
572,7.59116364,-2.61180139,-440.859833,7.07408571,-2.57268047,-441.13739,6.97550392,-2.61652565,-441.701141,6.78939295,-2.78666425,-442.059021,6.21478987,-2.65962625,-441.904968,5.62210321,-2.66877675,-441.780731,5.25435781,-2.80756569,-441.36087,5.37803221,-2.48261166,-441.201416,5.36640787,-1.95714211,-441.042877,5.44957733,-1.95927882,-441.11554,5.80208588,-2.36996055,-441.203125,5.82046175,-2.60714722,-440.974579
573,7.59749699,-2.61564231,-442.427551,7.0817771,-2.57818961,-442.710083,6.98236132,-2.6163981,-443.274078,6.79367065,-2.78444409,-443.630585,6.21710157,-2.66294003,-443.471161,5.62452984,-2.67560887,-443.345459,5.25850582,-2.81403732,-442.924255,5.38659096,-2.48912883,-442.762146,5.37622738,-1.96188283,-442.601044,5.45607662,-1.96513534,-442.676086,5.809659,-2.37410259,-442.762543,5.82710552,-2.61290312,-442.538818
574,7.60375214,-2.61949468,-443.998047,7.08943129,-2.58371139,-444.285553,6.98915195,-2.61625528,-444.849701,6.79785442,-2.78215957,-445.204803,6.21947289,-2.66628766,-445.04007,5.6270442,-2.68244314,-444.912903,5.26272774,-2.82047367,-444.490387,5.39516211,-2.49564648,-444.325623,5.38602686,-1.96663904,-444.161957,5.46253824,-1.97102594,-444.239319,5.81723118,-2.37824178,-444.324646,5.83377695,-2.6186552,-444.105774
575,7.60992813,-2.62335873,-445.57132,7.09704733,-2.58924532,-445.8638,6.99587536,-2.6160984,-446.427979,6.8019433,-2.77981162,-446.781677,6.2219038,-2.6696682,-446.611694,5.62964725,-2.68927836,-446.483093,5.26702499,-2.8268733,-446.059235,5.40374565,-2.50216198,-445.891815,5.39580441,-1.97141051,-445.725616,5.46896267,-1.97695255,-445.805267,5.82480335,-2.38238001,-445.889496,5.84047699,-2.62440395,-445.675476
576,7.61602545,-2.62723374,-447.1474,7.1046257,-2.59479022,-447.444855,7.00253201,-2.61592865,-448.008942,6.80593872,-2.77740216,-448.361237,6.22439432,-2.6730814,-448.186035,5.63233805,-2.69611335,-448.05603,5.27139711,-2.83323479,-447.630829,5.41234112,-2.5086751,-447.460724,5.40555954,-1.97619808,-447.292023,5.47535038,-1.98291504,-447.373932,5.83237505,-2.386518,-447.457062,5.84720612,-2.63014889,-447.247894
577,7.62204313,-2.63111997,-448.726257,7.11216545,-2.60034585,-449.028687,7.00912189,-2.61574697,-449.59259,6.80983925,-2.77493238,-449.94342,6.22694445,-2.67652655,-449.763123,5.63511753,-2.70294785,-449.631714,5.27584553,-2.83955836,-449.20517,5.42094851,-2.51518512,-449.032349,5.41529179,-1.98100233,-448.861176,5.48170137,-1.98891282,-448.945312,5.83994579,-2.39065599,-449.027344,5.85396481,-2.63589025,-448.823059
578,7.62798023,-2.63501716,-450.307922,7.11966658,-2.60591125,-450.615295,7.01564598,-2.61555481,-451.178894,6.81364489,-2.77240348,-451.528259,6.22955465,-2.68000293,-451.342926,5.63798618,-2.70978069,-451.210114,5.28037071,-2.84584236,-450.782227,5.42956781,-2.52169108,-450.606689,5.42500019,-1.98582387,-450.433075,5.48801661,-1.99494648,-450.519379,5.84751558,-2.39479446,-450.600342,5.86075258,-2.64162803,-450.40094
579,7.63383818,-2.6389246,-451.892365,7.12712812,-2.6114862,-452.204681,7.02210283,-2.61535358,-452.767883,6.81735468,-2.76981664,-453.115753,6.23222446,-2.68351007,-452.925476,5.640944,-2.71661139,-452.79126,5.28497314,-2.85208631,-452.36203,5.43819857,-2.52819133,-452.183746,5.4346838,-1.99066305,-452.007721,5.49429655,-2.00101638,-452.096161,5.85508442,-2.39893484,-452.176056,5.8675704,-2.64736247,-451.981567
580,7.63961649,-2.64284205,-453.479614,7.13455057,-2.61706996,-453.796844,7.02849293,-2.61514449,-454.359528,6.8209691,-2.76717377,-454.705902,6.2349534,-2.68704724,-454.510742,5.64399147,-2.72343874,-454.375153,5.28965378,-2.85828972,-453.94455,5.44684076,-2.53468657,-453.763519,5.44434214,-1.99552059,-453.585114,5.50054121,-2.00712156,-453.675659,5.86265135,-2.40307689,-453.754486,5.87441874,-2.65309334,-453.564911
581,7.64531422,-2.64676929,-455.069672,7.14193344,-2.62266111,-455.391785,7.03481817,-2.61492848,-455.953857,6.82448959,-2.76447701,-456.298676,6.23774147,-2.69061375,-456.098755,5.64712763,-2.73026204,-455.961792,5.29441309,-2.86445117,-455.529785,5.4554944,-2.54117489,-455.346008,5.45397377,-2.00039697,-455.165253,5.50675058,-2.01326299,-455.257843,5.87021685,-2.40722203,-455.335663,5.88129759,-2.65882039,-455.151001
582,7.65093184,-2.65070605,-456.662506,7.14927578,-2.62825942,-456.989502,7.04107761,-2.61470699,-457.550873,6.82791519,-2.76172781,-457.894104,6.24058819,-2.69420886,-457.689514,5.65035295,-2.73708057,-457.551147,5.29925156,-2.87056971,-457.117767,5.46415997,-2.54765654,-456.931213,5.4635787,-2.00529361,-456.748138,5.51292562,-2.01944017,-456.842743,5.87778044,-2.41137004,-456.919556,5.88820744,-2.66454387,-456.739807
583,7.65646935,-2.65465212,-458.258148,7.15657759,-2.63386464,-458.589996,7.04727221,-2.61448121,-459.150543,6.8312459,-2.75892758,-459.492157,6.24349356,-2.69783163,-459.28299,5.65366745,-2.74389315,-459.14325,5.30416965,-2.87664461,-458.708496,5.47283649,-2.55412912,-458.519135,5.4731555,-2.01021004,-458.333771,5.51906681,-2.02565384,-458.430359,5.88534164,-2.41552258,-458.506165,5.89514828,-2.67026377,-458.33136
584,7.66192627,-2.65860724,-459.856598,7.16383886,-2.63947487,-460.193268,7.0534029,-2.61425209,-460.752899,6.83448315,-2.75607872,-461.092865,6.24645662,-2.70148158,-460.879211,5.65707064,-2.7506988,-460.738098,5.30916786,-2.88267565,-460.301941,5.48152447,-2.56059384,-460.109772,5.48270416,-2.01514816,-459.92215,5.52517414,-2.03190255,-460.02066,5.89289999,-2.41967893,-460.09549,5.90212011,-2.67597985,-459.925629
585,7.66730309,-2.66257071,-461.457825,7.17105913,-2.6450901,-461.799316,7.05946922,-2.61402106,-462.35791,6.83762693,-2.75318265,-462.696198,6.24947739,-2.70515823,-462.478149,5.66056204,-2.75749707,-462.335693,5.31424665,-2.88866138,-461.898132,5.49022341,-2.56704831,-461.703125,5.49222326,-2.02010798,-461.513275,5.53124857,-2.0381875,-461.613678,5.90045547,-2.42384052,-461.687561,5.9091239,-2.68169236,-461.522614
586,7.67259836,-2.66654253,-463.061859,7.17823839,-2.65070868,-463.408142,7.06547356,-2.61378908,-463.965607,6.84067869,-2.75024199,-464.302155,6.25255442,-2.7088604,-464.079834,5.66414165,-2.76428652,-463.936035,5.31940603,-2.89460087,-463.49704,5.49893284,-2.5734911,-463.299194,5.50171232,-2.02508974,-463.107147,5.53729057,-2.04450941,-463.209412,5.9080081,-2.42800879,-463.282349,5.91616011,-2.68740129,-463.122345
587,7.67781258,-2.67052221,-464.668701,7.18537617,-2.65633035,-465.019745,7.07141638,-2.6135571,-465.575958,6.84364033,-2.74725819,-465.910767,6.25568771,-2.71258759,-465.684265,5.66780806,-2.77106619,-465.539093,5.324646,-2.90049291,-465.098694,5.50765324,-2.57992244,-464.897949,5.51117039,-2.03009486,-464.703796,5.54330015,-2.05086756,-464.807831,5.91555738,-2.43218374,-464.879852,5.92322874,-2.69310617,-464.724792
588,7.68294525,-2.67450953,-466.278351,7.19247246,-2.66195393,-466.634125,7.07729864,-2.61332679,-467.188995,6.84651184,-2.74423361,-467.522003,6.25887632,-2.71633887,-467.291443,5.67156219,-2.77783513,-467.144897,5.32996702,-2.90633702,-466.703064,5.51638365,-2.58634114,-466.499451,5.5205965,-2.03512311,-466.303192,5.54927826,-2.05726266,-466.408966,5.92310286,-2.43636632,-466.480103,5.9303298,-2.69880748,-466.329987
589,7.68799782,-2.67850399,-467.890778,7.19952631,-2.66757917,-468.251282,7.08311987,-2.61309934,-468.804688,6.84929276,-2.74116969,-469.135864,6.26211977,-2.72011352,-468.901367,5.67540359,-2.78459287,-468.753448,5.33537054,-2.91213202,-468.310181,5.52512455,-2.59274602,-468.103638,5.5299902,-2.04017591,-467.905334,5.55522537,-2.06369448,-468.012817,5.93064451,-2.44055748,-468.083069,5.93746424,-2.70450473,-467.937897
590,7.69296932,-2.68250537,-469.506012,7.2065382,-2.67320442,-469.871246,7.08888245,-2.61287522,-470.423065,6.85198689,-2.73806906,-470.75235,6.26541662,-2.72391105,-470.514038,5.67933035,-2.79133797,-470.364746,5.34085512,-2.91787696,-469.920013,5.53387547,-2.59913635,-469.710541,5.53935099,-2.04525352,-469.510223,5.56114197,-2.07016325,-469.619354,5.93818188,-2.44475746,-469.688782,5.94463158,-2.7101984,-469.548523
591,7.69785929,-2.68651342,-471.124054,7.21350765,-2.67882943,-471.493958,7.09458685,-2.61265612,-472.044098,6.85459423,-2.73493361,-472.37146,6.2687664,-2.72773004,-472.129425,5.68334293,-2.79806972,-471.97876,5.34642172,-2.92357206,-471.532593,5.54263639,-2.6055119,-471.32016,5.54867792,-2.05035734,-471.117859,5.56702852,-2.07666802,-471.228607,5.94571447,-2.4489665,-471.297211,5.95183229,-2.71588778,-471.161896
592,7.70266819,-2.69052744,-472.744904,7.22043419,-2.68445277,-473.119446,7.10023499,-2.61244249,-473.667816,6.85711765,-2.73176575,-473.993195,6.27216816,-2.73157048,-473.747559,5.68743992,-2.80478692,-473.59552,5.35206985,-2.92921543,-473.147888,5.55140734,-2.61187148,-472.932495,5.55797005,-2.05548787,-472.728271,5.57288551,-2.08320975,-472.840546,5.95324183,-2.4531858,-472.908356,5.95906639,-2.72157311,-472.777985
593,7.70739603,-2.69454741,-474.368561,7.22731781,-2.69007444,-474.747711,7.10582685,-2.61223578,-475.294189,6.85955667,-2.72856688,-475.617554,6.27562141,-2.73543096,-475.368439,5.6916213,-2.81148863,-475.215027,5.35780048,-2.93480611,-474.7659,5.56018734,-2.61821342,-474.547546,5.56722641,-2.06064534,-474.341431,5.57871389,-2.08978915,-474.4552,5.96076393,-2.45741653,-474.522247,5.96633434,-2.72725439,-474.39682
594,7.71204281,-2.69857264,-475.995026,7.23415804,-2.69569254,-476.378754,7.11136436,-2.61203671,-476.923248,6.86191463,-2.72534013,-477.244537,6.27912474,-2.73931098,-476.992065,5.69588566,-2.81817412,-476.83728,5.36361313,-2.94034362,-476.386658,5.5689764,-2.62453651,-476.165314,5.57644701,-2.06583047,-475.957336,5.58451462,-2.09640622,-476.07254,5.96828079,-2.46165895,-476.138885,5.97363615,-2.73293161,-476.018372
595,7.716609,-2.70260286,-477.624298,7.24095488,-2.70130634,-478.012573,7.11684895,-2.61184645,-478.554962,6.86419439,-2.72208714,-478.874146,6.2826767,-2.74320984,-478.618439,5.70023108,-2.82484221,-478.46225,5.36950684,-2.94582725,-478.010132,5.57777452,-2.63084126,-477.785767,5.58563089,-2.07104445,-477.575989,5.59028816,-2.10306025,-477.692596,5.97579145,-2.46591353,-477.75824,5.98097181,-2.73860431,-477.64267
596,7.72109461,-2.70663738,-479.256378,7.24770832,-2.70691514,-479.64917,7.12228107,-2.61166596,-480.189331,6.866395,-2.71881032,-480.506378,6.28627682,-2.74712682,-480.247559,5.70465851,-2.83149219,-480.089966,5.37548304,-2.95125604,-479.636353,5.58658171,-2.63712597,-479.408936,5.59477758,-2.07628751,-479.197418,5.59603453,-2.1097517,-479.315369,5.98329592,-2.47018123,-479.38031,5.98834181,-2.74427271,-479.269684
597,7.72549868,-2.71067619,-480.891296,7.2544179,-2.71251702,-481.288544,7.12766314,-2.61149549,-481.826385,6.86852169,-2.71551228,-482.141235,6.28992414,-2.75106144,-481.879425,5.70916557,-2.83812308,-481.720428,5.38153982,-2.95662928,-481.265289,5.595397,-2.64338946,-481.034821,5.60388565,-2.08156061,-480.821594,5.60175514,-2.11648107,-480.940826,5.99079418,-2.47446275,-481.005127,5.99574614,-2.74993682,-480.899414
598,7.72982359,-2.71471858,-482.529022,7.26108313,-2.71811199,-482.930695,7.13299513,-2.61133671,-483.466125,6.87057447,-2.71219444,-483.778717,6.29361725,-2.75501275,-483.514038,5.71375132,-2.84473443,-483.353607,5.38767815,-2.96194649,-482.896973,5.60422087,-2.64963174,-482.663422,5.61295557,-2.08686471,-482.448517,5.60745049,-2.12324762,-482.569,5.99828529,-2.4787581,-482.63269,6.00318432,-2.7555964,-482.531891
599,7.73406792,-2.71876431,-484.169556,7.26770401,-2.72369838,-484.575623,7.13827944,-2.61118984,-485.108521,6.87255621,-2.70886016,-485.418823,6.2973547,-2.75898004,-485.151428,5.71841526,-2.8513248,-484.989532,5.39389753,-2.96720672,-484.531372,5.61305237,-2.65585136,-484.294739,5.62198639,-2.09220076,-484.078217,5.61312103,-2.13005161,-484.19986,6.00576973,-2.48306823,-484.26297,6.01065683,-2.76125097,-484.167084
600,7.73823214,-2.72281289,-485.812897,7.27428055,-2.7292757,-486.223297,7.14351654,-2.61105609,-486.753601,6.87446928,-2.70551085,-487.061554,6.30113554,-2.76296258,-486.791534,5.7231555,-2.85789347,-486.628204,5.40019846,-2.97240853,-486.168488,5.6218915,-2.66204667,-485.928741,5.63097715,-2.0975678,-485.710663,5.61876822,-2.1368947,-485.833435,6.01324654,-2.48739457,-485.895996,6.01816416,-2.76690102,-485.804993
601,7.74231672,-2.72686386,-487.459045,7.28081226,-2.7348423,-487.873749,7.14870834,-2.61093616,-488.401337,6.87631559,-2.70214915,-488.706879,6.30495882,-2.76695967,-488.434387,5.72797155,-2.86443996,-488.269592,5.40657949,-2.97755265,-487.80835,5.63073874,-2.66821837,-487.56546,5.63992786,-2.10296822,-487.345856,5.62439203,-2.14377475,-487.469696,6.02071571,-2.49173641,-487.531738,6.02570534,-2.77254605,-487.445648
602,7.7463212,-2.73091674,-489.108002,7.28729916,-2.74039745,-489.526978,7.15385675,-2.61083055,-490.051758,6.87809801,-2.69877744,-490.354828,6.30882359,-2.77097082,-490.079987,5.732862,-2.87096334,-489.913727,5.41304111,-2.98263741,-489.450928,5.63959312,-2.67436385,-489.204895,5.64883709,-2.10840225,-488.983826,5.62999392,-2.15069366,-489.108673,6.02817678,-2.49609542,-489.170227,6.03328085,-2.77818632,-489.08902
603,7.75024557,-2.73497128,-490.759796,7.29374075,-2.74593997,-491.182983,7.15896273,-2.61073971,-491.704834,6.87981939,-2.69539785,-492.005402,6.3127284,-2.77499533,-491.728363,5.73782539,-2.87746286,-491.560608,5.41958189,-2.98766279,-491.096222,5.64845419,-2.68048334,-490.847046,5.65770483,-2.11386991,-490.624542,5.63557386,-2.15765047,-490.750366,6.03562927,-2.50047207,-490.811462,6.04089165,-2.78382134,-490.735138
604,7.75409079,-2.73902702,-492.414398,7.30013704,-2.7514689,-492.841736,7.16402769,-2.61066437,-493.360596,6.88148212,-2.69201255,-493.6586,6.31667185,-2.77903271,-493.379486,5.74286032,-2.88393807,-493.210205,5.4262023,-2.9926281,-492.744263,5.65732193,-2.68657613,-492.491913,5.66653061,-2.11937308,-492.268036,5.64113283,-2.16464448,-492.394745,6.04307318,-2.50486612,-492.455414,6.0485363,-2.78945112,-492.383972
605,7.75785685,-2.74308348,-494.071808,7.30648756,-2.75698304,-494.503265,7.16905355,-2.61060572,-495.019043,6.88308907,-2.68862367,-495.314423,6.32065296,-2.78308225,-495.033356,5.74796534,-2.89038777,-494.862549,5.43290138,-2.99753308,-494.39502,5.66619635,-2.69264197,-494.139465,5.67531443,-2.12491131,-493.914276,5.64667225,-2.1716764,-494.04184,6.05050802,-2.50927854,-494.102112,6.05621481,-2.79507565,-494.035522
606,7.76154423,-2.74714017,-495.732025,7.3127923,-2.76248097,-496.167572,7.17404127,-2.61056328,-496.680145,6.88464308,-2.68523383,-496.972839,6.32467079,-2.78714371,-496.689972,5.75313902,-2.89681172,-496.517609,5.43967867,-3.00237703,-496.048492,5.67507696,-2.69867945,-495.789734,5.68405533,-2.13048577,-495.563293,5.65219259,-2.17874622,-495.69162,6.05793333,-2.51370978,-495.751556,6.06392765,-2.80069447,-495.689789
607,7.76515245,-2.7511971,-497.395081,7.31905031,-2.76796198,-497.834656,7.17899227,-2.61053848,-498.343933,6.88614607,-2.68184519,-498.633881,6.32872391,-2.79121614,-498.349304,5.75838089,-2.90320921,-498.175415,5.44653368,-3.00715923,-497.704712,5.68396378,-2.70468807,-497.442719,5.69275284,-2.13609719,-497.215057,5.65769434,-2.18585348,-497.344116,6.0653491,-2.51816082,-497.403717,6.07167435,-2.80630755,-497.346802
608,7.76868248,-2.75525331,-499.060944,7.32526255,-2.77342534,-499.504486,7.18390846,-2.61053109,-500.010406,6.88760281,-2.67845941,-500.297546,6.33281136,-2.79529905,-500.011414,5.76368856,-2.90957952,-499.835938,5.45346546,-3.01187921,-499.363647,5.69285536,-2.71066594,-499.098419,5.70140648,-2.14174581,-498.869598,5.66317844,-2.19299936,-498.999329,6.07275486,-2.52263188,-499.058624,6.0794549,-2.81191492,-499.006531
609,7.7721343,-2.75930882,-500.729645,7.33142805,-2.77886915,-501.177094,7.18879032,-2.61054206,-501.679535,6.88901377,-2.67507935,-501.963837,6.33693171,-2.79939151,-501.67627,5.76906109,-2.91592169,-501.499207,5.46047401,-3.01653671,-501.025299,5.70175266,-2.71661377,-500.756836,5.71001577,-2.14743137,-500.526886,5.66864586,-2.20018363,-500.657227,6.0801506,-2.52712369,-500.716278,6.08726978,-2.81751657,-500.668976
610,7.7755084,-2.76336288,-502.401154,7.33754635,-2.78429317,-502.852448,7.19363976,-2.61057186,-503.351349,6.89038229,-2.67170691,-503.632721,6.341084,-2.80349302,-503.343842,5.77449703,-2.92223573,-503.165192,5.46755886,-3.02113152,-502.689667,5.71065521,-2.7225306,-502.417969,5.71858072,-2.15315557,-502.186951,5.67409706,-2.20740485,-502.317841,6.08753538,-2.53163671,-502.376678,6.09511852,-2.82311201,-502.334167
611,7.77880573,-2.76741505,-504.07547,7.34361792,-2.78969646,-504.530579,7.19845772,-2.6106205,-505.025848,6.89171219,-2.66834354,-505.30423,6.34526777,-2.80760336,-505.014191,5.77999496,-2.92852092,-504.833893,5.47471809,-3.02566314,-504.35675,5.71956253,-2.72841549,-504.081818,5.72710085,-2.15891862,-503.849762,5.67953348,-2.21466422,-503.98114,6.09490967,-2.5361712,-504.039795,6.10300016,-2.82870126,-504.002075
612,7.78202534,-2.77146506,-505.752625,7.3496418,-2.79507709,-506.211487,7.20324564,-2.61068845,-506.703033,6.89300537,-2.66499209,-506.978363,6.34948063,-2.81172204,-506.687256,5.78555346,-2.93477678,-506.505341,5.48195219,-3.03013158,-506.026581,5.72847509,-2.7342689,-505.748352,5.73557615,-2.16472125,-505.51535,5.6849556,-2.22196054,-505.647156,6.10227251,-2.54072738,-505.705658,6.11091471,-2.83428407,-505.672699
613,7.78516865,-2.7755127,-507.432587,7.35561848,-2.80043554,-507.895142,7.20800352,-2.61077642,-508.382874,6.8942647,-2.66165423,-508.655121,6.35372257,-2.81584787,-508.363068,5.79117203,-2.94100308,-508.179504,5.4892602,-3.03453708,-507.699127,5.73739243,-2.74009013,-507.417603,5.74400616,-2.17056346,-507.183685,5.69036436,-2.22929335,-507.315887,6.10962391,-2.54530573,-507.374268,6.11886215,-2.83986044,-507.346039
614,7.78823614,-2.77955747,-509.115387,7.36154699,-2.8057704,-509.581543,7.21273375,-2.61088467,-510.065399,6.89549303,-2.65833187,-510.334503,6.35799265,-2.81998062,-510.041626,5.7968483,-2.94719911,-509.856384,5.49664116,-3.03887892,-509.37439,5.74631357,-2.74587846,-509.089569,5.75239038,-2.1764462,-508.854797,5.69576025,-2.23666286,-508.987305,6.11696339,-2.54990673,-509.045624,6.1268425,-2.84543014,-509.022125
615,7.79122829,-2.7835989,-510.800995,7.36742735,-2.81108022,-511.270721,7.21743631,-2.61101365,-511.75061,6.89669275,-2.65502763,-512.016479,6.36228943,-2.82411981,-511.722931,5.80258179,-2.95336461,-511.536011,5.5040946,-3.04315734,-511.052368,5.75523949,-2.75163388,-510.764252,5.76072931,-2.18236947,-510.528687,5.70114422,-2.24406862,-510.661438,6.12429047,-2.55453038,-510.719696,6.13485527,-2.85099292,-510.700928
616,7.79414558,-2.787637,-512.489441,7.37325954,-2.81636524,-512.962646,7.22211313,-2.61116385,-513.438538,6.89786625,-2.65174198,-513.701111,6.36661291,-2.82826447,-513.406982,5.80837107,-2.95949888,-513.218323,5.51162004,-3.04737091,-512.733032,5.76416874,-2.75735378,-512.44165,5.76902151,-2.18833399,-512.205322,5.7065177,-2.25151229,-512.338257,6.13160563,-2.55917788,-512.396545,6.14289999,-2.85654879,-512.382446
617,7.79698801,-2.79167104,-514.180664,7.37904263,-2.82162356,-514.657349,7.2267642,-2.61133504,-515.12915,6.8990159,-2.64847851,-515.388367,6.37096071,-2.83241439,-515.093811,5.81421471,-2.96560144,-514.903381,5.51921701,-3.0515213,-514.416443,5.77310228,-2.76304102,-514.121765,5.77726841,-2.19433975,-513.884705,5.71188164,-2.25899124,-514.017822,6.13890791,-2.56384873,-514.076111,6.15097618,-2.8620975,-514.066711
618,7.79975319,-2.79570055,-515.874756,7.38477659,-2.82685328,-516.354797,7.23139238,-2.6115272,-516.822388,6.90014601,-2.64524007,-517.078247,6.37533236,-2.83656955,-516.783325,5.82011175,-2.97167253,-516.591187,5.52688456,-3.05560803,-516.1026,5.78203964,-2.76869345,-515.804565,5.78546906,-2.20038795,-515.566895,5.71723604,-2.26650548,-515.700073,6.14619732,-2.5685432,-515.758423,6.15908384,-2.86763906,-515.753662
619,7.80244541,-2.79972506,-517.571655,7.39046144,-2.83205485,-518.054993,7.2359972,-2.61174059,-518.518372,6.90125895,-2.6420269,-518.770752,6.37972641,-2.840729,-518.475586,5.8260603,-2.97771168,-518.281677,5.53462124,-3.05963206,-517.791443,5.79098082,-2.7743125,-517.490112,5.79362392,-2.2064774,-517.251831,5.72258234,-2.27405381,-517.38501,6.1534729,-2.57326174,-517.443481,6.1672225,-2.873173,-517.443359
620,7.8050642,-2.80374503,-519.271362,7.39609623,-2.8372283,-519.757935,7.2405777,-2.61197662,-520.217041,6.90235472,-2.63884163,-520.465881,6.38414335,-2.84489131,-520.170654,5.83206129,-2.98371792,-519.974915,5.54242754,-3.06359124,-519.483032,5.79992437,-2.77989483,-519.178345,5.80173159,-2.21260929,-518.939514,5.72792149,-2.2816391,-519.072693,6.16073561,-2.57800508,-519.131287,6.17539215,-2.8786993,-519.135742
621,7.80760956,-2.80776,-520.973938,7.40168095,-2.84237123,-521.463623,7.24513769,-2.61223459,-521.918335,6.90343857,-2.63568521,-522.163635,6.38858223,-2.8490572,-521.868408,5.83811188,-2.98969173,-521.670837,5.55030107,-3.06748676,-521.177307,5.80887079,-2.78544188,-520.869324,5.80979252,-2.21878386,-520.630005,5.73325348,-2.289258,-520.763062,6.16798353,-2.58277369,-520.821838,6.1835928,-2.88421798,-520.830872
622,7.81008434,-2.81176877,-522.679321,7.4072156,-2.8474834,-523.172058,7.24967575,-2.61251402,-523.622375,6.90451336,-2.63256001,-523.864014,6.39304066,-2.85322618,-523.568909,5.84420967,-2.99563265,-523.369507,5.55824137,-3.07131958,-522.874329,5.81782103,-2.79095483,-522.563049,5.8178072,-2.2250011,-522.323242,5.73857975,-2.29691076,-522.456116,6.17521763,-2.58756685,-522.515137,6.19182348,-2.88972855,-522.528748
623,7.81248808,-2.81577182,-524.387512,7.4126997,-2.85256433,-524.88324,7.25419426,-2.61281538,-525.329102,6.90558195,-2.62946701,-525.567017,6.39751959,-2.85739708,-525.272156,5.85035372,-3.00154042,-525.070862,5.56624651,-3.07508969,-524.574036,5.82677364,-2.79643297,-524.25946,5.82577562,-2.23125982,-524.019226,5.74390173,-2.30459785,-524.151917,6.18243694,-2.59238553,-524.211182,6.20008326,-2.89523101,-524.229309
624,7.81482077,-2.81976891,-526.098511,7.41813326,-2.85761547,-526.597168,7.25869036,-2.61314082,-527.038513,6.90664148,-2.62640858,-527.272644,6.40201712,-2.86156821,-526.978149,5.85654593,-3.0074141,-526.774963,5.57431936,-3.0787971,-526.276489,5.83573008,-2.80187559,-525.958557,5.8336978,-2.23756218,-525.718018,5.74921989,-2.31231761,-525.850403,6.18964195,-2.597229,-525.909912,6.20837212,-2.90072536,-525.932617
625,7.81708241,-2.82375979,-527.812317,7.4235158,-2.86263442,-528.313843,7.2631669,-2.61348987,-528.75061,6.9076972,-2.62338686,-528.980896,6.40653324,-2.86573935,-528.68689,5.86278486,-3.01325393,-528.48175,5.58245707,-3.08244252,-527.981628,5.84468889,-2.80728364,-527.6604,5.84157324,-2.24390841,-527.419556,5.7545352,-2.3200686,-527.551575,6.19683218,-2.60209775,-527.611389,6.21668959,-2.9062109,-527.638611
626,7.81927395,-2.82774377,-529.528992,7.42884684,-2.86762118,-530.033264,7.26762438,-2.61386228,-530.465393,6.90875196,-2.62040329,-530.691772,6.41106701,-2.86991024,-530.398376,5.86906862,-3.01905918,-530.191284,5.59065914,-3.08602428,-529.689514,5.85364914,-2.8126545,-529.36499,5.84940195,-2.25029707,-529.123901,5.75984907,-2.32785392,-529.255493,6.20400667,-2.60699296,-529.315613,6.22503567,-2.91168833,-529.347351
627,7.82139778,-2.83172083,-531.248474,7.43412685,-2.87257409,-531.755432,7.27206278,-2.6142571,-532.182861,6.90981007,-2.61745834,-532.405334,6.41561747,-2.87408161,-532.112549,5.87539387,-3.02483106,-531.903503,5.59892321,-3.08954501,-531.400085,5.86261225,-2.81799054,-531.072266,5.85718393,-2.25672865,-530.830994,5.76516151,-2.33567047,-530.962097,6.2111659,-2.61191416,-531.022583,6.23340988,-2.91715693,-531.058777
628,7.82345152,-2.83569074,-532.970764,7.43935442,-2.87749338,-533.480347,7.27648211,-2.614676,-533.903015,6.9108696,-2.6145556,-534.12146,6.42018366,-2.87825108,-533.829468,5.88176298,-3.03056765,-533.618408,5.60725069,-3.09300518,-533.113403,5.87157822,-2.82329249,-532.782288,5.86492014,-2.26320124,-532.540833,5.77047348,-2.34351873,-532.671387,6.21830988,-2.61686063,-532.7323,6.2418108,-2.92261672,-532.772949
629,7.82543945,-2.83965349,-534.695862,7.44453049,-2.88237977,-535.208008,7.28088188,-2.61511874,-535.625854,6.91193533,-2.61169481,-535.840271,6.42476606,-2.88241839,-535.549133,5.8881731,-3.03626966,-535.33606,5.61563873,-3.09640551,-534.829407,5.88054705,-2.82856107,-534.494995,5.87261057,-2.26971793,-534.253479,5.7757864,-2.35139489,-534.383423,6.22543764,-2.62183237,-534.444763,6.25023794,-2.92806745,-534.489807
630,7.82735968,-2.84360862,-536.423767,7.4496541,-2.88723183,-536.938416,7.28526306,-2.61558604,-537.35144,6.91300774,-2.60887933,-537.561707,6.42936325,-2.88658261,-537.271545,5.89462471,-3.04193616,-537.056396,5.62408781,-3.09974623,-536.548096,5.88951826,-2.83379555,-536.210449,5.88025522,-2.27627563,-535.968872,5.78110075,-2.35930157,-536.098145,6.23254919,-2.62683034,-536.159973,6.25869226,-2.93350887,-536.209412
631,7.82921219,-2.84755707,-538.154541,7.45472527,-2.89205122,-538.67157,7.28962517,-2.61607957,-539.079712,6.91408587,-2.60610962,-539.285767,6.43397522,-2.89074183,-538.996704,5.90111876,-3.04756641,-538.77948,5.63259888,-3.10302663,-538.269531,5.89849186,-2.83899522,-537.92865,5.8878541,-2.28287697,-537.687012,5.78641701,-2.36723709,-537.815552,6.23964453,-2.63185406,-537.87793,6.26717234,-2.938941,-537.931702
632,7.83099842,-2.85149717,-539.888123,7.45974398,-2.89683485,-540.407471,7.29396915,-2.61659646,-540.810669,6.91517687,-2.60338783,-541.012451,6.43860006,-2.8948977,-540.724609,5.90765095,-3.05316186,-540.505249,5.64116859,-3.10624909,-539.993652,5.90746832,-2.84416199,-539.649536,5.89540768,-2.28951979,-539.407959,5.79173613,-2.37520003,-539.535706,6.2467227,-2.636904,-539.598633,6.27567816,-2.94436336,-539.656738
633,7.8327198,-2.85542941,-541.624512,7.46470976,-2.90158391,-542.146057,7.2982955,-2.61713839,-542.544312,6.91628075,-2.60071421,-542.741821,6.44323921,-2.89904857,-542.4552,5.91422081,-3.0587213,-542.233765,5.64979649,-3.10941315,-541.72052,5.91644669,-2.84929514,-541.373169,5.90291548,-2.29620385,-541.131653,5.79705954,-2.38319159,-541.258545,6.2537837,-2.64197993,-541.322083,6.28420925,-2.94977641,-541.384521
634,7.83437777,-2.85935402,-543.363708,7.46962261,-2.90630031,-543.88739,7.30260134,-2.61770678,-544.28064,6.91739702,-2.59809089,-544.473816,6.44789124,-2.90319204,-544.188538,5.92082977,-3.06424451,-543.964966,5.65848255,-3.11252117,-543.450073,5.92542839,-2.85439706,-543.099548,5.91037846,-2.30293036,-542.858093,5.80238771,-2.39120722,-542.984131,6.26082802,-2.6470809,-543.048279,6.29276371,-2.95517945,-543.11499
635,7.83597183,-2.86327028,-545.105774,7.47448158,-2.91098094,-545.63147,7.30688906,-2.6183002,-546.019714,6.91852951,-2.59552002,-546.208435,6.45255518,-2.90732932,-545.924622,5.92747593,-3.06973147,-545.698853,5.66722584,-3.11557221,-545.182373,5.93441248,-2.85946608,-544.828613,5.91779661,-2.30969858,-544.587341,5.80772114,-2.39924908,-544.712402,6.26785469,-2.65220785,-544.777222,6.30134249,-2.96057272,-544.848145
636,7.83750248,-2.8671782,-546.850647,7.47928715,-2.91562629,-547.378296,7.31115818,-2.61891985,-547.761475,6.91967964,-2.5930028,-547.94574,6.45723152,-2.91145897,-547.663452,5.93415928,-3.07518196,-547.435486,5.67602539,-3.11856794,-546.917358,5.94339895,-2.86450386,-546.560425,5.92517042,-2.31650805,-546.319336,5.81306124,-2.40731454,-546.44342,6.2748642,-2.65736055,-546.508911,6.30994415,-2.96595573,-546.584045
637,7.83897257,-2.87107849,-548.598328,7.48403978,-2.92023897,-549.127808,7.31540632,-2.61956716,-549.50592,6.92084599,-2.59053946,-549.685669,6.46191978,-2.91557884,-549.404968,5.94087934,-3.08059454,-549.174805,5.68488073,-3.12150788,-548.65509,5.95238829,-2.86950898,-548.294922,5.93249989,-2.32335711,-548.054077,5.81840801,-2.41540599,-548.177124,6.28185511,-2.66254044,-548.243347,6.31857014,-2.97132874,-548.322693
638,7.84038115,-2.8749702,-550.348816,7.48873806,-2.92481661,-550.880066,7.31963491,-2.62024045,-551.253052,6.92203331,-2.58813286,-551.428284,6.46661949,-2.91968989,-551.149231,5.94763565,-3.0859704,-550.916809,5.69378996,-3.12439418,-550.395508,5.96138048,-2.87448406,-550.032166,5.93978548,-2.33024764,-549.791626,5.82376337,-2.42351913,-549.913513,6.28882837,-2.66774487,-549.98053,6.3272171,-2.97669125,-550.064026
639,7.84172964,-2.8788538,-552.102112,7.49338245,-2.92936015,-552.635071,7.323843,-2.6209414,-553.00293,6.92324018,-2.58578396,-553.173523,6.47133017,-2.92379022,-552.89624,5.95442915,-3.09130812,-552.66156,5.70275497,-3.12722445,-552.138672,5.97037363,-2.87942648,-551.772156,5.94702625,-2.33717966,-551.531921,5.82912779,-2.4316566,-551.652649,6.29578352,-2.67297578,-551.720459,6.33588648,-2.9820435,-551.808044
640,7.84302044,-2.88272905,-553.858215,7.49797344,-2.93387079,-554.392761,7.32802868,-2.62167025,-554.755493,6.92446899,-2.58349371,-554.921387,6.47605133,-2.92787838,-554.645996,5.96125746,-3.09660769,-554.408997,5.7117734,-3.1300025,-553.884521,5.97937012,-2.88434029,-553.514893,5.95422363,-2.34415174,-553.274963,5.83450174,-2.43981409,-553.39447,6.30272007,-2.67823172,-553.463135,6.34457684,-2.98738527,-553.55481
641,7.84425116,-2.88659573,-555.617126,7.50251007,-2.9383471,-556.153198,7.33219433,-2.62242651,-556.510742,6.92572212,-2.58126402,-556.671936,6.48078203,-2.93195462,-556.398438,5.96811962,-3.10186934,-556.159119,5.72084475,-3.13272905,-555.633118,5.98836994,-2.88922501,-555.260315,5.96137762,-2.35116315,-555.020813,5.83988571,-2.44799185,-555.139038,6.30963802,-2.6835134,-555.208557,6.35328817,-2.99271631,-555.30426
642,7.84542418,-2.89045405,-557.378845,7.50699234,-2.94278932,-557.916382,7.336339,-2.62321067,-558.268738,6.92700005,-2.57909584,-558.42511,6.48552418,-2.93601775,-558.153625,5.97501707,-3.10709238,-557.911987,5.72996712,-3.1354022,-557.384399,5.99737072,-2.89407897,-557.008484,5.96848822,-2.35821366,-556.769409,5.84528065,-2.45619178,-556.886292,6.3165369,-2.68882155,-556.956726,6.36202097,-2.99803662,-557.056458
643,7.84653759,-2.89430332,-559.143433,7.51142025,-2.94719625,-559.682251,7.34046364,-2.62402201,-560.029419,6.92830658,-2.57699084,-560.180969,6.49027586,-2.94006801,-559.91156,5.98194599,-3.11227775,-559.667542,5.73914003,-3.13802695,-559.138367,6.00637484,-2.89890695,-558.759399,5.97555685,-2.36530185,-558.520752,5.85068798,-2.46440911,-558.636292,6.32341719,-2.6941545,-558.707642,6.37077236,-3.00334573,-558.81134
644,7.84759474,-2.89814377,-560.910828,7.51579428,-2.95156956,-561.450867,7.34456682,-2.62486124,-561.792786,6.92964077,-2.5749495,-561.939514,6.49503708,-2.94410348,-561.67218,5.98890734,-3.11742473,-561.425781,5.74836302,-3.14060163,-560.895081,6.01538181,-2.90370655,-560.513062,5.98258257,-2.37242866,-560.274902,5.85610771,-2.47264528,-560.388977,6.33027792,-2.69951296,-560.461304,6.3795433,-3.0086441,-560.56897
645,7.84859753,-2.90197659,-562.68103,7.52011347,-2.95591211,-563.222168,7.34864569,-2.62573147,-563.558838,6.93099976,-2.57297421,-563.700684,6.49980736,-2.94812107,-563.435547,5.99590302,-3.12253094,-563.186768,5.7576375,-3.1431272,-562.65448,6.02439165,-2.90847945,-562.269409,5.98956633,-2.37959361,-562.031799,5.86154079,-2.48089838,-562.144409,6.33711958,-2.70489645,-562.217651,6.38833284,-3.01393127,-562.329285
646,7.84954739,-2.90580058,-564.454041,7.52437878,-2.9602232,-564.996216,7.35269928,-2.6266315,-565.327637,6.93238688,-2.5710659,-565.464539,6.50458622,-2.95212126,-565.20166,6.00293112,-3.12759709,-564.950439,5.7669611,-3.14560628,-564.416626,6.0334053,-2.91322684,-564.028503,5.99650812,-2.38679433,-563.791443,5.86698771,-2.48916721,-563.902527,6.34394169,-2.71030521,-563.976746,6.39714146,-3.019207,-564.092285
647,7.85044289,-2.90961599,-566.229858,7.52858973,-2.96450162,-566.772949,7.35673094,-2.62756133,-567.099121,6.93380451,-2.5692246,-567.231018,6.5093751,-2.9561038,-566.970459,6.00999165,-3.13262391,-566.716797,5.77633286,-3.148036,-566.181458,6.04242039,-2.91794658,-565.790344,6.00340796,-2.39403367,-565.553894,5.87244987,-2.49745297,-565.663391,6.35074425,-2.71573949,-565.738586,6.40596771,-3.02447176,-565.858032
648,7.85128593,-2.91342306,-568.008484,7.53274632,-2.96874881,-568.552429,7.36073685,-2.6285212,-568.873352,6.93525267,-2.56745315,-569.000183,6.51417255,-2.9600668,-568.742004,6.01708364,-3.13760996,-568.48584,5.7857523,-3.15042067,-567.949036,6.05143881,-2.92264247,-567.554932,6.01026678,-2.40130806,-567.319092,5.87792778,-2.50575328,-567.426941,6.35752726,-2.72119832,-567.503235,6.41481113,-3.02972484,-567.626465
649,7.85207701,-2.91722202,-569.789917,7.53684855,-2.97296524,-570.334595,7.36471701,-2.62951183,-570.650269,6.93673182,-2.56575274,-570.771973,6.5189786,-2.96400928,-570.516296,6.02420759,-3.14255476,-570.257629,5.79521942,-3.15276003,-569.719299,6.06046009,-2.92731428,-569.322266,6.0170846,-2.4086175,-569.087036,5.88342094,-2.51406765,-569.193237,6.36429024,-2.72668195,-569.270569,6.42367172,-3.03496647,-569.397644
650,7.8528161,-2.92101216,-571.574158,7.54089642,-2.97715044,-572.119507,7.36867237,-2.63053322,-572.429871,6.93824339,-2.56412363,-572.546448,6.52379322,-2.96793079,-572.293274,6.0313611,-3.14745903,-572.032104,5.80473232,-3.15505648,-571.49231,6.06948519,-2.93196321,-571.092285,6.02386236,-2.41596055,-570.857727,5.8889308,-2.52239466,-570.962219,6.37103319,-2.73219061,-571.040649,6.43254948,-3.04019618,-571.171509
651,7.85350609,-2.92479491,-573.361206,7.54488993,-2.98130751,-573.907104,7.3725996,-2.63158798,-574.212219,6.939785,-2.56256747,-574.323608,6.52861643,-2.97182822,-574.072998,6.03854895,-3.15232062,-573.809265,5.81429291,-3.15730572,-573.268005,6.07851171,-2.93658662,-572.865051,6.03059912,-2.4233408,-572.631226,5.89445877,-2.53073549,-572.733948,6.37775612,-2.73772454,-572.813477,6.44144249,-3.04541421,-572.948059
652,7.85414696,-2.92856884,-575.151062,7.54882908,-2.98543453,-575.697449,7.37650013,-2.63267326,-575.997253,6.94136143,-2.56108546,-576.103455,6.53344822,-2.97570324,-575.855469,6.04576588,-3.15714121,-575.589172,5.82389784,-3.15951395,-575.046387,6.08754158,-2.94118905,-574.640564,6.03729582,-2.43075371,-574.407471,5.90000439,-2.53908706,-574.508362,6.38445854,-2.74328303,-574.58905,6.45035172,-3.05062032,-574.727356
653,7.85473824,-2.93233418,-576.943726,7.55271435,-2.98953223,-577.490479,7.38037395,-2.63379025,-577.785034,6.94297266,-2.55967832,-577.885986,6.53828859,-2.97955418,-577.640625,6.05301285,-3.16192007,-577.371765,5.83354712,-3.16168022,-576.827515,6.09657478,-2.94576931,-576.418823,6.04395247,-2.43820119,-576.186462,5.90556955,-2.54744864,-576.285522,6.39114094,-2.7488656,-576.367371,6.45927477,-3.05581474,-576.509338
654,7.85528135,-2.93609166,-578.739197,7.55654526,-2.9936018,-579.286194,7.38421869,-2.63494015,-579.5755,6.94461775,-2.55834746,-579.671143,6.54313707,-2.98337936,-579.428528,6.06028938,-3.16665602,-579.157043,5.84324121,-3.16380572,-578.611389,6.10561132,-2.9503293,-578.199829,6.05057049,-2.44568062,-577.968201,5.91115332,-2.55582023,-578.06543,6.39780283,-2.75447226,-578.148438,6.46821356,-3.06099725,-578.294006
655,7.85577917,-2.93984151,-580.537476,7.56032228,-2.99764442,-581.084656,7.38803339,-2.63612318,-581.368652,6.94629622,-2.55709434,-581.458984,6.54799366,-2.98717737,-581.219116,6.06759596,-3.17134857,-580.945068,5.85297918,-3.16589141,-580.397949,6.1146512,-2.95486927,-579.983582,6.05714941,-2.45319223,-579.752747,5.91675711,-2.5642004,-579.848022,6.40444422,-2.76010346,-579.932312,6.47716665,-3.06616735,-580.081421
656,7.85623026,-2.94358301,-582.338501,7.56404543,-3.00165939,-582.885803,7.39181805,-2.63733935,-583.164551,6.94801044,-2.55592036,-583.249512,6.55285835,-2.99094772,-583.012451,6.07493258,-3.17599797,-582.735779,5.86276054,-3.16793776,-582.187256,6.12369442,-2.95938993,-581.770081,6.06368971,-2.46073627,-581.540039,5.9223814,-2.57258749,-581.633362,6.4110651,-2.76575875,-581.718872,6.48613262,-3.07132554,-581.871521
657,7.85663414,-2.94731617,-584.142395,7.56771421,-3.00564742,-584.689697,7.39557457,-2.63858891,-584.963135,6.94976139,-2.55482578,-585.042725,6.55773163,-2.9946897,-584.808472,6.08229733,-3.18060398,-584.529175,5.87258339,-3.16994572,-583.979248,6.13274097,-2.96389174,-583.559265,6.07019186,-2.46831083,-583.330078,5.9280262,-2.58098269,-583.421387,6.41766548,-2.77143812,-583.508179,6.49511194,-3.07647157,-583.664307
658,7.85699511,-2.95104194,-585.949036,7.57133007,-3.00960994,-586.496277,7.39929867,-2.6398716,-586.764465,6.95154905,-2.55381155,-586.838623,6.56261396,-2.99840212,-586.607239,6.08969116,-3.18516636,-586.325256,5.88244772,-3.17191505,-585.773926,6.14179039,-2.96837449,-585.351196,6.07665586,-2.47591567,-585.122864,5.93369246,-2.58938503,-585.212158,6.42424488,-2.77714229,-585.300232,6.50410509,-3.08160543,-585.459839
659,7.85731125,-2.95476031,-587.758484,7.57489252,-3.01354814,-588.305542,7.40299034,-2.64118981,-588.568481,6.95337105,-2.55288005,-588.637207,6.56750393,-3.00208259,-588.408691,6.09711552,-3.18968296,-588.124084,5.89235497,-3.17384696,-587.57135,6.15084314,-2.97283912,-587.145874,6.08308172,-2.48355198,-586.918396,5.9393816,-2.59779286,-587.005676,6.43080378,-2.78287005,-587.095032,6.51311016,-3.0867269,-587.258057
660,7.85758448,-2.95847034,-589.57074,7.57840157,-3.01746082,-590.117493,7.40664959,-2.64254093,-590.375244,6.95523262,-2.55203104,-590.438416,6.57240295,-3.00573254,-590.212891,6.10456753,-3.19415617,-589.925598,5.90230131,-3.1757431,-589.371521,6.15989876,-2.97728705,-588.943298,6.08947039,-2.49121809,-588.716736,5.94509363,-2.60620475,-588.80188,6.43734169,-2.78862166,-588.892578,6.52212667,-3.09183621,-589.05896
661,7.85781527,-2.96217275,-591.385803,7.5818572,-3.02134967,-591.93219,7.41027594,-2.64392757,-592.184692,6.95713043,-2.55126619,-592.242371,6.57731056,-3.00934911,-592.019836,6.11204863,-3.19858408,-591.729797,5.91228819,-3.17760324,-591.174377,6.16895723,-2.9817183,-590.743469,6.09582233,-2.49891329,-590.517822,5.95082855,-2.6146214,-590.60083,6.4438591,-2.79439712,-590.692871,6.53115463,-3.09693313,-590.86261
662,7.85800552,-2.965868,-593.203674,7.58526039,-3.02521563,-593.749573,7.41386795,-2.64534926,-593.996887,6.95906496,-2.55058622,-594.049011,6.58222628,-3.01293182,-593.829468,6.11955738,-3.20296621,-593.536682,5.92231512,-3.17943001,-592.97998,6.17801952,-2.98613477,-592.546387,6.10213804,-2.50663614,-592.321655,5.95658779,-2.62304091,-592.402466,6.45035553,-2.80019593,-592.495911,6.54019308,-3.10201764,-592.668945
663,7.85815477,-2.96955514,-595.024353,7.58861017,-3.02905846,-595.569641,7.41742611,-2.64680576,-595.811768,6.96103859,-2.54999232,-595.858337,6.58715105,-3.01647997,-595.641846,6.12709284,-3.20730305,-595.346313,5.9323802,-3.18122339,-594.788269,6.18708515,-2.99053669,-594.352051,6.10841799,-2.51438642,-594.128235,5.9623704,-2.63146281,-594.206848,6.45683098,-2.80601835,-594.301697,6.5492425,-3.10708952,-594.477966
664,7.85826349,-2.97323465,-596.847778,7.5919075,-3.03287888,-597.392456,7.42094946,-2.64829707,-597.629395,6.96305132,-2.54948497,-597.670349,6.59208441,-3.01999307,-597.456909,6.13465548,-3.21159434,-597.15863,5.94248438,-3.18298364,-596.599304,6.19615412,-2.99492407,-596.160461,6.11466169,-2.52216458,-595.937561,5.96817827,-2.63988638,-596.013977,6.46328545,-2.81186366,-596.110229,6.55830145,-3.112149,-596.289673
665,7.85833311,-2.97690678,-598.674011,7.59515238,-3.03667855,-599.217957,7.42443657,-2.64982533,-599.449707,6.96510029,-2.54906678,-599.485046,6.59702587,-3.02346849,-599.274658,6.14224768,-3.21583772,-598.973633,5.95262766,-3.18471003,-598.413025,6.20522547,-2.99929714,-597.971619,6.12086964,-2.52997017,-597.749634,5.97401094,-2.64831209,-597.823853,6.46971893,-2.81773305,-597.921509,6.56737089,-3.11719561,-598.104126
666,7.85836458,-2.98057175,-600.503052,7.59834528,-3.04045677,-601.046143,7.42788696,-2.65138865,-601.272705,6.96718884,-2.54873729,-601.302429,6.60197687,-3.02690697,-601.095154,6.14986658,-3.22003484,-600.791382,5.96280813,-3.18640518,-600.229492,6.21430063,-3.0036571,-599.785461,6.12704229,-2.53780198,-599.564453,5.97986889,-2.65673757,-599.636414,6.47613144,-2.8236258,-599.735535,6.57644987,-3.12222958,-599.921265
667,7.85835838,-2.98422933,-602.3349,7.60148573,-3.04421449,-602.877014,7.43130112,-2.6529882,-603.09845,6.96931601,-2.54849744,-603.122498,6.60693693,-3.03030705,-602.918335,6.15751266,-3.22418523,-602.611816,5.97302532,-3.18806863,-602.048645,6.22337818,-3.00800395,-601.602051,6.13318014,-2.54566073,-601.382019,5.98575306,-2.66516304,-601.451721,6.48252296,-2.82954192,-601.552307,6.58553743,-3.12725115,-601.741089
668,7.85831642,-2.98787928,-604.169495,7.60457516,-3.04795241,-604.710632,7.4346776,-2.65462279,-604.92688,6.97148323,-2.54834723,-604.945251,6.61190653,-3.03366852,-604.744263,6.1651845,-3.22828937,-604.434937,5.98327827,-3.18970203,-603.870544,6.23245859,-3.01233935,-603.421387,6.13928318,-2.55354476,-603.202393,5.99166393,-2.67358708,-603.269775,6.48889351,-2.83548093,-603.371826,6.5946331,-3.13226008,-603.56366
669,7.85823822,-2.99152207,-606.006897,7.60761261,-3.05167079,-606.546936,7.43801737,-2.65629292,-606.758057,6.97369099,-2.54828739,-606.770691,6.61688614,-3.03699064,-606.572876,6.17288303,-3.23234773,-606.260742,5.99356651,-3.19130492,-605.695129,6.24154139,-3.01666212,-605.243469,6.14535189,-2.5614543,-605.025513,5.99760056,-2.68201065,-605.090515,6.49524355,-2.84144354,-605.194092,6.60373783,-3.13725615,-605.388916
670,7.85812378,-2.99515724,-607.847107,7.61059856,-3.05537033,-608.385925,7.44131851,-2.65800047,-608.591919,6.97593689,-2.54832006,-608.598816,6.62187481,-3.040272,-608.404236,6.18060732,-3.23635745,-608.089294,6.00389147,-3.19288087,-607.522461,6.25062799,-3.02097511,-607.068298,6.15138817,-2.56938601,-606.851318,6.00356436,-2.69043159,-606.914001,6.50157213,-2.84742856,-607.019104,6.61284971,-3.14223957,-607.216858
671,7.85797644,-2.99878573,-609.690063,7.61353445,-3.05905175,-610.2276,7.44458008,-2.65974307,-610.428528,6.97822332,-2.54844427,-610.429688,6.62687349,-3.04351211,-610.238281,6.18835783,-3.24032092,-609.920532,6.01425028,-3.19442677,-609.352478,6.25971603,-3.02527714,-608.895874,6.15739012,-2.57734346,-608.679932,6.00955629,-2.69884992,-608.740234,6.50788021,-2.85343719,-608.846863,6.62196875,-3.14721036,-609.047485
672,7.85779428,-3.00240636,-611.535828,7.61641932,-3.06271505,-612.072021,7.44780254,-2.66152167,-612.267883,6.98055077,-2.54866171,-612.263245,6.63188124,-3.04671073,-612.075012,6.19613266,-3.24423718,-611.754456,6.0246439,-3.19594717,-611.185242,6.26880741,-3.0295701,-610.726196,6.16335964,-2.5853231,-610.511292,6.01557541,-2.70726442,-610.569214,6.51416731,-2.85946822,-610.677368,6.63109493,-3.15216804,-610.880859
673,7.85757875,-3.00602007,-613.384399,7.61925364,-3.06636143,-613.919128,7.45098543,-2.66333723,-614.109924,6.98291731,-2.54897404,-614.099487,6.63689852,-3.0498662,-613.91449,6.20393324,-3.24810505,-613.591064,6.03507233,-3.19743991,-613.020691,6.27790117,-3.03385377,-612.559265,6.16929626,-2.59332609,-612.345398,6.02162266,-2.71567488,-612.40094,6.5204339,-2.86552215,-612.51062,6.64022732,-3.15711308,-612.716919
674,7.85733032,-3.00962615,-615.235718,7.62203693,-3.06999087,-615.768921,7.45412827,-2.66518879,-615.954712,6.98532438,-2.54938102,-615.938416,6.64192581,-3.05297852,-615.756653,6.21175766,-3.25192523,-615.43042,6.04553461,-3.19890833,-614.858887,6.28699875,-3.03812957,-614.395081,6.17520094,-2.60135007,-614.182251,6.02769852,-2.72408009,-614.235352,6.52667952,-2.87159872,-614.346619,6.64936638,-3.16204524,-614.555664
675,7.85705042,-3.01322508,-617.089844,7.62477064,-3.07360363,-617.621399,7.45723057,-2.66707587,-617.802185,6.98777151,-2.54988313,-617.78009,6.64696312,-3.05604744,-617.601501,6.21960688,-3.25569773,-617.272461,6.0560298,-3.20035052,-616.699768,6.29609823,-3.04239726,-616.233643,6.18107367,-2.60939646,-616.021851,6.03380299,-2.73248005,-616.07251,6.5329051,-2.87769818,-616.185364,6.65851068,-3.16696453,-616.397095
676,7.85673952,-3.01681662,-618.946777,7.62745476,-3.07720041,-619.476562,7.46029186,-2.66899896,-619.652405,6.99025965,-2.55048108,-619.624451,6.65201044,-3.05907202,-619.449097,6.2274785,-3.25942278,-619.117188,6.06655741,-3.20177007,-618.543396,6.30520153,-3.04665828,-618.074951,6.18691587,-2.61746287,-617.864197,6.03993702,-2.74087334,-617.912415,6.53911018,-2.88381934,-618.026855,6.66765928,-3.17187119,-618.241272
677,7.85639811,-3.02040052,-620.806458,7.63008928,-3.08078146,-621.334473,7.46331215,-2.67095709,-621.50531,6.99278927,-2.55117416,-621.471558,6.65706778,-3.06205249,-621.299377,6.23537445,-3.26310086,-620.9646,6.07711697,-3.20316482,-620.389709,6.31430626,-3.05091214,-619.919006,6.19272661,-2.62555075,-619.70929,6.04609966,-2.74926066,-619.755066,6.54529476,-2.88996339,-619.871094,6.6768136,-3.17676473,-620.088135
678,7.8560257,-3.02397704,-622.668945,7.63267422,-3.08434725,-623.195068,7.46629143,-2.6729517,-623.360962,6.99535942,-2.55196428,-623.32135,6.66213512,-3.06498766,-623.152344,6.24329281,-3.26673055,-622.814758,6.08770895,-3.20453715,-622.23877,6.32341433,-3.05516028,-621.765808,6.19850731,-2.63365769,-621.557129,6.05229235,-2.7576406,-621.600464,6.55145884,-2.89612985,-621.718079,6.68597126,-3.18164539,-621.937683
679,7.8556242,-3.02754641,-624.53418,7.63521004,-3.08789873,-625.05835,7.46922779,-2.67498231,-625.219299,6.99796963,-2.55285263,-625.173828,6.66721201,-3.06787682,-625.007996,6.25123549,-3.27031136,-624.667603,6.09833384,-3.20588613,-624.090576,6.33252478,-3.05940199,-623.615356,6.20425749,-2.64178491,-623.407715,6.05851412,-2.76601315,-623.448608,6.55760288,-2.90231872,-623.56781,6.69513369,-3.18651319,-623.789917
680,7.85519409,-3.0311079,-626.402222,7.63769722,-3.09143496,-626.924316,7.4721241,-2.67704749,-627.080383,7.00062227,-2.55383658,-627.029053,6.67230082,-3.07072067,-626.866394,6.25919819,-3.27384663,-626.523132,6.10898733,-3.20721507,-625.945068,6.34163809,-3.06363964,-625.467651,6.20997858,-2.64993,-625.260986,6.06476402,-2.77437711,-625.2995,6.5637269,-2.90852952,-625.420288,6.70430088,-3.19136763,-625.644897
681,7.85473585,-3.03466177,-628.27301,7.64013672,-3.09495735,-628.79303,7.47497749,-2.67914844,-628.944153,7.00331497,-2.55491877,-628.886963,6.67739916,-3.07351828,-628.727478,6.26718378,-3.2773335,-628.381348,6.11967134,-3.20852208,-627.802307,6.35075378,-3.06787205,-627.322693,6.21567059,-2.65809488,-627.117065,6.07104492,-2.78273249,-627.153076,6.56983089,-2.9147625,-627.275513,6.71347094,-3.19620919,-627.502563
682,7.85425043,-3.03820825,-630.146606,7.64252758,-3.09846497,-630.664429,7.47778893,-2.68128276,-630.810669,7.00605059,-2.55609703,-630.74762,6.68250942,-3.07627082,-630.591248,6.27518988,-3.28077483,-630.24231,6.13038445,-3.20980883,-629.662231,6.35987186,-3.0721004,-629.180481,6.22133398,-2.66627741,-628.97583,6.07735634,-2.79107857,-629.009399,6.57591534,-2.92101741,-629.133423,6.72264338,-3.20103788,-629.362915
683,7.85373735,-3.04174685,-632.02301,7.64487076,-3.10195899,-632.538513,7.4805584,-2.68345213,-632.679871,7.00882721,-2.55737448,-632.610962,6.6876297,-3.07897663,-632.457764,6.28321791,-3.284168,-632.105957,6.14112806,-3.21107531,-631.524902,6.36899137,-3.07632565,-631.040955,6.22696924,-2.67447782,-630.837341,6.0836978,-2.79941511,-630.868469,6.58197975,-2.92729473,-630.994141,6.73181868,-3.20585346,-631.225952
684,7.85319901,-3.04527736,-633.902161,7.64716673,-3.10543919,-634.415283,7.48328495,-2.68565488,-634.551819,7.01164579,-2.55874872,-634.477051,6.69276094,-3.08163643,-634.326965,6.29126787,-3.28751564,-633.97229,6.15189934,-3.2123208,-633.390259,6.37811184,-3.08054662,-632.904236,6.23257589,-2.68269682,-632.701599,6.09007025,-2.80774188,-632.730286,6.58802462,-2.9335947,-632.857544,6.74099636,-3.21065617,-633.091675
685,7.85263538,-3.04880023,-635.784058,7.64941597,-3.10890651,-636.294739,7.48596764,-2.68789196,-636.426453,7.01450491,-2.56022239,-636.345825,6.69790173,-3.08424902,-636.198853,6.29933929,-3.29081511,-635.841309,6.16270065,-3.21354747,-635.258362,6.38723373,-3.08476543,-634.770203,6.23815584,-2.69093251,-634.568604,6.09647274,-2.81605816,-634.594849,6.59405088,-2.93991637,-634.723694,6.75017548,-3.21544576,-634.960083
686,7.85204744,-3.052315,-637.668762,7.65161848,-3.11236048,-638.17688,7.48860836,-2.69016123,-638.303833,7.01740694,-2.56179166,-638.217346,6.70305443,-3.08681583,-638.073425,6.30742931,-3.29407072,-637.713074,6.17352915,-3.21475625,-637.12915,6.39635754,-3.08898211,-636.638916,6.24370909,-2.69918418,-636.438354,6.1029048,-2.82436371,-636.462158,6.6000576,-2.94626021,-636.59259,6.7593565,-3.22022176,-636.831238
687,7.85143518,-3.0558219,-639.556213,7.65377426,-3.11580205,-640.061768,7.49120474,-2.69246459,-640.18396,7.02034903,-2.56346059,-640.091614,6.70821667,-3.08933568,-639.950684,6.31554079,-3.2972784,-639.587524,6.18438673,-3.21594691,-639.002686,6.40548277,-3.09319663,-638.510376,6.24923515,-2.7074523,-638.310852,6.10936832,-2.83265781,-638.332214,6.60604525,-2.95262599,-638.464233,6.76853848,-3.22498488,-638.705078
688,7.85079813,-3.05932021,-641.446472,7.65588427,-3.11923051,-641.949341,7.49376011,-2.6947999,-642.066772,7.02333403,-2.56522608,-641.968567,6.71339083,-3.09180951,-641.830627,6.32367134,-3.30044198,-641.464661,6.19527054,-3.21712041,-640.878906,6.41460896,-3.09740973,-640.384583,6.25473547,-2.71573591,-640.186096,6.11586142,-2.84094024,-640.205017,6.61201429,-2.95901394,-640.338684,6.77772188,-3.22973442,-640.581604
689,7.85013676,-3.06280994,-643.339478,7.65794754,-3.12264633,-643.8396,7.49627304,-2.69716883,-643.952332,7.02636003,-2.56709027,-643.848267,6.71857452,-3.09423661,-643.713257,6.3318224,-3.30355906,-643.344543,6.20618248,-3.21827698,-642.757874,6.42373562,-3.10162163,-642.261536,6.26021051,-2.72403502,-642.064087,6.1223855,-2.8492105,-642.080566,6.61796474,-2.96542358,-642.21582,6.78690577,-3.23447108,-642.460815
690,7.84945297,-3.06629109,-645.235291,7.65996599,-3.12604952,-645.732544,7.49874306,-2.69956875,-645.840576,7.02942896,-2.56905103,-645.730713,6.72377062,-3.0966177,-645.598633,6.33999014,-3.306633,-645.227112,6.21711922,-3.21941853,-644.639526,6.43286371,-3.10583329,-644.141235,6.26566029,-2.7323482,-643.944824,6.12893963,-2.85746789,-643.958862,6.62389708,-2.97185469,-644.095703,6.7960906,-3.23919415,-644.342712
691,7.84874821,-3.0697639,-647.13385,7.66193962,-3.12944007,-647.628174,7.50117016,-2.70199943,-647.731567,7.03253937,-2.57110929,-647.615906,6.72897625,-3.09895301,-647.486694,6.34817791,-3.3096621,-647.112366,6.22808266,-3.22054434,-646.523926,6.44199133,-3.11004448,-646.023743,6.27108574,-2.74067616,-645.828247,6.13552475,-2.8657124,-645.839905,6.62981129,-2.97830772,-645.978333,6.80527449,-3.24390411,-646.227295
692,7.84802151,-3.07322764,-649.035156,7.66386843,-3.1328187,-649.52655,7.50355434,-2.70446134,-649.625244,7.03569078,-2.57326388,-649.503784,6.73419189,-3.10124254,-649.377441,6.3563838,-3.31264687,-649.000305,6.23907232,-3.22165537,-648.411072,6.4511199,-3.11425638,-647.908936,6.27648687,-2.74901795,-647.714417,6.14213896,-2.87394381,-647.723694,6.6357069,-2.9847827,-647.863708,6.81446028,-3.24860048,-648.114624
693,7.8472724,-3.07668209,-650.93927,7.66575241,-3.13618493,-651.427612,7.50589752,-2.70695376,-651.521667,7.03888464,-2.57551479,-651.394409,6.73941851,-3.10348654,-651.270874,6.36460686,-3.31558871,-650.890991,6.25008678,-3.22275186,-650.300903,6.46024942,-3.11846948,-649.796875,6.28186464,-2.75737309,-649.603333,6.14878321,-2.88216138,-649.610229,6.64158535,-2.99127936,-649.751892,6.82364464,-3.2532835,-650.004639
694,7.84650326,-3.08012772,-652.84613,7.66759253,-3.13953876,-653.33136,7.50819778,-2.7094748,-653.420837,7.04212093,-2.57786059,-653.287781,6.74465656,-3.10568595,-653.166992,6.37284708,-3.31848884,-652.784363,6.26112509,-3.22383475,-652.193481,6.46937847,-3.12268329,-651.687561,6.28722,-2.76574111,-651.494995,6.15545845,-2.89036512,-651.499512,6.64744711,-2.99779701,-651.642761,6.83282661,-3.25795388,-651.897339
695,7.84571409,-3.0835638,-654.755737,7.66938877,-3.1428802,-655.237793,7.51045609,-2.71202564,-655.322693,7.04539871,-2.58030128,-655.183899,6.74990511,-3.10784101,-655.065796,6.38110447,-3.321347,-654.68042,6.27218819,-3.22490478,-654.088745,6.47850752,-3.12689853,-653.580994,6.29255295,-2.77412224,-653.389404,6.16216469,-2.89855433,-653.391541,6.6532917,-3.00433588,-653.536377,6.84200621,-3.26261091,-653.792725
696,7.84490442,-3.08699012,-656.668152,7.67114162,-3.14620972,-657.146912,7.51267385,-2.71460581,-657.227295,7.04871845,-2.58283639,-657.082764,6.75516462,-3.10995197,-656.967346,6.38937807,-3.32416344,-656.579163,6.28327513,-3.22596216,-655.986755,6.48763657,-3.13111663,-655.477173,6.29786396,-2.78251529,-655.28656,6.16890001,-2.90672874,-655.286316,6.65911961,-3.01089621,-655.432739,6.85118484,-3.26725435,-655.690796
697,7.84407616,-3.09040737,-658.583313,7.67285204,-3.14952755,-659.058716,7.51484871,-2.71721411,-659.134583,7.0520792,-2.58546591,-658.984375,6.76043367,-3.11201906,-658.871521,6.39766836,-3.32693815,-658.480652,6.29438639,-3.22700715,-657.887451,6.49676514,-3.1353364,-657.376099,6.30315351,-2.79092026,-657.186401,6.1756649,-2.91488814,-657.183838,6.66493082,-3.01747799,-657.331848,6.86036253,-3.27188444,-657.591553
698,7.84322834,-3.09381461,-660.501221,7.67451954,-3.15283346,-660.973267,7.51698303,-2.71985078,-661.044617,7.05548096,-2.58818841,-660.888672,6.76571274,-3.11404276,-660.778442,6.40597534,-3.3296721,-660.384827,6.30552101,-3.2280407,-659.790894,6.50589275,-3.13955927,-659.277832,6.30842257,-2.79933667,-659.088989,6.18245935,-2.92303228,-659.084106,6.67072535,-3.02408099,-659.233704,6.86953783,-3.27650142,-659.494995
699,7.8423624,-3.0972116,-662.421936,7.67614508,-3.15612674,-662.890503,7.51907682,-2.72251439,-662.957336,7.05892467,-2.59100223,-662.795776,6.77100182,-3.11602378,-662.688049,6.41429615,-3.33236766,-662.291687,6.31667757,-3.22906423,-661.697021,6.51502085,-3.14378595,-661.182251,6.31367159,-2.80776381,-660.994324,6.18928289,-2.93116069,-660.987122,6.67650414,-3.0307045,-661.138306,6.87871027,-3.28110504,-661.401123
700,7.84147978,-3.10059905,-664.345398,7.67772913,-3.15940762,-664.810425,7.52112913,-2.72520447,-664.872803,7.06240845,-2.59390855,-664.705627,6.77630043,-3.11796308,-664.600342,6.42263365,-3.33502293,-664.201233,6.32785749,-3.23007655,-663.605896,6.52414703,-3.14801621,-663.089417,6.31890106,-2.81620169,-662.902405,6.19613647,-2.93927336,-662.892883,6.68226814,-3.03734899,-663.045654,6.88787889,-3.28569555,-663.309998
701,7.84057808,-3.10397553,-666.271606,7.67927122,-3.16267729,-666.733032,7.52314234,-2.72792125,-666.790955,7.06593418,-2.59690523,-666.618225,6.78160954,-3.11986041,-666.51532,6.4309845,-3.33764005,-666.113525,6.33905935,-3.23107958,-665.517456,6.53327322,-3.15225053,-664.999329,6.32411146,-2.82464957,-664.813232,6.20301867,-2.94736958,-664.801392,6.68801689,-3.04401422,-664.95575,6.89704418,-3.29027271,-665.221558
702,7.83966017,-3.10734177,-668.200562,7.68077278,-3.1659348,-668.658386,7.52511501,-2.73066401,-668.711853,7.06949997,-2.59999156,-668.533569,6.78692722,-3.12171698,-668.432983,6.43935108,-3.34021878,-668.028503,6.35028362,-3.23207331,-667.431763,6.54239798,-3.15649033,-666.911987,6.32930422,-2.83310676,-666.726746,6.20992947,-2.95544887,-666.712708,6.69375038,-3.05070019,-666.868591,6.90620565,-3.29483676,-667.135803
703,7.83872461,-3.11069727,-670.132324,7.68223333,-3.16918063,-670.586426,7.52704859,-2.73343229,-670.635437,7.07310677,-2.60316706,-670.45166,6.79225492,-3.12353277,-670.353333,6.44773149,-3.34276032,-669.946167,6.36152935,-3.23305845,-669.348755,6.5515213,-3.16073465,-668.827393,6.33447933,-2.84157348,-668.643005,6.21686935,-2.96351147,-668.62677,6.69946957,-3.0574069,-668.78418,6.91536236,-3.29938722,-669.052734
704,7.83777475,-3.11404276,-672.066833,7.68365431,-3.17241359,-672.517151,7.52894211,-2.73622417,-672.561768,7.07675314,-2.60643053,-672.372498,6.79759169,-3.12530971,-672.276367,6.45612431,-3.34526563,-671.866516,6.37279654,-3.23403645,-671.268494,6.56064367,-3.16498351,-670.745544,6.3396368,-2.85004878,-670.562012,6.22383785,-2.97155762,-670.543579,6.70517445,-3.06413364,-670.702515,6.92451525,-3.30392456,-670.972351
705,7.83680964,-3.11737728,-674.004089,7.68503523,-3.17563415,-674.450562,7.53079653,-2.73904061,-674.490845,7.08043909,-2.60978222,-674.296082,6.80293703,-3.12704778,-674.202087,6.46453285,-3.34773421,-673.789551,6.38408422,-3.23500514,-673.190918,6.56976366,-3.16923833,-672.666504,6.34477806,-2.85853314,-672.483765,6.23083401,-2.9795866,-672.463135,6.7108655,-3.07088113,-672.623596,6.93366337,-3.30844831,-672.894653
706,7.83582878,-3.12070036,-675.944092,7.68637657,-3.17884231,-676.386658,7.5326128,-2.74188113,-676.422607,7.08416462,-2.61321974,-676.222412,6.80829096,-3.1287477,-676.130432,6.47295237,-3.35016751,-675.715332,6.39539289,-3.23596811,-675.116089,6.57888365,-3.17349911,-674.590149,6.34990358,-2.86702514,-674.408203,6.23785734,-2.98759794,-674.385437,6.7165432,-3.07764864,-674.547424,6.94280672,-3.31295872,-674.819641
707,7.8348341,-3.12401247,-677.886841,7.68767929,-3.18203807,-678.325439,7.53439045,-2.74474406,-678.357117,7.0879302,-2.6167419,-678.151489,6.81365395,-3.13041067,-678.061523,6.48138475,-3.35256672,-677.643799,6.40672112,-3.23692441,-677.043945,6.58800125,-3.17776632,-676.516541,6.35501432,-2.87552476,-676.335388,6.24490833,-2.99559164,-676.310486,6.72220755,-3.08443618,-676.473999,6.95194483,-3.31745577,-676.747314
708,7.83382416,-3.12731242,-679.832336,7.68894339,-3.18522143,-680.266968,7.53613091,-2.74762988,-680.294312,7.09173536,-2.62034726,-680.083313,6.81902599,-3.13203692,-679.995239,6.48983049,-3.35493255,-679.574951,6.41806841,-3.23787427,-678.974548,6.59711552,-3.18204045,-678.445679,6.36011076,-2.88403177,-678.26532,6.25198603,-3.0035677,-678.238342,6.72785902,-3.09124351,-678.40332,6.96107721,-3.32193971,-678.677734
709,7.83279991,-3.13060045,-681.780579,7.69016838,-3.18839169,-682.211182,7.53783512,-2.75053835,-682.234253,7.09557962,-2.62403536,-682.017944,6.82440615,-3.13362741,-681.931641,6.49828815,-3.35726523,-681.508789,6.42943573,-3.23881888,-680.907837,6.6062274,-3.18632078,-680.377563,6.36519337,-2.89254594,-680.197937,6.2590909,-3.01152611,-680.168945,6.73349857,-3.09807086,-680.335388,6.97020388,-3.32641029,-680.61084
710,7.83176327,-3.1338768,-683.731628,7.69135666,-3.19154835,-684.158081,7.53950262,-2.75346804,-684.17688,7.09946251,-2.62780595,-683.955322,6.82979441,-3.13518405,-683.870789,6.50675678,-3.3595655,-683.445374,6.44082117,-3.23975873,-682.843872,6.61533689,-3.19060802,-682.312195,6.37026358,-2.90106606,-682.133301,6.26622248,-3.01946688,-682.102295,6.73912621,-3.10491753,-682.270142,6.97932291,-3.33086777,-682.546631
711,7.8307128,-3.13714099,-685.685425,7.69250727,-3.19469237,-686.107666,7.54113388,-2.75641847,-686.122253,7.10338402,-2.63165593,-685.895447,6.83519125,-3.13670659,-685.812622,6.51523733,-3.361835,-685.384644,6.45222425,-3.24069428,-684.782593,6.62444353,-3.1949029,-684.249573,6.37532139,-2.90959239,-684.071411,6.2733798,-3.02738929,-684.038391,6.74474239,-3.11178422,-684.207642,6.98843527,-3.33531165,-684.485107
712,7.82964993,-3.14039302,-687.641968,7.69362068,-3.19782352,-688.059937,7.54272938,-2.75938964,-688.070312,7.10734272,-2.63558555,-687.838379,6.84059477,-3.13819599,-687.75708,6.52373075,-3.36407256,-687.326599,6.46364689,-3.24162555,-686.72406,6.63354635,-3.19920659,-686.189697,6.38036776,-2.91812444,-686.012268,6.2805624,-3.0352931,-685.977295,6.75034761,-3.1186707,-686.147888,6.99754095,-3.33974171,-686.42627
713,7.82857513,-3.14363289,-689.601257,7.69469786,-3.20094204,-690.014893,7.54428911,-2.76238108,-690.021118,7.11133862,-2.63959312,-689.784058,6.84600592,-3.13965321,-689.704224,6.53223562,-3.36627984,-689.27124,6.47508717,-3.242553,-688.668213,6.64264584,-3.20351744,-688.132629,6.38540316,-2.92666197,-687.955811,6.28777075,-3.04317856,-687.918945,6.75594282,-3.12557697,-688.090881,7.006639,-3.34415841,-688.370117
714,7.82748747,-3.14685965,-691.563293,7.69573879,-3.20404792,-691.972534,7.54581404,-2.76539278,-691.974609,7.1153717,-2.64367652,-691.732483,6.85142565,-3.14107966,-691.654053,6.54075003,-3.36845779,-691.218628,6.48654461,-3.24347782,-690.615051,6.65174246,-3.20783639,-690.078247,6.39042854,-2.93520427,-689.9021,6.29500389,-3.05104566,-689.863342,6.76152754,-3.13250232,-690.036621,7.0157299,-3.34856129,-690.31665
715,7.82638884,-3.15007377,-693.528076,7.69674444,-3.20714068,-693.932922,7.54730511,-2.76842284,-693.930847,7.11944199,-2.64783382,-693.683655,6.85685301,-3.14247561,-693.606567,6.5492754,-3.37060833,-693.168701,6.49801779,-3.24440074,-692.564636,6.66083479,-3.21216464,-692.026611,6.39544487,-2.9437511,-691.851135,6.3022604,-3.05889392,-691.810486,6.76710224,-3.13944721,-691.985107,7.02481365,-3.35295033,-692.265869
716,7.82527828,-3.15327454,-695.495605,7.69771481,-3.21021962,-695.895996,7.54876328,-2.77147245,-695.889771,7.12354803,-2.6520648,-695.637634,6.86228657,-3.14384222,-695.561768,6.55781269,-3.37273002,-695.12146,6.50950861,-3.24532175,-694.516907,6.6699214,-3.21650267,-693.977783,6.40045214,-2.95230198,-693.802856,6.30954075,-3.06672359,-693.760376,6.77266788,-3.14641118,-693.93634,7.03388977,-3.35732579,-694.217773
717,7.82415724,-3.15646243,-697.465881,7.69864988,-3.21328545,-697.861755,7.55018806,-2.77453995,-697.85144,7.12768936,-2.65636778,-697.59436,6.8677268,-3.14518023,-697.519653,6.56636,-3.374825,-697.076904,6.52101612,-3.24624181,-696.471924,6.67900467,-3.22084999,-695.931641,6.40545225,-2.96085596,-695.757324,6.31684494,-3.07453418,-695.713074,6.77822495,-3.15339375,-695.89032,7.04295635,-3.36168814,-696.172363
718,7.8230257,-3.15963697,-699.438904,7.69955111,-3.21633744,-699.8302,7.55158043,-2.77762508,-699.815796,7.13186646,-2.66074181,-699.553894,6.87317371,-3.14649105,-699.480225,6.57491684,-3.376894,-699.035034,6.53253889,-3.24716091,-698.429626,6.68808317,-3.22520685,-697.888245,6.41044521,-2.96941304,-697.714539,6.3241725,-3.08232594,-697.668518,6.7837739,-3.16039491,-697.847046,7.05201435,-3.36603713,-698.129639
719,7.82188368,-3.16279793,-701.414673,7.700418,-3.21937633,-701.801331,7.55294085,-2.78072834,-701.782837,7.13607788,-2.66518474,-701.516174,6.8786273,-3.14777541,-701.443481,6.5834837,-3.37893724,-700.995911,6.5440774,-3.24807954,-700.390076,6.69715738,-3.22957373,-699.847595,6.41543198,-2.97797298,-699.6745,6.33152103,-3.09009838,-699.626709,6.78931427,-3.1674149,-699.806519,7.06106424,-3.3703723,-700.0896
720,7.82073307,-3.16594601,-703.393188,7.70125198,-3.22240186,-703.775208,7.55426884,-2.78384829,-703.752625,7.14032269,-2.66969633,-703.481262,6.88408661,-3.14903426,-703.409424,6.59206152,-3.38095474,-702.959473,6.55563164,-3.24899817,-702.35321,6.70622444,-3.23395014,-701.809753,6.42041302,-2.98653555,-701.637146,6.33889294,-3.09785223,-701.587708,6.79484797,-3.17445326,-701.768738,7.07010412,-3.37469459,-702.052246
721,7.81957388,-3.1690805,-705.374451,7.70205355,-3.22541261,-705.75177,7.55556631,-2.78698444,-705.725159,7.14460087,-2.67427373,-705.449097,6.88955212,-3.15026879,-705.378052,6.60064697,-3.38294911,-704.92572,6.56720018,-3.24991798,-704.319092,6.71528769,-3.23833728,-703.774597,6.42538929,-2.99509954,-703.602539,6.34628582,-3.10558724,-703.551453,6.80037451,-3.18150949,-703.733704,7.07913494,-3.37900329,-704.017639
722,7.81840515,-3.17220068,-707.358459,7.70282173,-3.22840953,-707.731018,7.55683374,-2.79013777,-707.700378,7.14891195,-2.67891765,-707.419739,6.89502239,-3.1514802,-707.349365,6.60924339,-3.38491869,-706.894653,6.57878399,-3.25083876,-706.287659,6.72434425,-3.24273467,-705.742249,6.43036222,-3.00366521,-705.570679,6.35370016,-3.11330342,-705.517944,6.80589485,-3.18858409,-705.701416,7.08815575,-3.3832984,-705.985718
723,7.81722736,-3.17530727,-709.345215,7.70355749,-3.23139358,-709.712952,7.55807066,-2.79330707,-709.678345,7.15325499,-2.68362498,-709.393127,6.90049839,-3.15266895,-709.323364,6.61784887,-3.3868649,-708.866272,6.59038305,-3.25176096,-708.258972,6.7333951,-3.24714255,-707.712646,6.43533182,-3.01223183,-707.541504,6.36113501,-3.12100077,-707.487244,6.81140947,-3.19567609,-707.671875,7.09716606,-3.38758016,-707.956482
724,7.81604099,-3.17839932,-711.334717,7.70426178,-3.23436332,-711.697571,7.55927944,-2.7964921,-711.658997,7.15762997,-2.68839264,-711.369324,6.90598059,-3.15383625,-711.300049,6.62646198,-3.38879108,-710.840637,6.60199499,-3.25268555,-710.232971,6.74244022,-3.25156069,-709.68573,6.44029903,-3.02079916,-709.515076,6.36859083,-3.12867951,-709.45929,6.81691885,-3.20278573,-709.645081,7.10616541,-3.39184856,-709.929932
725,7.81484652,-3.18147731,-713.326965,7.70493412,-3.23731995,-713.684875,7.56045914,-2.79969287,-713.642334,7.16203499,-2.69322133,-713.348267,6.91146755,-3.15498304,-713.279358,6.63508606,-3.39069486,-712.817688,6.61362028,-3.25361228,-712.209656,6.75147724,-3.25599027,-711.661621,6.44526529,-3.02936649,-711.491394,6.37606621,-3.13633943,-711.434082,6.82242393,-3.20991278,-711.621033,7.11515379,-3.39610362,-711.906067
726,7.81364584,-3.18454123,-715.321899,7.7055769,-3.24026179,-715.674866,7.56161022,-2.80290818,-715.628418,7.16647053,-2.6981101,-715.330017,6.91695833,-3.15611076,-715.261353,6.64371824,-3.39257741,-714.797424,6.62525892,-3.25454259,-714.189087,6.76050758,-3.26043105,-713.640259,6.45023108,-3.03793287,-713.470398,6.38356161,-3.14398026,-713.411682,6.82792521,-3.21705699,-713.59967,7.12412977,-3.40034604,-713.884888
727,7.81243706,-3.18759036,-717.31958,7.70618868,-3.24319005,-717.667542,7.5627346,-2.80613828,-717.617188,7.17093563,-2.70305419,-717.314575,6.92245579,-3.15721989,-717.246033,6.65235758,-3.39444184,-716.779846,6.63690948,-3.25547671,-716.171204,6.76953125,-3.26488304,-715.621582,6.45519733,-3.04649854,-715.452148,6.39107561,-3.15160251,-715.392029,6.83342218,-3.22421837,-715.581055,7.13309479,-3.40457487,-715.866394
728,7.81122112,-3.19062519,-719.320007,7.70676994,-3.24610496,-719.662964,7.56383181,-2.80938339,-719.608704,7.17542934,-2.70805478,-719.30188,6.92795753,-3.15831161,-719.233398,6.6610074,-3.3962853,-718.764954,6.64857292,-3.25641489,-718.156067,6.77854586,-3.26934671,-717.605713,6.46016502,-3.05506301,-717.436646,6.39860725,-3.15920639,-717.375122,6.83891582,-3.23139668,-717.565186,7.14204884,-3.40879011,-717.850586
729,7.80999851,-3.19364524,-721.323181,7.70732212,-3.24900508,-721.661072,7.56490326,-2.81264257,-721.602905,7.17995167,-2.71310973,-721.291992,6.93346405,-3.15938711,-721.22345,6.66966343,-3.39811158,-720.752808,6.6602478,-3.2573576,-720.143616,6.78755331,-3.27382112,-719.59259,6.46513462,-3.06362557,-719.423828,6.40615702,-3.1667912,-719.360962,6.84440708,-3.23859191,-719.552063,7.15099049,-3.412992,-719.837463
730,7.80877018,-3.19665098,-723.329102,7.70784521,-3.25189114,-723.661865,7.56594801,-2.81591558,-723.599854,7.18450117,-2.7182188,-723.284851,6.9389739,-3.1604476,-723.216187,6.67832851,-3.39991856,-722.743347,6.67193508,-3.25830531,-722.133911,6.79655266,-3.27830768,-721.582214,6.47010708,-3.07218575,-721.413757,6.4137249,-3.17435741,-721.349609,6.84989643,-3.24580359,-721.541687,7.15991879,-3.41718102,-721.827026
731,7.80753613,-3.19964147,-725.337769,7.70834017,-3.25476241,-725.665344,7.56696844,-2.81920147,-725.599487,7.18907738,-2.72337747,-725.280518,6.94448948,-3.16149378,-725.211609,6.68700123,-3.40171075,-724.736572,6.68363142,-3.25925899,-724.126892,6.80554295,-3.28280616,-723.574585,6.4750843,-3.08074307,-723.406433,6.42130947,-3.18190527,-723.341003,6.85538483,-3.25303173,-723.534058,7.16883421,-3.42135668,-723.819275
732,7.8062973,-3.20261717,-727.349182,7.70880747,-3.2576189,-727.671509,7.5679636,-2.82250094,-727.601807,7.19367886,-2.72858644,-727.278992,6.95000744,-3.16252732,-727.209717,6.69568348,-3.40348506,-726.732483,6.6953392,-3.26021886,-726.122559,6.81452274,-3.2873168,-725.569702,6.4800663,-3.08929682,-725.401855,6.42891073,-3.18943501,-725.335205,6.86087227,-3.26027584,-725.529175,7.17773628,-3.42551947,-725.814209
733,7.80505276,-3.20557785,-729.363342,7.70924616,-3.26046228,-729.680359,7.56893539,-2.82581353,-729.606873,7.19830561,-2.73384261,-729.280273,6.95553064,-3.16354799,-729.210449,6.70437288,-3.40524459,-728.73114,6.70705652,-3.26118541,-728.120972,6.82349443,-3.29183936,-727.567566,6.48505402,-3.09784698,-727.399963,6.43652678,-3.19694591,-727.332153,6.86635923,-3.26753616,-727.527039,7.18662596,-3.4296689,-727.81189
734,7.80380297,-3.20852304,-731.380188,7.70965815,-3.26329112,-731.691895,7.5698843,-2.82913971,-731.614624,7.20295668,-2.73914576,-731.284302,6.96105719,-3.16455817,-731.213867,6.71306944,-3.40698838,-730.732483,6.71878386,-3.26215911,-730.12207,6.83245611,-3.29637408,-729.568176,6.49004841,-3.10639262,-729.400818,6.44415855,-3.20443916,-729.331848,6.8718462,-3.27481174,-729.527649,7.1955018,-3.43380523,-729.812256
735,7.80254889,-3.2114532,-733.39978,7.71004343,-3.26610565,-733.706116,7.57081032,-2.832479,-733.625122,7.20763159,-2.74449396,-733.291138,6.96658754,-3.16555786,-733.219971,6.72177458,-3.40871739,-732.736511,6.73051977,-3.26314044,-732.125854,6.84140682,-3.30092144,-731.571533,6.49505043,-3.11493301,-731.404419,6.45180559,-3.21191382,-731.334351,6.87733412,-3.2821033,-731.531006,7.20436335,-3.43792868,-731.815308
736,7.80129099,-3.2143681,-735.422119,7.71040249,-3.26890588,-735.723083,7.57171392,-2.83583021,-735.638306,7.21232891,-2.74988532,-735.300781,6.97212124,-3.16654897,-735.22876,6.73048687,-3.4104321,-734.743225,6.7422657,-3.26412964,-734.132385,6.85034657,-3.30548096,-733.577637,6.50006056,-3.12346816,-733.410706,6.45946741,-3.21937108,-733.3396,6.88282347,-3.28940988,-733.537109,7.21321011,-3.44203949,-733.821045
737,7.80002975,-3.21726799,-737.447205,7.7107358,-3.2716918,-737.742737,7.5725956,-2.83919334,-737.654236,7.21704817,-2.75531816,-737.313171,6.97765875,-3.16753197,-737.240234,6.73920822,-3.41213346,-736.752625,6.75401878,-3.2651279,-736.141602,6.85927343,-3.31005216,-735.586487,6.50508022,-3.13199759,-735.419739,6.46714449,-3.22681141,-735.347595,6.8883152,-3.29673123,-735.545898,7.22204161,-3.44613791,-735.829468
738,7.79876566,-3.22015214,-739.474976,7.71104431,-3.27446246,-739.765076,7.57345581,-2.84256864,-739.672852,7.22178936,-2.76079321,-739.328369,6.98319864,-3.16850853,-739.254395,6.74793482,-3.41382217,-738.764771,6.76578093,-3.2661345,-738.153503,6.86818981,-3.31463528,-737.598083,6.51011038,-3.14052057,-737.431519,6.4748354,-3.23423362,-737.358398,6.89380932,-3.30406809,-737.557434,7.23085785,-3.45022345,-737.840576
739,7.79749727,-3.22302032,-741.505493,7.71132708,-3.2772193,-741.7901,7.57429695,-2.84595656,-741.694153,7.2265501,-2.76630545,-741.346375,6.98874235,-3.16947865,-741.27124,6.75667095,-3.41549897,-740.779602,6.77754974,-3.26715159,-740.168152,6.87709284,-3.31923175,-739.612427,6.51515198,-3.14903617,-739.445984,6.48253918,-3.24163842,-739.371948,6.89930677,-3.31141949,-739.571716,7.23965883,-3.45429611,-739.85437
740,7.79622698,-3.22587323,-743.538757,7.71158552,-3.27996111,-743.81781,7.57511806,-2.84935594,-743.718201,7.23133039,-2.77185512,-743.367188,6.99428892,-3.17044401,-743.290771,6.76541376,-3.41716433,-742.797119,6.78932619,-3.2681787,-742.185486,6.88598347,-3.32384014,-741.629517,6.52020597,-3.15754485,-741.463196,6.49025536,-3.2490263,-741.388245,6.90480804,-3.31878543,-741.588745,7.24844408,-3.4583559,-741.87085
741,7.79495335,-3.22871065,-745.574768,7.7118187,-3.28268957,-745.848206,7.57591963,-2.85276794,-745.744934,7.23612881,-2.77744174,-745.390747,6.9998374,-3.17140579,-745.312927,6.77416563,-3.4188168,-744.817322,6.80110979,-3.26921582,-744.205566,6.89485979,-3.32846117,-743.649353,6.52527332,-3.16604495,-743.483154,6.49798441,-3.25639725,-743.407349,6.91031361,-3.32616568,-743.608521,7.25721359,-3.4624033,-743.890015
742,7.79367876,-3.23153257,-747.613525,7.71202946,-3.28540277,-747.881287,7.57670212,-2.85619092,-747.774414,7.24094534,-2.78306341,-747.417114,7.00538874,-3.17236495,-747.337769,6.78292465,-3.42045879,-746.84021,6.81289911,-3.27026415,-746.228333,6.90372181,-3.33309388,-745.671997,6.5303545,-3.17453647,-745.505798,6.50572491,-3.26375198,-745.429199,6.91582394,-3.33355975,-745.631042,7.26596785,-3.46643806,-745.911865
743,7.79240179,-3.23433828,-749.654968,7.71221685,-3.28810167,-749.917114,7.57746792,-2.85962534,-749.80658,7.24577904,-2.78871584,-749.446289,7.01094389,-3.17332244,-749.365295,6.79168892,-3.42209339,-748.865845,6.82469273,-3.27132511,-748.253784,6.91257095,-3.33773875,-747.697388,6.53545141,-3.18301797,-747.531189,6.51347733,-3.27109027,-747.453857,6.92134047,-3.34096718,-747.656311,7.27470493,-3.47046065,-747.936401
744,7.79112434,-3.23712802,-751.699158,7.71238184,-3.29078507,-751.955627,7.57821608,-2.86307073,-751.841431,7.25062895,-2.7943995,-751.478271,7.01650143,-3.17427945,-751.395508,6.80045795,-3.42371917,-750.894165,6.83649158,-3.27239776,-750.281921,6.92140627,-3.34239531,-749.725525,6.54056358,-3.19149017,-749.559326,6.52124119,-3.27841282,-749.481262,6.92686272,-3.34838796,-749.684326,7.28342533,-3.47447109,-749.963623
745,7.78984642,-3.23990226,-753.746094,7.71252441,-3.29345369,-753.996826,7.57894802,-2.86652684,-753.879028,7.25549364,-2.80011225,-753.513,7.02206182,-3.17523646,-753.428406,6.80923414,-3.42533708,-752.925171,6.84829426,-3.27348351,-752.312805,6.93022585,-3.34706426,-751.756409,6.54569292,-3.19995141,-751.59021,6.52901554,-3.28571963,-751.511414,6.93239117,-3.35582161,-751.715088,7.29212952,-3.47846913,-751.993591
746,7.78856754,-3.24266028,-755.795715,7.71264553,-3.29610753,-756.04071,7.57966328,-2.86999393,-755.919312,7.26037312,-2.80585432,-755.550537,7.02762461,-3.17619491,-755.463989,6.81801653,-3.42694712,-754.958862,6.86010075,-3.27458286,-754.346375,6.93903017,-3.35174513,-753.790039,6.55084085,-3.20840096,-753.623779,6.53680038,-3.29301047,-753.544373,6.93792725,-3.36326814,-753.748535,7.30081558,-3.48245549,-754.026245
747,7.78728819,-3.24540234,-757.848083,7.71274519,-3.29874611,-758.08728,7.58036375,-2.87347198,-757.96228,7.26526499,-2.81162238,-757.590881,7.03318977,-3.17715621,-757.502258,6.82680511,-3.42854977,-756.995239,6.87191153,-3.2756958,-756.382629,6.94781828,-3.35643816,-755.826416,6.55600786,-3.21683908,-755.660095,6.54459524,-3.30028629,-755.580078,6.94347143,-3.3707273,-755.784729,7.309484,-3.48642969,-756.061584
748,7.78600931,-3.24812841,-759.903198,7.71282387,-3.30136991,-760.136536,7.58104897,-2.87696052,-760.007996,7.27016926,-2.81741619,-759.634033,7.03875732,-3.17812109,-759.543213,6.83559895,-3.43014598,-759.034363,6.88372517,-3.27682304,-758.421631,6.95659018,-3.36114264,-757.86554,6.5611949,-3.22526479,-757.699158,6.55240059,-3.30754662,-757.61853,6.94902468,-3.37819934,-757.823669,7.31813335,-3.49039221,-758.099609
749,7.78473043,-3.25083828,-761.960999,7.71288157,-3.30397964,-762.188477,7.58171988,-2.88046074,-762.056396,7.27508593,-2.82323456,-761.679993,7.04432678,-3.17909002,-761.586853,6.84439945,-3.43173504,-761.076172,6.89554167,-3.27796483,-760.463318,6.96534443,-3.36585903,-759.90741,6.56640291,-3.23367691,-759.740967,6.560215,-3.31479216,-759.65979,6.95458746,-3.38568354,-759.865356,7.32676411,-3.49434328,-760.14032
750,7.78345156,-3.25353193,-764.021545,7.71291828,-3.3065753,-764.243103,7.58237743,-2.88397145,-764.107544,7.28001261,-2.82907391,-763.728699,7.04989958,-3.18006396,-763.633179,6.85320663,-3.43331861,-763.120667,6.90736008,-3.27912235,-762.50769,6.97408009,-3.37058663,-761.952026,6.57163239,-3.24207592,-761.785461,6.56803894,-3.32202315,-761.703796,6.96016026,-3.39317989,-761.90979,7.33537674,-3.49828267,-762.183716
751,7.78217363,-3.25620914,-766.084839,7.71293592,-3.30915594,-766.300415,7.58302212,-2.88749337,-766.161377,7.28494883,-2.83493471,-765.780212,7.0554738,-3.18104458,-765.682129,6.86201954,-3.43489647,-765.167847,6.91918039,-3.28029537,-764.55481,6.98279715,-3.37532592,-763.99939,6.57688475,-3.25046062,-763.832703,6.57587099,-3.32924032,-763.75061,6.96574306,-3.40068769,-763.95697,7.34397125,-3.50221038,-764.229797
752,7.78089809,-3.25887036,-768.150818,7.71293449,-3.31172156,-768.360474,7.5836544,-2.89102483,-768.217896,7.2898941,-2.84081388,-767.834534,7.06105137,-3.18203259,-767.733765,6.87083769,-3.43647194,-767.217773,6.93099976,-3.28148556,-766.604614,6.99149561,-3.38007545,-766.0495,6.58216143,-3.25883031,-765.88269,6.5837121,-3.33644342,-765.800171,6.97133636,-3.40820718,-766.006897,7.35254669,-3.50612664,-766.278564
753,7.77962351,-3.26151514,-770.219543,7.71291399,-3.3142724,-770.423218,7.58427477,-2.89456773,-770.277161,7.29484797,-2.84671259,-769.891663,7.06663036,-3.18302894,-769.788086,6.87966204,-3.43804145,-769.270386,6.94282007,-3.28269219,-768.657104,7.00017309,-3.38483667,-768.102356,6.58746338,-3.26718402,-767.935425,6.59156084,-3.34363294,-767.852478,6.97694159,-3.41573739,-768.05957,7.36110258,-3.51003242,-768.330017
754,7.77835178,-3.26414418,-772.290955,7.71287537,-3.31680799,-772.488647,7.58488321,-2.89812088,-772.339111,7.29980946,-2.85262942,-771.951599,7.07221079,-3.18403506,-771.845093,6.88849258,-3.43960643,-771.325684,6.95463943,-3.28391671,-770.71228,7.00882959,-3.38960862,-770.15802,6.59279108,-3.27552128,-769.990845,6.59941769,-3.35080934,-769.907593,6.98255873,-3.42327857,-770.114929,7.3696394,-3.51392698,-770.384155
755,7.77708244,-3.26675701,-774.365112,7.71281815,-3.31932926,-774.556763,7.58548164,-2.90168405,-774.403748,7.30477715,-2.85856032,-774.014282,7.07779455,-3.18505096,-773.904785,6.89732838,-3.44116902,-773.383667,6.96645784,-3.28515959,-772.770203,7.01746559,-3.39439154,-772.216431,6.59814548,-3.28384161,-772.049011,6.60728121,-3.35797286,-771.965454,6.98818779,-3.43083048,-772.173035,7.37815762,-3.51781034,-772.44104
756,7.77581596,-3.26935339,-776.442017,7.71274376,-3.32183528,-776.627563,7.58607006,-2.90525699,-776.47113,7.3097496,-2.86450529,-776.079773,7.08338022,-3.18607855,-775.967163,6.90616846,-3.44273019,-775.444336,6.97827387,-3.28642154,-774.830811,7.02608061,-3.39918423,-774.277588,6.60352755,-3.29214406,-774.109924,6.61515284,-3.36512399,-774.026062,6.99383116,-3.43839264,-774.233887,7.38665485,-3.52168298,-774.50061
757,7.77455235,-3.27193332,-778.521606,7.71265221,-3.32432652,-778.70105,7.58664846,-2.90884066,-778.541199,7.31472683,-2.87046409,-778.148071,7.0889678,-3.18711853,-778.032227,6.91501379,-3.44428825,-777.507751,6.99008751,-3.28770232,-776.894104,7.03467274,-3.40398741,-776.341492,6.60893917,-3.30042744,-776.173584,6.62303209,-3.37226248,-776.089478,6.99948883,-3.44596481,-776.297485,7.39513111,-3.52554584,-776.562866
758,7.77329159,-3.27449656,-780.603943,7.71254301,-3.32680345,-780.777222,7.58721876,-2.91243482,-780.614014,7.31970739,-2.87643218,-780.219177,7.09455872,-3.18817115,-780.099976,6.92386293,-3.44584632,-779.573853,7.00189924,-3.28900242,-778.960144,7.04324293,-3.40880013,-778.408142,6.61437941,-3.30869293,-778.239929,6.6309185,-3.37938929,-778.15564,7.00516081,-3.45354676,-778.363831,7.40358686,-3.5293982,-778.627808
759,7.77203417,-3.27704358,-782.688965,7.71241713,-3.32926607,-782.856079,7.58778095,-2.91603923,-782.689514,7.3246913,-2.88241053,-782.293091,7.10015202,-3.18923759,-782.17041,6.93271732,-3.44740319,-781.642639,7.01370621,-3.2903235,-781.02887,7.05178881,-3.41362214,-780.477539,6.61985111,-3.31693816,-780.309021,6.63881207,-3.38650513,-780.224548,7.01084852,-3.46113777,-780.432922,7.41202116,-3.53324056,-780.695435
760,7.77078152,-3.27957416,-784.776733,7.71227551,-3.33171368,-784.937622,7.58833504,-2.91965461,-784.7677,7.32967758,-2.88839912,-784.369751,7.10574675,-3.19031978,-784.24353,6.94157553,-3.4489584,-783.714172,7.02550888,-3.29166532,-783.100281,7.06031084,-3.41845345,-782.549683,6.62535477,-3.32516193,-782.380859,6.64671183,-3.39360952,-782.296265,7.01655149,-3.46873832,-782.504761,7.42043495,-3.5370729,-782.765747
761,7.76953316,-3.28208828,-786.867188,7.71211815,-3.33414674,-787.021912,7.58888197,-2.92328024,-786.848572,7.33466434,-2.89439511,-786.449219,7.11134386,-3.19141817,-786.319275,6.95043993,-3.45051312,-785.788391,7.03730583,-3.29302931,-785.174377,7.06880665,-3.42329407,-784.624573,6.6308918,-3.33336425,-784.455444,6.65461826,-3.40070343,-784.370728,7.02227068,-3.47634745,-784.579285,7.42882824,-3.54089522,-784.838745
762,7.76829052,-3.28458643,-788.960388,7.71194601,-3.33656383,-789.108887,7.5894227,-2.92691565,-788.93219,7.33965158,-2.90039754,-788.531494,7.11694336,-3.19253325,-788.397766,6.95930767,-3.45206857,-787.865295,7.04909706,-3.294415,-787.251221,7.07727671,-3.42814326,-786.702271,6.63646173,-3.3415451,-786.532776,6.66253138,-3.40778661,-786.447937,7.02800655,-3.4839654,-786.656555,7.43719959,-3.54470825,-786.914429
763,7.76705265,-3.28706789,-791.056335,7.71175861,-3.33896661,-791.198547,7.58995724,-2.93056083,-791.018494,7.34463787,-2.90640545,-790.616577,7.12254477,-3.19366646,-790.478882,6.96818018,-3.45362473,-789.944885,7.06088114,-3.29582381,-789.33075,7.08572006,-3.43300152,-788.782715,6.64206696,-3.34970188,-788.612854,6.67045069,-3.41485953,-788.527954,7.03376102,-3.49159193,-788.736572,7.44554853,-3.54851222,-788.992859
764,7.7658205,-3.2895329,-793.154968,7.71155691,-3.34135413,-793.290894,7.59048748,-2.93421555,-793.107544,7.34962177,-2.91241455,-792.704407,7.12814999,-3.19481778,-792.562744,6.97705412,-3.45518613,-792.027222,7.07265806,-3.29725575,-791.412964,7.09413815,-3.43786645,-790.865906,6.64770699,-3.35783601,-790.695618,6.67837572,-3.42192268,-790.610718,7.03953314,-3.49922681,-790.819336,7.45387602,-3.55230665,-791.073975
765,7.7645936,-3.29198122,-795.256287,7.7113409,-3.34372687,-795.385925,7.591012,-2.93788099,-795.19928,7.35460424,-2.9184289,-794.795044,7.13375711,-3.19598937,-794.649231,6.98593426,-3.45674586,-794.112244,7.08442688,-3.29871178,-793.497864,7.10252666,-3.44274044,-792.951843,6.65338421,-3.36594534,-792.781128,6.68630791,-3.42897677,-792.696228,7.04532385,-3.50686932,-792.904846,7.46218157,-3.55609202,-793.157776
766,7.7633729,-3.29441285,-797.360352,7.71111107,-3.34608507,-797.483643,7.59153223,-2.94155669,-797.293701,7.35958385,-2.92444468,-796.888489,7.1393671,-3.19718122,-796.738403,6.9948163,-3.45830822,-796.199951,7.09618711,-3.30019188,-795.58551,7.11088705,-3.44762182,-795.040527,6.6590991,-3.37402964,-794.869385,6.69424582,-3.43602204,-794.784546,7.05113411,-3.51451921,-794.993103,7.47046375,-3.55986905,-795.244263
767,7.76215887,-3.29682851,-799.467163,7.7108674,-3.34842801,-799.584045,7.59204912,-2.9452424,-799.390869,7.36455965,-2.93046045,-798.984741,7.14497995,-3.1983943,-798.830261,7.00370169,-3.45987415,-798.290344,7.10793734,-3.30169749,-797.675842,7.11921835,-3.45250964,-797.131958,6.66485214,-3.38208818,-796.960388,6.70218992,-3.44305921,-796.87561,7.05696392,-3.52217579,-797.084045,7.478724,-3.56363726,-797.333435
768,7.76095104,-3.29922724,-801.57666,7.71061087,-3.35075665,-801.687134,7.59256268,-2.94893837,-801.490723,7.36953211,-2.93647718,-801.08374,7.15059566,-3.19962978,-800.924866,7.01258993,-3.46144247,-800.383484,7.11967754,-3.30322814,-799.76886,7.12751961,-3.4574039,-799.226135,6.67064476,-3.39012051,-799.054138,6.71013975,-3.45008802,-798.969421,7.06281424,-3.52983952,-799.177734,7.48696136,-3.56739736,-799.425293
769,7.75975084,-3.30160952,-803.688843,7.71034193,-3.35307026,-803.792908,7.59307384,-2.95264482,-803.593262,7.37449837,-2.94249201,-803.185547,7.15621376,-3.2008884,-803.022095,7.02148151,-3.46301365,-802.479309,7.13140678,-3.30478525,-801.864563,7.13578939,-3.46230531,-801.32312,6.67647743,-3.39812541,-801.150635,6.71809578,-3.45710874,-801.065979,7.06868505,-3.53750992,-801.27417,7.49517584,-3.57114911,-801.519897
770,7.75855684,-3.30397511,-805.803772,7.71005964,-3.35536981,-805.901428,7.59358358,-2.95636129,-805.698547,7.37945843,-2.94850278,-805.2901,7.16183615,-3.20217085,-805.122009,7.03037596,-3.46458912,-804.57782,7.14312458,-3.30636883,-803.962952,7.14402771,-3.46721244,-803.422852,6.68235111,-3.40610242,-803.249817,6.72605801,-3.46412182,-803.165344,7.07457829,-3.54518676,-803.373352,7.50336599,-3.57489371,-803.617188
771,7.75737095,-3.30632401,-807.921387,7.70976543,-3.35765409,-808.012634,7.59409189,-2.96008778,-807.806519,7.38441133,-2.95450926,-807.397461,7.16746092,-3.2034781,-807.224609,7.03927279,-3.46616983,-806.679077,7.1548295,-3.3079803,-806.064087,7.15223455,-3.47212529,-805.52533,6.68826723,-3.41405058,-805.351746,6.73402643,-3.47112823,-805.267456,7.08049345,-3.55286908,-805.475281,7.51153278,-3.57863069,-805.717163
772,7.75619364,-3.30865645,-810.041748,7.70945978,-3.35992312,-810.126526,7.59459877,-2.96382427,-809.917236,7.38935661,-2.96051192,-809.507629,7.17308855,-3.2048111,-809.329895,7.04817104,-3.4677546,-808.78302,7.16652203,-3.30961919,-808.167908,7.1604085,-3.47704339,-807.630554,6.69422579,-3.42196989,-807.456421,6.74200153,-3.47812796,-807.372314,7.08643055,-3.56055689,-807.579956,7.51967525,-3.58236051,-807.819824
773,7.75502491,-3.31097198,-812.164795,7.70914316,-3.3621769,-812.243103,7.59510517,-2.96757126,-812.03064,7.39429426,-2.96650958,-811.620605,7.17871952,-3.20617032,-811.437927,7.05707073,-3.46934438,-810.889648,7.17819929,-3.31128693,-810.274414,7.16854906,-3.4819665,-809.738525,6.70022821,-3.42985845,-809.563843,6.74998283,-3.48512173,-809.47998,7.09239054,-3.5682497,-809.687317,7.52779436,-3.58608317,-809.925171
774,7.75386381,-3.31327057,-814.290588,7.70881462,-3.36441636,-814.362366,7.59561205,-2.97132921,-814.146729,7.39922333,-2.97250056,-813.736328,7.18435383,-3.20755696,-813.548645,7.06597233,-3.47093964,-812.999023,7.18986225,-3.31298351,-812.383606,7.17665577,-3.48689365,-811.849243,6.70627546,-3.43771601,-811.674011,6.75796938,-3.49210954,-811.590393,7.09837437,-3.575948,-811.797424,7.53588963,-3.58979869,-812.033203
775,7.75271177,-3.31555247,-816.419067,7.70847559,-3.36664081,-816.484314,7.59612036,-2.97509694,-816.265503,7.4041419,-2.97848368,-815.854858,7.18999147,-3.20897222,-815.661987,7.07487679,-3.4725399,-815.111084,7.20150948,-3.3147099,-814.495544,7.18472672,-3.49182534,-813.962708,6.71236849,-3.44554114,-813.786926,6.76596165,-3.49909163,-813.703552,7.10438251,-3.58365202,-813.910278,7.54396105,-3.59350753,-814.143982
776,7.75156832,-3.31781745,-818.550293,7.70812607,-3.36885095,-818.608948,7.59662914,-2.97887468,-818.387024,7.40905046,-2.9844594,-817.976135,7.19563293,-3.21041608,-817.778076,7.08378267,-3.47414613,-817.22583,7.21314001,-3.31646657,-816.610168,7.19276142,-3.49676085,-816.078918,6.71850824,-3.45333362,-815.902588,6.77396011,-3.50606871,-815.819458,7.11041546,-3.59135985,-816.025879,7.55200815,-3.59721041,-816.257446
777,7.75043488,-3.32006598,-820.684204,7.70776558,-3.37104607,-820.736267,7.59713984,-2.98266292,-820.51123,7.41394806,-2.99042606,-820.10022,7.20127821,-3.21188998,-819.896851,7.09269094,-3.47575784,-819.343323,7.22475338,-3.31825376,-818.727478,7.20075846,-3.50169992,-818.197876,6.72469473,-3.46109343,-818.020996,6.78196573,-3.51304102,-817.93811,7.1164732,-3.59907126,-818.144226,7.56003046,-3.60090709,-818.373596
778,7.74931049,-3.32229781,-822.820801,7.70739508,-3.37322664,-822.866333,7.59765291,-2.98646116,-822.638184,7.41883421,-2.996382,-822.227051,7.20692778,-3.21339417,-822.018311,7.10160017,-3.47737741,-821.463501,7.23634863,-3.32007241,-820.847473,7.20871878,-3.50664115,-820.319641,6.73092937,-3.46881914,-820.142151,6.78997707,-3.5200088,-820.05957,7.12255621,-3.60678744,-820.265259,7.56802845,-3.60459781,-820.492432
779,7.74819613,-3.32451224,-824.960144,7.70701599,-3.37539196,-824.999084,7.59816885,-2.99027038,-824.767822,7.42370796,-3.0023284,-824.356689,7.21258068,-3.21492982,-824.142456,7.11051083,-3.47900271,-823.586365,7.24792528,-3.32192254,-822.970154,7.21664095,-3.51158547,-822.444153,6.7372117,-3.476511,-822.266052,6.79799461,-3.52697277,-822.183777,7.12866545,-3.61450648,-822.389038,7.57600212,-3.6082828,-822.613953
780,7.74709225,-3.32670975,-827.102173,7.70662737,-3.37754226,-827.134521,7.59868765,-2.99408913,-826.900146,7.42856836,-3.00826335,-826.489075,7.21823788,-3.2164979,-826.269287,7.11942196,-3.48063517,-825.711975,7.25948334,-3.32380438,-825.095581,7.2245245,-3.51653242,-824.571411,6.74354315,-3.48416781,-824.3927,6.80601931,-3.53393245,-824.31073,7.13480139,-3.62222862,-824.515564,7.58394957,-3.61196303,-824.73822
781,7.74599934,-3.32889056,-829.246887,7.70622921,-3.37967753,-829.272644,7.59921074,-2.99791813,-829.035217,7.43341541,-3.01418591,-828.624268,7.22389984,-3.2180984,-828.398804,7.12833357,-3.4822762,-827.840271,7.27101994,-3.32571983,-827.223694,7.23236895,-3.52148032,-826.701416,6.74992466,-3.49178791,-826.522034,6.81405067,-3.54088879,-826.44043,7.14096451,-3.62995362,-826.644836,7.59187174,-3.61563873,-826.865173
782,7.74491692,-3.33105421,-831.394348,7.70582294,-3.38179779,-831.413452,7.59973812,-3.00175786,-831.172974,7.43824863,-3.02009559,-830.762207,7.2295661,-3.21973252,-830.531006,7.13724566,-3.48392487,-829.971313,7.2825346,-3.32766914,-829.354492,7.24017334,-3.52642965,-828.834167,6.75635719,-3.49937105,-828.654175,6.8220892,-3.54784226,-828.572937,7.14715481,-3.63768101,-828.776794,7.59976912,-3.61930919,-828.994812
783,7.74384499,-3.33320045,-833.544495,7.7054081,-3.38390279,-833.556946,7.60026979,-3.00560856,-833.313416,7.44306755,-3.02599192,-832.902954,7.23523712,-3.22140098,-832.665894,7.1461587,-3.48558044,-832.105042,7.29402781,-3.32965136,-831.488037,7.24793673,-3.53138041,-830.969666,6.76284075,-3.506917,-830.789001,6.83013391,-3.55479288,-830.708191,7.15337324,-3.64541101,-830.911499,7.60764122,-3.62297535,-831.127136
784,7.74278402,-3.33532977,-835.697327,7.70498419,-3.38599324,-835.703125,7.60080624,-3.00946951,-835.456604,7.44787169,-3.03187418,-835.046448,7.24091387,-3.22310448,-834.803467,7.15507174,-3.48724461,-834.241516,7.30549765,-3.33166838,-833.624268,7.2556591,-3.53633142,-833.10791,6.76937675,-3.51442528,-832.926575,6.83818579,-3.56174111,-832.846191,7.15961981,-3.65314269,-833.04895,7.61548805,-3.62663698,-833.262207
785,7.74173498,-3.33744216,-837.852905,7.70455217,-3.38806868,-837.85199,7.60134792,-3.01334047,-837.602478,7.45266104,-3.03774142,-837.192749,7.24659634,-3.22484374,-836.943726,7.16398573,-3.48891735,-836.380676,7.31694269,-3.3337214,-835.763184,7.26333857,-3.54128289,-835.248962,6.77596569,-3.52189469,-835.066895,6.84624529,-3.56868672,-834.986938,7.16589499,-3.66087556,-835.189148,7.62330866,-3.63029528,-835.399963
786,7.74069643,-3.33953714,-840.011169,7.70411158,-3.39013004,-840.003601,7.60189581,-3.01722169,-839.751038,7.45743513,-3.04359317,-839.341797,7.25228453,-3.22661924,-839.086731,7.17289877,-3.49059939,-838.522522,7.32836199,-3.3358109,-837.904785,7.27097559,-3.54623318,-837.392761,6.78260851,-3.52932358,-837.210022,6.85431242,-3.57563114,-837.130432,7.17219877,-3.66860986,-837.332092,7.63110447,-3.63394952,-837.540405
787,7.73967028,-3.34161472,-842.172119,7.70366335,-3.39217615,-842.157898,7.60244989,-3.02111387,-841.902344,7.46219301,-3.04943085,-841.493591,7.25797844,-3.22843242,-841.232422,7.18181229,-3.49228811,-840.667114,7.33975697,-3.33793473,-840.049133,7.27856874,-3.55118346,-839.539307,6.78930426,-3.53671312,-839.355835,6.8623867,-3.58257413,-839.276672,7.1785326,-3.67634487,-839.477722,7.63887405,-3.63760066,-839.683533
788,7.73865557,-3.34367514,-844.335815,7.70320797,-3.394207,-844.31488,7.60301065,-3.02501607,-844.056335,7.46693373,-3.0552516,-843.648132,7.26367855,-3.23028326,-843.380798,7.19072485,-3.49398732,-842.814392,7.35112524,-3.34009528,-842.196167,7.28611898,-3.55613232,-841.688599,6.79605436,-3.54406238,-841.504456,6.87046862,-3.58951616,-841.42572,7.18489599,-3.68408036,-841.626099,7.64661789,-3.64124846,-841.829407
789,7.73765326,-3.34571767,-846.502197,7.70274544,-3.39622283,-846.474548,7.60357904,-3.02892923,-846.213013,7.47165728,-3.06105614,-845.805481,7.26938534,-3.23217297,-845.53186,7.19963694,-3.49569511,-844.964417,7.36246681,-3.34229207,-844.345886,7.2936244,-3.56108022,-843.840637,6.80285883,-3.55137086,-843.655762,6.87855816,-3.59645677,-843.577515,7.19128942,-3.69181561,-843.777222,7.6543355,-3.64489388,-843.977966
790,7.73666334,-3.3477428,-848.671265,7.70227575,-3.3982234,-848.636902,7.60415506,-3.03285289,-848.372437,7.47636366,-3.06684327,-847.965576,7.2750988,-3.23410177,-847.685608,7.20854855,-3.4974122,-847.117126,7.37377977,-3.34452629,-846.498291,7.301085,-3.56602645,-845.995422,6.80971909,-3.55863714,-845.809875,6.88665533,-3.60339713,-845.732056,7.19771385,-3.69955063,-845.931091,7.66202688,-3.64853692,-846.129211
791,7.73568583,-3.34975028,-850.843018,7.70179939,-3.40020847,-850.801941,7.60473919,-3.03678632,-850.534546,7.48105145,-3.07261133,-850.128418,7.28081942,-3.23607016,-849.842041,7.21745872,-3.49914074,-849.272583,7.3850646,-3.34679794,-848.653442,7.30850124,-3.57097054,-848.152954,6.81663418,-3.56586194,-847.966736,6.89476061,-3.61033702,-847.889343,7.20416927,-3.70728493,-848.087708,7.66969204,-3.65217781,-848.283142
792,7.73472023,-3.35173965,-853.017517,7.70131636,-3.40217876,-852.969666,7.60533142,-3.04073048,-852.699341,7.48572206,-3.07836294,-852.294006,7.28654766,-3.23807907,-852.001221,7.2263689,-3.50087786,-851.430725,7.39631987,-3.3491075,-850.811279,7.31587124,-3.57591224,-850.313232,6.82360554,-3.57304382,-850.126282,6.90287352,-3.61727691,-850.049377,7.21065569,-3.71501899,-850.247009,7.67733145,-3.65581656,-850.439819
793,7.73376751,-3.35371161,-855.194702,7.70082617,-3.4041338,-855.140137,7.60593271,-3.04468417,-854.866882,7.49037361,-3.08409476,-854.462402,7.29228401,-3.24012923,-854.163086,7.23527813,-3.50262618,-853.591614,7.40754461,-3.35145545,-852.971802,7.32319546,-3.58085155,-852.476257,6.83063269,-3.58018327,-852.288635,6.91099501,-3.62421679,-852.212158,7.2171731,-3.72275114,-852.409058,7.68494463,-3.65945363,-852.599182
794,7.73282766,-3.35566545,-857.374573,7.7003293,-3.40607405,-857.313293,7.60654306,-3.04864883,-857.037109,7.49500704,-3.08980846,-856.633545,7.29802895,-3.24222112,-856.327637,7.24418736,-3.50438309,-855.755188,7.41873884,-3.3538413,-855.135071,7.33047247,-3.58578873,-854.64209,6.83771563,-3.58728004,-854.453735,6.91912413,-3.63115692,-854.377686,7.22372198,-3.73048115,-854.573853,7.69253206,-3.66308928,-854.76123
795,7.73189974,-3.3576014,-859.557129,7.69982576,-3.40799904,-859.489136,7.607162,-3.05262446,-859.210083,7.4996233,-3.09550548,-858.807434,7.30378342,-3.24435544,-858.494873,7.25309563,-3.5061481,-857.921509,7.42990112,-3.35626578,-857.301025,7.3377018,-3.59072208,-856.810669,6.84485579,-3.59433198,-856.621582,6.92726183,-3.63809776,-856.545959,7.23030376,-3.73820972,-856.741394,7.70009279,-3.66672397,-856.926025
796,7.73098516,-3.35951924,-861.742371,7.69931602,-3.40990901,-861.667664,7.60778999,-3.05661011,-861.385742,7.50422049,-3.10118294,-860.98407,7.30954742,-3.24653292,-860.664795,7.26200247,-3.5079236,-860.090515,7.4410305,-3.35872912,-859.469727,7.34488344,-3.59565139,-858.981995,6.85205269,-3.60133934,-858.792175,6.93540859,-3.6450398,-858.717041,7.23691797,-3.74593592,-858.911621,7.70762682,-3.67035842,-859.093506
797,7.73008347,-3.3614192,-863.930359,7.69879961,-3.41180372,-863.848877,7.608428,-3.06060672,-863.564087,7.5087986,-3.10684037,-863.163452,7.31532145,-3.24875355,-862.837463,7.27090693,-3.50971031,-862.262268,7.45212555,-3.36123276,-861.641113,7.35201788,-3.60057592,-861.156067,6.85930681,-3.60830116,-860.965515,6.94356346,-3.65198302,-860.890869,7.24356461,-3.75365973,-861.084595,7.7151351,-3.67399216,-861.263672
798,7.72919416,-3.36330056,-866.121033,7.698277,-3.41368365,-866.032837,7.60907507,-3.06461406,-865.745117,7.51335859,-3.11248064,-865.34552,7.32110643,-3.25101876,-865.012817,7.27981091,-3.51150489,-864.436768,7.46318722,-3.36377454,-863.815186,7.35910463,-3.60549736,-863.332886,6.86661768,-3.61521935,-863.141602,6.95172644,-3.65892673,-863.067444,7.25024414,-3.76137972,-863.260315,7.7226162,-3.67762566,-863.436523
799,7.72831869,-3.36516333,-868.314392,7.69774866,-3.41554713,-868.219482,7.60973263,-3.06863141,-867.928894,7.51789856,-3.1181016,-867.530334,7.32690239,-3.25332856,-867.190857,7.28871346,-3.51330996,-866.613953,7.47421455,-3.36635566,-865.992004,7.36614275,-3.61041498,-865.512451,6.87398529,-3.62209225,-865.320435,6.95989799,-3.6658721,-865.246765,7.2569561,-3.76909614,-865.438782,7.73007154,-3.68125916,-865.612122
800,7.72745609,-3.36700726,-870.510437,7.6972146,-3.41739535,-870.408813,7.61040115,-3.07265925,-870.115356,7.52241898,-3.12370157,-869.717896,7.33270979,-3.25568366,-869.371643,7.29761457,-3.51512671,-868.793884,7.48520565,-3.36897731,-868.171509,7.37313318,-3.61532784,-867.694763,6.8814106,-3.6289196,-867.502014,6.96807814,-3.67281914,-867.428833,7.26370144,-3.7768085,-867.619934,7.73750067,-3.68489289,-867.790405
801,7.72660589,-3.36883235,-872.709167,7.6966753,-3.4192276,-872.60083,7.61108017,-3.0766983,-872.304504,7.52691936,-3.12928343,-871.908203,7.33853006,-3.25808477,-871.555115,7.30651522,-3.51695204,-870.976501,7.49616098,-3.37163806,-870.35376,7.3800745,-3.62023664,-869.879822,6.88889313,-3.63570142,-869.68634,6.97626638,-3.67976809,-869.613647,7.27048063,-3.7845161,-869.803833,7.74490309,-3.68852711,-869.971375
802,7.72576857,-3.37063861,-874.910583,7.6961298,-3.42104411,-874.795532,7.61177063,-3.08074737,-874.496399,7.53140068,-3.13484669,-874.101257,7.34436321,-3.26053309,-873.741272,7.31541538,-3.51878667,-873.161865,7.50707817,-3.3743391,-872.538696,7.38696623,-3.62513995,-872.067627,6.89643288,-3.6424365,-871.873413,6.98446369,-3.6867187,-871.801208,7.27729368,-3.7922194,-871.990479,7.7522788,-3.69216275,-872.15509
803,7.72494411,-3.37242579,-877.114746,7.6955781,-3.4228456,-876.99292,7.6124711,-3.08480716,-876.690979,7.5358634,-3.14039016,-876.297058,7.35021114,-3.26302838,-875.930115,7.32431459,-3.52063107,-875.349915,7.51795721,-3.37708044,-874.726379,7.3938098,-3.63003874,-874.25824,6.90402889,-3.64912677,-874.063232,6.99267006,-3.69367075,-873.991516,7.28413963,-3.79991651,-874.179871,7.7596283,-3.69579911,-874.341492
804,7.72413206,-3.37419415,-879.321594,7.69501972,-3.4246316,-879.192993,7.61318159,-3.08887768,-878.888245,7.540308,-3.1459167,-878.495544,7.35607433,-3.26557183,-878.121704,7.33321285,-3.52248335,-877.54071,7.5287981,-3.37986088,-876.916748,7.40060329,-3.63493228,-876.451599,6.91168213,-3.65577054,-876.255798,7.00088501,-3.70062494,-876.18457,7.29101992,-3.80760765,-876.371948,7.76695108,-3.69943738,-876.53064
805,7.72333241,-3.37594318,-881.531128,7.69445515,-3.42640162,-881.395813,7.61390448,-3.09295797,-881.088257,7.54473257,-3.15142226,-880.696777,7.36195183,-3.2681632,-880.315979,7.3421092,-3.52434707,-879.734253,7.53959942,-3.38268185,-879.109863,7.40734863,-3.63981938,-878.647705,6.91939211,-3.66236734,-878.451172,7.0091095,-3.70758152,-878.380371,7.29793453,-3.81529331,-878.566772,7.77424669,-3.70307779,-878.722473
806,7.72254515,-3.37767243,-883.743347,7.69388437,-3.42815638,-883.601318,7.61463737,-3.09704995,-883.290955,7.54913902,-3.15691066,-882.900757,7.36784792,-3.27080369,-882.512939,7.35100555,-3.5262177,-881.930542,7.55036068,-3.38554192,-881.305664,7.41404343,-3.64470077,-880.846558,6.92715788,-3.66891766,-880.649292,7.01734304,-3.71454,-880.578918,7.30488348,-3.82297277,-880.764343,7.7815156,-3.70672107,-880.916992
807,7.72176981,-3.37938213,-885.958252,7.6933074,-3.4298954,-885.809509,7.61538172,-3.10115194,-885.496338,7.55352688,-3.1623795,-885.107422,7.37376118,-3.27349281,-884.712646,7.35990095,-3.52809834,-884.129517,7.56108236,-3.38844085,-883.504211,7.42069054,-3.64957738,-883.048157,6.93497896,-3.67542291,-882.850159,7.0255847,-3.72150087,-882.780212,7.31186676,-3.83064508,-882.964661,7.78875828,-3.71036625,-883.114258
808,7.72100687,-3.38107204,-888.175842,7.69272423,-3.43161821,-888.020386,7.61613607,-3.10526586,-887.704407,7.55789661,-3.16783309,-887.316772,7.37969446,-3.276232,-886.915039,7.36879635,-3.52998471,-886.331238,7.57176208,-3.39137793,-885.705505,7.42728615,-3.65444803,-885.252502,6.94285536,-3.68188119,-885.053772,7.03383493,-3.72846532,-884.984253,7.31888437,-3.83831096,-885.167664,7.79597521,-3.71401358,-885.314209
809,7.72025537,-3.38274217,-890.396118,7.69213438,-3.43332505,-890.233948,7.61690283,-3.10938931,-889.915222,7.56224823,-3.17326689,-889.52887,7.38564587,-3.27902102,-889.120178,7.37769079,-3.53188205,-888.535706,7.58239985,-3.3943553,-887.909485,7.4338336,-3.65931177,-887.459595,6.95078659,-3.68829274,-887.260132,7.04209423,-3.73543215,-887.19104,7.32593679,-3.84596896,-887.373413,7.80316544,-3.71766448,-887.516846
810,7.7195158,-3.38439226,-892.61908,7.69153833,-3.43501592,-892.450195,7.61768103,-3.11352301,-892.128723,7.56658125,-3.17868257,-891.743652,7.39161777,-3.28186083,-891.328003,7.38658571,-3.53378773,-890.742859,7.59299564,-3.39737177,-890.116211,7.44033146,-3.6641705,-889.669495,6.95877218,-3.69465899,-889.469238,7.05036211,-3.74240088,-889.400574,7.33302355,-3.85361838,-889.581909,7.81032896,-3.72131872,-889.722229
811,7.71878767,-3.38602209,-894.844727,7.69093513,-3.43669081,-894.669189,7.61846828,-3.11766863,-894.34491,7.57089758,-3.18408275,-893.961182,7.39761353,-3.28475213,-893.538513,7.39547968,-3.53569984,-892.952759,7.60354757,-3.40042567,-892.325684,7.4467802,-3.66902208,-891.882141,6.96681213,-3.70097852,-891.681091,7.05863857,-3.74937272,-891.612854,7.34014559,-3.86126018,-891.793152,7.81746626,-3.72497678,-891.930298
812,7.71807051,-3.38763142,-897.073059,7.69032478,-3.43834972,-896.890869,7.61926699,-3.1218245,-896.563782,7.57519674,-3.18946528,-896.181396,7.40363121,-3.28769445,-895.75177,7.40437269,-3.53762054,-895.165405,7.61405659,-3.40351772,-894.537842,7.45318079,-3.67386818,-894.097534,6.97490549,-3.70725298,-893.895752,7.06692362,-3.75634694,-893.827881,7.34730196,-3.86889243,-894.00708,7.82457733,-3.72863841,-894.141113
813,7.71736383,-3.38922048,-899.304016,7.68970728,-3.43999195,-899.115234,7.62007713,-3.12599087,-898.7854,7.57947874,-3.19483209,-898.404297,7.40967417,-3.29068947,-897.967712,7.41326666,-3.53954744,-897.380798,7.62452126,-3.40664673,-896.752747,7.45953178,-3.67870808,-896.315674,6.98305035,-3.71348238,-896.113159,7.07521677,-3.7633245,-896.045654,7.35449314,-3.87651587,-896.223755,7.83166218,-3.73230386,-896.354614
814,7.71666765,-3.39078856,-901.537659,7.68908262,-3.4416182,-901.342285,7.62089729,-3.13016772,-901.009705,7.58374453,-3.20018244,-900.629883,7.41574287,-3.29373646,-900.186401,7.4221611,-3.54148197,-899.598877,7.63494158,-3.40981269,-898.970398,7.46583509,-3.68354249,-898.53656,6.99124718,-3.71966648,-898.333313,7.08351851,-3.77030373,-898.266174,7.36171913,-3.88412952,-898.443176,7.83872032,-3.73597455,-898.570801
815,7.71598196,-3.39233589,-903.774048,7.68845034,-3.44322848,-903.572021,7.62172556,-3.13435698,-903.236694,7.58799505,-3.20551991,-902.858154,7.42184114,-3.29683709,-902.407776,7.43105698,-3.54341984,-901.819702,7.64531517,-3.41301417,-901.190796,7.47208929,-3.68837023,-900.760193,6.99949455,-3.72580576,-900.556213,7.09182835,-3.77728605,-900.489441,7.36897993,-3.89173341,-900.665283,7.84575272,-3.73964953,-900.789734
816,7.71530628,-3.39386249,-906.013062,7.68780947,-3.44482255,-905.804443,7.62256289,-3.13855767,-905.46637,7.59223127,-3.21084523,-905.089111,7.42796993,-3.29999113,-904.631836,7.4399538,-3.545362,-904.043274,7.65564156,-3.41625094,-903.41394,7.47829437,-3.69319201,-902.986633,7.007792,-3.73190069,-902.78186,7.10014629,-3.78427148,-902.715393,7.37627554,-3.8993268,-902.890137,7.85275936,-3.74332905,-903.011353
817,7.71464109,-3.39536786,-908.254761,7.68716097,-3.44639969,-908.039612,7.6234107,-3.14276838,-907.69873,7.59645081,-3.21615338,-907.322754,7.43412638,-3.3031981,-906.858643,7.44884968,-3.54731321,-906.269592,7.66592312,-3.41952395,-905.639832,7.48445272,-3.69800639,-905.21582,7.01613903,-3.7379508,-905.010254,7.10847235,-3.79126048,-904.944092,7.38360643,-3.90690994,-905.117737,7.85974026,-3.74701405,-905.235718
818,7.71398497,-3.39685178,-910.499146,7.68650436,-3.44796038,-910.277466,7.6242671,-3.14699101,-909.933777,7.60065651,-3.22144938,-909.559082,7.4403162,-3.30645943,-909.088135,7.45774746,-3.54926825,-908.498657,7.67615509,-3.42283177,-907.868469,7.49056244,-3.70281363,-907.447754,7.0245347,-3.74395657,-907.241455,7.11680794,-3.79825139,-907.175537,7.39097309,-3.9144814,-907.348083,7.86669397,-3.75070596,-907.462769
819,7.71333694,-3.39831376,-912.746216,7.68583918,-3.44950414,-912.518005,7.62513161,-3.15122485,-912.171509,7.60484838,-3.22673345,-911.798035,7.44654083,-3.30977464,-911.320374,7.46664619,-3.55122781,-910.730469,7.68633938,-3.42617345,-910.099854,7.49662542,-3.70761466,-909.682434,7.03297758,-3.74991965,-909.475403,7.12515116,-3.80524492,-909.409729,7.39837408,-3.92204142,-909.581116,7.87362194,-3.75440311,-909.692505
820,7.71269703,-3.39975405,-914.995972,7.68516541,-3.45103025,-914.76123,7.62600613,-3.15546989,-914.411987,7.60902643,-3.23200512,-914.039673,7.45280027,-3.31314421,-913.555298,7.47554636,-3.55319262,-912.965027,7.69647503,-3.42954874,-912.333984,7.50264168,-3.7124095,-911.919861,7.04146671,-3.75583982,-911.712097,7.13350201,-3.81224132,-911.646667,7.40581036,-3.92958927,-911.816895,7.88052416,-3.75810647,-911.924988
821,7.71206474,-3.4011724,-917.248352,7.6844821,-3.45253921,-917.007141,7.6268878,-3.1597271,-916.655151,7.6131916,-3.23726654,-916.283997,7.45909882,-3.31656837,-915.792969,7.48444939,-3.55516005,-915.202332,7.70656109,-3.43295598,-914.570862,7.50861025,-3.71719766,-914.160095,7.05000162,-3.76171756,-913.951538,7.14186049,-3.81924105,-913.886353,7.41328144,-3.93712521,-914.05542,7.88740063,-3.76181626,-914.160156
822,7.71144009,-3.40256882,-919.503418,7.68378878,-3.45403147,-919.255737,7.62777424,-3.16399693,-918.90094,7.61734629,-3.24251914,-918.530945,7.46543932,-3.32004738,-918.033325,7.4933548,-3.55712914,-917.442383,7.71659517,-3.43639469,-916.810547,7.51453114,-3.72197866,-916.403076,7.05858088,-3.76755309,-916.193726,7.15022659,-3.82624412,-916.128784,7.42078781,-3.9446485,-916.296631,7.89425182,-3.76553273,-916.398071
823,7.71082258,-3.40394306,-921.761169,7.68308544,-3.45550632,-921.507019,7.62866926,-3.16827774,-921.149475,7.62148905,-3.24776125,-920.780518,7.47182035,-3.32358193,-920.276428,7.50226259,-3.55910254,-919.685181,7.72657824,-3.43986511,-919.052979,7.52040672,-3.72675323,-918.648804,7.06720352,-3.77334785,-918.438721,7.15860033,-3.83324981,-918.373962,7.42832851,-3.95215869,-918.540588,7.90107775,-3.76925564,-918.638672
824,7.71021175,-3.4052949,-924.021606,7.68237114,-3.45696402,-923.760986,7.62957048,-3.17257094,-923.400635,7.62562132,-3.25299358,-923.032776,7.47824383,-3.32717109,-922.522217,7.51117182,-3.5610795,-921.930725,7.73651028,-3.44336581,-921.298157,7.52623701,-3.73152018,-920.897339,7.07586861,-3.77910089,-920.686462,7.16698122,-3.84025908,-920.621887,7.43590498,-3.959656,-920.787292,7.9078784,-3.77298594,-920.882019
825,7.70960617,-3.40662408,-926.284668,7.68164587,-3.45840383,-926.017639,7.63047791,-3.17687678,-925.65448,7.6297431,-3.25821853,-925.287659,7.48471451,-3.33081532,-924.770752,7.52008438,-3.56305814,-924.179016,7.74639034,-3.44689584,-923.546082,7.53202248,-3.73628092,-923.148621,7.08457375,-3.78481507,-922.936951,7.17536879,-3.8472712,-922.872559,7.44351578,-3.96713901,-923.036682,7.91465425,-3.77672315,-923.128052
826,7.70900631,-3.40793109,-928.550415,7.6809082,-3.45982575,-928.276978,7.63139057,-3.18119526,-927.911011,7.63385725,-3.26343727,-927.545166,7.49123287,-3.33451486,-927.021973,7.52900028,-3.56503773,-926.430054,7.75621653,-3.450454,-925.796814,7.53776312,-3.7410357,-925.402649,7.09331942,-3.79048991,-925.190186,7.18376303,-3.85428524,-925.125916,7.45116091,-3.97460747,-925.288818,7.92140532,-3.78046846,-925.376831
827,7.70841074,-3.40921497,-930.818787,7.68015957,-3.46122956,-930.539001,7.63230753,-3.18552685,-930.170227,7.63796234,-3.26865005,-929.805298,7.49780178,-3.33826971,-929.27594,7.53791857,-3.56701899,-928.683838,7.7659893,-3.45403981,-928.050293,7.54345989,-3.74578285,-927.659485,7.10210323,-3.79612565,-927.446228,7.1921649,-3.86130238,-927.382019,7.45884085,-3.98206186,-927.543701,7.9281311,-3.78422165,-927.628296
828,7.70782042,-3.41047573,-933.089844,7.67939854,-3.46261525,-932.803772,7.63322973,-3.18987155,-932.432129,7.6420598,-3.27385569,-932.068054,7.5044198,-3.34207892,-931.532654,7.54683971,-3.56900358,-930.94043,7.7757082,-3.45765352,-930.306519,7.54911423,-3.75052333,-929.919067,7.1109252,-3.80172396,-929.705017,7.20057344,-3.86832118,-929.640869,7.46655512,-3.98950052,-929.80127,7.93483162,-3.78798366,-929.882507
829,7.70723295,-3.41171336,-935.363586,7.67862463,-3.46398258,-935.071228,7.63415337,-3.19423151,-934.696655,7.64615154,-3.2790606,-934.333435,7.51109743,-3.34594345,-933.792053,7.55576658,-3.5709846,-933.199768,7.78536987,-3.46129036,-932.565552,7.55472279,-3.75525665,-932.181458,7.11978245,-3.80728436,-931.966553,7.20898867,-3.87534428,-931.902466,7.4743042,-3.99692535,-932.061584,7.94150829,-3.79175377,-932.139404
830,7.70664883,-3.41292763,-937.639954,7.67783785,-3.4653306,-937.341309,7.63508129,-3.19860482,-936.963867,7.65023565,-3.28426075,-936.601379,7.5178299,-3.34986258,-936.054199,7.56469631,-3.57296753,-935.461853,7.79497671,-3.46495271,-934.827393,7.56028986,-3.7599833,-934.446594,7.12867403,-3.81280875,-934.230896,7.21741056,-3.88236904,-934.166809,7.48208809,-4.00433397,-934.324646,7.94815969,-3.79553342,-934.399048
831,7.70606756,-3.41411829,-939.919006,7.67703772,-3.46665955,-939.614075,7.6360116,-3.20299244,-939.233765,7.65431547,-3.28945899,-938.871948,7.52462006,-3.35383606,-938.319092,7.57363033,-3.5749507,-937.726685,7.80452585,-3.46863914,-937.09198,7.5658145,-3.76470232,-936.714478,7.13759947,-3.81829667,-936.497986,7.22583914,-3.88939762,-936.433838,7.48990631,-4.01172733,-936.590454,7.95478773,-3.79932117,-936.661377
832,7.70548868,-3.41528535,-942.200684,7.67622375,-3.46796942,-941.889587,7.63694477,-3.20739388,-941.506348,7.65839052,-3.29465437,-941.145142,7.53146982,-3.3578639,-940.586731,7.58256865,-3.57693481,-939.994324,7.81401825,-3.47234869,-939.359375,7.5712986,-3.76941538,-938.985168,7.14655685,-3.8237505,-938.767822,7.23427391,-3.89642811,-938.703613,7.49775839,-4.019104,-938.858948,7.96139145,-3.80311823,-938.926453
833,7.70491123,-3.4164288,-944.484985,7.67539549,-3.4692595,-944.167725,7.63787889,-3.21181107,-943.781555,7.66246223,-3.2998507,-943.420898,7.53838301,-3.36194515,-942.857056,7.59151125,-3.57891774,-942.264709,7.823452,-3.4760797,-941.629578,7.57674122,-3.77412009,-941.258606,7.15554476,-3.82916999,-941.040466,7.24271536,-3.90346122,-940.976135,7.50564528,-4.02646399,-941.130188,7.96797085,-3.80692554,-941.194214
834,7.70433569,-3.41754794,-946.771973,7.67455292,-3.47052979,-946.448547,7.6388135,-3.21624374,-946.059448,7.66653109,-3.3050468,-945.699219,7.54535961,-3.36607933,-945.130127,7.60045815,-3.58090115,-944.537842,7.83282757,-3.47983193,-943.902527,7.58214426,-3.77881861,-943.534851,7.1645627,-3.8345561,-943.315857,7.25116301,-3.91049623,-943.251404,7.51356602,-4.0338068,-943.404175,7.97452641,-3.81074262,-943.464722
835,7.7037611,-3.41864324,-949.061584,7.67369556,-3.47177982,-948.732056,7.63974905,-3.22069311,-948.339966,7.6705966,-3.31024384,-947.980164,7.5524025,-3.37026596,-947.405945,7.60940981,-3.58288455,-946.813782,7.84214306,-3.48360443,-946.178284,7.58750772,-3.7835083,-945.813843,7.17360878,-3.83990908,-945.593994,7.25961685,-3.91753531,-945.529419,7.52152157,-4.04113293,-945.680847,7.9810586,-3.81456947,-945.737976
836,7.70318604,-3.41971421,-951.353821,7.672822,-3.47300982,-951.01825,7.6406827,-3.22516036,-950.623108,7.67466259,-3.31544614,-950.263672,7.55951881,-3.3745048,-949.684509,7.6183672,-3.58486438,-949.092468,7.85139608,-3.48739433,-948.456848,7.59283161,-3.78819203,-948.095642,7.18268156,-3.84523153,-947.874939,7.26807594,-3.92457485,-947.81012,7.5295105,-4.04844093,-947.960266,7.98756647,-3.8184073,-948.013916
837,7.70261097,-3.42076111,-953.648743,7.6719327,-3.47421837,-953.307129,7.64161634,-3.22964406,-952.908936,7.6787281,-3.32065153,-952.549744,7.56670427,-3.37879539,-951.96582,7.62732983,-3.58684421,-951.373962,7.8605876,-3.49120235,-950.73822,7.59811735,-3.79286742,-950.380188,7.19177914,-3.85052252,-950.15863,7.27654171,-3.9316175,-950.093567,7.53753281,-4.0557313,-950.242432,7.99405193,-3.82225585,-950.292603
838,7.70203543,-3.42178345,-955.946289,7.67102766,-3.47540522,-955.598694,7.64254999,-3.23414516,-955.197388,7.68279409,-3.3258605,-954.838379,7.57395935,-3.38313627,-954.249878,7.63629627,-3.58882499,-953.658203,7.8697176,-3.49502873,-953.0224,7.60336685,-3.79753447,-952.667542,7.20090103,-3.85578299,-952.445068,7.28501368,-3.93866229,-952.379761,7.54558897,-4.06300354,-952.527283,8.00051403,-3.82611513,-952.573975
839,7.70145845,-3.42278123,-958.24646,7.67010641,-3.47656989,-957.892944,7.64348269,-3.2386651,-957.488525,7.68686056,-3.33107567,-957.129517,7.58128834,-3.38752699,-956.536682,7.64526844,-3.59080529,-955.945251,7.87878466,-3.49887109,-955.309387,7.60858011,-3.8021946,-954.957703,7.21004629,-3.86101508,-954.734314,7.29349089,-3.94570875,-954.668701,7.55367899,-4.07025623,-954.81488,8.00695324,-3.82998538,-954.858093
840,7.70088005,-3.42375374,-960.549255,7.66916943,-3.47771192,-960.18988,7.64441395,-3.24320436,-959.782288,7.69092894,-3.33629775,-959.423218,7.58869219,-3.3919661,-958.826233,7.65424633,-3.59278512,-958.235107,7.88778782,-3.50272822,-957.599182,7.61375666,-3.8068459,-957.25061,7.21921206,-3.86621761,-957.026306,7.30197382,-3.9527595,-956.960388,7.56180191,-4.07749128,-957.105225,8.01337051,-3.8338666,-957.144897
841,7.70030022,-3.42470098,-962.854675,7.66821671,-3.47883081,-962.489502,7.64534378,-3.24776268,-962.078674,7.69499969,-3.34152699,-961.719482,7.59617043,-3.3964529,-961.11853,7.66322899,-3.59476614,-960.52771,7.89672756,-3.50660086,-959.891785,7.61889935,-3.8114903,-959.546326,7.22839832,-3.87139297,-959.321106,7.310462,-3.95981121,-959.254761,7.56995821,-4.08470631,-959.398254,8.0197649,-3.83775926,-959.434448
842,7.69971848,-3.4256227,-965.16272,7.66724825,-3.47992563,-964.791748,7.64627314,-3.25234056,-964.377686,7.69907379,-3.34676337,-964.018311,7.60372114,-3.40098596,-963.413635,7.67221594,-3.59674978,-962.82312,7.90560341,-3.51048851,-962.187195,7.62400866,-3.81612611,-961.844788,7.23760366,-3.87654114,-961.618652,7.3189559,-3.96686602,-961.55188,7.57814789,-4.09190178,-961.694031,8.02613735,-3.84166288,-961.726746
843,7.69913483,-3.42651916,-967.473389,7.66626358,-3.48099613,-967.09668,7.64720154,-3.25693941,-966.679321,7.7031517,-3.35200953,-966.319641,7.61134958,-3.40556455,-965.711487,7.68120909,-3.59873414,-965.121338,7.91441345,-3.51438904,-964.485474,7.62908459,-3.82075405,-964.145996,7.24682665,-3.88166332,-963.919006,7.32745552,-3.97392201,-963.851746,7.58637047,-4.09907722,-963.992554,8.03248787,-3.84557915,-964.021729
844,7.69854975,-3.4273901,-969.786682,7.66526318,-3.48204112,-969.404297,7.64812994,-3.26155758,-968.983643,7.70723391,-3.35726523,-968.623474,7.61905336,-3.41018844,-968.012085,7.69020653,-3.60072207,-967.422363,7.92315817,-3.51830316,-966.78656,7.63412952,-3.82537389,-966.450012,7.2560668,-3.88676047,-966.222107,7.33595991,-3.98097968,-966.154358,7.59462595,-4.10623217,-966.293762,8.03881645,-3.84950733,-966.319458
845,7.69796276,-3.42823482,-972.1026,7.66424751,-3.48306036,-971.714539,7.64905787,-3.26619744,-971.290588,7.71132183,-3.36253166,-970.929871,7.62683249,-3.41485476,-970.31543,7.69920874,-3.60271358,-969.726135,7.93183661,-3.52223015,-969.090454,7.63914394,-3.82998657,-968.756836,7.26532269,-3.89183331,-968.527954,7.34446907,-3.98803806,-968.459656,7.6029129,-4.11336565,-968.597717,8.04512405,-3.85344791,-968.619873
846,7.69737339,-3.42905331,-974.421143,7.66321707,-3.4840529,-974.027466,7.64998436,-3.27085996,-973.600159,7.71541452,-3.36780977,-973.23877,7.63468695,-3.41956234,-972.621582,7.70821619,-3.60470963,-972.032715,7.94044876,-3.52616906,-971.397156,7.6441288,-3.83458972,-971.066406,7.2745924,-3.89688158,-970.836609,7.35298395,-3.99509931,-970.7677,7.61123276,-4.12047863,-970.904419,8.05141068,-3.85740066,-970.923035
847,7.69678211,-3.42984581,-976.74231,7.66217089,-3.48501778,-976.343079,7.65091181,-3.27554464,-975.912292,7.71951485,-3.373101,-975.550171,7.64261627,-3.42431021,-974.930481,7.71722746,-3.60671067,-974.342102,7.94899416,-3.5301199,-973.706665,7.649086,-3.83918524,-973.378784,7.28387594,-3.90190768,-973.14801,7.36150312,-4.00216103,-973.078491,7.61958504,-4.1275692,-973.213806,8.05767632,-3.86136603,-973.228943
848,7.69618797,-3.43061137,-979.066101,7.6611104,-3.48595405,-978.661316,7.65184069,-3.28025198,-978.227112,7.72362232,-3.37840533,-977.864136,7.65061903,-3.42909718,-977.242188,7.7262435,-3.6087184,-976.654297,7.9574728,-3.53408217,-976.018982,7.65401602,-3.84377146,-975.693909,7.29317141,-3.90691113,-975.462219,7.37002754,-4.00922394,-975.391968,7.62796926,-4.13463831,-975.52594,8.06392097,-3.865345,-975.537537
849,7.6955924,-3.43134999,-981.392456,7.66003466,-3.48686099,-980.982239,7.65277243,-3.2849803,-980.544556,7.72773838,-3.38372231,-980.180603,7.65869236,-3.43392277,-979.556641,7.73526382,-3.61073422,-978.969299,7.96588469,-3.53805614,-978.334167,7.65891981,-3.84835052,-978.011841,7.30247831,-3.91189337,-977.779175,7.37855721,-4.01628685,-977.708191,7.63638496,-4.14168501,-977.84082,8.07014561,-3.86933708,-977.848877
850,7.6949954,-3.43206191,-983.721436,7.65894556,-3.48773742,-983.305847,7.65370607,-3.28973293,-982.864563,7.73186255,-3.38905478,-982.499573,7.66683722,-3.43878341,-981.873901,7.74428844,-3.61275792,-981.287109,7.97422981,-3.54204035,-980.652161,7.66379833,-3.85292101,-980.33252,7.31179476,-3.91685486,-980.098938,7.38709164,-4.02335072,-980.027161,7.64483213,-4.14870882,-980.158386,8.07635021,-3.87334251,-980.162903
851,7.69439507,-3.43274593,-986.052979,7.65784454,-3.48858237,-985.63208,7.65464401,-3.29451013,-985.187195,7.73599529,-3.3944037,-984.821045,7.67505264,-3.44367838,-984.19397,7.75331736,-3.61479068,-983.607727,7.98250675,-3.54603505,-982.972961,7.66865349,-3.85748363,-982.656006,7.32112026,-3.92179656,-982.421448,7.39563036,-4.03041506,-982.348877,7.65331078,-4.15570927,-982.478699,8.08253479,-3.87736058,-982.479675
852,7.6937933,-3.43340206,-988.387146,7.65673113,-3.48939466,-987.960999,7.65558624,-3.29931021,-987.512451,7.74013853,-3.39976907,-987.14502,7.6833353,-3.44860744,-986.516785,7.76234961,-3.6168344,-985.931152,7.99071598,-3.55004025,-985.296631,7.67348576,-3.86203766,-984.9823,7.33045387,-3.92671871,-984.746765,7.40417337,-4.03748083,-984.673279,7.66182089,-4.16268635,-984.801758,8.08870029,-3.881392,-984.799194
853,7.69319057,-3.43402958,-990.723938,7.65560627,-3.4901731,-990.292542,7.65653515,-3.30413365,-989.840332,7.74429274,-3.40515184,-989.471497,7.69168091,-3.4535687,-988.842407,7.77138519,-3.61889029,-988.257446,7.99885893,-3.55405569,-987.623108,7.67829561,-3.86658311,-987.31134,7.33979464,-3.93162155,-987.074829,7.41272116,-4.04454803,-987.000427,7.67036247,-4.16964006,-987.127502,8.09484577,-3.88543725,-987.12146
854,7.6925869,-3.43462873,-993.063293,7.65447092,-3.49091625,-992.62677,7.65749168,-3.30897856,-992.170837,7.74845839,-3.41055179,-991.800476,7.70008659,-3.45856142,-991.170837,7.78042316,-3.62096047,-990.586487,8.00693607,-3.55808234,-989.952393,7.6830864,-3.87112164,-989.643127,7.3491416,-3.93650746,-989.405701,7.42127371,-4.05161285,-989.330322,7.67893457,-4.17656898,-989.455994,8.10097218,-3.88949704,-989.446411
855,7.69198227,-3.43519878,-995.405212,7.65332651,-3.49162316,-994.963623,7.65845776,-3.31384754,-994.503967,7.752635,-3.41597128,-994.131958,7.70855188,-3.46358323,-993.502075,7.789464,-3.62304497,-992.918335,8.01494598,-3.56211948,-992.284546,7.6878581,-3.87565279,-991.977722,7.3584938,-3.94137597,-991.739319,7.42983055,-4.0586772,-991.662903,7.68753719,-4.18347311,-991.78717,8.10708046,-3.8935709,-991.774109
856,7.69137669,-3.43573928,-997.749756,7.652174,-3.49229288,-997.303162,7.65943384,-3.31873918,-996.839722,7.75682497,-3.42141056,-996.466003,7.71707201,-3.46863389,-995.836121,7.79850674,-3.62514567,-995.253052,8.02288914,-3.56616712,-994.619507,7.69261169,-3.88017607,-994.315063,7.36785078,-3.94622755,-994.075745,7.43839169,-4.06574154,-993.99823,7.69616938,-4.19035196,-994.121094,8.11317062,-3.89765859,-994.104553
857,7.69077158,-3.43624926,-1000.09686,7.65101385,-3.49292374,-999.645325,7.66042137,-3.32365251,-999.178162,7.76102877,-3.42686915,-998.802551,7.72563982,-3.47371197,-998.172974,7.80755043,-3.62726474,-997.590576,8.03076935,-3.57022643,-996.957275,7.69734907,-3.88469267,-996.655212,7.37721205,-3.95106268,-996.414917,7.44695711,-4.07280445,-996.336304,7.7048316,-4.19720507,-996.457764,8.11924267,-3.90176105,-996.437683
858,7.69016743,-3.43672895,-1002.44659,7.64984751,-3.49351501,-1001.99017,7.66142082,-3.32858944,-1001.51917,7.76524639,-3.43234944,-1001.1416,7.73425865,-3.47881579,-1000.51263,7.81659603,-3.62940192,-999.930847,8.0385828,-3.57429624,-999.297913,7.70207119,-3.88920259,-998.998108,7.38657618,-3.95588303,-998.756897,7.45552683,-4.07986498,-998.677063,7.71352339,-4.20403194,-998.79718,8.12529659,-3.90587831,-998.77356
859,7.68956327,-3.43717837,-1004.79889,7.64867496,-3.49406481,-1004.33765,7.66243553,-3.33354688,-1003.86285,7.76947975,-3.43785214,-1003.48322,7.74292088,-3.48394537,-1002.8551,7.82564211,-3.63155937,-1002.27399,8.04633236,-3.57837749,-1001.64136,7.70677996,-3.89370561,-1001.34375,7.39594221,-3.96068883,-1001.10162,7.46410084,-4.08692408,-1001.02057,7.72224474,-4.21083212,-1001.13928,8.1313324,-3.91000986,-1001.11218
860,7.6889596,-3.43759656,-1007.15375,7.64749813,-3.49457288,-1006.68774,7.66346598,-3.33852482,-1006.20917,7.7737298,-3.44337797,-1005.82733,7.75162411,-3.48909974,-1005.20038,7.83468819,-3.63373804,-1004.61993,8.05401802,-3.58246946,-1003.98761,7.71147585,-3.89820123,-1003.6922,7.40530968,-3.96548009,-1003.4491,7.47267866,-4.09398174,-1003.36682,7.73099566,-4.21760559,-1003.48413,8.13735104,-3.9141562,-1003.45349
861,7.68835831,-3.43798304,-1009.51117,7.64631844,-3.49503756,-1009.04053,7.66451359,-3.34352374,-1008.55811,7.77799702,-3.4489274,-1008.17401,7.76036406,-3.49427772,-1007.54846,7.84373331,-3.63593936,-1006.96863,8.06164074,-3.58657384,-1006.33667,7.71616077,-3.90269113,-1006.0434,7.41467905,-3.97025847,-1005.79938,7.48125982,-4.10103655,-1005.71576,7.73977566,-4.22435141,-1005.83167,8.14335346,-3.91831708,-1005.79755
862,7.68775845,-3.43833756,-1011.87115,7.64513588,-3.49545765,-1011.39594,7.6655798,-3.34854388,-1010.90967,7.78228235,-3.45450211,-1010.52319,7.76913738,-3.49947762,-1009.89935,7.85277843,-3.63816357,-1009.32019,8.06920052,-3.59068942,-1008.68854,7.72083473,-3.90717578,-1008.39734,7.42404842,-3.97502422,-1008.1524,7.4898448,-4.10808706,-1008.06744,7.74858379,-4.23106909,-1008.18195,8.14933968,-3.92249346,-1008.14435
863,7.68716049,-3.43865991,-1014.2337,7.64395189,-3.49583173,-1013.75403,7.66666603,-3.35358238,-1013.26385,7.78658676,-3.46010232,-1012.87494,7.77793884,-3.50469995,-1012.25305,7.86182213,-3.64041257,-1011.67456,8.0766983,-3.5948174,-1011.04321,7.72550058,-3.91165495,-1010.75403,7.43341684,-3.97977853,-1010.50824,7.49843407,-4.11513281,-1010.42181,7.75742054,-4.23775816,-1010.53497,8.15530872,-3.92668557,-1010.4939
864,7.68656492,-3.43894935,-1016.59882,7.64276838,-3.4961586,-1016.11475,7.66777372,-3.358639,-1015.62073,7.79091167,-3.46572924,-1015.22919,7.78676748,-3.50994444,-1014.60956,7.87086391,-3.64268684,-1014.03168,8.0841341,-3.59895706,-1013.40076,7.73015785,-3.91612911,-1013.11346,7.44278431,-3.98452115,-1012.86682,7.50702715,-4.12217474,-1012.77893,7.76628542,-4.24441862,-1012.89069,8.16126156,-3.93089318,-1012.84613
865,7.68597126,-3.43920541,-1018.96649,7.64158726,-3.49643731,-1018.47809,7.66890383,-3.36371541,-1017.98022,7.79525614,-3.47138453,-1017.586,7.79561853,-3.51520848,-1016.96887,7.87990284,-3.64498758,-1016.3916,8.09150791,-3.60310912,-1015.76105,7.73480892,-3.92059755,-1015.47571,7.45215034,-3.98925257,-1015.22821,7.51562452,-4.12921238,-1015.13879,7.77517796,-4.25105,-1015.24915,8.16719913,-3.93511653,-1015.20111
866,7.68538046,-3.43942761,-1021.33673,7.64040756,-3.49666667,-1020.84412,7.67005825,-3.36880732,-1020.34235,7.79962349,-3.47706819,-1019.94537,7.80448627,-3.52049422,-1019.33099,7.8889389,-3.64731526,-1018.75433,8.09882355,-3.60727406,-1018.12421,7.73945379,-3.92506337,-1017.8407,7.46151352,-3.99397469,-1017.59235,7.52422523,-4.1362443,-1017.50134,7.78409815,-4.25765133,-1017.61029,8.17312145,-3.9393549,-1017.55884
867,7.68479252,-3.4396162,-1023.70953,7.6392312,-3.49684525,-1023.21277,7.67123795,-3.37391472,-1022.70715,7.80401421,-3.48278189,-1022.30737,7.81336641,-3.52579975,-1021.69598,7.89797163,-3.64967108,-1021.11987,8.10608006,-3.61145234,-1020.49017,7.74409437,-3.92952681,-1020.20844,7.47087431,-3.99868774,-1019.95929,7.53282928,-4.14326906,-1019.86664,7.79304504,-4.26422167,-1019.97418,8.17902851,-3.94360924,-1019.91931
868,7.68420792,-3.43977094,-1026.08496,7.63805914,-3.49697232,-1025.58411,7.67244482,-3.3790369,-1025.07458,7.80842876,-3.48852611,-1024.67188,7.82225609,-3.53112531,-1024.06372,7.90699959,-3.65205574,-1023.48822,8.11327839,-3.61564374,-1022.85889,7.74873161,-3.93398523,-1022.57892,7.48023176,-4.00339079,-1022.32898,7.54143715,-4.15029001,-1022.23462,7.80201912,-4.27076197,-1022.34082,8.18492126,-3.94787908,-1022.28247
869,7.68362522,-3.43989158,-1028.46289,7.63689423,-3.49704623,-1027.95801,7.67368078,-3.38417506,-1027.4447,7.81286669,-3.49430323,-1027.03906,7.83115387,-3.53646874,-1026.43433,7.91602278,-3.65446925,-1025.85938,8.12041855,-3.61984849,-1025.23047,7.75336599,-3.93844199,-1024.95215,7.48958492,-4.0080862,-1024.70142,7.55004883,-4.15730333,-1024.60535,7.8110199,-4.27727032,-1024.71021,8.19079971,-3.95216441,-1024.64844
870,7.68304586,-3.43997788,-1030.84338,7.63573408,-3.49706697,-1030.33459,7.67494488,-3.38932371,-1029.8175,7.81733274,-3.50011206,-1029.40881,7.84005356,-3.54183316,-1028.80774,7.92504025,-3.65691328,-1028.23328,8.12750149,-3.62406731,-1027.60486,7.7579999,-3.94289637,-1027.32812,7.49893379,-4.01277447,-1027.07666,7.55866385,-4.16430855,-1026.97876,7.8200469,-4.2837472,-1027.08228,8.19666481,-3.95646572,-1027.01709
871,7.68247032,-3.44002891,-1033.22644,7.63458109,-3.4970336,-1032.71387,7.67623949,-3.39448643,-1032.19299,7.82182598,-3.50595403,-1031.78113,7.8489542,-3.54721642,-1031.18396,7.93405151,-3.65938783,-1030.60999,8.13452721,-3.62829947,-1029.98206,7.76263332,-3.94734836,-1029.70691,7.50827694,-4.01745605,-1029.45471,7.56728268,-4.17130613,-1029.35486,7.82910013,-4.29019165,-1029.45703,8.2025156,-3.960783,-1029.38843
872,7.68189764,-3.44004464,-1035.61194,7.63343763,-3.49694514,-1035.0957,7.67756605,-3.3996613,-1034.57104,7.82634783,-3.51183176,-1034.15601,7.85785246,-3.55261779,-1033.56299,7.94305611,-3.66189337,-1032.9895,8.14149475,-3.63254428,-1032.36206,7.76726627,-3.95179653,-1032.08838,7.51761436,-4.02213001,-1031.83557,7.57590628,-4.17829657,-1031.73376,7.83817959,-4.29660511,-1031.83447,8.20835209,-3.96511769,-1031.76257
873,7.68132687,-3.44002628,-1038,7.63230371,-3.49680066,-1037.48022,7.67892504,-3.40484405,-1036.9519,7.83089876,-3.51774454,-1036.53357,7.86674309,-3.55803919,-1035.94482,7.95205259,-3.66443038,-1035.37183,8.14840984,-3.63680291,-1034.74475,7.77190161,-3.95624065,-1034.47266,7.52694416,-4.02679586,-1034.21912,7.58453369,-4.18528175,-1034.11536,7.84728336,-4.3029871,-1034.21472,8.21417713,-3.96946907,-1034.1394
874,7.68076086,-3.43997169,-1040.39062,7.63118124,-3.49659944,-1039.86731,7.68031597,-3.41003633,-1039.33533,7.83547974,-3.52369356,-1038.9137,7.87562132,-3.56347942,-1038.32947,7.9610424,-3.66699767,-1037.75696,8.15527248,-3.64107561,-1037.13025,7.7765379,-3.96068525,-1036.85962,7.53626633,-4.03145647,-1036.60547,7.59316492,-4.19225836,-1036.49963,7.85641289,-4.30933523,-1036.59766,8.21998978,-3.97383666,-1036.51904
875,7.68019724,-3.43988228,-1042.78381,7.63006973,-3.49634123,-1042.25708,7.68174124,-3.41523552,-1041.72144,7.84009457,-3.52967954,-1041.29651,7.88449001,-3.56893921,-1040.71692,7.97002268,-3.66959763,-1040.1449,8.1620779,-3.64536309,-1039.51855,7.78117609,-3.96512985,-1039.24927,7.54558182,-4.03611231,-1038.99463,7.6018014,-4.19922256,-1038.88672,7.86556625,-4.31564999,-1038.98328,8.22579098,-3.97822165,-1038.90137
876,7.67963648,-3.43975949,-1045.17944,7.6289711,-3.49602485,-1044.64941,7.6832037,-3.42044187,-1044.11023,7.84474039,-3.53570318,-1043.68188,7.89334202,-3.57441688,-1043.10718,7.97899389,-3.67222977,-1042.53552,8.16882992,-3.64966631,-1041.90967,7.78581858,-3.96957779,-1041.64172,7.55488968,-4.04076529,-1041.38647,7.61044121,-4.20617437,-1041.27649,7.87474394,-4.32192945,-1041.3717,8.23158073,-3.98262191,-1041.28638
877,7.6790781,-3.43960118,-1047.57764,7.62788582,-3.49565053,-1047.04443,7.68470097,-3.4256525,-1046.50183,7.84942102,-3.54176545,-1046.06995,7.90217543,-3.57991481,-1045.50024,7.98795509,-3.67489409,-1044.92896,8.17552948,-3.65398431,-1044.30359,7.79046631,-3.97402501,-1044.03687,7.56418848,-4.04541492,-1043.78113,7.61908436,-4.2131176,-1043.66895,7.88394642,-4.32817411,-1043.76282,8.23736,-3.98703814,-1043.67419
878,7.67852402,-3.43940806,-1049.97827,7.62681627,-3.49521756,-1049.44202,7.68623543,-3.43087292,-1048.896,7.85413456,-3.54786658,-1048.46069,7.91098976,-3.58542871,-1047.89612,7.99690628,-3.67759156,-1047.3252,8.18217373,-3.65831685,-1046.70032,7.79511833,-3.97847438,-1046.43481,7.57347918,-4.05006218,-1046.17859,7.6277318,-4.22004795,-1046.06409,7.89317322,-4.33438301,-1046.15662,8.24312782,-3.99147081,-1046.0647
879,7.67797232,-3.4391799,-1052.38147,7.62575865,-3.49472666,-1051.84229,7.6878047,-3.43609166,-1051.29297,7.85888672,-3.55400658,-1050.85413,7.91977739,-3.59096599,-1050.2948,8.00584602,-3.68032026,-1049.72424,8.18877029,-3.66266561,-1049.09985,7.79977655,-3.98292589,-1048.83545,7.58275938,-4.05470705,-1048.57874,7.63638353,-4.22696781,-1048.46191,7.9024229,-4.34055614,-1048.55322,8.24888611,-3.99591947,-1048.45801
880,7.67742348,-3.4389174,-1054.78723,7.62471962,-3.49417663,-1054.24512,7.68941355,-3.44131494,-1053.69263,7.86367321,-3.5601871,-1053.25012,7.92854166,-3.59652114,-1052.69629,8.01477242,-3.68308353,-1052.12598,8.19531155,-3.66702914,-1051.5022,7.80444336,-3.98737788,-1051.23889,7.59202957,-4.05935097,-1050.98169,7.64504051,-4.23387146,-1050.86255,7.91169643,-4.34669447,-1050.95251,8.254632,-4.00038719,-1050.854
881,7.6768775,-3.43862152,-1057.19543,7.62369919,-3.49356794,-1056.65063,7.69106102,-3.44654083,-1056.09497,7.86849546,-3.56640816,-1055.6488,7.93727541,-3.60209441,-1055.10059,8.02368736,-3.68587875,-1054.53052,8.20180321,-3.67140889,-1053.90723,7.80911684,-3.9918344,-1053.64502,7.60128975,-4.06399488,-1053.38745,7.65370178,-4.24076033,-1053.26587,7.92099285,-4.3527956,-1053.35449,8.2603693,-4.00487089,-1053.25269
882,7.67633438,-3.43829131,-1059.6062,7.62269592,-3.49290013,-1059.05872,7.69274664,-3.45176792,-1058.5,7.87335682,-3.57267022,-1058.05029,7.94597816,-3.60768795,-1057.50769,8.03259087,-3.68870544,-1056.93787,8.20824432,-3.67580438,-1056.31506,7.81379652,-3.99629688,-1056.05396,7.61053944,-4.06863928,-1055.7959,7.66236734,-4.24763441,-1055.67188,7.93031216,-4.35885906,-1055.75916,8.26609707,-4.00937033,-1055.65417
883,7.67579412,-3.43792939,-1062.01941,7.62171221,-3.49217367,-1061.46948,7.69447136,-3.4569931,-1060.90771,7.8782568,-3.57897282,-1060.45447,7.95464945,-3.61330128,-1059.9176,8.04148006,-3.69156528,-1059.34802,8.21463585,-3.68021464,-1058.72571,7.81848669,-4.00075817,-1058.46558,7.61977673,-4.07328224,-1058.20715,7.67103672,-4.25449848,-1058.08057,7.93965387,-4.36488676,-1058.16663,8.27181625,-4.01388741,-1058.05835
884,7.67525625,-3.43753529,-1064.43518,7.62074471,-3.49138927,-1063.88281,7.69623423,-3.46221399,-1063.31812,7.88319826,-3.58531594,-1062.86133,7.96328974,-3.61893654,-1062.33032,8.050354,-3.69445825,-1061.76086,8.22097683,-3.68464065,-1061.13916,7.82318783,-4.0052228,-1060.88,7.62900019,-4.07792664,-1060.62122,7.67971182,-4.26134634,-1060.49194,7.94901752,-4.37087679,-1060.57678,8.27752686,-4.01842165,-1060.46533
885,7.67472029,-3.43710947,-1066.85339,7.61979914,-3.49054694,-1066.29883,7.69803905,-3.46743417,-1065.73132,7.88817835,-3.59169936,-1065.27087,7.97189188,-3.62459111,-1064.74585,8.05921459,-3.69738317,-1064.17651,8.22727013,-3.68908167,-1063.55542,7.82789803,-4.00968981,-1063.29712,7.63821077,-4.08257151,-1063.03809,7.68839264,-4.26818085,-1062.90613,7.95840311,-4.37682962,-1062.98962,8.28322887,-4.02297354,-1062.875
886,7.67418671,-3.43665409,-1069.27405,7.61887741,-3.48964667,-1068.71741,7.69988632,-3.47265124,-1068.14722,7.89319706,-3.59812427,-1067.68311,7.98045349,-3.63026452,-1067.16418,8.06806087,-3.70034027,-1066.59497,8.23351383,-3.6935389,-1065.97437,7.83261728,-4.01416349,-1065.71692,7.64740944,-4.08721876,-1065.45764,7.69708014,-4.27499342,-1065.323,7.96781015,-4.38274527,-1065.40527,8.28892231,-4.0275445,-1065.28748
887,7.67365646,-3.43616772,-1071.69727,7.61798,-3.48868775,-1071.13855,7.7017746,-3.47786593,-1070.5658,7.89825439,-3.60459113,-1070.09802,7.98897886,-3.635957,-1069.58533,8.07688999,-3.70333076,-1069.01611,8.23970604,-3.69801235,-1068.39612,7.83734751,-4.01864243,-1068.13953,7.65659571,-4.09186935,-1067.88,7.70577335,-4.28178883,-1067.74255,7.97723866,-4.38862181,-1067.82361,8.29460907,-4.03213167,-1067.70264
888,7.67312813,-3.43565369,-1074.12292,7.61710405,-3.48767328,-1073.56226,7.70370388,-3.48307347,-1072.98718,7.90335369,-3.61109805,-1072.51575,7.99746418,-3.6416707,-1072.00928,8.0857029,-3.70635223,-1071.44006,8.24585056,-3.70250082,-1070.82068,7.84209061,-4.02312279,-1070.56482,7.66576624,-4.09652138,-1070.30505,7.71447182,-4.28857231,-1070.16479,7.98668718,-4.39445972,-1070.24463,8.30028915,-4.03673601,-1070.12061
889,7.6726017,-3.43511128,-1076.55103,7.61625242,-3.48660302,-1075.98865,7.70567417,-3.48827505,-1075.41125,7.908494,-3.6176455,-1074.93628,8.00590801,-3.64740515,-1074.43604,8.09449863,-3.70940518,-1073.86682,8.2519474,-3.70700598,-1073.24805,7.84684467,-4.02761078,-1072.99292,7.67492247,-4.10117817,-1072.73291,7.72317839,-4.29533148,-1072.58972,7.99615622,-4.40025997,-1072.66833,8.30596161,-4.04135942,-1072.54126
890,7.67207861,-3.43454266,-1078.98157,7.61542606,-3.48547816,-1078.4176,7.70768642,-3.49346948,-1077.83801,7.91367435,-3.62423205,-1077.3595,8.01430798,-3.65315962,-1076.8656,8.10327816,-3.7124896,-1076.29626,8.25799656,-3.71152663,-1075.67822,7.85161161,-4.03210306,-1075.42371,7.68406343,-4.10583878,-1075.16357,7.7318902,-4.30207634,-1075.01746,8.00564575,-4.40602016,-1075.09485,8.31162834,-4.04599905,-1074.96472
891,7.67155647,-3.43394732,-1081.41455,7.61462259,-3.4842999,-1080.84912,7.70974016,-3.49865341,-1080.26758,7.91889906,-3.63085675,-1079.78552,8.02266216,-3.65893769,-1079.29797,8.11203957,-3.71560502,-1078.72852,8.26399994,-3.71606421,-1078.11108,7.85639048,-4.03660297,-1077.8573,7.6931901,-4.11050463,-1077.59692,7.74060965,-4.30879974,-1077.44788,8.01515484,-4.41174078,-1077.52405,8.31728935,-4.05065632,-1077.39087
892,7.67103863,-3.43332767,-1083.8501,7.6138463,-3.48306918,-1083.28333,7.71183681,-3.50382972,-1082.69983,7.92416334,-3.63751888,-1082.21423,8.03096962,-3.66473508,-1081.73315,8.12078381,-3.71875143,-1081.16357,8.26995564,-3.72061801,-1080.54675,7.86118174,-4.04111052,-1080.29358,7.70230007,-4.11517715,-1080.03308,7.74933624,-4.31550074,-1079.88098,8.02468395,-4.41742134,-1079.95593,8.32294559,-4.05533171,-1079.8197
893,7.67052317,-3.43268585,-1086.28809,7.6130991,-3.48178673,-1085.72009,7.71397638,-3.50899529,-1085.13477,7.92946815,-3.64421868,-1084.64575,8.03923321,-3.67055273,-1084.17102,8.12950802,-3.72193003,-1083.60132,8.27586269,-3.72518754,-1082.98523,7.86598921,-4.04562187,-1082.73254,7.71139288,-4.11985445,-1082.47205,7.75807047,-4.32218122,-1082.31677,8.03423214,-4.4230628,-1082.3905,8.32859707,-4.06002617,-1082.25134
894,7.67001104,-3.43202114,-1088.72852,7.61237955,-3.48045397,-1088.15942,7.71615839,-3.51415157,-1087.57251,7.93481398,-3.65095329,-1087.08008,8.0474453,-3.67639136,-1086.61182,8.13821507,-3.72513819,-1086.04187,8.28172493,-3.729774,-1085.42651,7.87080622,-4.05014467,-1085.17432,7.72046995,-4.1245389,-1084.9137,7.76681376,-4.32883883,-1084.75525,8.04379845,-4.42866278,-1084.82788,8.33424473,-4.06473684,-1084.68567
895,7.66950274,-3.43133712,-1091.17139,7.61168957,-3.47907329,-1090.60132,7.71838522,-3.51929688,-1090.01294,7.94019794,-3.65772223,-1089.51721,8.05561066,-3.68224955,-1089.0553,8.14690018,-3.7283783,-1088.48523,8.28754044,-3.73437572,-1087.87048,7.8756423,-4.05466938,-1087.61877,7.72952843,-4.12922955,-1087.35815,7.77556276,-4.33548021,-1087.19653,8.05338383,-4.4342227,-1087.26794,8.33988762,-4.06946564,-1087.1228
896,7.6689992,-3.43063664,-1093.6167,7.6110301,-3.47764587,-1093.04578,7.72065449,-3.52442813,-1092.45618,7.94562006,-3.66452432,-1091.95715,8.06372547,-3.68812799,-1091.50159,8.15556622,-3.73164797,-1090.93127,8.29330921,-3.73899531,-1090.31726,7.88048935,-4.05920458,-1090.06604,7.73857212,-4.13392782,-1089.8053,7.78432131,-4.34209633,-1089.6405,8.06298733,-4.43974113,-1089.71069,8.34552765,-4.07421207,-1089.56262
897,7.66849852,-3.4299171,-1096.06445,7.61039782,-3.47617388,-1095.4928,7.72296619,-3.52954578,-1094.9021,7.95108414,-3.67135763,-1094.3999,8.07178879,-3.69402862,-1093.95068,8.16421509,-3.73494601,-1093.38013,8.29903316,-3.74363184,-1092.76685,7.8853488,-4.06375217,-1092.51599,7.74759674,-4.13863659,-1092.25525,7.79308891,-4.34868526,-1092.08716,8.0726099,-4.44521761,-1092.15625,8.35116482,-4.07897615,-1092.00525
898,7.66800308,-3.42918348,-1098.51465,7.60979414,-3.47465992,-1097.94238,7.72532082,-3.5346477,-1097.35071,7.95658588,-3.67821908,-1096.84546,8.07980633,-3.69994998,-1096.40259,8.17284107,-3.73827744,-1095.83179,8.30470943,-3.74828458,-1095.21912,7.89022779,-4.06830263,-1094.96863,7.75660324,-4.14335203,-1094.70801,7.80186415,-4.35525465,-1094.5365,8.08224869,-4.45065355,-1094.60449,8.35679913,-4.08375835,-1094.45056
899,7.66751289,-3.42843795,-1100.96729,7.60922384,-3.47310591,-1100.39453,7.72771978,-3.5397346,-1099.80212,7.96212435,-3.68510747,-1099.29382,8.08777237,-3.70589113,-1098.8573,8.18144608,-3.74163842,-1098.28613,8.31033897,-3.75295448,-1097.67419,7.89512014,-4.0728631,-1097.42407,7.76559114,-4.14807749,-1097.16345,7.81064987,-4.36179972,-1096.98853,8.09190464,-4.4560461,-1097.05542,8.36243153,-4.08855772,-1096.89868
