openjdk version "21.0.11" 2026-04-21
OpenJDK Runtime Environment (build 21.0.11+10-1-26.04.2-Ubuntu)
OpenJDK 64-Bit Server VM (build 21.0.11+10-1-26.04.2-Ubuntu, mixed mode)
INFO  Using log config file: jar:file:/home/ion/tools/ghidra_12.1.3_PUBLIC/Ghidra/Framework/Generic/lib/Generic.jar!/generic.log4j.xml (LoggingInitialization)  
INFO  Using log file: /home/ion/.config/ghidra/ghidra_12.1.3_PUBLIC/application.log (LoggingInitialization)  
INFO  Loading user preferences: /home/ion/.config/ghidra/ghidra_12.1.3_PUBLIC/preferences (Preferences)  
INFO  Searching for classes... (ClassSearcher)  
INFO  Class search complete (460 ms) (ClassSearcher)  
INFO  Initializing SSL Context (DefaultSSLContextInitializer)  
INFO  Initializing Random Number Generator... (SecureRandomFactory)  
INFO  Random Number Generator initialization complete: NativePRNGNonBlocking (SecureRandomFactory)  
INFO  Trust manager disabled, cacerts have not been set (DefaultTrustManagerFactory)  
INFO  Headless startup complete (1290 ms) (AnalyzeHeadless)  
INFO  Class searcher loaded 59 extension points (20 false positives) (ClassSearcher)  
INFO  HEADLESS Script Paths:
    /home/ion/tools/ghidra_12.1.3_PUBLIC/Ghidra/Features/FileFormats/ghidra_scripts
    /home/ion/tools/ghidra_12.1.3_PUBLIC/Ghidra/Features/Base/ghidra_scripts
    /home/ion/tools/ghidra_12.1.3_PUBLIC/Ghidra/Features/DecompilerDependent/ghidra_scripts
    /home/ion/tools/ghidra_12.1.3_PUBLIC/Ghidra/Features/GnuDemangler/ghidra_scripts
    /home/ion/tools/ghidra_12.1.3_PUBLIC/Ghidra/Features/WildcardAssembler/ghidra_scripts
    /home/ion/tools/ghidra_12.1.3_PUBLIC/Ghidra/Processors/8051/ghidra_scripts
    /home/ion/tools/ghidra_12.1.3_PUBLIC/Ghidra/Features/MicrosoftCodeAnalyzer/ghidra_scripts
    /home/ion/tools/ghidra_12.1.3_PUBLIC/Ghidra/Features/BytePatterns/ghidra_scripts
    /home/ion/tools/ghidra_12.1.3_PUBLIC/Ghidra/Debug/Debugger/ghidra_scripts
    /home/ion/tools/ghidra_12.1.3_PUBLIC/Ghidra/Features/PyGhidra/ghidra_scripts
    /home/ion/tools/ghidra_12.1.3_PUBLIC/Ghidra/Processors/PIC/ghidra_scripts
    /home/ion/tools/ghidra_12.1.3_PUBLIC/Ghidra/Features/SwiftDemangler/ghidra_scripts
    /home/ion/tools/ghidra_12.1.3_PUBLIC/Ghidra/Features/PDB/ghidra_scripts
    /home/ion/tools/ghidra_12.1.3_PUBLIC/Ghidra/Processors/Atmel/ghidra_scripts
    /home/ion/tools/ghidra_12.1.3_PUBLIC/Ghidra/Features/SystemEmulation/ghidra_scripts
    /home/ion/tools/ghidra_12.1.3_PUBLIC/Ghidra/Features/BSim/ghidra_scripts
    /home/ion/tools/ghidra_12.1.3_PUBLIC/Ghidra/Processors/DATA/ghidra_scripts
    /home/ion/tools/ghidra_12.1.3_PUBLIC/Ghidra/Features/VersionTracking/ghidra_scripts
    /home/ion/tools/ghidra_12.1.3_PUBLIC/Ghidra/Debug/Debugger-rmi-trace/ghidra_scripts
    /home/ion/tools/ghidra_12.1.3_PUBLIC/Ghidra/Features/Decompiler/ghidra_scripts
    /home/ion/tools/ghidra_12.1.3_PUBLIC/Ghidra/Features/FunctionID/ghidra_scripts
    /home/ion/tools/ghidra_12.1.3_PUBLIC/Ghidra/Processors/JVM/ghidra_scripts
    /home/ion/tools/karma-lab/gscripts (HeadlessAnalyzer)  
INFO  HEADLESS: execution starts (HeadlessAnalyzer)  
INFO  Creating temporary project: /home/ion/tools/karma-lab/gproj12/Proj (HeadlessAnalyzer)  
INFO  Creating project: /home/ion/tools/karma-lab/gproj12/Proj (DefaultProject)  
INFO  REPORT: Processing input files:  (HeadlessAnalyzer)  
INFO       project: /home/ion/tools/karma-lab/gproj12/Proj (HeadlessAnalyzer)  
INFO  IMPORTING: file:///home/ion/tools/karma-lab/allobj/MeStream.o?MD5=38679dd73916aa160ea98881913018ac (HeadlessAnalyzer)  
INFO  Using Loader: Executable and Linking Format (ELF) (ProgramLoader)  
INFO  Using Language/Compiler: x86:LE:32:default:gcc (ProgramLoader)  
INFO  Using Library Search Path: [., /bin, /lib, /lib64, /lib/x86_64-linux-gnu, /lib/aarch64-linux-gnu, /usr/bin, /usr/lib, /usr/X11R6/bin, /usr/X11R6/lib, /usr/java/packages/lib, /usr/lib/x86_64-linux-gnu/jni, /usr/lib/x86_64-linux-gnu, /usr/lib/jni] (ProgramLoader)  
ERROR EXTERNAL Data ELF Relocation with offset: at 0001013f (External Location = MeMemoryAPI+0xc) (ElfRelocationHandler)  
ERROR EXTERNAL Data ELF Relocation with offset: at 000101b0 (External Location = MeMemoryAPI+0xc) (ElfRelocationHandler)  
ERROR EXTERNAL Data ELF Relocation with offset: at 000101c6 (External Location = MeMemoryAPI+0xc) (ElfRelocationHandler)  
ERROR EXTERNAL Data ELF Relocation with offset: at 00010412 (External Location = MeMemoryAPI+0xc) (ElfRelocationHandler)  
ERROR EXTERNAL Data ELF Relocation with offset: at 00010687 (External Location = MeMemoryAPI+0xc) (ElfRelocationHandler)  
INFO  Additional info:
Loading file:///home/ion/tools/karma-lab/allobj/MeStream.o?MD5=38679dd73916aa160ea98881913018ac...
Skipping section [.data] with invalid size 0x0
Skipping section [.bss] with invalid size 0x0
------------------------------------------------

 (ProgramLoader)  
INFO  IMPORTING: Loaded 0 additional files (HeadlessAnalyzer)  
INFO  REPORT: Execute script: ParseKarmaHeaders.java  (HeadlessAnalyzer)  
INFO  SCRIPT: /home/ion/tools/karma-lab/gscripts/ParseKarmaHeaders.java (HeadlessAnalyzer)  
INFO  ParseKarmaHeaders.java> KARMAOPT: KD_GHIDRA_OPTS not set, analyzer options untouched (GhidraScript)  
INFO  parse /home/ion/tools/karma-lab/kd_protos10.h (CParserUtils)  
INFO  ParseKarmaHeaders.java> KARMAHDR: parsed FunctionDefinitions=2700 (GhidraScript)  
INFO  ParseKarmaHeaders.java> KARMAHDR: signatures applied -- defined=12 imported=1 failed=0 (GhidraScript)  
INFO  ANALYZING all memory and code: file:///home/ion/tools/karma-lab/allobj/MeStream.o?MD5=38679dd73916aa160ea98881913018ac (HeadlessAnalyzer)  
WARN  Mismatched DWARF Attribute and Form: DW_AT_macro_info->DW_FORM_data4 (DWARFAbbreviation)  
INFO  Added 161 source map entries (DWARFImporter)  
INFO  DWARF ver[2], 1 compUnits, 248 DIES, import - total elapsed: 73ms (DWARFImportSummary)  
INFO  DWARF data type import - elapsed: 26ms (DWARFImportSummary)  
INFO  DWARF func & symbol import - elapsed: 29ms (DWARFImportSummary)  
INFO  DWARF types imported: 39 (DWARFImportSummary)  
INFO  DWARF enums from macros - elapsed: 1ms (DWARFImportSummary)  
INFO  DWARF compile dirs: [/home/icculus/projects/UT2-Code/karma/MeGlobals/src] (DWARFImportSummary)  
INFO  DWARF producers: [GNU C 3.2.3 20030422 (Gentoo Linux 1.4 3.2.3-r4, propolice)] (DWARFImportSummary)  
INFO  DWARF source languages: [DW_LANG_C89] (DWARFImportSummary)  
INFO  DWARF compUnit: MeStream.c (DWARFImportSummary)  
ERROR DWARF un-recoverable expressions: (DWARFImportSummary)  
ERROR   DW_OP_reg11 -> 1 (DWARFImportSummary)  
ERROR   DW_OP_reg3 -> 7 (DWARFImportSummary)  
ERROR   DW_OP_reg0 -> 4 (DWARFImportSummary)  
ERROR   DW_OP_reg2 -> 3 (DWARFImportSummary)  
ERROR   DW_OP_reg7 -> 3 (DWARFImportSummary)  
ERROR   DW_OP_reg6 -> 4 (DWARFImportSummary)  
INFO  Packed database cache: /var/tmp/ion-ghidra/packed-db-cache (PackedDatabaseCache)  
INFO  Applied data type archive: generic_clib (ApplyDataArchiveAnalyzer)  
INFO  -----------------------------------------------------
    ASCII Strings                              0.205 secs
    Apply Data Archives                        0.123 secs
    Call Convention ID                         2.077 secs
    Call-Fixup Installer                       0.001 secs
    Create Address Tables                      0.001 secs
    Create Function                            0.004 secs
    DWARF                                      0.099 secs
    Data Reference                             0.004 secs
    Decompiler Switch Analysis                 0.001 secs
    Demangler GNU                              0.008 secs
    Disassemble Entry Points                   0.084 secs
    ELF Scalar Operand References              0.016 secs
    Embedded Media                             0.005 secs
    External Entry References                  0.000 secs
    Function ID                                0.029 secs
    Function Start Pre Search                  0.005 secs
    Function Start Search                      0.007 secs
    Function Start Search After Code           0.001 secs
    Function Start Search After Data           0.001 secs
    GCC Exception Handlers                     0.021 secs
    Non-Returning Functions - Discovered       0.004 secs
    Non-Returning Functions - Known            0.001 secs
    Reference                                  0.002 secs
    Shared Return Calls                        0.003 secs
    Stack                                      0.035 secs
    Subroutine References                      0.000 secs
    X86 Function Callee Purge                  0.001 secs
    x86 Constant Reference Analyzer            0.055 secs
-----------------------------------------------------
     Total Time   2 secs
-----------------------------------------------------
 (AutoAnalysisManager)  
INFO  REPORT: Analysis succeeded for file: file:///home/ion/tools/karma-lab/allobj/MeStream.o?MD5=38679dd73916aa160ea98881913018ac (HeadlessAnalyzer)  
INFO  REPORT: Execute script: DumpDecomp.java  (HeadlessAnalyzer)  
INFO  SCRIPT: /home/ion/tools/karma-lab/gscripts/DumpDecomp.java (HeadlessAnalyzer)  
INFO  DumpDecomp.java> OVERRIDES applied: 0 (GhidraScript)  
INFO  DumpDecomp.java> VTABLE: MeStream.o rows=11 applied=11 no-prototype=0 not-in-a-function=0 refused=0 (GhidraScript)  
INFO  DumpDecomp.java> KARMAHDR: calling conventions {__cdecl=9, unknown=15} (GhidraScript)  
INFO  DumpDecomp.java> KARMAHDR: __regparm -> __cdecl on 15 function(s), 0 refused (GhidraScript)  
INFO  DumpDecomp.java> DONE MeStream.o (GhidraScript)  
INFO  ANALYZING changes made by post scripts: file:///home/ion/tools/karma-lab/allobj/MeStream.o?MD5=38679dd73916aa160ea98881913018ac (HeadlessAnalyzer)  
INFO  REPORT: Post-analysis succeeded for file: file:///home/ion/tools/karma-lab/allobj/MeStream.o?MD5=38679dd73916aa160ea98881913018ac (HeadlessAnalyzer)  
INFO  /allobj/MeStream.o: file created (ion) (LocalFileSystem)  
INFO  REPORT: Save succeeded for: /allobj/MeStream.o (Proj:/allobj/MeStream.o) (HeadlessAnalyzer)  
INFO  REPORT: Import succeeded (HeadlessAnalyzer)  
INFO  IMPORTING: file:///home/ion/tools/karma-lab/allobj/IxBoxBox.o?MD5=4130204104626740dcebc6c7409240de (HeadlessAnalyzer)  
INFO  Using Loader: Executable and Linking Format (ELF) (ProgramLoader)  
INFO  Using Language/Compiler: x86:LE:32:default:gcc (ProgramLoader)  
INFO  Using Library Search Path: [., /bin, /lib, /lib64, /lib/x86_64-linux-gnu, /lib/aarch64-linux-gnu, /usr/bin, /usr/lib, /usr/X11R6/bin, /usr/X11R6/lib, /usr/java/packages/lib, /usr/lib/x86_64-linux-gnu/jni, /usr/lib/x86_64-linux-gnu, /usr/lib/jni] (ProgramLoader)  
INFO  Additional info:
Loading file:///home/ion/tools/karma-lab/allobj/IxBoxBox.o?MD5=4130204104626740dcebc6c7409240de...
------------------------------------------------

 (ProgramLoader)  
INFO  IMPORTING: Loaded 0 additional files (HeadlessAnalyzer)  
INFO  REPORT: Execute script: ParseKarmaHeaders.java  (HeadlessAnalyzer)  
INFO  SCRIPT: /home/ion/tools/karma-lab/gscripts/ParseKarmaHeaders.java (HeadlessAnalyzer)  
INFO  ParseKarmaHeaders.java> KARMAOPT: KD_GHIDRA_OPTS not set, analyzer options untouched (GhidraScript)  
INFO  parse /home/ion/tools/karma-lab/kd_protos10.h (CParserUtils)  
INFO  ParseKarmaHeaders.java> KARMAHDR: parsed FunctionDefinitions=2700 (GhidraScript)  
INFO  ParseKarmaHeaders.java> KARMAHDR: signatures applied -- defined=11 imported=8 failed=0 (GhidraScript)  
INFO  ANALYZING all memory and code: file:///home/ion/tools/karma-lab/allobj/IxBoxBox.o?MD5=4130204104626740dcebc6c7409240de (HeadlessAnalyzer)  
WARN  Mismatched DWARF Attribute and Form: DW_AT_macro_info->DW_FORM_data4 (DWARFAbbreviation)  
INFO  Added 1022 source map entries (DWARFImporter)  
INFO  DWARF ver[2], 1 compUnits, 4402 DIES, import - total elapsed: 107ms (DWARFImportSummary)  
INFO  DWARF data type import - elapsed: 39ms (DWARFImportSummary)  
INFO  DWARF func & symbol import - elapsed: 37ms (DWARFImportSummary)  
INFO  DWARF types imported: 179 (DWARFImportSummary)  
INFO  DWARF compile dirs: [/home/icculus/projects/UT2-Code/karma/Mcd/src/primitives] (DWARFImportSummary)  
INFO  DWARF producers: [GNU C++ 3.2.3 20030422 (Gentoo Linux 1.4 3.2.3-r4, propolice)] (DWARFImportSummary)  
INFO  DWARF source languages: [DW_LANG_C_plus_plus] (DWARFImportSummary)  
INFO  DWARF compUnit: IxBoxBox.cpp (DWARFImportSummary)  
ERROR DWARF un-recoverable expressions: (DWARFImportSummary)  
ERROR   DW_OP_reg12 -> 6 (DWARFImportSummary)  
ERROR   DW_OP_reg11 -> 3 (DWARFImportSummary)  
ERROR   DW_OP_reg1 -> 3 (DWARFImportSummary)  
ERROR   DW_OP_reg2 -> 2 (DWARFImportSummary)  
ERROR   DW_OP_reg14 -> 4 (DWARFImportSummary)  
ERROR   DW_OP_reg7 -> 5 (DWARFImportSummary)  
ERROR   DW_OP_reg15 -> 3 (DWARFImportSummary)  
ERROR   DW_OP_reg13 -> 4 (DWARFImportSummary)  
ERROR   DW_OP_reg3 -> 8 (DWARFImportSummary)  
ERROR   DW_OP_reg0 -> 16 (DWARFImportSummary)  
ERROR   DW_OP_reg18 -> 1 (DWARFImportSummary)  
ERROR   DW_OP_reg16 -> 4 (DWARFImportSummary)  
ERROR   DW_OP_reg17 -> 1 (DWARFImportSummary)  
ERROR   DW_OP_reg6 -> 8 (DWARFImportSummary)  
INFO  Applied data type archive: generic_clib (ApplyDataArchiveAnalyzer)  
INFO  -----------------------------------------------------
    ASCII Strings                              0.006 secs
    Apply Data Archives                        0.058 secs
    Call Convention ID                         1.001 secs
    Call-Fixup Installer                       0.000 secs
    Create Address Tables                      0.003 secs
    Create Function                            0.001 secs
    DWARF                                      0.128 secs
    Data Reference                             0.004 secs
    Decompiler Switch Analysis                 0.002 secs
    Demangler GNU                              0.019 secs
    Disassemble Entry Points                   0.083 secs
    ELF Scalar Operand References              0.048 secs
    Embedded Media                             0.002 secs
    External Entry References                  0.000 secs
    Function ID                                0.019 secs
    Function Start Pre Search                  0.003 secs
    Function Start Search                      0.009 secs
    Function Start Search After Code           0.001 secs
    Function Start Search After Data           0.002 secs
    GCC Exception Handlers                     0.007 secs
    Non-Returning Functions - Discovered       0.002 secs
    Non-Returning Functions - Known            0.001 secs
    Reference                                  0.001 secs
    Shared Return Calls                        0.003 secs
    Stack                                      0.139 secs
    Subroutine References                      0.001 secs
    X86 Function Callee Purge                  0.002 secs
    x86 Constant Reference Analyzer            0.074 secs
-----------------------------------------------------
     Total Time   1 secs
-----------------------------------------------------
 (AutoAnalysisManager)  
INFO  REPORT: Analysis succeeded for file: file:///home/ion/tools/karma-lab/allobj/IxBoxBox.o?MD5=4130204104626740dcebc6c7409240de (HeadlessAnalyzer)  
INFO  REPORT: Execute script: DumpDecomp.java  (HeadlessAnalyzer)  
INFO  SCRIPT: /home/ion/tools/karma-lab/gscripts/DumpDecomp.java (HeadlessAnalyzer)  
INFO  DumpDecomp.java> OVERRIDES applied: 0 (GhidraScript)  
INFO  DumpDecomp.java> VTABLE: IxBoxBox.o rows=0 applied=0 no-prototype=0 not-in-a-function=0 refused=0 (GhidraScript)  
INFO  DumpDecomp.java> KARMAHDR: calling conventions {__cdecl=6, unknown=12} (GhidraScript)  
INFO  DumpDecomp.java> KARMAHDR: __regparm -> __cdecl on 12 function(s), 0 refused (GhidraScript)  
INFO  DumpDecomp.java> DONE IxBoxBox.o (GhidraScript)  
INFO  ANALYZING changes made by post scripts: file:///home/ion/tools/karma-lab/allobj/IxBoxBox.o?MD5=4130204104626740dcebc6c7409240de (HeadlessAnalyzer)  
INFO  REPORT: Post-analysis succeeded for file: file:///home/ion/tools/karma-lab/allobj/IxBoxBox.o?MD5=4130204104626740dcebc6c7409240de (HeadlessAnalyzer)  
INFO  /allobj/IxBoxBox.o: file created (ion) (LocalFileSystem)  
INFO  REPORT: Save succeeded for: /allobj/IxBoxBox.o (Proj:/allobj/IxBoxBox.o) (HeadlessAnalyzer)  
INFO  REPORT: Import succeeded (HeadlessAnalyzer)  
INFO  IMPORTING: file:///home/ion/tools/karma-lab/allobj/keaMemory.o?MD5=bdf07eef77997de469768dd29a9d23bb (HeadlessAnalyzer)  
INFO  Using Loader: Executable and Linking Format (ELF) (ProgramLoader)  
INFO  Using Language/Compiler: x86:LE:32:default:gcc (ProgramLoader)  
INFO  Using Library Search Path: [., /bin, /lib, /lib64, /lib/x86_64-linux-gnu, /lib/aarch64-linux-gnu, /usr/bin, /usr/lib, /usr/X11R6/bin, /usr/X11R6/lib, /usr/java/packages/lib, /usr/lib/x86_64-linux-gnu/jni, /usr/lib/x86_64-linux-gnu, /usr/lib/jni] (ProgramLoader)  
ERROR EXTERNAL Data ELF Relocation with offset: at 0001002d (External Location = poolstack-0x4) (ElfRelocationHandler)  
INFO  Additional info:
Loading file:///home/ion/tools/karma-lab/allobj/keaMemory.o?MD5=bdf07eef77997de469768dd29a9d23bb...
Skipping section [.data] with invalid size 0x0
Skipping section [.bss] with invalid size 0x0
------------------------------------------------

 (ProgramLoader)  
INFO  IMPORTING: Loaded 0 additional files (HeadlessAnalyzer)  
INFO  REPORT: Execute script: ParseKarmaHeaders.java  (HeadlessAnalyzer)  
INFO  SCRIPT: /home/ion/tools/karma-lab/gscripts/ParseKarmaHeaders.java (HeadlessAnalyzer)  
INFO  ParseKarmaHeaders.java> KARMAOPT: KD_GHIDRA_OPTS not set, analyzer options untouched (GhidraScript)  
INFO  parse /home/ion/tools/karma-lab/kd_protos10.h (CParserUtils)  
INFO  ParseKarmaHeaders.java> KARMAHDR: parsed FunctionDefinitions=2700 (GhidraScript)  
INFO  ParseKarmaHeaders.java> KARMAHDR: signatures applied -- defined=7 imported=1 failed=0 (GhidraScript)  
INFO  ANALYZING all memory and code: file:///home/ion/tools/karma-lab/allobj/keaMemory.o?MD5=bdf07eef77997de469768dd29a9d23bb (HeadlessAnalyzer)  
WARN  Mismatched DWARF Attribute and Form: DW_AT_macro_info->DW_FORM_data4 (DWARFAbbreviation)  
INFO  Added 196 source map entries (DWARFImporter)  
INFO  DWARF ver[2], 1 compUnits, 499 DIES, import - total elapsed: 25ms (DWARFImportSummary)  
INFO  DWARF data type import - elapsed: 7ms (DWARFImportSummary)  
INFO  DWARF func & symbol import - elapsed: 14ms (DWARFImportSummary)  
INFO  DWARF types imported: 55 (DWARFImportSummary)  
INFO  DWARF compile dirs: [/home/icculus/projects/UT2-Code/karma/MdtKea/src] (DWARFImportSummary)  
INFO  DWARF producers: [GNU C++ 3.2.3 20030422 (Gentoo Linux 1.4 3.2.3-r4, propolice)] (DWARFImportSummary)  
INFO  DWARF source languages: [DW_LANG_C_plus_plus] (DWARFImportSummary)  
INFO  DWARF compUnit: keaMemory.cpp (DWARFImportSummary)  
ERROR DWARF un-recoverable expressions: (DWARFImportSummary)  
ERROR   DW_OP_reg3 -> 4 (DWARFImportSummary)  
ERROR   DW_OP_reg1 -> 1 (DWARFImportSummary)  
ERROR   DW_OP_reg0 -> 14 (DWARFImportSummary)  
ERROR   DW_OP_reg7 -> 3 (DWARFImportSummary)  
ERROR   DW_OP_reg6 -> 3 (DWARFImportSummary)  
INFO  Applied data type archive: generic_clib (ApplyDataArchiveAnalyzer)  
INFO  REPORT: Analysis succeeded for file: file:///home/ion/tools/karma-lab/allobj/keaMemory.o?MD5=bdf07eef77997de469768dd29a9d23bb (HeadlessAnalyzer)  
INFO  REPORT: Execute script: DumpDecomp.java  (HeadlessAnalyzer)  
INFO  SCRIPT: /home/ion/tools/karma-lab/gscripts/DumpDecomp.java (HeadlessAnalyzer)  
INFO  DumpDecomp.java> OVERRIDES applied: 0 (GhidraScript)  
INFO  DumpDecomp.java> VTABLE: keaMemory.o rows=0 applied=0 no-prototype=0 not-in-a-function=0 refused=0 (GhidraScript)  
INFO  DumpDecomp.java> KARMAHDR: calling conventions {__cdecl=2, __thiscall=2, unknown=7} (GhidraScript)  
INFO  DumpDecomp.java> KARMAHDR: __regparm -> __cdecl on 7 function(s), 0 refused (GhidraScript)  
INFO  DumpDecomp.java> DONE keaMemory.o (GhidraScript)  
INFO  ANALYZING changes made by post scripts: file:///home/ion/tools/karma-lab/allobj/keaMemory.o?MD5=bdf07eef77997de469768dd29a9d23bb (HeadlessAnalyzer)  
INFO  REPORT: Post-analysis succeeded for file: file:///home/ion/tools/karma-lab/allobj/keaMemory.o?MD5=bdf07eef77997de469768dd29a9d23bb (HeadlessAnalyzer)  
INFO  /allobj/keaMemory.o: file created (ion) (LocalFileSystem)  
INFO  REPORT: Save succeeded for: /allobj/keaMemory.o (Proj:/allobj/keaMemory.o) (HeadlessAnalyzer)  
INFO  REPORT: Import succeeded (HeadlessAnalyzer)  
INFO  IMPORTING: file:///home/ion/tools/karma-lab/allobj/keaIntegrate_pc.o?MD5=d94f417b6e5462b7db4d25c41e86ca47 (HeadlessAnalyzer)  
INFO  Using Loader: Executable and Linking Format (ELF) (ProgramLoader)  
INFO  Using Language/Compiler: x86:LE:32:default:gcc (ProgramLoader)  
INFO  Using Library Search Path: [., /bin, /lib, /lib64, /lib/x86_64-linux-gnu, /lib/aarch64-linux-gnu, /usr/bin, /usr/lib, /usr/X11R6/bin, /usr/X11R6/lib, /usr/java/packages/lib, /usr/lib/x86_64-linux-gnu/jni, /usr/lib/x86_64-linux-gnu, /usr/lib/jni] (ProgramLoader)  
INFO  Additional info:
Loading file:///home/ion/tools/karma-lab/allobj/keaIntegrate_pc.o?MD5=d94f417b6e5462b7db4d25c41e86ca47...
Skipping section [.data] with invalid size 0x0
Skipping section [.bss] with invalid size 0x0
------------------------------------------------

 (ProgramLoader)  
INFO  IMPORTING: Loaded 0 additional files (HeadlessAnalyzer)  
INFO  REPORT: Execute script: ParseKarmaHeaders.java  (HeadlessAnalyzer)  
INFO  SCRIPT: /home/ion/tools/karma-lab/gscripts/ParseKarmaHeaders.java (HeadlessAnalyzer)  
INFO  ParseKarmaHeaders.java> KARMAOPT: KD_GHIDRA_OPTS not set, analyzer options untouched (GhidraScript)  
INFO  parse /home/ion/tools/karma-lab/kd_protos10.h (CParserUtils)  
INFO  ParseKarmaHeaders.java> KARMAHDR: parsed FunctionDefinitions=2700 (GhidraScript)  
INFO  ParseKarmaHeaders.java> KARMAHDR: signatures applied -- defined=2 imported=1 failed=0 (GhidraScript)  
INFO  ANALYZING all memory and code: file:///home/ion/tools/karma-lab/allobj/keaIntegrate_pc.o?MD5=d94f417b6e5462b7db4d25c41e86ca47 (HeadlessAnalyzer)  
WARN  Mismatched DWARF Attribute and Form: DW_AT_macro_info->DW_FORM_data4 (DWARFAbbreviation)  
INFO  Added 94 source map entries (DWARFImporter)  
INFO  DWARF ver[2], 1 compUnits, 255 DIES, import - total elapsed: 11ms (DWARFImportSummary)  
INFO  DWARF data type import - elapsed: 5ms (DWARFImportSummary)  
INFO  DWARF func & symbol import - elapsed: 3ms (DWARFImportSummary)  
INFO  DWARF types imported: 40 (DWARFImportSummary)  
INFO  DWARF compile dirs: [/home/icculus/projects/UT2-Code/karma/MdtKea/src] (DWARFImportSummary)  
INFO  DWARF producers: [GNU C++ 3.2.3 20030422 (Gentoo Linux 1.4 3.2.3-r4, propolice)] (DWARFImportSummary)  
INFO  DWARF source languages: [DW_LANG_C_plus_plus] (DWARFImportSummary)  
INFO  DWARF compUnit: keaIntegrate_pc.cpp (DWARFImportSummary)  
ERROR DWARF un-recoverable expressions: (DWARFImportSummary)  
ERROR   DW_OP_reg12 -> 2 (DWARFImportSummary)  
ERROR   DW_OP_reg0 -> 3 (DWARFImportSummary)  
ERROR   DW_OP_reg1 -> 1 (DWARFImportSummary)  
ERROR   DW_OP_reg7 -> 1 (DWARFImportSummary)  
INFO  Applied data type archive: generic_clib (ApplyDataArchiveAnalyzer)  
INFO  REPORT: Analysis succeeded for file: file:///home/ion/tools/karma-lab/allobj/keaIntegrate_pc.o?MD5=d94f417b6e5462b7db4d25c41e86ca47 (HeadlessAnalyzer)  
INFO  REPORT: Execute script: DumpDecomp.java  (HeadlessAnalyzer)  
INFO  SCRIPT: /home/ion/tools/karma-lab/gscripts/DumpDecomp.java (HeadlessAnalyzer)  
INFO  DumpDecomp.java> OVERRIDES applied: 0 (GhidraScript)  
INFO  DumpDecomp.java> VTABLE: keaIntegrate_pc.o rows=0 applied=0 no-prototype=0 not-in-a-function=0 refused=0 (GhidraScript)  
INFO  DumpDecomp.java> KARMAHDR: calling conventions {__cdecl=2, unknown=1} (GhidraScript)  
INFO  DumpDecomp.java> KARMAHDR: __regparm -> __cdecl on 1 function(s), 0 refused (GhidraScript)  
INFO  DumpDecomp.java> DONE keaIntegrate_pc.o (GhidraScript)  
INFO  ANALYZING changes made by post scripts: file:///home/ion/tools/karma-lab/allobj/keaIntegrate_pc.o?MD5=d94f417b6e5462b7db4d25c41e86ca47 (HeadlessAnalyzer)  
INFO  REPORT: Post-analysis succeeded for file: file:///home/ion/tools/karma-lab/allobj/keaIntegrate_pc.o?MD5=d94f417b6e5462b7db4d25c41e86ca47 (HeadlessAnalyzer)  
INFO  /allobj/keaIntegrate_pc.o: file created (ion) (LocalFileSystem)  
INFO  REPORT: Save succeeded for: /allobj/keaIntegrate_pc.o (Proj:/allobj/keaIntegrate_pc.o) (HeadlessAnalyzer)  
INFO  REPORT: Import succeeded (HeadlessAnalyzer)  
INFO  IMPORTING: file:///home/ion/tools/karma-lab/allobj/IxSphylPrimitives.o?MD5=02235bdd217a7b8f94fb9476dcfdf740 (HeadlessAnalyzer)  
INFO  Using Loader: Executable and Linking Format (ELF) (ProgramLoader)  
INFO  Using Language/Compiler: x86:LE:32:default:gcc (ProgramLoader)  
INFO  Using Library Search Path: [., /bin, /lib, /lib64, /lib/x86_64-linux-gnu, /lib/aarch64-linux-gnu, /usr/bin, /usr/lib, /usr/X11R6/bin, /usr/X11R6/lib, /usr/java/packages/lib, /usr/lib/x86_64-linux-gnu/jni, /usr/lib/x86_64-linux-gnu, /usr/lib/jni] (ProgramLoader)  
INFO  Additional info:
Loading file:///home/ion/tools/karma-lab/allobj/IxSphylPrimitives.o?MD5=02235bdd217a7b8f94fb9476dcfdf740...
Skipping section [.data] with invalid size 0x0
Skipping section [.bss] with invalid size 0x0
------------------------------------------------

 (ProgramLoader)  
INFO  IMPORTING: Loaded 0 additional files (HeadlessAnalyzer)  
INFO  REPORT: Execute script: ParseKarmaHeaders.java  (HeadlessAnalyzer)  
INFO  SCRIPT: /home/ion/tools/karma-lab/gscripts/ParseKarmaHeaders.java (HeadlessAnalyzer)  
INFO  ParseKarmaHeaders.java> KARMAOPT: KD_GHIDRA_OPTS not set, analyzer options untouched (GhidraScript)  
INFO  parse /home/ion/tools/karma-lab/kd_protos10.h (CParserUtils)  
INFO  ParseKarmaHeaders.java> KARMAHDR: parsed FunctionDefinitions=2700 (GhidraScript)  
INFO  ParseKarmaHeaders.java> KARMAHDR: signatures applied -- defined=19 imported=5 failed=0 (GhidraScript)  
INFO  ANALYZING all memory and code: file:///home/ion/tools/karma-lab/allobj/IxSphylPrimitives.o?MD5=02235bdd217a7b8f94fb9476dcfdf740 (HeadlessAnalyzer)  
WARN  Mismatched DWARF Attribute and Form: DW_AT_macro_info->DW_FORM_data4 (DWARFAbbreviation)  
INFO  Added 2164 source map entries (DWARFImporter)  
INFO  DWARF ver[2], 1 compUnits, 3076 DIES, import - total elapsed: 83ms (DWARFImportSummary)  
INFO  DWARF data type import - elapsed: 26ms (DWARFImportSummary)  
INFO  DWARF func & symbol import - elapsed: 33ms (DWARFImportSummary)  
INFO  DWARF types imported: 192 (DWARFImportSummary)  
INFO  DWARF compile dirs: [/home/icculus/projects/UT2-Code/karma/Mcd/src/primitives] (DWARFImportSummary)  
INFO  DWARF producers: [GNU C++ 3.2.3 20030422 (Gentoo Linux 1.4 3.2.3-r4, propolice)] (DWARFImportSummary)  
INFO  DWARF source languages: [DW_LANG_C_plus_plus] (DWARFImportSummary)  
INFO  DWARF compUnit: IxSphylPrimitives.cpp (DWARFImportSummary)  
ERROR DWARF un-recoverable expressions: (DWARFImportSummary)  
ERROR   DW_OP_reg12 -> 11 (DWARFImportSummary)  
ERROR   DW_OP_reg11 -> 21 (DWARFImportSummary)  
ERROR   DW_OP_reg1 -> 9 (DWARFImportSummary)  
ERROR   DW_OP_reg2 -> 9 (DWARFImportSummary)  
ERROR   DW_OP_reg14 -> 4 (DWARFImportSummary)  
ERROR   DW_OP_reg7 -> 7 (DWARFImportSummary)  
ERROR   DW_OP_reg15 -> 8 (DWARFImportSummary)  
ERROR   DW_OP_reg13 -> 10 (DWARFImportSummary)  
ERROR   DW_OP_reg3 -> 18 (DWARFImportSummary)  
ERROR   DW_OP_reg0 -> 5 (DWARFImportSummary)  
ERROR   DW_OP_reg18 -> 3 (DWARFImportSummary)  
ERROR   DW_OP_reg16 -> 7 (DWARFImportSummary)  
ERROR   DW_OP_reg17 -> 8 (DWARFImportSummary)  
ERROR   DW_OP_reg6 -> 13 (DWARFImportSummary)  
INFO  Applied data type archive: generic_clib (ApplyDataArchiveAnalyzer)  
INFO  -----------------------------------------------------
    ASCII Strings                              0.004 secs
    Apply Data Archives                        0.064 secs
    Call Convention ID                         1.009 secs
    Call-Fixup Installer                       0.000 secs
    Create Address Tables                      0.004 secs
    Create Function                            0.001 secs
    DWARF                                      0.092 secs
    Data Reference                             0.003 secs
    Decompiler Switch Analysis                 0.002 secs
    Demangler GNU                              0.007 secs
    Disassemble Entry Points                   0.092 secs
    ELF Scalar Operand References              0.059 secs
    Embedded Media                             0.001 secs
    External Entry References                  0.001 secs
    Function ID                                0.024 secs
    Function Start Pre Search                  0.002 secs
    Function Start Search                      0.005 secs
    Function Start Search After Code           0.001 secs
    Function Start Search After Data           0.001 secs
    GCC Exception Handlers                     0.008 secs
    Non-Returning Functions - Discovered       0.005 secs
    Non-Returning Functions - Known            0.000 secs
    Reference                                  0.002 secs
    Shared Return Calls                        0.003 secs
    Stack                                      0.198 secs
    Subroutine References                      0.001 secs
    X86 Function Callee Purge                  0.001 secs
    x86 Constant Reference Analyzer            0.118 secs
-----------------------------------------------------
     Total Time   1 secs
-----------------------------------------------------
 (AutoAnalysisManager)  
INFO  REPORT: Analysis succeeded for file: file:///home/ion/tools/karma-lab/allobj/IxSphylPrimitives.o?MD5=02235bdd217a7b8f94fb9476dcfdf740 (HeadlessAnalyzer)  
INFO  REPORT: Execute script: DumpDecomp.java  (HeadlessAnalyzer)  
INFO  SCRIPT: /home/ion/tools/karma-lab/gscripts/DumpDecomp.java (HeadlessAnalyzer)  
INFO  DumpDecomp.java> OVERRIDES applied: 1 (GhidraScript)  
INFO  DumpDecomp.java> VTABLE: IxSphylPrimitives.o rows=0 applied=0 no-prototype=0 not-in-a-function=0 refused=0 (GhidraScript)  
INFO  DumpDecomp.java> KARMAHDR: calling conventions {__cdecl=9, unknown=17} (GhidraScript)  
INFO  DumpDecomp.java> KARMAHDR: __regparm -> __cdecl on 17 function(s), 0 refused (GhidraScript)  
INFO  DumpDecomp.java> DONE IxSphylPrimitives.o (GhidraScript)  
INFO  ANALYZING changes made by post scripts: file:///home/ion/tools/karma-lab/allobj/IxSphylPrimitives.o?MD5=02235bdd217a7b8f94fb9476dcfdf740 (HeadlessAnalyzer)  
INFO  REPORT: Post-analysis succeeded for file: file:///home/ion/tools/karma-lab/allobj/IxSphylPrimitives.o?MD5=02235bdd217a7b8f94fb9476dcfdf740 (HeadlessAnalyzer)  
INFO  /allobj/IxSphylPrimitives.o: file created (ion) (LocalFileSystem)  
INFO  REPORT: Save succeeded for: /allobj/IxSphylPrimitives.o (Proj:/allobj/IxSphylPrimitives.o) (HeadlessAnalyzer)  
INFO  REPORT: Import succeeded (HeadlessAnalyzer)  
INFO  IMPORTING: file:///home/ion/tools/karma-lab/allobj/McdContact.o?MD5=94285d93e995abe70660f24ac91d70bf (HeadlessAnalyzer)  
INFO  Using Loader: Executable and Linking Format (ELF) (ProgramLoader)  
INFO  Using Language/Compiler: x86:LE:32:default:gcc (ProgramLoader)  
INFO  Using Library Search Path: [., /bin, /lib, /lib64, /lib/x86_64-linux-gnu, /lib/aarch64-linux-gnu, /usr/bin, /usr/lib, /usr/X11R6/bin, /usr/X11R6/lib, /usr/java/packages/lib, /usr/lib/x86_64-linux-gnu/jni, /usr/lib/x86_64-linux-gnu, /usr/lib/jni] (ProgramLoader)  
INFO  Additional info:
Loading file:///home/ion/tools/karma-lab/allobj/McdContact.o?MD5=94285d93e995abe70660f24ac91d70bf...
Skipping section [.data] with invalid size 0x0
Skipping section [.bss] with invalid size 0x0
------------------------------------------------

 (ProgramLoader)  
INFO  IMPORTING: Loaded 0 additional files (HeadlessAnalyzer)  
INFO  REPORT: Execute script: ParseKarmaHeaders.java  (HeadlessAnalyzer)  
INFO  SCRIPT: /home/ion/tools/karma-lab/gscripts/ParseKarmaHeaders.java (HeadlessAnalyzer)  
INFO  ParseKarmaHeaders.java> KARMAOPT: KD_GHIDRA_OPTS not set, analyzer options untouched (GhidraScript)  
INFO  parse /home/ion/tools/karma-lab/kd_protos10.h (CParserUtils)  
INFO  ParseKarmaHeaders.java> KARMAHDR: parsed FunctionDefinitions=2700 (GhidraScript)  
INFO  ParseKarmaHeaders.java> KARMAHDR: signatures applied -- defined=1 imported=0 failed=0 (GhidraScript)  
INFO  ANALYZING all memory and code: file:///home/ion/tools/karma-lab/allobj/McdContact.o?MD5=94285d93e995abe70660f24ac91d70bf (HeadlessAnalyzer)  
WARN  Mismatched DWARF Attribute and Form: DW_AT_macro_info->DW_FORM_data4 (DWARFAbbreviation)  
INFO  Added 353 source map entries (DWARFImporter)  
INFO  DWARF ver[2], 1 compUnits, 597 DIES, import - total elapsed: 15ms (DWARFImportSummary)  
INFO  DWARF data type import - elapsed: 4ms (DWARFImportSummary)  
INFO  DWARF func & symbol import - elapsed: 7ms (DWARFImportSummary)  
INFO  DWARF types imported: 40 (DWARFImportSummary)  
INFO  DWARF compile dirs: [/home/icculus/projects/UT2-Code/karma/Mcd/src/util] (DWARFImportSummary)  
INFO  DWARF producers: [GNU C++ 3.2.3 20030422 (Gentoo Linux 1.4 3.2.3-r4, propolice)] (DWARFImportSummary)  
INFO  DWARF source languages: [DW_LANG_C_plus_plus] (DWARFImportSummary)  
INFO  DWARF compUnit: McdContact.cpp (DWARFImportSummary)  
ERROR DWARF un-recoverable expressions: (DWARFImportSummary)  
ERROR   DW_OP_reg12 -> 1 (DWARFImportSummary)  
ERROR   DW_OP_reg3 -> 7 (DWARFImportSummary)  
ERROR   DW_OP_reg0 -> 3 (DWARFImportSummary)  
ERROR   DW_OP_reg1 -> 4 (DWARFImportSummary)  
ERROR   DW_OP_reg18 -> 1 (DWARFImportSummary)  
ERROR   DW_OP_reg2 -> 7 (DWARFImportSummary)  
ERROR   DW_OP_reg14 -> 1 (DWARFImportSummary)  
ERROR   DW_OP_reg7 -> 3 (DWARFImportSummary)  
ERROR   DW_OP_reg6 -> 4 (DWARFImportSummary)  
INFO  Applied data type archive: generic_clib (ApplyDataArchiveAnalyzer)  
INFO  -----------------------------------------------------
    ASCII Strings                              0.001 secs
    Apply Data Archives                        0.057 secs
    Call Convention ID                         1.135 secs
    Call-Fixup Installer                       0.000 secs
    Create Address Tables                      0.000 secs
    Create Function                            0.000 secs
    DWARF                                      0.019 secs
    Data Reference                             0.001 secs
    Decompiler Switch Analysis                 0.001 secs
    Demangler GNU                              0.002 secs
    Disassemble Entry Points                   0.017 secs
    ELF Scalar Operand References              0.008 secs
    Embedded Media                             0.000 secs
    External Entry References                  0.000 secs
    Function ID                                0.004 secs
    Function Start Pre Search                  0.001 secs
    Function Start Search                      0.002 secs
    Function Start Search After Code           0.001 secs
    Function Start Search After Data           0.000 secs
    GCC Exception Handlers                     0.002 secs
    Non-Returning Functions - Discovered       0.001 secs
    Non-Returning Functions - Known            0.000 secs
    Reference                                  0.000 secs
    Shared Return Calls                        0.000 secs
    Stack                                      0.025 secs
    Subroutine References                      0.000 secs
    X86 Function Callee Purge                  0.001 secs
    x86 Constant Reference Analyzer            0.015 secs
-----------------------------------------------------
     Total Time   1 secs
-----------------------------------------------------
 (AutoAnalysisManager)  
INFO  REPORT: Analysis succeeded for file: file:///home/ion/tools/karma-lab/allobj/McdContact.o?MD5=94285d93e995abe70660f24ac91d70bf (HeadlessAnalyzer)  
INFO  REPORT: Execute script: DumpDecomp.java  (HeadlessAnalyzer)  
INFO  SCRIPT: /home/ion/tools/karma-lab/gscripts/DumpDecomp.java (HeadlessAnalyzer)  
INFO  DumpDecomp.java> OVERRIDES applied: 0 (GhidraScript)  
INFO  DumpDecomp.java> VTABLE: McdContact.o rows=0 applied=0 no-prototype=0 not-in-a-function=0 refused=0 (GhidraScript)  
INFO  DumpDecomp.java> KARMAHDR: calling conventions {__cdecl=5, unknown=2} (GhidraScript)  
INFO  DumpDecomp.java> KARMAHDR: __regparm -> __cdecl on 2 function(s), 0 refused (GhidraScript)  
INFO  DumpDecomp.java> DONE McdContact.o (GhidraScript)  
INFO  ANALYZING changes made by post scripts: file:///home/ion/tools/karma-lab/allobj/McdContact.o?MD5=94285d93e995abe70660f24ac91d70bf (HeadlessAnalyzer)  
INFO  REPORT: Post-analysis succeeded for file: file:///home/ion/tools/karma-lab/allobj/McdContact.o?MD5=94285d93e995abe70660f24ac91d70bf (HeadlessAnalyzer)  
INFO  /allobj/McdContact.o: file created (ion) (LocalFileSystem)  
INFO  REPORT: Save succeeded for: /allobj/McdContact.o (Proj:/allobj/McdContact.o) (HeadlessAnalyzer)  
INFO  REPORT: Import succeeded (HeadlessAnalyzer)  
INFO  IMPORTING: file:///home/ion/tools/karma-lab/allobj/MeVersion.o?MD5=e65c2ccd2afc7134971d9c6514bd1a41 (HeadlessAnalyzer)  
INFO  Using Loader: Executable and Linking Format (ELF) (ProgramLoader)  
INFO  Using Language/Compiler: x86:LE:32:default:gcc (ProgramLoader)  
INFO  Using Library Search Path: [., /bin, /lib, /lib64, /lib/x86_64-linux-gnu, /lib/aarch64-linux-gnu, /usr/bin, /usr/lib, /usr/X11R6/bin, /usr/X11R6/lib, /usr/java/packages/lib, /usr/lib/x86_64-linux-gnu/jni, /usr/lib/x86_64-linux-gnu, /usr/lib/jni] (ProgramLoader)  
INFO  Additional info:
Loading file:///home/ion/tools/karma-lab/allobj/MeVersion.o?MD5=e65c2ccd2afc7134971d9c6514bd1a41...
Skipping section [.data] with invalid size 0x0
Skipping section [.bss] with invalid size 0x0
------------------------------------------------

 (ProgramLoader)  
INFO  IMPORTING: Loaded 0 additional files (HeadlessAnalyzer)  
INFO  REPORT: Execute script: ParseKarmaHeaders.java  (HeadlessAnalyzer)  
INFO  SCRIPT: /home/ion/tools/karma-lab/gscripts/ParseKarmaHeaders.java (HeadlessAnalyzer)  
INFO  ParseKarmaHeaders.java> KARMAOPT: KD_GHIDRA_OPTS not set, analyzer options untouched (GhidraScript)  
INFO  parse /home/ion/tools/karma-lab/kd_protos10.h (CParserUtils)  
INFO  ParseKarmaHeaders.java> KARMAHDR: parsed FunctionDefinitions=2700 (GhidraScript)  
INFO  ParseKarmaHeaders.java> KARMAHDR: signatures applied -- defined=1 imported=0 failed=0 (GhidraScript)  
INFO  ANALYZING all memory and code: file:///home/ion/tools/karma-lab/allobj/MeVersion.o?MD5=e65c2ccd2afc7134971d9c6514bd1a41 (HeadlessAnalyzer)  
WARN  Mismatched DWARF Attribute and Form: DW_AT_macro_info->DW_FORM_data4 (DWARFAbbreviation)  
INFO  Added 4 source map entries (DWARFImporter)  
INFO  DWARF ver[2], 1 compUnits, 6 DIES, import - total elapsed: 2ms (DWARFImportSummary)  
INFO  DWARF func & symbol import - elapsed: 2ms (DWARFImportSummary)  
INFO  DWARF types imported: 1 (DWARFImportSummary)  
INFO  DWARF compile dirs: [/home/icculus/projects/UT2-Code/karma/MeGlobals/src] (DWARFImportSummary)  
INFO  DWARF producers: [GNU C 3.2.3 20030422 (Gentoo Linux 1.4 3.2.3-r4, propolice)] (DWARFImportSummary)  
INFO  DWARF source languages: [DW_LANG_C89] (DWARFImportSummary)  
INFO  DWARF compUnit: MeVersion.c (DWARFImportSummary)  
INFO  Applied data type archive: generic_clib (ApplyDataArchiveAnalyzer)  
INFO  REPORT: Analysis succeeded for file: file:///home/ion/tools/karma-lab/allobj/MeVersion.o?MD5=e65c2ccd2afc7134971d9c6514bd1a41 (HeadlessAnalyzer)  
INFO  REPORT: Execute script: DumpDecomp.java  (HeadlessAnalyzer)  
INFO  SCRIPT: /home/ion/tools/karma-lab/gscripts/DumpDecomp.java (HeadlessAnalyzer)  
INFO  DumpDecomp.java> OVERRIDES applied: 0 (GhidraScript)  
INFO  DumpDecomp.java> VTABLE: MeVersion.o rows=0 applied=0 no-prototype=0 not-in-a-function=0 refused=0 (GhidraScript)  
INFO  DumpDecomp.java> KARMAHDR: calling conventions {unknown=1} (GhidraScript)  
INFO  DumpDecomp.java> KARMAHDR: __regparm -> __cdecl on 1 function(s), 0 refused (GhidraScript)  
INFO  DumpDecomp.java> DONE MeVersion.o (GhidraScript)  
INFO  ANALYZING changes made by post scripts: file:///home/ion/tools/karma-lab/allobj/MeVersion.o?MD5=e65c2ccd2afc7134971d9c6514bd1a41 (HeadlessAnalyzer)  
INFO  REPORT: Post-analysis succeeded for file: file:///home/ion/tools/karma-lab/allobj/MeVersion.o?MD5=e65c2ccd2afc7134971d9c6514bd1a41 (HeadlessAnalyzer)  
INFO  /allobj/MeVersion.o: file created (ion) (LocalFileSystem)  
INFO  REPORT: Save succeeded for: /allobj/MeVersion.o (Proj:/allobj/MeVersion.o) (HeadlessAnalyzer)  
INFO  REPORT: Import succeeded (HeadlessAnalyzer)  
INFO  IMPORTING: file:///home/ion/tools/karma-lab/allobj/keaLCP_new.o?MD5=38edb154eadc957f99e411353a3b26be (HeadlessAnalyzer)  
INFO  Using Loader: Executable and Linking Format (ELF) (ProgramLoader)  
INFO  Using Language/Compiler: x86:LE:32:default:gcc (ProgramLoader)  
INFO  Using Library Search Path: [., /bin, /lib, /lib64, /lib/x86_64-linux-gnu, /lib/aarch64-linux-gnu, /usr/bin, /usr/lib, /usr/X11R6/bin, /usr/X11R6/lib, /usr/java/packages/lib, /usr/lib/x86_64-linux-gnu/jni, /usr/lib/x86_64-linux-gnu, /usr/lib/jni] (ProgramLoader)  
INFO  Additional info:
Loading file:///home/ion/tools/karma-lab/allobj/keaLCP_new.o?MD5=38edb154eadc957f99e411353a3b26be...
Skipping section [.data] with invalid size 0x0
Skipping section [.bss] with invalid size 0x0
------------------------------------------------

 (ProgramLoader)  
INFO  IMPORTING: Loaded 0 additional files (HeadlessAnalyzer)  
INFO  REPORT: Execute script: ParseKarmaHeaders.java  (HeadlessAnalyzer)  
INFO  SCRIPT: /home/ion/tools/karma-lab/gscripts/ParseKarmaHeaders.java (HeadlessAnalyzer)  
INFO  ParseKarmaHeaders.java> KARMAOPT: KD_GHIDRA_OPTS not set, analyzer options untouched (GhidraScript)  
INFO  parse /home/ion/tools/karma-lab/kd_protos10.h (CParserUtils)  
INFO  ParseKarmaHeaders.java> KARMAHDR: parsed FunctionDefinitions=2700 (GhidraScript)  
INFO  ParseKarmaHeaders.java> KARMAHDR: signatures applied -- defined=10 imported=9 failed=0 (GhidraScript)  
INFO  ANALYZING all memory and code: file:///home/ion/tools/karma-lab/allobj/keaLCP_new.o?MD5=38edb154eadc957f99e411353a3b26be (HeadlessAnalyzer)  
WARN  Mismatched DWARF Attribute and Form: DW_AT_macro_info->DW_FORM_data4 (DWARFAbbreviation)  
INFO  Added 128 source map entries (DWARFImporter)  
INFO  DWARF ver[2], 1 compUnits, 292 DIES, import - total elapsed: 10ms (DWARFImportSummary)  
INFO  DWARF data type import - elapsed: 3ms (DWARFImportSummary)  
INFO  DWARF func & symbol import - elapsed: 5ms (DWARFImportSummary)  
INFO  DWARF types imported: 29 (DWARFImportSummary)  
INFO  DWARF compile dirs: [/home/icculus/projects/UT2-Code/karma/MdtKea/src] (DWARFImportSummary)  
INFO  DWARF producers: [GNU C++ 3.2.3 20030422 (Gentoo Linux 1.4 3.2.3-r4, propolice)] (DWARFImportSummary)  
INFO  DWARF source languages: [DW_LANG_C_plus_plus] (DWARFImportSummary)  
INFO  DWARF compUnit: keaLCP_new.cpp (DWARFImportSummary)  
ERROR DWARF un-recoverable expressions: (DWARFImportSummary)  
ERROR   DW_OP_reg3 -> 2 (DWARFImportSummary)  
ERROR   DW_OP_reg0 -> 3 (DWARFImportSummary)  
ERROR   DW_OP_reg2 -> 1 (DWARFImportSummary)  
ERROR   DW_OP_reg7 -> 3 (DWARFImportSummary)  
ERROR   DW_OP_reg6 -> 2 (DWARFImportSummary)  
INFO  Applied data type archive: generic_clib (ApplyDataArchiveAnalyzer)  
INFO  REPORT: Analysis succeeded for file: file:///home/ion/tools/karma-lab/allobj/keaLCP_new.o?MD5=38edb154eadc957f99e411353a3b26be (HeadlessAnalyzer)  
INFO  REPORT: Execute script: DumpDecomp.java  (HeadlessAnalyzer)  
INFO  SCRIPT: /home/ion/tools/karma-lab/gscripts/DumpDecomp.java (HeadlessAnalyzer)  
INFO  DumpDecomp.java> OVERRIDES applied: 0 (GhidraScript)  
INFO  DumpDecomp.java> VTABLE: keaLCP_new.o rows=0 applied=0 no-prototype=0 not-in-a-function=0 refused=0 (GhidraScript)  
INFO  DumpDecomp.java> KARMAHDR: calling conventions {__cdecl=1, __thiscall=1, unknown=11} (GhidraScript)  
INFO  DumpDecomp.java> KARMAHDR: __regparm -> __cdecl on 11 function(s), 0 refused (GhidraScript)  
INFO  DumpDecomp.java> DONE keaLCP_new.o (GhidraScript)  
INFO  ANALYZING changes made by post scripts: file:///home/ion/tools/karma-lab/allobj/keaLCP_new.o?MD5=38edb154eadc957f99e411353a3b26be (HeadlessAnalyzer)  
INFO  REPORT: Post-analysis succeeded for file: file:///home/ion/tools/karma-lab/allobj/keaLCP_new.o?MD5=38edb154eadc957f99e411353a3b26be (HeadlessAnalyzer)  
INFO  /allobj/keaLCP_new.o: file created (ion) (LocalFileSystem)  
INFO  REPORT: Save succeeded for: /allobj/keaLCP_new.o (Proj:/allobj/keaLCP_new.o) (HeadlessAnalyzer)  
INFO  REPORT: Import succeeded (HeadlessAnalyzer)  
INFO  IMPORTING: file:///home/ion/tools/karma-lab/allobj/McdBatch.o?MD5=414a76264ed1679b1d5591cb4cd6f215 (HeadlessAnalyzer)  
INFO  Using Loader: Executable and Linking Format (ELF) (ProgramLoader)  
INFO  Using Language/Compiler: x86:LE:32:default:gcc (ProgramLoader)  
INFO  Using Library Search Path: [., /bin, /lib, /lib64, /lib/x86_64-linux-gnu, /lib/aarch64-linux-gnu, /usr/bin, /usr/lib, /usr/X11R6/bin, /usr/X11R6/lib, /usr/java/packages/lib, /usr/lib/x86_64-linux-gnu/jni, /usr/lib/x86_64-linux-gnu, /usr/lib/jni] (ProgramLoader)  
ERROR EXTERNAL Data ELF Relocation with offset: at 00010fd9 (External Location = MeMemoryAPI+0x8) (ElfRelocationHandler)  
ERROR EXTERNAL Data ELF Relocation with offset: at 00011162 (External Location = MeMemoryAPI+0xc) (ElfRelocationHandler)  
ERROR EXTERNAL Data ELF Relocation with offset: at 00011172 (External Location = MeMemoryAPI+0x10) (ElfRelocationHandler)  
ERROR EXTERNAL Data ELF Relocation with offset: at 0001117d (External Location = MeMemoryAPI+0xc) (ElfRelocationHandler)  
ERROR EXTERNAL Data ELF Relocation with offset: at 00011188 (External Location = MeMemoryAPI+0xc) (ElfRelocationHandler)  
ERROR EXTERNAL Data ELF Relocation with offset: at 00011193 (External Location = MeMemoryAPI+0xc) (ElfRelocationHandler)  
ERROR EXTERNAL Data ELF Relocation with offset: at 000111a6 (External Location = MeMemoryAPI+0xc) (ElfRelocationHandler)  
ERROR EXTERNAL Data ELF Relocation with offset: at 000111b9 (External Location = MeMemoryAPI+0xc) (ElfRelocationHandler)  
ERROR EXTERNAL Data ELF Relocation with offset: at 000111c8 (External Location = MeMemoryAPI+0xc) (ElfRelocationHandler)  
ERROR EXTERNAL Data ELF Relocation with offset: at 000111d7 (External Location = MeMemoryAPI+0xc) (ElfRelocationHandler)  
ERROR EXTERNAL Data ELF Relocation with offset: at 000111e9 (External Location = MeMemoryAPI+0xc) (ElfRelocationHandler)  
ERROR EXTERNAL Data ELF Relocation with offset: at 000111fe (External Location = MeMemoryAPI+0xc) (ElfRelocationHandler)  
ERROR EXTERNAL Data ELF Relocation with offset: at 00011207 (External Location = MeMemoryAPI+0xc) (ElfRelocationHandler)  
INFO  Additional info:
Loading file:///home/ion/tools/karma-lab/allobj/McdBatch.o?MD5=414a76264ed1679b1d5591cb4cd6f215...
Skipping section [.bss] with invalid size 0x0
------------------------------------------------

 (ProgramLoader)  
INFO  IMPORTING: Loaded 0 additional files (HeadlessAnalyzer)  
INFO  REPORT: Execute script: ParseKarmaHeaders.java  (HeadlessAnalyzer)  
INFO  SCRIPT: /home/ion/tools/karma-lab/gscripts/ParseKarmaHeaders.java (HeadlessAnalyzer)  
INFO  ParseKarmaHeaders.java> KARMAOPT: KD_GHIDRA_OPTS not set, analyzer options untouched (GhidraScript)  
INFO  parse /home/ion/tools/karma-lab/kd_protos10.h (CParserUtils)  
INFO  ParseKarmaHeaders.java> KARMAHDR: parsed FunctionDefinitions=2700 (GhidraScript)  
INFO  ParseKarmaHeaders.java> KARMAHDR: signatures applied -- defined=16 imported=12 failed=0 (GhidraScript)  
INFO  ANALYZING all memory and code: file:///home/ion/tools/karma-lab/allobj/McdBatch.o?MD5=414a76264ed1679b1d5591cb4cd6f215 (HeadlessAnalyzer)  
WARN  Mismatched DWARF Attribute and Form: DW_AT_macro_info->DW_FORM_data4 (DWARFAbbreviation)  
INFO  Added 547 source map entries (DWARFImporter)  
INFO  DWARF ver[2], 1 compUnits, 1186 DIES, import - total elapsed: 40ms (DWARFImportSummary)  
INFO  DWARF data type import - elapsed: 22ms (DWARFImportSummary)  
INFO  DWARF func & symbol import - elapsed: 8ms (DWARFImportSummary)  
INFO  DWARF types imported: 203 (DWARFImportSummary)  
INFO  DWARF compile dirs: [/home/icculus/projects/UT2-Code/karma/Mcd/src/frame] (DWARFImportSummary)  
INFO  DWARF producers: [GNU C++ 3.2.3 20030422 (Gentoo Linux 1.4 3.2.3-r4, propolice)] (DWARFImportSummary)  
INFO  DWARF source languages: [DW_LANG_C_plus_plus] (DWARFImportSummary)  
INFO  DWARF compUnit: McdBatch.cpp (DWARFImportSummary)  
ERROR DWARF un-recoverable expressions: (DWARFImportSummary)  
ERROR   DW_OP_reg12 -> 1 (DWARFImportSummary)  
ERROR   DW_OP_reg11 -> 1 (DWARFImportSummary)  
ERROR   DW_OP_reg3 -> 9 (DWARFImportSummary)  
ERROR   DW_OP_reg1 -> 4 (DWARFImportSummary)  
ERROR   DW_OP_reg0 -> 3 (DWARFImportSummary)  
ERROR   DW_OP_reg2 -> 4 (DWARFImportSummary)  
ERROR   DW_OP_reg7 -> 9 (DWARFImportSummary)  
ERROR   DW_OP_reg16 -> 1 (DWARFImportSummary)  
ERROR   DW_OP_reg6 -> 11 (DWARFImportSummary)  
INFO  Applied data type archive: generic_clib (ApplyDataArchiveAnalyzer)  
INFO  -----------------------------------------------------
    ASCII Strings                              0.001 secs
    Apply Data Archives                        0.042 secs
    Call Convention ID                         1.378 secs
    Call-Fixup Installer                       0.001 secs
    Create Address Tables                      0.001 secs
    Create Function                            0.000 secs
    DWARF                                      0.043 secs
    Data Reference                             0.001 secs
    Decompiler Switch Analysis                 0.000 secs
    Demangler GNU                              0.003 secs
    Disassemble Entry Points                   0.021 secs
    ELF Scalar Operand References              0.007 secs
    Embedded Media                             0.000 secs
    External Entry References                  0.000 secs
    Function ID                                0.006 secs
    Function Start Pre Search                  0.001 secs
    Function Start Search                      0.003 secs
    Function Start Search After Code           0.000 secs
    Function Start Search After Data           0.001 secs
    GCC Exception Handlers                     0.005 secs
    Non-Returning Functions - Discovered       0.001 secs
    Non-Returning Functions - Known            0.001 secs
    Reference                                  0.001 secs
    Shared Return Calls                        0.001 secs
    Stack                                      0.034 secs
    Subroutine References                      0.001 secs
    X86 Function Callee Purge                  0.000 secs
    x86 Constant Reference Analyzer            0.017 secs
-----------------------------------------------------
     Total Time   1 secs
-----------------------------------------------------
 (AutoAnalysisManager)  
INFO  REPORT: Analysis succeeded for file: file:///home/ion/tools/karma-lab/allobj/McdBatch.o?MD5=414a76264ed1679b1d5591cb4cd6f215 (HeadlessAnalyzer)  
INFO  REPORT: Execute script: DumpDecomp.java  (HeadlessAnalyzer)  
INFO  SCRIPT: /home/ion/tools/karma-lab/gscripts/DumpDecomp.java (HeadlessAnalyzer)  
INFO  DumpDecomp.java> OVERRIDES applied: 0 (GhidraScript)  
INFO  DumpDecomp.java> VTABLE: McdBatch.o rows=24 applied=24 no-prototype=0 not-in-a-function=0 refused=0 (GhidraScript)  
INFO  DumpDecomp.java> KARMAHDR: calling conventions {__cdecl=8, unknown=15} (GhidraScript)  
INFO  DumpDecomp.java> KARMAHDR: __regparm -> __cdecl on 15 function(s), 0 refused (GhidraScript)  
INFO  DumpDecomp.java> DONE McdBatch.o (GhidraScript)  
INFO  ANALYZING changes made by post scripts: file:///home/ion/tools/karma-lab/allobj/McdBatch.o?MD5=414a76264ed1679b1d5591cb4cd6f215 (HeadlessAnalyzer)  
INFO  REPORT: Post-analysis succeeded for file: file:///home/ion/tools/karma-lab/allobj/McdBatch.o?MD5=414a76264ed1679b1d5591cb4cd6f215 (HeadlessAnalyzer)  
INFO  /allobj/McdBatch.o: file created (ion) (LocalFileSystem)  
INFO  REPORT: Save succeeded for: /allobj/McdBatch.o (Proj:/allobj/McdBatch.o) (HeadlessAnalyzer)  
INFO  REPORT: Import succeeded (HeadlessAnalyzer)  
INFO  IMPORTING: file:///home/ion/tools/karma-lab/allobj/MeHeap.o?MD5=8d64467695fd1ebe78ab9a2749c94420 (HeadlessAnalyzer)  
INFO  Using Loader: Executable and Linking Format (ELF) (ProgramLoader)  
INFO  Using Language/Compiler: x86:LE:32:default:gcc (ProgramLoader)  
INFO  Using Library Search Path: [., /bin, /lib, /lib64, /lib/x86_64-linux-gnu, /lib/aarch64-linux-gnu, /usr/bin, /usr/lib, /usr/X11R6/bin, /usr/X11R6/lib, /usr/java/packages/lib, /usr/lib/x86_64-linux-gnu/jni, /usr/lib/x86_64-linux-gnu, /usr/lib/jni] (ProgramLoader)  
ERROR EXTERNAL Data ELF Relocation with offset: at 000101e2 (External Location = MeMemoryAPI+0xc) (ElfRelocationHandler)  
ERROR EXTERNAL Data ELF Relocation with offset: at 000101eb (External Location = MeMemoryAPI+0xc) (ElfRelocationHandler)  
INFO  Additional info:
Loading file:///home/ion/tools/karma-lab/allobj/MeHeap.o?MD5=8d64467695fd1ebe78ab9a2749c94420...
Skipping section [.data] with invalid size 0x0
Skipping section [.bss] with invalid size 0x0
------------------------------------------------

 (ProgramLoader)  
INFO  IMPORTING: Loaded 0 additional files (HeadlessAnalyzer)  
INFO  REPORT: Execute script: ParseKarmaHeaders.java  (HeadlessAnalyzer)  
INFO  SCRIPT: /home/ion/tools/karma-lab/gscripts/ParseKarmaHeaders.java (HeadlessAnalyzer)  
INFO  ParseKarmaHeaders.java> KARMAOPT: KD_GHIDRA_OPTS not set, analyzer options untouched (GhidraScript)  
INFO  parse /home/ion/tools/karma-lab/kd_protos10.h (CParserUtils)  
INFO  ParseKarmaHeaders.java> KARMAHDR: parsed FunctionDefinitions=2700 (GhidraScript)  
INFO  ParseKarmaHeaders.java> KARMAHDR: signatures applied -- defined=5 imported=0 failed=0 (GhidraScript)  
INFO  ANALYZING all memory and code: file:///home/ion/tools/karma-lab/allobj/MeHeap.o?MD5=8d64467695fd1ebe78ab9a2749c94420 (HeadlessAnalyzer)  
WARN  Mismatched DWARF Attribute and Form: DW_AT_macro_info->DW_FORM_data4 (DWARFAbbreviation)  
INFO  Added 70 source map entries (DWARFImporter)  
INFO  DWARF ver[2], 1 compUnits, 122 DIES, import - total elapsed: 6ms (DWARFImportSummary)  
INFO  DWARF data type import - elapsed: 2ms (DWARFImportSummary)  
INFO  DWARF func & symbol import - elapsed: 3ms (DWARFImportSummary)  
INFO  DWARF types imported: 26 (DWARFImportSummary)  
INFO  DWARF compile dirs: [/home/icculus/projects/UT2-Code/karma/MeGlobals/src] (DWARFImportSummary)  
INFO  DWARF producers: [GNU C 3.2.3 20030422 (Gentoo Linux 1.4 3.2.3-r4, propolice)] (DWARFImportSummary)  
INFO  DWARF source languages: [DW_LANG_C89] (DWARFImportSummary)  
INFO  DWARF compUnit: MeHeap.c (DWARFImportSummary)  
ERROR DWARF un-recoverable expressions: (DWARFImportSummary)  
ERROR   DW_OP_reg3 -> 4 (DWARFImportSummary)  
ERROR   DW_OP_reg0 -> 4 (DWARFImportSummary)  
ERROR   DW_OP_reg1 -> 2 (DWARFImportSummary)  
ERROR   DW_OP_reg2 -> 2 (DWARFImportSummary)  
ERROR   DW_OP_reg7 -> 1 (DWARFImportSummary)  
ERROR   DW_OP_reg6 -> 3 (DWARFImportSummary)  
INFO  Applied data type archive: generic_clib (ApplyDataArchiveAnalyzer)  
INFO  -----------------------------------------------------
    ASCII Strings                              0.000 secs
    Apply Data Archives                        0.044 secs
    Call Convention ID                         1.381 secs
    Call-Fixup Installer                       0.000 secs
    Create Address Tables                      0.001 secs
    Create Function                            0.000 secs
    DWARF                                      0.007 secs
    Data Reference                             0.001 secs
    Decompiler Switch Analysis                 0.000 secs
    Demangler GNU                              0.001 secs
    Disassemble Entry Points                   0.004 secs
    ELF Scalar Operand References              0.002 secs
    Embedded Media                             0.000 secs
    External Entry References                  0.000 secs
    Function ID                                0.003 secs
    Function Start Pre Search                  0.001 secs
    Function Start Search                      0.002 secs
    Function Start Search After Code           0.000 secs
    Function Start Search After Data           0.000 secs
    GCC Exception Handlers                     0.001 secs
    Non-Returning Functions - Discovered       0.000 secs
    Non-Returning Functions - Known            0.000 secs
    Reference                                  0.000 secs
    Shared Return Calls                        0.000 secs
    Stack                                      0.004 secs
    Subroutine References                      0.001 secs
    X86 Function Callee Purge                  0.000 secs
    x86 Constant Reference Analyzer            0.003 secs
-----------------------------------------------------
     Total Time   1 secs
-----------------------------------------------------
 (AutoAnalysisManager)  
INFO  REPORT: Analysis succeeded for file: file:///home/ion/tools/karma-lab/allobj/MeHeap.o?MD5=8d64467695fd1ebe78ab9a2749c94420 (HeadlessAnalyzer)  
INFO  REPORT: Execute script: DumpDecomp.java  (HeadlessAnalyzer)  
INFO  SCRIPT: /home/ion/tools/karma-lab/gscripts/DumpDecomp.java (HeadlessAnalyzer)  
INFO  DumpDecomp.java> OVERRIDES applied: 0 (GhidraScript)  
INFO  DumpDecomp.java> VTABLE: MeHeap.o rows=4 applied=4 no-prototype=0 not-in-a-function=0 refused=0 (GhidraScript)  
INFO  DumpDecomp.java> KARMAHDR: calling conventions {__cdecl=6} (GhidraScript)  
INFO  DumpDecomp.java> KARMAHDR: __regparm -> __cdecl on 0 function(s), 0 refused (GhidraScript)  
INFO  DumpDecomp.java> DONE MeHeap.o (GhidraScript)  
INFO  ANALYZING changes made by post scripts: file:///home/ion/tools/karma-lab/allobj/MeHeap.o?MD5=8d64467695fd1ebe78ab9a2749c94420 (HeadlessAnalyzer)  
INFO  REPORT: Post-analysis succeeded for file: file:///home/ion/tools/karma-lab/allobj/MeHeap.o?MD5=8d64467695fd1ebe78ab9a2749c94420 (HeadlessAnalyzer)  
INFO  /allobj/MeHeap.o: file created (ion) (LocalFileSystem)  
INFO  REPORT: Save succeeded for: /allobj/MeHeap.o (Proj:/allobj/MeHeap.o) (HeadlessAnalyzer)  
INFO  REPORT: Import succeeded (HeadlessAnalyzer)  
INFO  IMPORTING: file:///home/ion/tools/karma-lab/allobj/IxBoxSphere.o?MD5=72a481076abb2143d562e6fb2ea27853 (HeadlessAnalyzer)  
INFO  Using Loader: Executable and Linking Format (ELF) (ProgramLoader)  
INFO  Using Language/Compiler: x86:LE:32:default:gcc (ProgramLoader)  
INFO  Using Library Search Path: [., /bin, /lib, /lib64, /lib/x86_64-linux-gnu, /lib/aarch64-linux-gnu, /usr/bin, /usr/lib, /usr/X11R6/bin, /usr/X11R6/lib, /usr/java/packages/lib, /usr/lib/x86_64-linux-gnu/jni, /usr/lib/x86_64-linux-gnu, /usr/lib/jni] (ProgramLoader)  
INFO  Additional info:
Loading file:///home/ion/tools/karma-lab/allobj/IxBoxSphere.o?MD5=72a481076abb2143d562e6fb2ea27853...
Skipping section [.data] with invalid size 0x0
Skipping section [.bss] with invalid size 0x0
------------------------------------------------

 (ProgramLoader)  
INFO  IMPORTING: Loaded 0 additional files (HeadlessAnalyzer)  
INFO  REPORT: Execute script: ParseKarmaHeaders.java  (HeadlessAnalyzer)  
INFO  SCRIPT: /home/ion/tools/karma-lab/gscripts/ParseKarmaHeaders.java (HeadlessAnalyzer)  
INFO  ParseKarmaHeaders.java> KARMAOPT: KD_GHIDRA_OPTS not set, analyzer options untouched (GhidraScript)  
INFO  parse /home/ion/tools/karma-lab/kd_protos10.h (CParserUtils)  
INFO  ParseKarmaHeaders.java> KARMAHDR: parsed FunctionDefinitions=2700 (GhidraScript)  
INFO  ParseKarmaHeaders.java> KARMAHDR: signatures applied -- defined=10 imported=7 failed=0 (GhidraScript)  
INFO  ANALYZING all memory and code: file:///home/ion/tools/karma-lab/allobj/IxBoxSphere.o?MD5=72a481076abb2143d562e6fb2ea27853 (HeadlessAnalyzer)  
WARN  Mismatched DWARF Attribute and Form: DW_AT_macro_info->DW_FORM_data4 (DWARFAbbreviation)  
INFO  Added 217 source map entries (DWARFImporter)  
INFO  DWARF ver[2], 1 compUnits, 1803 DIES, import - total elapsed: 26ms (DWARFImportSummary)  
INFO  DWARF data type import - elapsed: 15ms (DWARFImportSummary)  
INFO  DWARF func & symbol import - elapsed: 4ms (DWARFImportSummary)  
INFO  DWARF types imported: 172 (DWARFImportSummary)  
INFO  DWARF compile dirs: [/home/icculus/projects/UT2-Code/karma/Mcd/src/primitives] (DWARFImportSummary)  
INFO  DWARF producers: [GNU C++ 3.2.3 20030422 (Gentoo Linux 1.4 3.2.3-r4, propolice)] (DWARFImportSummary)  
INFO  DWARF source languages: [DW_LANG_C_plus_plus] (DWARFImportSummary)  
INFO  DWARF compUnit: IxBoxSphere.cpp (DWARFImportSummary)  
ERROR DWARF un-recoverable expressions: (DWARFImportSummary)  
ERROR   DW_OP_reg12 -> 2 (DWARFImportSummary)  
ERROR   DW_OP_reg13 -> 1 (DWARFImportSummary)  
ERROR   DW_OP_reg11 -> 3 (DWARFImportSummary)  
ERROR   DW_OP_reg3 -> 4 (DWARFImportSummary)  
ERROR   DW_OP_reg1 -> 1 (DWARFImportSummary)  
ERROR   DW_OP_reg0 -> 2 (DWARFImportSummary)  
ERROR   DW_OP_reg2 -> 1 (DWARFImportSummary)  
ERROR   DW_OP_reg14 -> 1 (DWARFImportSummary)  
ERROR   DW_OP_reg7 -> 3 (DWARFImportSummary)  
ERROR   DW_OP_reg15 -> 2 (DWARFImportSummary)  
ERROR   DW_OP_reg16 -> 1 (DWARFImportSummary)  
ERROR   DW_OP_reg6 -> 3 (DWARFImportSummary)  
INFO  Applied data type archive: generic_clib (ApplyDataArchiveAnalyzer)  
INFO  REPORT: Analysis succeeded for file: file:///home/ion/tools/karma-lab/allobj/IxBoxSphere.o?MD5=72a481076abb2143d562e6fb2ea27853 (HeadlessAnalyzer)  
INFO  REPORT: Execute script: DumpDecomp.java  (HeadlessAnalyzer)  
INFO  SCRIPT: /home/ion/tools/karma-lab/gscripts/DumpDecomp.java (HeadlessAnalyzer)  
INFO  DumpDecomp.java> OVERRIDES applied: 0 (GhidraScript)  
INFO  DumpDecomp.java> VTABLE: IxBoxSphere.o rows=0 applied=0 no-prototype=0 not-in-a-function=0 refused=0 (GhidraScript)  
INFO  DumpDecomp.java> KARMAHDR: calling conventions {__cdecl=2, unknown=10} (GhidraScript)  
INFO  DumpDecomp.java> KARMAHDR: __regparm -> __cdecl on 10 function(s), 0 refused (GhidraScript)  
INFO  DumpDecomp.java> DONE IxBoxSphere.o (GhidraScript)  
INFO  ANALYZING changes made by post scripts: file:///home/ion/tools/karma-lab/allobj/IxBoxSphere.o?MD5=72a481076abb2143d562e6fb2ea27853 (HeadlessAnalyzer)  
INFO  REPORT: Post-analysis succeeded for file: file:///home/ion/tools/karma-lab/allobj/IxBoxSphere.o?MD5=72a481076abb2143d562e6fb2ea27853 (HeadlessAnalyzer)  
INFO  /allobj/IxBoxSphere.o: file created (ion) (LocalFileSystem)  
INFO  REPORT: Save succeeded for: /allobj/IxBoxSphere.o (Proj:/allobj/IxBoxSphere.o) (HeadlessAnalyzer)  
INFO  REPORT: Import succeeded (HeadlessAnalyzer)  
INFO  IMPORTING: file:///home/ion/tools/karma-lab/allobj/McdConvexMesh.o?MD5=7e94da67425ee26562c53cd96dac6bc9 (HeadlessAnalyzer)  
INFO  Using Loader: Executable and Linking Format (ELF) (ProgramLoader)  
INFO  Using Language/Compiler: x86:LE:32:default:gcc (ProgramLoader)  
INFO  Using Library Search Path: [., /bin, /lib, /lib64, /lib/x86_64-linux-gnu, /lib/aarch64-linux-gnu, /usr/bin, /usr/lib, /usr/X11R6/bin, /usr/X11R6/lib, /usr/java/packages/lib, /usr/lib/x86_64-linux-gnu/jni, /usr/lib/x86_64-linux-gnu, /usr/lib/jni] (ProgramLoader)  
ERROR EXTERNAL Data ELF Relocation with offset: at 000105e0 (External Location = MeMemoryAPI+0x8) (ElfRelocationHandler)  
ERROR EXTERNAL Data ELF Relocation with offset: at 00010688 (External Location = MeMemoryAPI+0x8) (ElfRelocationHandler)  
INFO  Additional info:
Loading file:///home/ion/tools/karma-lab/allobj/McdConvexMesh.o?MD5=7e94da67425ee26562c53cd96dac6bc9...
Skipping section [.data] with invalid size 0x0
Skipping section [.bss] with invalid size 0x0
------------------------------------------------

 (ProgramLoader)  
INFO  IMPORTING: Loaded 0 additional files (HeadlessAnalyzer)  
INFO  REPORT: Execute script: ParseKarmaHeaders.java  (HeadlessAnalyzer)  
INFO  SCRIPT: /home/ion/tools/karma-lab/gscripts/ParseKarmaHeaders.java (HeadlessAnalyzer)  
INFO  ParseKarmaHeaders.java> KARMAOPT: KD_GHIDRA_OPTS not set, analyzer options untouched (GhidraScript)  
INFO  parse /home/ion/tools/karma-lab/kd_protos10.h (CParserUtils)  
INFO  ParseKarmaHeaders.java> KARMAHDR: parsed FunctionDefinitions=2700 (GhidraScript)  
INFO  ParseKarmaHeaders.java> KARMAHDR: signatures applied -- defined=31 imported=13 failed=0 (GhidraScript)  
INFO  ANALYZING all memory and code: file:///home/ion/tools/karma-lab/allobj/McdConvexMesh.o?MD5=7e94da67425ee26562c53cd96dac6bc9 (HeadlessAnalyzer)  
WARN  Mismatched DWARF Attribute and Form: DW_AT_macro_info->DW_FORM_data4 (DWARFAbbreviation)  
INFO  Added 461 source map entries (DWARFImporter)  
INFO  DWARF ver[2], 1 compUnits, 1134 DIES, import - total elapsed: 35ms (DWARFImportSummary)  
INFO  DWARF data type import - elapsed: 16ms (DWARFImportSummary)  
INFO  DWARF func & symbol import - elapsed: 9ms (DWARFImportSummary)  
INFO  DWARF types imported: 186 (DWARFImportSummary)  
INFO  DWARF compile dirs: [/home/icculus/projects/UT2-Code/karma/Mcd/src/convex] (DWARFImportSummary)  
INFO  DWARF producers: [GNU C++ 3.2.3 20030422 (Gentoo Linux 1.4 3.2.3-r4, propolice)] (DWARFImportSummary)  
INFO  DWARF source languages: [DW_LANG_C_plus_plus] (DWARFImportSummary)  
INFO  DWARF compUnit: McdConvexMesh.cpp (DWARFImportSummary)  
ERROR DWARF un-recoverable expressions: (DWARFImportSummary)  
ERROR   DW_OP_reg11 -> 1 (DWARFImportSummary)  
ERROR   DW_OP_reg3 -> 5 (DWARFImportSummary)  
ERROR   DW_OP_reg1 -> 3 (DWARFImportSummary)  
ERROR   DW_OP_reg0 -> 6 (DWARFImportSummary)  
ERROR   DW_OP_reg2 -> 2 (DWARFImportSummary)  
ERROR   DW_OP_reg18 -> 1 (DWARFImportSummary)  
ERROR   DW_OP_reg7 -> 2 (DWARFImportSummary)  
ERROR   DW_OP_reg17 -> 1 (DWARFImportSummary)  
ERROR   DW_OP_reg6 -> 4 (DWARFImportSummary)  
INFO  Applied data type archive: generic_clib (ApplyDataArchiveAnalyzer)  
INFO  -----------------------------------------------------
    ASCII Strings                              0.000 secs
    Apply Data Archives                        0.042 secs
    Call Convention ID                         1.804 secs
    Call-Fixup Installer                       0.000 secs
    Create Address Tables                      0.001 secs
    Create Function                            0.000 secs
    DWARF                                      0.038 secs
    Data Reference                             0.001 secs
    Decompiler Switch Analysis                 0.000 secs
    Demangler GNU                              0.004 secs
    Disassemble Entry Points                   0.014 secs
    ELF Scalar Operand References              0.007 secs
    Embedded Media                             0.001 secs
    External Entry References                  0.000 secs
    Function ID                                0.005 secs
    Function Start Pre Search                  0.001 secs
    Function Start Search                      0.003 secs
    Function Start Search After Code           0.000 secs
    Function Start Search After Data           0.001 secs
    GCC Exception Handlers                     0.007 secs
    Non-Returning Functions - Discovered       0.001 secs
    Non-Returning Functions - Known            0.000 secs
    Reference                                  0.001 secs
    Shared Return Calls                        0.001 secs
    Stack                                      0.023 secs
    Subroutine References                      0.001 secs
    X86 Function Callee Purge                  0.000 secs
    x86 Constant Reference Analyzer            0.012 secs
-----------------------------------------------------
     Total Time   1 secs
-----------------------------------------------------
 (AutoAnalysisManager)  
INFO  REPORT: Analysis succeeded for file: file:///home/ion/tools/karma-lab/allobj/McdConvexMesh.o?MD5=7e94da67425ee26562c53cd96dac6bc9 (HeadlessAnalyzer)  
INFO  REPORT: Execute script: DumpDecomp.java  (HeadlessAnalyzer)  
INFO  SCRIPT: /home/ion/tools/karma-lab/gscripts/DumpDecomp.java (HeadlessAnalyzer)  
INFO  DumpDecomp.java> OVERRIDES applied: 0 (GhidraScript)  
INFO  DumpDecomp.java> VTABLE: McdConvexMesh.o rows=2 applied=2 no-prototype=0 not-in-a-function=0 refused=0 (GhidraScript)  
INFO  DumpDecomp.java> KARMAHDR: calling conventions {__cdecl=8, __regparm1=1, unknown=24} (GhidraScript)  
INFO  DumpDecomp.java> KARMAHDR: __regparm -> __cdecl on 25 function(s), 0 refused (GhidraScript)  
INFO  DumpDecomp.java> DONE McdConvexMesh.o (GhidraScript)  
INFO  ANALYZING changes made by post scripts: file:///home/ion/tools/karma-lab/allobj/McdConvexMesh.o?MD5=7e94da67425ee26562c53cd96dac6bc9 (HeadlessAnalyzer)  
INFO  REPORT: Post-analysis succeeded for file: file:///home/ion/tools/karma-lab/allobj/McdConvexMesh.o?MD5=7e94da67425ee26562c53cd96dac6bc9 (HeadlessAnalyzer)  
INFO  /allobj/McdConvexMesh.o: file created (ion) (LocalFileSystem)  
INFO  REPORT: Save succeeded for: /allobj/McdConvexMesh.o (Proj:/allobj/McdConvexMesh.o) (HeadlessAnalyzer)  
INFO  REPORT: Import succeeded (HeadlessAnalyzer)  
INFO  IMPORTING: file:///home/ion/tools/karma-lab/allobj/IxCylinderSphere.o?MD5=5a159ad7bbba2168f2fc0f6ed35dc3d2 (HeadlessAnalyzer)  
INFO  Using Loader: Executable and Linking Format (ELF) (ProgramLoader)  
INFO  Using Language/Compiler: x86:LE:32:default:gcc (ProgramLoader)  
INFO  Using Library Search Path: [., /bin, /lib, /lib64, /lib/x86_64-linux-gnu, /lib/aarch64-linux-gnu, /usr/bin, /usr/lib, /usr/X11R6/bin, /usr/X11R6/lib, /usr/java/packages/lib, /usr/lib/x86_64-linux-gnu/jni, /usr/lib/x86_64-linux-gnu, /usr/lib/jni] (ProgramLoader)  
INFO  Additional info:
Loading file:///home/ion/tools/karma-lab/allobj/IxCylinderSphere.o?MD5=5a159ad7bbba2168f2fc0f6ed35dc3d2...
Skipping section [.data] with invalid size 0x0
Skipping section [.bss] with invalid size 0x0
------------------------------------------------

 (ProgramLoader)  
INFO  IMPORTING: Loaded 0 additional files (HeadlessAnalyzer)  
INFO  REPORT: Execute script: ParseKarmaHeaders.java  (HeadlessAnalyzer)  
INFO  SCRIPT: /home/ion/tools/karma-lab/gscripts/ParseKarmaHeaders.java (HeadlessAnalyzer)  
INFO  ParseKarmaHeaders.java> KARMAOPT: KD_GHIDRA_OPTS not set, analyzer options untouched (GhidraScript)  
INFO  parse /home/ion/tools/karma-lab/kd_protos10.h (CParserUtils)  
INFO  ParseKarmaHeaders.java> KARMAHDR: parsed FunctionDefinitions=2700 (GhidraScript)  
INFO  ParseKarmaHeaders.java> KARMAHDR: signatures applied -- defined=11 imported=8 failed=0 (GhidraScript)  
INFO  ANALYZING all memory and code: file:///home/ion/tools/karma-lab/allobj/IxCylinderSphere.o?MD5=5a159ad7bbba2168f2fc0f6ed35dc3d2 (HeadlessAnalyzer)  
WARN  Mismatched DWARF Attribute and Form: DW_AT_macro_info->DW_FORM_data4 (DWARFAbbreviation)  
INFO  Added 192 source map entries (DWARFImporter)  
INFO  DWARF ver[2], 1 compUnits, 1839 DIES, import - total elapsed: 25ms (DWARFImportSummary)  
INFO  DWARF data type import - elapsed: 14ms (DWARFImportSummary)  
INFO  DWARF func & symbol import - elapsed: 5ms (DWARFImportSummary)  
INFO  DWARF types imported: 174 (DWARFImportSummary)  
INFO  DWARF compile dirs: [/home/icculus/projects/UT2-Code/karma/Mcd/src/primitives] (DWARFImportSummary)  
INFO  DWARF producers: [GNU C++ 3.2.3 20030422 (Gentoo Linux 1.4 3.2.3-r4, propolice)] (DWARFImportSummary)  
INFO  DWARF source languages: [DW_LANG_C_plus_plus] (DWARFImportSummary)  
INFO  DWARF compUnit: IxCylinderSphere.cpp (DWARFImportSummary)  
ERROR DWARF un-recoverable expressions: (DWARFImportSummary)  
ERROR   DW_OP_reg12 -> 1 (DWARFImportSummary)  
ERROR   DW_OP_reg13 -> 2 (DWARFImportSummary)  
ERROR   DW_OP_reg3 -> 3 (DWARFImportSummary)  
ERROR   DW_OP_reg11 -> 5 (DWARFImportSummary)  
ERROR   DW_OP_reg1 -> 1 (DWARFImportSummary)  
ERROR   DW_OP_reg0 -> 2 (DWARFImportSummary)  
ERROR   DW_OP_reg2 -> 2 (DWARFImportSummary)  
ERROR   DW_OP_reg18 -> 1 (DWARFImportSummary)  
ERROR   DW_OP_reg14 -> 1 (DWARFImportSummary)  
ERROR   DW_OP_reg7 -> 3 (DWARFImportSummary)  
ERROR   DW_OP_reg6 -> 4 (DWARFImportSummary)  
INFO  Applied data type archive: generic_clib (ApplyDataArchiveAnalyzer)  
INFO  REPORT: Analysis succeeded for file: file:///home/ion/tools/karma-lab/allobj/IxCylinderSphere.o?MD5=5a159ad7bbba2168f2fc0f6ed35dc3d2 (HeadlessAnalyzer)  
INFO  REPORT: Execute script: DumpDecomp.java  (HeadlessAnalyzer)  
INFO  SCRIPT: /home/ion/tools/karma-lab/gscripts/DumpDecomp.java (HeadlessAnalyzer)  
INFO  DumpDecomp.java> OVERRIDES applied: 0 (GhidraScript)  
INFO  DumpDecomp.java> VTABLE: IxCylinderSphere.o rows=0 applied=0 no-prototype=0 not-in-a-function=0 refused=0 (GhidraScript)  
INFO  DumpDecomp.java> KARMAHDR: calling conventions {__cdecl=2, unknown=11} (GhidraScript)  
INFO  DumpDecomp.java> KARMAHDR: __regparm -> __cdecl on 11 function(s), 0 refused (GhidraScript)  
INFO  DumpDecomp.java> DONE IxCylinderSphere.o (GhidraScript)  
INFO  ANALYZING changes made by post scripts: file:///home/ion/tools/karma-lab/allobj/IxCylinderSphere.o?MD5=5a159ad7bbba2168f2fc0f6ed35dc3d2 (HeadlessAnalyzer)  
INFO  REPORT: Post-analysis succeeded for file: file:///home/ion/tools/karma-lab/allobj/IxCylinderSphere.o?MD5=5a159ad7bbba2168f2fc0f6ed35dc3d2 (HeadlessAnalyzer)  
INFO  /allobj/IxCylinderSphere.o: file created (ion) (LocalFileSystem)  
INFO  REPORT: Save succeeded for: /allobj/IxCylinderSphere.o (Proj:/allobj/IxCylinderSphere.o) (HeadlessAnalyzer)  
INFO  REPORT: Import succeeded (HeadlessAnalyzer)  
INFO  IMPORTING: file:///home/ion/tools/karma-lab/allobj/keaCalcAcceleration_vanilla.o?MD5=bbdbe9436552479f625c01665a359797 (HeadlessAnalyzer)  
INFO  Using Loader: Executable and Linking Format (ELF) (ProgramLoader)  
INFO  Using Language/Compiler: x86:LE:32:default:gcc (ProgramLoader)  
INFO  Using Library Search Path: [., /bin, /lib, /lib64, /lib/x86_64-linux-gnu, /lib/aarch64-linux-gnu, /usr/bin, /usr/lib, /usr/X11R6/bin, /usr/X11R6/lib, /usr/java/packages/lib, /usr/lib/x86_64-linux-gnu/jni, /usr/lib/x86_64-linux-gnu, /usr/lib/jni] (ProgramLoader)  
INFO  Additional info:
Loading file:///home/ion/tools/karma-lab/allobj/keaCalcAcceleration_vanilla.o?MD5=bbdbe9436552479f625c01665a359797...
Skipping section [.data] with invalid size 0x0
Skipping section [.bss] with invalid size 0x0
------------------------------------------------

 (ProgramLoader)  
INFO  IMPORTING: Loaded 0 additional files (HeadlessAnalyzer)  
INFO  REPORT: Execute script: ParseKarmaHeaders.java  (HeadlessAnalyzer)  
INFO  SCRIPT: /home/ion/tools/karma-lab/gscripts/ParseKarmaHeaders.java (HeadlessAnalyzer)  
INFO  ParseKarmaHeaders.java> KARMAOPT: KD_GHIDRA_OPTS not set, analyzer options untouched (GhidraScript)  
INFO  parse /home/ion/tools/karma-lab/kd_protos10.h (CParserUtils)  
INFO  ParseKarmaHeaders.java> KARMAHDR: parsed FunctionDefinitions=2700 (GhidraScript)  
INFO  ParseKarmaHeaders.java> KARMAHDR: signatures applied -- defined=1 imported=0 failed=0 (GhidraScript)  
INFO  ANALYZING all memory and code: file:///home/ion/tools/karma-lab/allobj/keaCalcAcceleration_vanilla.o?MD5=bbdbe9436552479f625c01665a359797 (HeadlessAnalyzer)  
WARN  Mismatched DWARF Attribute and Form: DW_AT_macro_info->DW_FORM_data4 (DWARFAbbreviation)  
INFO  Added 14 source map entries (DWARFImporter)  
INFO  DWARF ver[2], 1 compUnits, 103 DIES, import - total elapsed: 4ms (DWARFImportSummary)  
INFO  DWARF data type import - elapsed: 2ms (DWARFImportSummary)  
INFO  DWARF func & symbol import - elapsed: 1ms (DWARFImportSummary)  
INFO  DWARF types imported: 19 (DWARFImportSummary)  
INFO  DWARF compile dirs: [/home/icculus/projects/UT2-Code/karma/MdtKea/src] (DWARFImportSummary)  
INFO  DWARF producers: [GNU C++ 3.2.3 20030422 (Gentoo Linux 1.4 3.2.3-r4, propolice)] (DWARFImportSummary)  
INFO  DWARF source languages: [DW_LANG_C_plus_plus] (DWARFImportSummary)  
INFO  DWARF compUnit: keaCalcAcceleration_vanilla.cpp (DWARFImportSummary)  
ERROR DWARF un-recoverable expressions: (DWARFImportSummary)  
ERROR   DW_OP_reg7 -> 1 (DWARFImportSummary)  
ERROR   DW_OP_reg6 -> 1 (DWARFImportSummary)  
INFO  Applied data type archive: generic_clib (ApplyDataArchiveAnalyzer)  
INFO  REPORT: Analysis succeeded for file: file:///home/ion/tools/karma-lab/allobj/keaCalcAcceleration_vanilla.o?MD5=bbdbe9436552479f625c01665a359797 (HeadlessAnalyzer)  
INFO  REPORT: Execute script: DumpDecomp.java  (HeadlessAnalyzer)  
INFO  SCRIPT: /home/ion/tools/karma-lab/gscripts/DumpDecomp.java (HeadlessAnalyzer)  
INFO  DumpDecomp.java> OVERRIDES applied: 0 (GhidraScript)  
INFO  DumpDecomp.java> VTABLE: keaCalcAcceleration_vanilla.o rows=0 applied=0 no-prototype=0 not-in-a-function=0 refused=0 (GhidraScript)  
INFO  DumpDecomp.java> KARMAHDR: calling conventions {__thiscall=1} (GhidraScript)  
INFO  DumpDecomp.java> KARMAHDR: __regparm -> __cdecl on 0 function(s), 0 refused (GhidraScript)  
INFO  DumpDecomp.java> DONE keaCalcAcceleration_vanilla.o (GhidraScript)  
INFO  ANALYZING changes made by post scripts: file:///home/ion/tools/karma-lab/allobj/keaCalcAcceleration_vanilla.o?MD5=bbdbe9436552479f625c01665a359797 (HeadlessAnalyzer)  
INFO  REPORT: Post-analysis succeeded for file: file:///home/ion/tools/karma-lab/allobj/keaCalcAcceleration_vanilla.o?MD5=bbdbe9436552479f625c01665a359797 (HeadlessAnalyzer)  
INFO  /allobj/keaCalcAcceleration_vanilla.o: file created (ion) (LocalFileSystem)  
INFO  REPORT: Save succeeded for: /allobj/keaCalcAcceleration_vanilla.o (Proj:/allobj/keaCalcAcceleration_vanilla.o) (HeadlessAnalyzer)  
INFO  REPORT: Import succeeded (HeadlessAnalyzer)  
INFO  IMPORTING: file:///home/ion/tools/karma-lab/allobj/ReadWriteKeaInputToFile.o?MD5=c62d68eacf68a3fd0e92fbeb475c06b4 (HeadlessAnalyzer)  
INFO  Using Loader: Executable and Linking Format (ELF) (ProgramLoader)  
INFO  Using Language/Compiler: x86:LE:32:default:gcc (ProgramLoader)  
INFO  Using Library Search Path: [., /bin, /lib, /lib64, /lib/x86_64-linux-gnu, /lib/aarch64-linux-gnu, /usr/bin, /usr/lib, /usr/X11R6/bin, /usr/X11R6/lib, /usr/java/packages/lib, /usr/lib/x86_64-linux-gnu/jni, /usr/lib/x86_64-linux-gnu, /usr/lib/jni] (ProgramLoader)  
INFO  Additional info:
Loading file:///home/ion/tools/karma-lab/allobj/ReadWriteKeaInputToFile.o?MD5=c62d68eacf68a3fd0e92fbeb475c06b4...
Skipping section [.data] with invalid size 0x0
Skipping section [.bss] with invalid size 0x0
------------------------------------------------

 (ProgramLoader)  
INFO  IMPORTING: Loaded 0 additional files (HeadlessAnalyzer)  
INFO  REPORT: Execute script: ParseKarmaHeaders.java  (HeadlessAnalyzer)  
INFO  SCRIPT: /home/ion/tools/karma-lab/gscripts/ParseKarmaHeaders.java (HeadlessAnalyzer)  
INFO  ParseKarmaHeaders.java> KARMAOPT: KD_GHIDRA_OPTS not set, analyzer options untouched (GhidraScript)  
INFO  parse /home/ion/tools/karma-lab/kd_protos10.h (CParserUtils)  
INFO  ParseKarmaHeaders.java> KARMAHDR: parsed FunctionDefinitions=2700 (GhidraScript)  
INFO  ParseKarmaHeaders.java> KARMAHDR: signatures applied -- defined=15 imported=7 failed=0 (GhidraScript)  
INFO  ANALYZING all memory and code: file:///home/ion/tools/karma-lab/allobj/ReadWriteKeaInputToFile.o?MD5=c62d68eacf68a3fd0e92fbeb475c06b4 (HeadlessAnalyzer)  
WARN  Mismatched DWARF Attribute and Form: DW_AT_macro_info->DW_FORM_data4 (DWARFAbbreviation)  
INFO  Added 2199 source map entries (DWARFImporter)  
INFO  DWARF ver[2], 1 compUnits, 1645 DIES, import - total elapsed: 29ms (DWARFImportSummary)  
INFO  DWARF data type import - elapsed: 5ms (DWARFImportSummary)  
INFO  DWARF func & symbol import - elapsed: 12ms (DWARFImportSummary)  
INFO  DWARF types imported: 72 (DWARFImportSummary)  
INFO  DWARF compile dirs: [/home/icculus/projects/UT2-Code/karma/MdtKea/src] (DWARFImportSummary)  
INFO  DWARF producers: [GNU C++ 3.2.3 20030422 (Gentoo Linux 1.4 3.2.3-r4, propolice)] (DWARFImportSummary)  
INFO  DWARF source languages: [DW_LANG_C_plus_plus] (DWARFImportSummary)  
INFO  DWARF compUnit: ReadWriteKeaInputToFile.cpp (DWARFImportSummary)  
ERROR DWARF un-recoverable expressions: (DWARFImportSummary)  
ERROR   DW_OP_reg3 -> 19 (DWARFImportSummary)  
ERROR   DW_OP_reg0 -> 51 (DWARFImportSummary)  
ERROR   DW_OP_reg7 -> 18 (DWARFImportSummary)  
ERROR   DW_OP_reg6 -> 5 (DWARFImportSummary)  
INFO  Applied data type archive: generic_clib (ApplyDataArchiveAnalyzer)  
INFO  -----------------------------------------------------
    ASCII Strings                              0.002 secs
    Apply Data Archives                        0.053 secs
    Call Convention ID                         2.485 secs
    Call-Fixup Installer                       0.000 secs
    Create Address Tables                      0.004 secs
    Create Function                            0.001 secs
    DWARF                                      0.033 secs
    Data Reference                             0.002 secs
    Decompiler Switch Analysis                 0.003 secs
    Demangler GNU                              0.004 secs
    Disassemble Entry Points                   0.070 secs
    ELF Scalar Operand References              0.042 secs
    Embedded Media                             0.001 secs
    External Entry References                  0.000 secs
    Function ID                                0.016 secs
    Function Start Pre Search                  0.001 secs
    Function Start Search                      0.003 secs
    Function Start Search After Code           0.001 secs
    Function Start Search After Data           0.000 secs
    GCC Exception Handlers                     0.006 secs
    Non-Returning Functions - Discovered       0.007 secs
    Non-Returning Functions - Known            0.000 secs
    Reference                                  0.004 secs
    Shared Return Calls                        0.002 secs
    Stack                                      0.128 secs
    Subroutine References                      0.002 secs
    X86 Function Callee Purge                  0.001 secs
    x86 Constant Reference Analyzer            0.081 secs
-----------------------------------------------------
     Total Time   2 secs
-----------------------------------------------------
 (AutoAnalysisManager)  
INFO  REPORT: Analysis succeeded for file: file:///home/ion/tools/karma-lab/allobj/ReadWriteKeaInputToFile.o?MD5=c62d68eacf68a3fd0e92fbeb475c06b4 (HeadlessAnalyzer)  
INFO  REPORT: Execute script: DumpDecomp.java  (HeadlessAnalyzer)  
INFO  SCRIPT: /home/ion/tools/karma-lab/gscripts/DumpDecomp.java (HeadlessAnalyzer)  
INFO  DumpDecomp.java> OVERRIDES applied: 0 (GhidraScript)  
INFO  DumpDecomp.java> VTABLE: ReadWriteKeaInputToFile.o rows=1 applied=1 no-prototype=0 not-in-a-function=0 refused=0 (GhidraScript)  
INFO  DumpDecomp.java> KARMAHDR: calling conventions {__cdecl=11, __thiscall=2, unknown=14} (GhidraScript)  
INFO  DumpDecomp.java> KARMAHDR: __regparm -> __cdecl on 14 function(s), 0 refused (GhidraScript)  
INFO  DumpDecomp.java> DONE ReadWriteKeaInputToFile.o (GhidraScript)  
INFO  ANALYZING changes made by post scripts: file:///home/ion/tools/karma-lab/allobj/ReadWriteKeaInputToFile.o?MD5=c62d68eacf68a3fd0e92fbeb475c06b4 (HeadlessAnalyzer)  
INFO  REPORT: Post-analysis succeeded for file: file:///home/ion/tools/karma-lab/allobj/ReadWriteKeaInputToFile.o?MD5=c62d68eacf68a3fd0e92fbeb475c06b4 (HeadlessAnalyzer)  
INFO  /allobj/ReadWriteKeaInputToFile.o: file created (ion) (LocalFileSystem)  
INFO  REPORT: Save succeeded for: /allobj/ReadWriteKeaInputToFile.o (Proj:/allobj/ReadWriteKeaInputToFile.o) (HeadlessAnalyzer)  
INFO  REPORT: Import succeeded (HeadlessAnalyzer)  
INFO  IMPORTING: file:///home/ion/tools/karma-lab/allobj/MeFModel.o?MD5=426e61575a68f8ff028f5729f264b88f (HeadlessAnalyzer)  
INFO  Using Loader: Executable and Linking Format (ELF) (ProgramLoader)  
INFO  Using Language/Compiler: x86:LE:32:default:gcc (ProgramLoader)  
INFO  Using Library Search Path: [., /bin, /lib, /lib64, /lib/x86_64-linux-gnu, /lib/aarch64-linux-gnu, /usr/bin, /usr/lib, /usr/X11R6/bin, /usr/X11R6/lib, /usr/java/packages/lib, /usr/lib/x86_64-linux-gnu/jni, /usr/lib/x86_64-linux-gnu, /usr/lib/jni] (ProgramLoader)  
ERROR EXTERNAL Data ELF Relocation with offset: at 0001008b (External Location = MeMemoryAPI+0x4) (ElfRelocationHandler)  
ERROR EXTERNAL Data ELF Relocation with offset: at 0001012f (External Location = MeMemoryAPI+0x4) (ElfRelocationHandler)  
ERROR EXTERNAL Data ELF Relocation with offset: at 0001029f (External Location = MeMemoryAPI+0xc) (ElfRelocationHandler)  
ERROR EXTERNAL Data ELF Relocation with offset: at 000102b3 (External Location = MeMemoryAPI+0xc) (ElfRelocationHandler)  
ERROR EXTERNAL Data ELF Relocation with offset: at 000102c6 (External Location = MeMemoryAPI+0xc) (ElfRelocationHandler)  
INFO  Additional info:
Loading file:///home/ion/tools/karma-lab/allobj/MeFModel.o?MD5=426e61575a68f8ff028f5729f264b88f...
Skipping section [.data] with invalid size 0x0
Skipping section [.bss] with invalid size 0x0
------------------------------------------------

 (ProgramLoader)  
INFO  IMPORTING: Loaded 0 additional files (HeadlessAnalyzer)  
INFO  REPORT: Execute script: ParseKarmaHeaders.java  (HeadlessAnalyzer)  
INFO  SCRIPT: /home/ion/tools/karma-lab/gscripts/ParseKarmaHeaders.java (HeadlessAnalyzer)  
INFO  ParseKarmaHeaders.java> KARMAOPT: KD_GHIDRA_OPTS not set, analyzer options untouched (GhidraScript)  
INFO  parse /home/ion/tools/karma-lab/kd_protos10.h (CParserUtils)  
INFO  ParseKarmaHeaders.java> KARMAHDR: parsed FunctionDefinitions=2700 (GhidraScript)  
INFO  ParseKarmaHeaders.java> KARMAHDR: signatures applied -- defined=34 imported=5 failed=0 (GhidraScript)  
INFO  ANALYZING all memory and code: file:///home/ion/tools/karma-lab/allobj/MeFModel.o?MD5=426e61575a68f8ff028f5729f264b88f (HeadlessAnalyzer)  
WARN  Mismatched DWARF Attribute and Form: DW_AT_macro_info->DW_FORM_data4 (DWARFAbbreviation)  
INFO  Added 295 source map entries (DWARFImporter)  
INFO  DWARF ver[2], 1 compUnits, 601 DIES, import - total elapsed: 20ms (DWARFImportSummary)  
INFO  DWARF data type import - elapsed: 8ms (DWARFImportSummary)  
INFO  DWARF func & symbol import - elapsed: 8ms (DWARFImportSummary)  
INFO  DWARF types imported: 96 (DWARFImportSummary)  
INFO  DWARF compile dirs: [/home/icculus/projects/UT2-Code/karma/MeAssetDB/src] (DWARFImportSummary)  
INFO  DWARF producers: [GNU C 3.2.3 20030422 (Gentoo Linux 1.4 3.2.3-r4, propolice)] (DWARFImportSummary)  
INFO  DWARF source languages: [DW_LANG_C89] (DWARFImportSummary)  
INFO  DWARF compUnit: MeFModel.c (DWARFImportSummary)  
ERROR DWARF un-recoverable expressions: (DWARFImportSummary)  
ERROR   DW_OP_reg12 -> 1 (DWARFImportSummary)  
ERROR   DW_OP_reg3 -> 5 (DWARFImportSummary)  
ERROR   DW_OP_reg1 -> 3 (DWARFImportSummary)  
ERROR   DW_OP_reg0 -> 23 (DWARFImportSummary)  
ERROR   DW_OP_reg2 -> 14 (DWARFImportSummary)  
ERROR   DW_OP_reg6 -> 3 (DWARFImportSummary)  
INFO  Applied data type archive: generic_clib (ApplyDataArchiveAnalyzer)  
INFO  -----------------------------------------------------
    ASCII Strings                              0.000 secs
    Apply Data Archives                        0.043 secs
    Call Convention ID                         2.286 secs
    Call-Fixup Installer                       0.000 secs
    Create Address Tables                      0.000 secs
    Create Function                            0.000 secs
    DWARF                                      0.021 secs
    Data Reference                             0.000 secs
    Decompiler Switch Analysis                 0.000 secs
    Demangler GNU                              0.003 secs
    Disassemble Entry Points                   0.007 secs
    ELF Scalar Operand References              0.003 secs
    Embedded Media                             0.001 secs
    External Entry References                  0.000 secs
    Function ID                                0.004 secs
    Function Start Pre Search                  0.016 secs
    Function Start Search                      0.003 secs
    Function Start Search After Code           0.001 secs
    Function Start Search After Data           0.000 secs
    GCC Exception Handlers                     0.004 secs
    Non-Returning Functions - Discovered       0.000 secs
    Non-Returning Functions - Known            0.001 secs
    Reference                                  0.000 secs
    Shared Return Calls                        0.001 secs
    Stack                                      0.008 secs
    Subroutine References                      0.000 secs
    X86 Function Callee Purge                  0.000 secs
    x86 Constant Reference Analyzer            0.006 secs
-----------------------------------------------------
     Total Time   2 secs
-----------------------------------------------------
 (AutoAnalysisManager)  
INFO  REPORT: Analysis succeeded for file: file:///home/ion/tools/karma-lab/allobj/MeFModel.o?MD5=426e61575a68f8ff028f5729f264b88f (HeadlessAnalyzer)  
INFO  REPORT: Execute script: DumpDecomp.java  (HeadlessAnalyzer)  
INFO  SCRIPT: /home/ion/tools/karma-lab/gscripts/DumpDecomp.java (HeadlessAnalyzer)  
INFO  DumpDecomp.java> OVERRIDES applied: 0 (GhidraScript)  
INFO  DumpDecomp.java> VTABLE: MeFModel.o rows=5 applied=5 no-prototype=0 not-in-a-function=0 refused=0 (GhidraScript)  
INFO  DumpDecomp.java> KARMAHDR: calling conventions {__cdecl=28, unknown=7} (GhidraScript)  
INFO  DumpDecomp.java> KARMAHDR: __regparm -> __cdecl on 7 function(s), 0 refused (GhidraScript)  
INFO  DumpDecomp.java> DONE MeFModel.o (GhidraScript)  
INFO  ANALYZING changes made by post scripts: file:///home/ion/tools/karma-lab/allobj/MeFModel.o?MD5=426e61575a68f8ff028f5729f264b88f (HeadlessAnalyzer)  
INFO  REPORT: Post-analysis succeeded for file: file:///home/ion/tools/karma-lab/allobj/MeFModel.o?MD5=426e61575a68f8ff028f5729f264b88f (HeadlessAnalyzer)  
INFO  /allobj/MeFModel.o: file created (ion) (LocalFileSystem)  
INFO  REPORT: Save succeeded for: /allobj/MeFModel.o (Proj:/allobj/MeFModel.o) (HeadlessAnalyzer)  
INFO  REPORT: Import succeeded (HeadlessAnalyzer)  
INFO  IMPORTING: file:///home/ion/tools/karma-lab/allobj/MeMath.o?MD5=b3deacdfd90c59ffce7403d4c5b7627b (HeadlessAnalyzer)  
INFO  Using Loader: Executable and Linking Format (ELF) (ProgramLoader)  
INFO  Using Language/Compiler: x86:LE:32:default:gcc (ProgramLoader)  
INFO  Using Library Search Path: [., /bin, /lib, /lib64, /lib/x86_64-linux-gnu, /lib/aarch64-linux-gnu, /usr/bin, /usr/lib, /usr/X11R6/bin, /usr/X11R6/lib, /usr/java/packages/lib, /usr/lib/x86_64-linux-gnu/jni, /usr/lib/x86_64-linux-gnu, /usr/lib/jni] (ProgramLoader)  
INFO  Additional info:
Loading file:///home/ion/tools/karma-lab/allobj/MeMath.o?MD5=b3deacdfd90c59ffce7403d4c5b7627b...
Skipping section [.data] with invalid size 0x0
Skipping section [.bss] with invalid size 0x0
------------------------------------------------

 (ProgramLoader)  
INFO  IMPORTING: Loaded 0 additional files (HeadlessAnalyzer)  
INFO  REPORT: Execute script: ParseKarmaHeaders.java  (HeadlessAnalyzer)  
INFO  SCRIPT: /home/ion/tools/karma-lab/gscripts/ParseKarmaHeaders.java (HeadlessAnalyzer)  
INFO  ParseKarmaHeaders.java> KARMAOPT: KD_GHIDRA_OPTS not set, analyzer options untouched (GhidraScript)  
INFO  parse /home/ion/tools/karma-lab/kd_protos10.h (CParserUtils)  
INFO  ParseKarmaHeaders.java> KARMAHDR: parsed FunctionDefinitions=2700 (GhidraScript)  
INFO  ParseKarmaHeaders.java> KARMAHDR: signatures applied -- defined=27 imported=0 failed=0 (GhidraScript)  
INFO  ANALYZING all memory and code: file:///home/ion/tools/karma-lab/allobj/MeMath.o?MD5=b3deacdfd90c59ffce7403d4c5b7627b (HeadlessAnalyzer)  
WARN  Mismatched DWARF Attribute and Form: DW_AT_macro_info->DW_FORM_data4 (DWARFAbbreviation)  
INFO  Added 1103 source map entries (DWARFImporter)  
INFO  DWARF ver[2], 1 compUnits, 1382 DIES, import - total elapsed: 25ms (DWARFImportSummary)  
INFO  DWARF data type import - elapsed: 4ms (DWARFImportSummary)  
INFO  DWARF func & symbol import - elapsed: 14ms (DWARFImportSummary)  
INFO  DWARF types imported: 37 (DWARFImportSummary)  
INFO  DWARF compile dirs: [/home/icculus/projects/UT2-Code/karma/MeGlobals/src] (DWARFImportSummary)  
INFO  DWARF producers: [GNU C 3.2.3 20030422 (Gentoo Linux 1.4 3.2.3-r4, propolice)] (DWARFImportSummary)  
INFO  DWARF source languages: [DW_LANG_C89] (DWARFImportSummary)  
INFO  DWARF compUnit: MeMath.c (DWARFImportSummary)  
ERROR DWARF un-recoverable expressions: (DWARFImportSummary)  
ERROR   DW_OP_reg12 -> 12 (DWARFImportSummary)  
ERROR   DW_OP_reg11 -> 9 (DWARFImportSummary)  
ERROR   DW_OP_reg1 -> 8 (DWARFImportSummary)  
ERROR   DW_OP_reg2 -> 15 (DWARFImportSummary)  
ERROR   DW_OP_reg14 -> 7 (DWARFImportSummary)  
ERROR   DW_OP_reg7 -> 6 (DWARFImportSummary)  
ERROR   DW_OP_reg15 -> 3 (DWARFImportSummary)  
ERROR   DW_OP_reg3 -> 6 (DWARFImportSummary)  
ERROR   DW_OP_reg13 -> 9 (DWARFImportSummary)  
ERROR   DW_OP_reg0 -> 16 (DWARFImportSummary)  
ERROR   DW_OP_reg18 -> 4 (DWARFImportSummary)  
ERROR   DW_OP_reg16 -> 4 (DWARFImportSummary)  
ERROR   DW_OP_reg17 -> 4 (DWARFImportSummary)  
ERROR   DW_OP_reg6 -> 6 (DWARFImportSummary)  
INFO  Applied data type archive: generic_clib (ApplyDataArchiveAnalyzer)  
INFO  -----------------------------------------------------
    ASCII Strings                              0.000 secs
    Apply Data Archives                        0.047 secs
    Call Convention ID                         2.321 secs
    Call-Fixup Installer                       0.000 secs
    Create Address Tables                      0.002 secs
    Create Function                            0.001 secs
    DWARF                                      0.030 secs
    Data Reference                             0.001 secs
    Decompiler Switch Analysis                 0.001 secs
    Demangler GNU                              0.004 secs
    Disassemble Entry Points                   0.029 secs
    ELF Scalar Operand References              0.015 secs
    Embedded Media                             0.001 secs
    External Entry References                  0.000 secs
    Function ID                                0.009 secs
    Function Start Pre Search                  0.002 secs
    Function Start Search                      0.003 secs
    Function Start Search After Code           0.001 secs
    Function Start Search After Data           0.000 secs
    GCC Exception Handlers                     0.005 secs
    Non-Returning Functions - Discovered       0.001 secs
    Non-Returning Functions - Known            0.000 secs
    Reference                                  0.001 secs
    Shared Return Calls                        0.001 secs
    Stack                                      0.076 secs
    Subroutine References                      0.000 secs
    X86 Function Callee Purge                  0.000 secs
    x86 Constant Reference Analyzer            0.052 secs
-----------------------------------------------------
     Total Time   2 secs
-----------------------------------------------------
 (AutoAnalysisManager)  
INFO  REPORT: Analysis succeeded for file: file:///home/ion/tools/karma-lab/allobj/MeMath.o?MD5=b3deacdfd90c59ffce7403d4c5b7627b (HeadlessAnalyzer)  
INFO  REPORT: Execute script: DumpDecomp.java  (HeadlessAnalyzer)  
INFO  SCRIPT: /home/ion/tools/karma-lab/gscripts/DumpDecomp.java (HeadlessAnalyzer)  
INFO  DumpDecomp.java> OVERRIDES applied: 0 (GhidraScript)  
INFO  DumpDecomp.java> VTABLE: MeMath.o rows=0 applied=0 no-prototype=0 not-in-a-function=0 refused=0 (GhidraScript)  
INFO  DumpDecomp.java> KARMAHDR: calling conventions {__cdecl=26, unknown=5} (GhidraScript)  
INFO  DumpDecomp.java> KARMAHDR: __regparm -> __cdecl on 5 function(s), 0 refused (GhidraScript)  
INFO  DumpDecomp.java> DONE MeMath.o (GhidraScript)  
INFO  ANALYZING changes made by post scripts: file:///home/ion/tools/karma-lab/allobj/MeMath.o?MD5=b3deacdfd90c59ffce7403d4c5b7627b (HeadlessAnalyzer)  
INFO  REPORT: Post-analysis succeeded for file: file:///home/ion/tools/karma-lab/allobj/MeMath.o?MD5=b3deacdfd90c59ffce7403d4c5b7627b (HeadlessAnalyzer)  
INFO  /allobj/MeMath.o: file created (ion) (LocalFileSystem)  
INFO  REPORT: Save succeeded for: /allobj/MeMath.o (Proj:/allobj/MeMath.o) (HeadlessAnalyzer)  
INFO  REPORT: Import succeeded (HeadlessAnalyzer)  
INFO  IMPORTING: file:///home/ion/tools/karma-lab/allobj/McdModelPairContainer.o?MD5=502860aeb6221f4c6c239c764e582b6e (HeadlessAnalyzer)  
INFO  Using Loader: Executable and Linking Format (ELF) (ProgramLoader)  
INFO  Using Language/Compiler: x86:LE:32:default:gcc (ProgramLoader)  
INFO  Using Library Search Path: [., /bin, /lib, /lib64, /lib/x86_64-linux-gnu, /lib/aarch64-linux-gnu, /usr/bin, /usr/lib, /usr/X11R6/bin, /usr/X11R6/lib, /usr/java/packages/lib, /usr/lib/x86_64-linux-gnu/jni, /usr/lib/x86_64-linux-gnu, /usr/lib/jni] (ProgramLoader)  
ERROR EXTERNAL Data ELF Relocation with offset: at 000100bf (External Location = MeMemoryAPI+0xc) (ElfRelocationHandler)  
ERROR EXTERNAL Data ELF Relocation with offset: at 000100c8 (External Location = MeMemoryAPI+0xc) (ElfRelocationHandler)  
INFO  Additional info:
Loading file:///home/ion/tools/karma-lab/allobj/McdModelPairContainer.o?MD5=502860aeb6221f4c6c239c764e582b6e...
Skipping section [.data] with invalid size 0x0
Skipping section [.bss] with invalid size 0x0
------------------------------------------------

 (ProgramLoader)  
INFO  IMPORTING: Loaded 0 additional files (HeadlessAnalyzer)  
INFO  REPORT: Execute script: ParseKarmaHeaders.java  (HeadlessAnalyzer)  
INFO  SCRIPT: /home/ion/tools/karma-lab/gscripts/ParseKarmaHeaders.java (HeadlessAnalyzer)  
INFO  ParseKarmaHeaders.java> KARMAOPT: KD_GHIDRA_OPTS not set, analyzer options untouched (GhidraScript)  
INFO  parse /home/ion/tools/karma-lab/kd_protos10.h (CParserUtils)  
INFO  ParseKarmaHeaders.java> KARMAHDR: parsed FunctionDefinitions=2700 (GhidraScript)  
INFO  ParseKarmaHeaders.java> KARMAHDR: signatures applied -- defined=15 imported=0 failed=0 (GhidraScript)  
INFO  ANALYZING all memory and code: file:///home/ion/tools/karma-lab/allobj/McdModelPairContainer.o?MD5=502860aeb6221f4c6c239c764e582b6e (HeadlessAnalyzer)  
WARN  Mismatched DWARF Attribute and Form: DW_AT_macro_info->DW_FORM_data4 (DWARFAbbreviation)  
INFO  Added 102 source map entries (DWARFImporter)  
INFO  DWARF ver[2], 1 compUnits, 780 DIES, import - total elapsed: 24ms (DWARFImportSummary)  
INFO  DWARF data type import - elapsed: 14ms (DWARFImportSummary)  
INFO  DWARF func & symbol import - elapsed: 4ms (DWARFImportSummary)  
INFO  DWARF types imported: 183 (DWARFImportSummary)  
INFO  DWARF compile dirs: [/home/icculus/projects/UT2-Code/karma/Mcd/src/frame] (DWARFImportSummary)  
INFO  DWARF producers: [GNU C++ 3.2.3 20030422 (Gentoo Linux 1.4 3.2.3-r4, propolice)] (DWARFImportSummary)  
INFO  DWARF source languages: [DW_LANG_C_plus_plus] (DWARFImportSummary)  
INFO  DWARF compUnit: McdModelPairContainer.cpp (DWARFImportSummary)  
ERROR DWARF un-recoverable expressions: (DWARFImportSummary)  
ERROR   DW_OP_reg3 -> 4 (DWARFImportSummary)  
ERROR   DW_OP_reg1 -> 5 (DWARFImportSummary)  
ERROR   DW_OP_reg0 -> 9 (DWARFImportSummary)  
ERROR   DW_OP_reg2 -> 8 (DWARFImportSummary)  
ERROR   DW_OP_reg6 -> 1 (DWARFImportSummary)  
INFO  Applied data type archive: generic_clib (ApplyDataArchiveAnalyzer)  
INFO  -----------------------------------------------------
    ASCII Strings                              0.000 secs
    Apply Data Archives                        0.044 secs
    Call Convention ID                         2.270 secs
    Call-Fixup Installer                       0.000 secs
    Create Address Tables                      0.000 secs
    Create Function                            0.000 secs
    DWARF                                      0.025 secs
    Data Reference                             0.001 secs
    Decompiler Switch Analysis                 0.000 secs
    Demangler GNU                              0.003 secs
    Disassemble Entry Points                   0.003 secs
    ELF Scalar Operand References              0.001 secs
    Embedded Media                             0.001 secs
    External Entry References                  0.000 secs
    Function ID                                0.003 secs
    Function Start Pre Search                  0.001 secs
    Function Start Search                      0.002 secs
    Function Start Search After Code           0.000 secs
    Function Start Search After Data           0.000 secs
    GCC Exception Handlers                     0.003 secs
    Non-Returning Functions - Discovered       0.000 secs
    Non-Returning Functions - Known            0.001 secs
    Reference                                  0.000 secs
    Shared Return Calls                        0.001 secs
    Stack                                      0.005 secs
    Subroutine References                      0.000 secs
    X86 Function Callee Purge                  0.000 secs
    x86 Constant Reference Analyzer            0.003 secs
-----------------------------------------------------
     Total Time   2 secs
-----------------------------------------------------
 (AutoAnalysisManager)  
INFO  REPORT: Analysis succeeded for file: file:///home/ion/tools/karma-lab/allobj/McdModelPairContainer.o?MD5=502860aeb6221f4c6c239c764e582b6e (HeadlessAnalyzer)  
INFO  REPORT: Execute script: DumpDecomp.java  (HeadlessAnalyzer)  
INFO  SCRIPT: /home/ion/tools/karma-lab/gscripts/DumpDecomp.java (HeadlessAnalyzer)  
INFO  DumpDecomp.java> OVERRIDES applied: 0 (GhidraScript)  
INFO  DumpDecomp.java> VTABLE: McdModelPairContainer.o rows=4 applied=4 no-prototype=0 not-in-a-function=0 refused=0 (GhidraScript)  
INFO  DumpDecomp.java> KARMAHDR: calling conventions {__cdecl=15} (GhidraScript)  
INFO  DumpDecomp.java> KARMAHDR: __regparm -> __cdecl on 0 function(s), 0 refused (GhidraScript)  
INFO  DumpDecomp.java> DONE McdModelPairContainer.o (GhidraScript)  
INFO  ANALYZING changes made by post scripts: file:///home/ion/tools/karma-lab/allobj/McdModelPairContainer.o?MD5=502860aeb6221f4c6c239c764e582b6e (HeadlessAnalyzer)  
INFO  REPORT: Post-analysis succeeded for file: file:///home/ion/tools/karma-lab/allobj/McdModelPairContainer.o?MD5=502860aeb6221f4c6c239c764e582b6e (HeadlessAnalyzer)  
INFO  /allobj/McdModelPairContainer.o: file created (ion) (LocalFileSystem)  
INFO  REPORT: Save succeeded for: /allobj/McdModelPairContainer.o (Proj:/allobj/McdModelPairContainer.o) (HeadlessAnalyzer)  
INFO  REPORT: Import succeeded (HeadlessAnalyzer)  
INFO  IMPORTING: file:///home/ion/tools/karma-lab/allobj/MeSimpleFile_linux.o?MD5=1dae5e70d0773045755f2332a6318a7a (HeadlessAnalyzer)  
INFO  Using Loader: Executable and Linking Format (ELF) (ProgramLoader)  
INFO  Using Language/Compiler: x86:LE:32:default:gcc (ProgramLoader)  
INFO  Using Library Search Path: [., /bin, /lib, /lib64, /lib/x86_64-linux-gnu, /lib/aarch64-linux-gnu, /usr/bin, /usr/lib, /usr/X11R6/bin, /usr/X11R6/lib, /usr/java/packages/lib, /usr/lib/x86_64-linux-gnu/jni, /usr/lib/x86_64-linux-gnu, /usr/lib/jni] (ProgramLoader)  
INFO  Additional info:
Loading file:///home/ion/tools/karma-lab/allobj/MeSimpleFile_linux.o?MD5=1dae5e70d0773045755f2332a6318a7a...
Skipping section [.data] with invalid size 0x0
Skipping section [.bss] with invalid size 0x0
------------------------------------------------

 (ProgramLoader)  
INFO  IMPORTING: Loaded 0 additional files (HeadlessAnalyzer)  
INFO  REPORT: Execute script: ParseKarmaHeaders.java  (HeadlessAnalyzer)  
INFO  SCRIPT: /home/ion/tools/karma-lab/gscripts/ParseKarmaHeaders.java (HeadlessAnalyzer)  
INFO  ParseKarmaHeaders.java> KARMAOPT: KD_GHIDRA_OPTS not set, analyzer options untouched (GhidraScript)  
INFO  parse /home/ion/tools/karma-lab/kd_protos10.h (CParserUtils)  
INFO  ParseKarmaHeaders.java> KARMAHDR: parsed FunctionDefinitions=2700 (GhidraScript)  
INFO  ParseKarmaHeaders.java> KARMAHDR: signatures applied -- defined=6 imported=1 failed=0 (GhidraScript)  
INFO  ANALYZING all memory and code: file:///home/ion/tools/karma-lab/allobj/MeSimpleFile_linux.o?MD5=1dae5e70d0773045755f2332a6318a7a (HeadlessAnalyzer)  
WARN  Mismatched DWARF Attribute and Form: DW_AT_macro_info->DW_FORM_data4 (DWARFAbbreviation)  
INFO  Added 25 source map entries (DWARFImporter)  
INFO  DWARF ver[2], 1 compUnits, 115 DIES, import - total elapsed: 6ms (DWARFImportSummary)  
INFO  DWARF data type import - elapsed: 2ms (DWARFImportSummary)  
INFO  DWARF func & symbol import - elapsed: 3ms (DWARFImportSummary)  
INFO  DWARF types imported: 19 (DWARFImportSummary)  
INFO  DWARF compile dirs: [/home/icculus/projects/UT2-Code/karma/MeGlobals/src] (DWARFImportSummary)  
INFO  DWARF producers: [GNU C 3.2.3 20030422 (Gentoo Linux 1.4 3.2.3-r4, propolice)] (DWARFImportSummary)  
INFO  DWARF source languages: [DW_LANG_C89] (DWARFImportSummary)  
INFO  DWARF compUnit: MeSimpleFile_linux.c (DWARFImportSummary)  
ERROR DWARF un-recoverable expressions: (DWARFImportSummary)  
ERROR   DW_OP_reg3 -> 2 (DWARFImportSummary)  
ERROR   DW_OP_reg0 -> 7 (DWARFImportSummary)  
ERROR   DW_OP_reg7 -> 1 (DWARFImportSummary)  
ERROR   DW_OP_reg6 -> 2 (DWARFImportSummary)  
INFO  Applied data type archive: generic_clib (ApplyDataArchiveAnalyzer)  
INFO  -----------------------------------------------------
    ASCII Strings                              0.001 secs
    Apply Data Archives                        0.046 secs
    Call Convention ID                         0.911 secs
    Call-Fixup Installer                       0.000 secs
    Create Address Tables                      0.000 secs
    Create Function                            0.000 secs
    DWARF                                      0.007 secs
    Data Reference                             0.001 secs
    Decompiler Switch Analysis                 0.001 secs
    Demangler GNU                              0.001 secs
    Disassemble Entry Points                   0.002 secs
    ELF Scalar Operand References              0.000 secs
    Embedded Media                             0.001 secs
    External Entry References                  0.000 secs
    Function ID                                0.002 secs
    Function Start Pre Search                  0.002 secs
    Function Start Search                      0.002 secs
    Function Start Search After Code           0.000 secs
    Function Start Search After Data           0.001 secs
    GCC Exception Handlers                     0.001 secs
    Non-Returning Functions - Discovered       0.000 secs
    Non-Returning Functions - Known            0.001 secs
    Reference                                  0.017 secs
    Shared Return Calls                        0.000 secs
    Stack                                      0.002 secs
    Subroutine References                      0.000 secs
    X86 Function Callee Purge                  0.000 secs
    x86 Constant Reference Analyzer            0.003 secs
-----------------------------------------------------
     Total Time   1 secs
-----------------------------------------------------
 (AutoAnalysisManager)  
INFO  REPORT: Analysis succeeded for file: file:///home/ion/tools/karma-lab/allobj/MeSimpleFile_linux.o?MD5=1dae5e70d0773045755f2332a6318a7a (HeadlessAnalyzer)  
INFO  REPORT: Execute script: DumpDecomp.java  (HeadlessAnalyzer)  
INFO  SCRIPT: /home/ion/tools/karma-lab/gscripts/DumpDecomp.java (HeadlessAnalyzer)  
INFO  DumpDecomp.java> OVERRIDES applied: 0 (GhidraScript)  
INFO  DumpDecomp.java> VTABLE: MeSimpleFile_linux.o rows=0 applied=0 no-prototype=0 not-in-a-function=0 refused=0 (GhidraScript)  
INFO  DumpDecomp.java> KARMAHDR: calling conventions {__cdecl=3, __regparm2=1, unknown=7} (GhidraScript)  
INFO  DumpDecomp.java> KARMAHDR: __regparm -> __cdecl on 8 function(s), 0 refused (GhidraScript)  
INFO  DumpDecomp.java> DONE MeSimpleFile_linux.o (GhidraScript)  
INFO  ANALYZING changes made by post scripts: file:///home/ion/tools/karma-lab/allobj/MeSimpleFile_linux.o?MD5=1dae5e70d0773045755f2332a6318a7a (HeadlessAnalyzer)  
INFO  REPORT: Post-analysis succeeded for file: file:///home/ion/tools/karma-lab/allobj/MeSimpleFile_linux.o?MD5=1dae5e70d0773045755f2332a6318a7a (HeadlessAnalyzer)  
INFO  /allobj/MeSimpleFile_linux.o: file created (ion) (LocalFileSystem)  
INFO  REPORT: Save succeeded for: /allobj/MeSimpleFile_linux.o (Proj:/allobj/MeSimpleFile_linux.o) (HeadlessAnalyzer)  
INFO  REPORT: Import succeeded (HeadlessAnalyzer)  
INFO  IMPORTING: file:///home/ion/tools/karma-lab/allobj/keaCalcJinvMandRHS_vanilla.o?MD5=f137e0a500484c8f0687915df8025db5 (HeadlessAnalyzer)  
INFO  Using Loader: Executable and Linking Format (ELF) (ProgramLoader)  
INFO  Using Language/Compiler: x86:LE:32:default:gcc (ProgramLoader)  
INFO  Using Library Search Path: [., /bin, /lib, /lib64, /lib/x86_64-linux-gnu, /lib/aarch64-linux-gnu, /usr/bin, /usr/lib, /usr/X11R6/bin, /usr/X11R6/lib, /usr/java/packages/lib, /usr/lib/x86_64-linux-gnu/jni, /usr/lib/x86_64-linux-gnu, /usr/lib/jni] (ProgramLoader)  
WARN  EXTERNAL Data ELF Relocation with offset: at 00010440 (External Location = _ZTVN10__cxxabiv120__si_class_type_infoE+0x8) (ElfRelocationHandler)  
WARN  EXTERNAL Data ELF Relocation with offset: at 00010464 (External Location = _ZTVN10__cxxabiv117__class_type_infoE+0x8) (ElfRelocationHandler)  
INFO  Additional info:
Loading file:///home/ion/tools/karma-lab/allobj/keaCalcJinvMandRHS_vanilla.o?MD5=f137e0a500484c8f0687915df8025db5...
Skipping section [.data] with invalid size 0x0
Skipping section [.bss] with invalid size 0x0
------------------------------------------------

 (ProgramLoader)  
INFO  IMPORTING: Loaded 0 additional files (HeadlessAnalyzer)  
INFO  REPORT: Execute script: ParseKarmaHeaders.java  (HeadlessAnalyzer)  
INFO  SCRIPT: /home/ion/tools/karma-lab/gscripts/ParseKarmaHeaders.java (HeadlessAnalyzer)  
INFO  ParseKarmaHeaders.java> KARMAOPT: KD_GHIDRA_OPTS not set, analyzer options untouched (GhidraScript)  
INFO  parse /home/ion/tools/karma-lab/kd_protos10.h (CParserUtils)  
INFO  ParseKarmaHeaders.java> KARMAHDR: parsed FunctionDefinitions=2700 (GhidraScript)  
INFO  ParseKarmaHeaders.java> KARMAHDR: signatures applied -- defined=6 imported=5 failed=0 (GhidraScript)  
INFO  ANALYZING all memory and code: file:///home/ion/tools/karma-lab/allobj/keaCalcJinvMandRHS_vanilla.o?MD5=f137e0a500484c8f0687915df8025db5 (HeadlessAnalyzer)  
WARN  Mismatched DWARF Attribute and Form: DW_AT_macro_info->DW_FORM_data4 (DWARFAbbreviation)  
INFO  Added 166 source map entries (DWARFImporter)  
INFO  DWARF ver[2], 1 compUnits, 639 DIES, import - total elapsed: 13ms (DWARFImportSummary)  
INFO  DWARF data type import - elapsed: 6ms (DWARFImportSummary)  
INFO  DWARF func & symbol import - elapsed: 4ms (DWARFImportSummary)  
INFO  DWARF types imported: 74 (DWARFImportSummary)  
INFO  DWARF compile dirs: [/home/icculus/projects/UT2-Code/karma/MdtKea/src] (DWARFImportSummary)  
INFO  DWARF producers: [GNU C++ 3.2.3 20030422 (Gentoo Linux 1.4 3.2.3-r4, propolice)] (DWARFImportSummary)  
INFO  DWARF source languages: [DW_LANG_C_plus_plus] (DWARFImportSummary)  
INFO  DWARF compUnit: keaCalcJinvMandRHS_vanilla.cpp (DWARFImportSummary)  
ERROR DWARF un-recoverable expressions: (DWARFImportSummary)  
ERROR   DW_OP_reg12 -> 1 (DWARFImportSummary)  
ERROR   DW_OP_reg3 -> 3 (DWARFImportSummary)  
ERROR   DW_OP_reg1 -> 2 (DWARFImportSummary)  
ERROR   DW_OP_reg0 -> 1 (DWARFImportSummary)  
ERROR   DW_OP_reg2 -> 1 (DWARFImportSummary)  
ERROR   DW_OP_reg7 -> 1 (DWARFImportSummary)  
ERROR   DW_OP_reg6 -> 2 (DWARFImportSummary)  
INFO  Applied data type archive: generic_clib (ApplyDataArchiveAnalyzer)  
WARN  Unable to fully apply external demangled Address Table at 00011014: __cxxabiv1::__si_class_type_info::vtable (DemangledAddressTable)  
WARN  Unable to fully apply external demangled Address Table at 00011018: __cxxabiv1::__class_type_info::vtable (DemangledAddressTable)  
INFO  REPORT: Analysis succeeded for file: file:///home/ion/tools/karma-lab/allobj/keaCalcJinvMandRHS_vanilla.o?MD5=f137e0a500484c8f0687915df8025db5 (HeadlessAnalyzer)  
INFO  REPORT: Execute script: DumpDecomp.java  (HeadlessAnalyzer)  
INFO  SCRIPT: /home/ion/tools/karma-lab/gscripts/DumpDecomp.java (HeadlessAnalyzer)  
INFO  DumpDecomp.java> OVERRIDES applied: 0 (GhidraScript)  
INFO  DumpDecomp.java> VTABLE: keaCalcJinvMandRHS_vanilla.o rows=0 applied=0 no-prototype=0 not-in-a-function=0 refused=0 (GhidraScript)  
INFO  DumpDecomp.java> KARMAHDR: calling conventions {__cdecl=2, __thiscall=1, unknown=5} (GhidraScript)  
INFO  DumpDecomp.java> KARMAHDR: __regparm -> __cdecl on 5 function(s), 0 refused (GhidraScript)  
INFO  DumpDecomp.java> DONE keaCalcJinvMandRHS_vanilla.o (GhidraScript)  
INFO  ANALYZING changes made by post scripts: file:///home/ion/tools/karma-lab/allobj/keaCalcJinvMandRHS_vanilla.o?MD5=f137e0a500484c8f0687915df8025db5 (HeadlessAnalyzer)  
INFO  REPORT: Post-analysis succeeded for file: file:///home/ion/tools/karma-lab/allobj/keaCalcJinvMandRHS_vanilla.o?MD5=f137e0a500484c8f0687915df8025db5 (HeadlessAnalyzer)  
INFO  /allobj/keaCalcJinvMandRHS_vanilla.o: file created (ion) (LocalFileSystem)  
INFO  REPORT: Save succeeded for: /allobj/keaCalcJinvMandRHS_vanilla.o (Proj:/allobj/keaCalcJinvMandRHS_vanilla.o) (HeadlessAnalyzer)  
INFO  REPORT: Import succeeded (HeadlessAnalyzer)  
INFO  IMPORTING: file:///home/ion/tools/karma-lab/allobj/McdPlaneIntersect.o?MD5=eafd9c30b241e093540e8773b2d2c745 (HeadlessAnalyzer)  
INFO  Using Loader: Executable and Linking Format (ELF) (ProgramLoader)  
INFO  Using Language/Compiler: x86:LE:32:default:gcc (ProgramLoader)  
INFO  Using Library Search Path: [., /bin, /lib, /lib64, /lib/x86_64-linux-gnu, /lib/aarch64-linux-gnu, /usr/bin, /usr/lib, /usr/X11R6/bin, /usr/X11R6/lib, /usr/java/packages/lib, /usr/lib/x86_64-linux-gnu/jni, /usr/lib/x86_64-linux-gnu, /usr/lib/jni] (ProgramLoader)  
INFO  Additional info:
Loading file:///home/ion/tools/karma-lab/allobj/McdPlaneIntersect.o?MD5=eafd9c30b241e093540e8773b2d2c745...
Skipping section [.data] with invalid size 0x0
Skipping section [.bss] with invalid size 0x0
------------------------------------------------

 (ProgramLoader)  
INFO  IMPORTING: Loaded 0 additional files (HeadlessAnalyzer)  
INFO  REPORT: Execute script: ParseKarmaHeaders.java  (HeadlessAnalyzer)  
INFO  SCRIPT: /home/ion/tools/karma-lab/gscripts/ParseKarmaHeaders.java (HeadlessAnalyzer)  
INFO  ParseKarmaHeaders.java> KARMAOPT: KD_GHIDRA_OPTS not set, analyzer options untouched (GhidraScript)  
INFO  parse /home/ion/tools/karma-lab/kd_protos10.h (CParserUtils)  
INFO  ParseKarmaHeaders.java> KARMAHDR: parsed FunctionDefinitions=2700 (GhidraScript)  
INFO  ParseKarmaHeaders.java> KARMAHDR: signatures applied -- defined=15 imported=8 failed=0 (GhidraScript)  
INFO  ANALYZING all memory and code: file:///home/ion/tools/karma-lab/allobj/McdPlaneIntersect.o?MD5=eafd9c30b241e093540e8773b2d2c745 (HeadlessAnalyzer)  
WARN  Mismatched DWARF Attribute and Form: DW_AT_macro_info->DW_FORM_data4 (DWARFAbbreviation)  
INFO  Added 710 source map entries (DWARFImporter)  
INFO  DWARF ver[2], 1 compUnits, 1667 DIES, import - total elapsed: 31ms (DWARFImportSummary)  
INFO  DWARF data type import - elapsed: 15ms (DWARFImportSummary)  
INFO  DWARF func & symbol import - elapsed: 6ms (DWARFImportSummary)  
INFO  DWARF types imported: 197 (DWARFImportSummary)  
INFO  DWARF compile dirs: [/home/icculus/projects/UT2-Code/karma/Mcd/src/convex] (DWARFImportSummary)  
INFO  DWARF producers: [GNU C++ 3.2.3 20030422 (Gentoo Linux 1.4 3.2.3-r4, propolice)] (DWARFImportSummary)  
INFO  DWARF source languages: [DW_LANG_C_plus_plus] (DWARFImportSummary)  
INFO  DWARF compUnit: ../gjk/McdPlaneIntersect.cpp (DWARFImportSummary)  
ERROR DWARF un-recoverable expressions: (DWARFImportSummary)  
ERROR   DW_OP_reg12 -> 3 (DWARFImportSummary)  
ERROR   DW_OP_reg3 -> 5 (DWARFImportSummary)  
ERROR   DW_OP_reg13 -> 4 (DWARFImportSummary)  
ERROR   DW_OP_reg0 -> 1 (DWARFImportSummary)  
ERROR   DW_OP_reg1 -> 6 (DWARFImportSummary)  
ERROR   DW_OP_reg18 -> 2 (DWARFImportSummary)  
ERROR   DW_OP_reg2 -> 5 (DWARFImportSummary)  
ERROR   DW_OP_reg7 -> 6 (DWARFImportSummary)  
ERROR   DW_OP_reg15 -> 1 (DWARFImportSummary)  
ERROR   DW_OP_reg16 -> 2 (DWARFImportSummary)  
ERROR   DW_OP_reg17 -> 4 (DWARFImportSummary)  
ERROR   DW_OP_reg6 -> 6 (DWARFImportSummary)  
INFO  Applied data type archive: generic_clib (ApplyDataArchiveAnalyzer)  
INFO  -----------------------------------------------------
    ASCII Strings                              0.000 secs
    Apply Data Archives                        0.060 secs
    Call Convention ID                         0.757 secs
    Call-Fixup Installer                       0.000 secs
    Create Address Tables                      0.002 secs
    Create Function                            0.000 secs
    DWARF                                      0.033 secs
    Data Reference                             0.001 secs
    Decompiler Switch Analysis                 0.342 secs
    Demangler GNU                              0.002 secs
    Disassemble Entry Points                   0.016 secs
    ELF Scalar Operand References              0.009 secs
    Embedded Media                             0.000 secs
    External Entry References                  0.001 secs
    Function ID                                0.007 secs
    Function Start Pre Search                  0.001 secs
    Function Start Search                      0.003 secs
    Function Start Search After Code           0.000 secs
    Function Start Search After Data           0.001 secs
    GCC Exception Handlers                     0.003 secs
    Non-Returning Functions - Discovered       0.000 secs
    Non-Returning Functions - Known            0.001 secs
    Reference                                  0.000 secs
    Shared Return Calls                        0.001 secs
    Stack                                      0.036 secs
    Subroutine References                      0.001 secs
    X86 Function Callee Purge                  0.000 secs
    x86 Constant Reference Analyzer            0.021 secs
-----------------------------------------------------
     Total Time   1 secs
-----------------------------------------------------
 (AutoAnalysisManager)  
INFO  REPORT: Analysis succeeded for file: file:///home/ion/tools/karma-lab/allobj/McdPlaneIntersect.o?MD5=eafd9c30b241e093540e8773b2d2c745 (HeadlessAnalyzer)  
INFO  REPORT: Execute script: DumpDecomp.java  (HeadlessAnalyzer)  
INFO  SCRIPT: /home/ion/tools/karma-lab/gscripts/DumpDecomp.java (HeadlessAnalyzer)  
INFO  DumpDecomp.java> OVERRIDES applied: 0 (GhidraScript)  
INFO  DumpDecomp.java> VTABLE: McdPlaneIntersect.o rows=0 applied=0 no-prototype=0 not-in-a-function=0 refused=0 (GhidraScript)  
INFO  DumpDecomp.java> KARMAHDR: calling conventions {__cdecl=8, unknown=8} (GhidraScript)  
INFO  DumpDecomp.java> KARMAHDR: __regparm -> __cdecl on 8 function(s), 0 refused (GhidraScript)  
INFO  DumpDecomp.java> DONE McdPlaneIntersect.o (GhidraScript)  
INFO  ANALYZING changes made by post scripts: file:///home/ion/tools/karma-lab/allobj/McdPlaneIntersect.o?MD5=eafd9c30b241e093540e8773b2d2c745 (HeadlessAnalyzer)  
INFO  REPORT: Post-analysis succeeded for file: file:///home/ion/tools/karma-lab/allobj/McdPlaneIntersect.o?MD5=eafd9c30b241e093540e8773b2d2c745 (HeadlessAnalyzer)  
INFO  /allobj/McdPlaneIntersect.o: file created (ion) (LocalFileSystem)  
INFO  REPORT: Save succeeded for: /allobj/McdPlaneIntersect.o (Proj:/allobj/McdPlaneIntersect.o) (HeadlessAnalyzer)  
INFO  REPORT: Import succeeded (HeadlessAnalyzer)  
INFO  IMPORTING: file:///home/ion/tools/karma-lab/allobj/McdGjkMaximumPoint.o?MD5=743a70fea191db8c727594dff0e48f4d (HeadlessAnalyzer)  
INFO  Using Loader: Executable and Linking Format (ELF) (ProgramLoader)  
INFO  Using Language/Compiler: x86:LE:32:default:gcc (ProgramLoader)  
INFO  Using Library Search Path: [., /bin, /lib, /lib64, /lib/x86_64-linux-gnu, /lib/aarch64-linux-gnu, /usr/bin, /usr/lib, /usr/X11R6/bin, /usr/X11R6/lib, /usr/java/packages/lib, /usr/lib/x86_64-linux-gnu/jni, /usr/lib/x86_64-linux-gnu, /usr/lib/jni] (ProgramLoader)  
INFO  Additional info:
Loading file:///home/ion/tools/karma-lab/allobj/McdGjkMaximumPoint.o?MD5=743a70fea191db8c727594dff0e48f4d...
Skipping section [.data] with invalid size 0x0
Skipping section [.bss] with invalid size 0x0
------------------------------------------------

 (ProgramLoader)  
INFO  IMPORTING: Loaded 0 additional files (HeadlessAnalyzer)  
INFO  REPORT: Execute script: ParseKarmaHeaders.java  (HeadlessAnalyzer)  
INFO  SCRIPT: /home/ion/tools/karma-lab/gscripts/ParseKarmaHeaders.java (HeadlessAnalyzer)  
INFO  ParseKarmaHeaders.java> KARMAOPT: KD_GHIDRA_OPTS not set, analyzer options untouched (GhidraScript)  
INFO  parse /home/ion/tools/karma-lab/kd_protos10.h (CParserUtils)  
INFO  ParseKarmaHeaders.java> KARMAHDR: parsed FunctionDefinitions=2700 (GhidraScript)  
INFO  ParseKarmaHeaders.java> KARMAHDR: signatures applied -- defined=9 imported=5 failed=0 (GhidraScript)  
INFO  ANALYZING all memory and code: file:///home/ion/tools/karma-lab/allobj/McdGjkMaximumPoint.o?MD5=743a70fea191db8c727594dff0e48f4d (HeadlessAnalyzer)  
WARN  Mismatched DWARF Attribute and Form: DW_AT_macro_info->DW_FORM_data4 (DWARFAbbreviation)  
INFO  Added 198 source map entries (DWARFImporter)  
INFO  DWARF ver[2], 1 compUnits, 972 DIES, import - total elapsed: 22ms (DWARFImportSummary)  
INFO  DWARF data type import - elapsed: 13ms (DWARFImportSummary)  
INFO  DWARF func & symbol import - elapsed: 3ms (DWARFImportSummary)  
INFO  DWARF types imported: 175 (DWARFImportSummary)  
INFO  DWARF compile dirs: [/home/icculus/projects/UT2-Code/karma/Mcd/src/convex] (DWARFImportSummary)  
INFO  DWARF producers: [GNU C++ 3.2.3 20030422 (Gentoo Linux 1.4 3.2.3-r4, propolice)] (DWARFImportSummary)  
INFO  DWARF source languages: [DW_LANG_C_plus_plus] (DWARFImportSummary)  
INFO  DWARF compUnit: ../gjk/McdGjkMaximumPoint.cpp (DWARFImportSummary)  
ERROR DWARF un-recoverable expressions: (DWARFImportSummary)  
ERROR   DW_OP_reg11 -> 1 (DWARFImportSummary)  
ERROR   DW_OP_reg3 -> 6 (DWARFImportSummary)  
ERROR   DW_OP_reg0 -> 3 (DWARFImportSummary)  
ERROR   DW_OP_reg2 -> 2 (DWARFImportSummary)  
ERROR   DW_OP_reg7 -> 4 (DWARFImportSummary)  
ERROR   DW_OP_reg6 -> 4 (DWARFImportSummary)  
INFO  Applied data type archive: generic_clib (ApplyDataArchiveAnalyzer)  
INFO  REPORT: Analysis succeeded for file: file:///home/ion/tools/karma-lab/allobj/McdGjkMaximumPoint.o?MD5=743a70fea191db8c727594dff0e48f4d (HeadlessAnalyzer)  
INFO  REPORT: Execute script: DumpDecomp.java  (HeadlessAnalyzer)  
INFO  SCRIPT: /home/ion/tools/karma-lab/gscripts/DumpDecomp.java (HeadlessAnalyzer)  
INFO  DumpDecomp.java> OVERRIDES applied: 0 (GhidraScript)  
INFO  DumpDecomp.java> VTABLE: McdGjkMaximumPoint.o rows=0 applied=0 no-prototype=0 not-in-a-function=0 refused=0 (GhidraScript)  
INFO  DumpDecomp.java> KARMAHDR: calling conventions {__cdecl=5, unknown=5} (GhidraScript)  
INFO  DumpDecomp.java> KARMAHDR: __regparm -> __cdecl on 5 function(s), 0 refused (GhidraScript)  
INFO  DumpDecomp.java> DONE McdGjkMaximumPoint.o (GhidraScript)  
INFO  ANALYZING changes made by post scripts: file:///home/ion/tools/karma-lab/allobj/McdGjkMaximumPoint.o?MD5=743a70fea191db8c727594dff0e48f4d (HeadlessAnalyzer)  
INFO  REPORT: Post-analysis succeeded for file: file:///home/ion/tools/karma-lab/allobj/McdGjkMaximumPoint.o?MD5=743a70fea191db8c727594dff0e48f4d (HeadlessAnalyzer)  
INFO  /allobj/McdGjkMaximumPoint.o: file created (ion) (LocalFileSystem)  
INFO  REPORT: Save succeeded for: /allobj/McdGjkMaximumPoint.o (Proj:/allobj/McdGjkMaximumPoint.o) (HeadlessAnalyzer)  
INFO  REPORT: Import succeeded (HeadlessAnalyzer)  
INFO  IMPORTING: file:///home/ion/tools/karma-lab/allobj/IxSpherePlane.o?MD5=6aa1a216de16a5292197777bf84eb4c4 (HeadlessAnalyzer)  
INFO  Using Loader: Executable and Linking Format (ELF) (ProgramLoader)  
INFO  Using Language/Compiler: x86:LE:32:default:gcc (ProgramLoader)  
INFO  Using Library Search Path: [., /bin, /lib, /lib64, /lib/x86_64-linux-gnu, /lib/aarch64-linux-gnu, /usr/bin, /usr/lib, /usr/X11R6/bin, /usr/X11R6/lib, /usr/java/packages/lib, /usr/lib/x86_64-linux-gnu/jni, /usr/lib/x86_64-linux-gnu, /usr/lib/jni] (ProgramLoader)  
INFO  Additional info:
Loading file:///home/ion/tools/karma-lab/allobj/IxSpherePlane.o?MD5=6aa1a216de16a5292197777bf84eb4c4...
Skipping section [.data] with invalid size 0x0
Skipping section [.bss] with invalid size 0x0
------------------------------------------------

 (ProgramLoader)  
INFO  IMPORTING: Loaded 0 additional files (HeadlessAnalyzer)  
INFO  REPORT: Execute script: ParseKarmaHeaders.java  (HeadlessAnalyzer)  
INFO  SCRIPT: /home/ion/tools/karma-lab/gscripts/ParseKarmaHeaders.java (HeadlessAnalyzer)  
INFO  ParseKarmaHeaders.java> KARMAOPT: KD_GHIDRA_OPTS not set, analyzer options untouched (GhidraScript)  
INFO  parse /home/ion/tools/karma-lab/kd_protos10.h (CParserUtils)  
INFO  ParseKarmaHeaders.java> KARMAHDR: parsed FunctionDefinitions=2700 (GhidraScript)  
INFO  ParseKarmaHeaders.java> KARMAHDR: signatures applied -- defined=11 imported=8 failed=0 (GhidraScript)  
INFO  ANALYZING all memory and code: file:///home/ion/tools/karma-lab/allobj/IxSpherePlane.o?MD5=6aa1a216de16a5292197777bf84eb4c4 (HeadlessAnalyzer)  
WARN  Mismatched DWARF Attribute and Form: DW_AT_macro_info->DW_FORM_data4 (DWARFAbbreviation)  
INFO  Added 106 source map entries (DWARFImporter)  
INFO  DWARF ver[2], 1 compUnits, 1401 DIES, import - total elapsed: 43ms (DWARFImportSummary)  
INFO  DWARF data type import - elapsed: 32ms (DWARFImportSummary)  
INFO  DWARF func & symbol import - elapsed: 4ms (DWARFImportSummary)  
INFO  DWARF types imported: 171 (DWARFImportSummary)  
INFO  DWARF enums from macros - elapsed: 1ms (DWARFImportSummary)  
INFO  DWARF compile dirs: [/home/icculus/projects/UT2-Code/karma/Mcd/src/primitives] (DWARFImportSummary)  
INFO  DWARF producers: [GNU C++ 3.2.3 20030422 (Gentoo Linux 1.4 3.2.3-r4, propolice)] (DWARFImportSummary)  
INFO  DWARF source languages: [DW_LANG_C_plus_plus] (DWARFImportSummary)  
INFO  DWARF compUnit: IxSpherePlane.cpp (DWARFImportSummary)  
ERROR DWARF un-recoverable expressions: (DWARFImportSummary)  
ERROR   DW_OP_reg13 -> 2 (DWARFImportSummary)  
ERROR   DW_OP_reg3 -> 2 (DWARFImportSummary)  
ERROR   DW_OP_reg7 -> 2 (DWARFImportSummary)  
ERROR   DW_OP_reg16 -> 1 (DWARFImportSummary)  
ERROR   DW_OP_reg17 -> 1 (DWARFImportSummary)  
ERROR   DW_OP_reg6 -> 2 (DWARFImportSummary)  
INFO  Applied data type archive: generic_clib (ApplyDataArchiveAnalyzer)  
INFO  REPORT: Analysis succeeded for file: file:///home/ion/tools/karma-lab/allobj/IxSpherePlane.o?MD5=6aa1a216de16a5292197777bf84eb4c4 (HeadlessAnalyzer)  
INFO  REPORT: Execute script: DumpDecomp.java  (HeadlessAnalyzer)  
INFO  SCRIPT: /home/ion/tools/karma-lab/gscripts/DumpDecomp.java (HeadlessAnalyzer)  
INFO  DumpDecomp.java> OVERRIDES applied: 0 (GhidraScript)  
INFO  DumpDecomp.java> VTABLE: IxSpherePlane.o rows=0 applied=0 no-prototype=0 not-in-a-function=0 refused=0 (GhidraScript)  
INFO  DumpDecomp.java> KARMAHDR: calling conventions {__cdecl=1, unknown=10} (GhidraScript)  
INFO  DumpDecomp.java> KARMAHDR: __regparm -> __cdecl on 10 function(s), 0 refused (GhidraScript)  
INFO  DumpDecomp.java> DONE IxSpherePlane.o (GhidraScript)  
INFO  ANALYZING changes made by post scripts: file:///home/ion/tools/karma-lab/allobj/IxSpherePlane.o?MD5=6aa1a216de16a5292197777bf84eb4c4 (HeadlessAnalyzer)  
INFO  REPORT: Post-analysis succeeded for file: file:///home/ion/tools/karma-lab/allobj/IxSpherePlane.o?MD5=6aa1a216de16a5292197777bf84eb4c4 (HeadlessAnalyzer)  
INFO  /allobj/IxSpherePlane.o: file created (ion) (LocalFileSystem)  
INFO  REPORT: Save succeeded for: /allobj/IxSpherePlane.o (Proj:/allobj/IxSpherePlane.o) (HeadlessAnalyzer)  
INFO  REPORT: Import succeeded (HeadlessAnalyzer)  
INFO  IMPORTING: file:///home/ion/tools/karma-lab/allobj/MeSimpleFile.o?MD5=43bd87f8bd69d9fa99bd057bd7c62605 (HeadlessAnalyzer)  
INFO  Using Loader: Executable and Linking Format (ELF) (ProgramLoader)  
INFO  Using Language/Compiler: x86:LE:32:default:gcc (ProgramLoader)  
INFO  Using Library Search Path: [., /bin, /lib, /lib64, /lib/x86_64-linux-gnu, /lib/aarch64-linux-gnu, /usr/bin, /usr/lib, /usr/X11R6/bin, /usr/X11R6/lib, /usr/java/packages/lib, /usr/lib/x86_64-linux-gnu/jni, /usr/lib/x86_64-linux-gnu, /usr/lib/jni] (ProgramLoader)  
INFO  Additional info:
Loading file:///home/ion/tools/karma-lab/allobj/MeSimpleFile.o?MD5=43bd87f8bd69d9fa99bd057bd7c62605...
Skipping section [.data] with invalid size 0x0
Skipping section [.bss] with invalid size 0x0
------------------------------------------------

 (ProgramLoader)  
INFO  IMPORTING: Loaded 0 additional files (HeadlessAnalyzer)  
INFO  REPORT: Execute script: ParseKarmaHeaders.java  (HeadlessAnalyzer)  
INFO  SCRIPT: /home/ion/tools/karma-lab/gscripts/ParseKarmaHeaders.java (HeadlessAnalyzer)  
INFO  ParseKarmaHeaders.java> KARMAOPT: KD_GHIDRA_OPTS not set, analyzer options untouched (GhidraScript)  
INFO  parse /home/ion/tools/karma-lab/kd_protos10.h (CParserUtils)  
INFO  ParseKarmaHeaders.java> KARMAHDR: parsed FunctionDefinitions=2700 (GhidraScript)  
INFO  ParseKarmaHeaders.java> KARMAHDR: signatures applied -- defined=8 imported=6 failed=0 (GhidraScript)  
INFO  ANALYZING all memory and code: file:///home/ion/tools/karma-lab/allobj/MeSimpleFile.o?MD5=43bd87f8bd69d9fa99bd057bd7c62605 (HeadlessAnalyzer)  
WARN  Mismatched DWARF Attribute and Form: DW_AT_macro_info->DW_FORM_data4 (DWARFAbbreviation)  
INFO  Added 18 source map entries (DWARFImporter)  
INFO  DWARF ver[2], 1 compUnits, 113 DIES, import - total elapsed: 24ms (DWARFImportSummary)  
INFO  DWARF data type import - elapsed: 21ms (DWARFImportSummary)  
INFO  DWARF func & symbol import - elapsed: 2ms (DWARFImportSummary)  
INFO  DWARF types imported: 32 (DWARFImportSummary)  
INFO  DWARF compile dirs: [/home/icculus/projects/UT2-Code/karma/MeGlobals/src] (DWARFImportSummary)  
INFO  DWARF producers: [GNU C 3.2.3 20030422 (Gentoo Linux 1.4 3.2.3-r4, propolice)] (DWARFImportSummary)  
INFO  DWARF source languages: [DW_LANG_C89] (DWARFImportSummary)  
INFO  DWARF compUnit: MeSimpleFile.c (DWARFImportSummary)  
ERROR DWARF un-recoverable expressions: (DWARFImportSummary)  
ERROR   DW_OP_reg3 -> 2 (DWARFImportSummary)  
ERROR   DW_OP_reg0 -> 1 (DWARFImportSummary)  
ERROR   DW_OP_reg7 -> 2 (DWARFImportSummary)  
ERROR   DW_OP_reg6 -> 2 (DWARFImportSummary)  
INFO  Applied data type archive: generic_clib (ApplyDataArchiveAnalyzer)  
INFO  REPORT: Analysis succeeded for file: file:///home/ion/tools/karma-lab/allobj/MeSimpleFile.o?MD5=43bd87f8bd69d9fa99bd057bd7c62605 (HeadlessAnalyzer)  
INFO  REPORT: Execute script: DumpDecomp.java  (HeadlessAnalyzer)  
INFO  SCRIPT: /home/ion/tools/karma-lab/gscripts/DumpDecomp.java (HeadlessAnalyzer)  
INFO  DumpDecomp.java> OVERRIDES applied: 0 (GhidraScript)  
INFO  DumpDecomp.java> VTABLE: MeSimpleFile.o rows=1 applied=1 no-prototype=0 not-in-a-function=0 refused=0 (GhidraScript)  
INFO  DumpDecomp.java> KARMAHDR: calling conventions {__cdecl=2, unknown=6} (GhidraScript)  
INFO  DumpDecomp.java> KARMAHDR: __regparm -> __cdecl on 6 function(s), 0 refused (GhidraScript)  
INFO  DumpDecomp.java> DONE MeSimpleFile.o (GhidraScript)  
INFO  ANALYZING changes made by post scripts: file:///home/ion/tools/karma-lab/allobj/MeSimpleFile.o?MD5=43bd87f8bd69d9fa99bd057bd7c62605 (HeadlessAnalyzer)  
INFO  REPORT: Post-analysis succeeded for file: file:///home/ion/tools/karma-lab/allobj/MeSimpleFile.o?MD5=43bd87f8bd69d9fa99bd057bd7c62605 (HeadlessAnalyzer)  
INFO  /allobj/MeSimpleFile.o: file created (ion) (LocalFileSystem)  
INFO  REPORT: Save succeeded for: /allobj/MeSimpleFile.o (Proj:/allobj/MeSimpleFile.o) (HeadlessAnalyzer)  
INFO  REPORT: Import succeeded (HeadlessAnalyzer)  
INFO  IMPORTING: file:///home/ion/tools/karma-lab/allobj/MdtMainLoop.o?MD5=91020c07ec74d9883bbf6859b2ffb485 (HeadlessAnalyzer)  
INFO  Using Loader: Executable and Linking Format (ELF) (ProgramLoader)  
INFO  Using Language/Compiler: x86:LE:32:default:gcc (ProgramLoader)  
INFO  Using Library Search Path: [., /bin, /lib, /lib64, /lib/x86_64-linux-gnu, /lib/aarch64-linux-gnu, /usr/bin, /usr/lib, /usr/X11R6/bin, /usr/X11R6/lib, /usr/java/packages/lib, /usr/lib/x86_64-linux-gnu/jni, /usr/lib/x86_64-linux-gnu, /usr/lib/jni] (ProgramLoader)  
INFO  Additional info:
Loading file:///home/ion/tools/karma-lab/allobj/MdtMainLoop.o?MD5=91020c07ec74d9883bbf6859b2ffb485...
Skipping section [.data] with invalid size 0x0
Skipping section [.bss] with invalid size 0x0
------------------------------------------------

 (ProgramLoader)  
INFO  IMPORTING: Loaded 0 additional files (HeadlessAnalyzer)  
INFO  REPORT: Execute script: ParseKarmaHeaders.java  (HeadlessAnalyzer)  
INFO  SCRIPT: /home/ion/tools/karma-lab/gscripts/ParseKarmaHeaders.java (HeadlessAnalyzer)  
INFO  ParseKarmaHeaders.java> KARMAOPT: KD_GHIDRA_OPTS not set, analyzer options untouched (GhidraScript)  
INFO  parse /home/ion/tools/karma-lab/kd_protos10.h (CParserUtils)  
INFO  ParseKarmaHeaders.java> KARMAHDR: parsed FunctionDefinitions=2700 (GhidraScript)  
INFO  ParseKarmaHeaders.java> KARMAHDR: signatures applied -- defined=22 imported=13 failed=0 (GhidraScript)  
INFO  ANALYZING all memory and code: file:///home/ion/tools/karma-lab/allobj/MdtMainLoop.o?MD5=91020c07ec74d9883bbf6859b2ffb485 (HeadlessAnalyzer)  
WARN  Mismatched DWARF Attribute and Form: DW_AT_macro_info->DW_FORM_data4 (DWARFAbbreviation)  
INFO  Added 753 source map entries (DWARFImporter)  
INFO  DWARF ver[2], 1 compUnits, 837 DIES, import - total elapsed: 29ms (DWARFImportSummary)  
INFO  DWARF data type import - elapsed: 14ms (DWARFImportSummary)  
INFO  DWARF func & symbol import - elapsed: 7ms (DWARFImportSummary)  
INFO  DWARF types imported: 131 (DWARFImportSummary)  
INFO  DWARF compile dirs: [/home/icculus/projects/UT2-Code/karma/Mdt/src] (DWARFImportSummary)  
INFO  DWARF producers: [GNU C 3.2.3 20030422 (Gentoo Linux 1.4 3.2.3-r4, propolice)] (DWARFImportSummary)  
INFO  DWARF source languages: [DW_LANG_C89] (DWARFImportSummary)  
INFO  DWARF compUnit: MdtMainLoop.c (DWARFImportSummary)  
ERROR DWARF un-recoverable expressions: (DWARFImportSummary)  
ERROR   DW_OP_reg12 -> 1 (DWARFImportSummary)  
ERROR   DW_OP_reg11 -> 1 (DWARFImportSummary)  
ERROR   DW_OP_reg13 -> 1 (DWARFImportSummary)  
ERROR   DW_OP_reg3 -> 6 (DWARFImportSummary)  
ERROR   DW_OP_reg1 -> 3 (DWARFImportSummary)  
ERROR   DW_OP_reg0 -> 4 (DWARFImportSummary)  
ERROR   DW_OP_reg2 -> 6 (DWARFImportSummary)  
ERROR   DW_OP_reg14 -> 1 (DWARFImportSummary)  
ERROR   DW_OP_reg7 -> 6 (DWARFImportSummary)  
ERROR   DW_OP_reg6 -> 6 (DWARFImportSummary)  
INFO  Applied data type archive: generic_clib (ApplyDataArchiveAnalyzer)  
INFO  -----------------------------------------------------
    ASCII Strings                              0.000 secs
    Apply Data Archives                        0.056 secs
    Call Convention ID                         1.401 secs
    Call-Fixup Installer                       0.000 secs
    Create Address Tables                      0.001 secs
    Create Function                            0.000 secs
    DWARF                                      0.032 secs
    Data Reference                             0.001 secs
    Decompiler Switch Analysis                 0.001 secs
    Demangler GNU                              0.002 secs
    Disassemble Entry Points                   0.021 secs
    ELF Scalar Operand References              0.032 secs
    Embedded Media                             0.001 secs
    External Entry References                  0.000 secs
    Function ID                                0.010 secs
    Function Start Pre Search                  0.002 secs
    Function Start Search                      0.003 secs
    Function Start Search After Code           0.001 secs
    Function Start Search After Data           0.000 secs
    GCC Exception Handlers                     0.002 secs
    Non-Returning Functions - Discovered       0.001 secs
    Non-Returning Functions - Known            0.000 secs
    Reference                                  0.001 secs
    Shared Return Calls                        0.001 secs
    Stack                                      0.047 secs
    Subroutine References                      0.000 secs
    X86 Function Callee Purge                  0.000 secs
    x86 Constant Reference Analyzer            0.024 secs
-----------------------------------------------------
     Total Time   1 secs
-----------------------------------------------------
 (AutoAnalysisManager)  
INFO  REPORT: Analysis succeeded for file: file:///home/ion/tools/karma-lab/allobj/MdtMainLoop.o?MD5=91020c07ec74d9883bbf6859b2ffb485 (HeadlessAnalyzer)  
INFO  REPORT: Execute script: DumpDecomp.java  (HeadlessAnalyzer)  
INFO  SCRIPT: /home/ion/tools/karma-lab/gscripts/DumpDecomp.java (HeadlessAnalyzer)  
INFO  DumpDecomp.java> OVERRIDES applied: 0 (GhidraScript)  
INFO  DumpDecomp.java> VTABLE: MdtMainLoop.o rows=0 applied=0 no-prototype=0 not-in-a-function=0 refused=0 (GhidraScript)  
INFO  DumpDecomp.java> KARMAHDR: calling conventions {__cdecl=8, unknown=14} (GhidraScript)  
INFO  DumpDecomp.java> KARMAHDR: __regparm -> __cdecl on 14 function(s), 0 refused (GhidraScript)  
INFO  DumpDecomp.java> DONE MdtMainLoop.o (GhidraScript)  
INFO  ANALYZING changes made by post scripts: file:///home/ion/tools/karma-lab/allobj/MdtMainLoop.o?MD5=91020c07ec74d9883bbf6859b2ffb485 (HeadlessAnalyzer)  
INFO  REPORT: Post-analysis succeeded for file: file:///home/ion/tools/karma-lab/allobj/MdtMainLoop.o?MD5=91020c07ec74d9883bbf6859b2ffb485 (HeadlessAnalyzer)  
INFO  /allobj/MdtMainLoop.o: file created (ion) (LocalFileSystem)  
INFO  REPORT: Save succeeded for: /allobj/MdtMainLoop.o (Proj:/allobj/MdtMainLoop.o) (HeadlessAnalyzer)  
INFO  REPORT: Import succeeded (HeadlessAnalyzer)  
INFO  IMPORTING: file:///home/ion/tools/karma-lab/allobj/MdtBody.o?MD5=78d51cc3232eb40a6059c8f694ca2cac (HeadlessAnalyzer)  
INFO  Using Loader: Executable and Linking Format (ELF) (ProgramLoader)  
INFO  Using Language/Compiler: x86:LE:32:default:gcc (ProgramLoader)  
INFO  Using Library Search Path: [., /bin, /lib, /lib64, /lib/x86_64-linux-gnu, /lib/aarch64-linux-gnu, /usr/bin, /usr/lib, /usr/X11R6/bin, /usr/X11R6/lib, /usr/java/packages/lib, /usr/lib/x86_64-linux-gnu/jni, /usr/lib/x86_64-linux-gnu, /usr/lib/jni] (ProgramLoader)  
ERROR EXTERNAL Data ELF Relocation with offset: at 000103e5 (External Location = MePoolAPI+0xc) (ElfRelocationHandler)  
ERROR EXTERNAL Data ELF Relocation with offset: at 0001056f (External Location = MePoolAPI+0x10) (ElfRelocationHandler)  
ERROR EXTERNAL Data ELF Relocation with offset: at 000105a7 (External Location = MePoolAPI+0xc) (ElfRelocationHandler)  
INFO  Additional info:
Loading file:///home/ion/tools/karma-lab/allobj/MdtBody.o?MD5=78d51cc3232eb40a6059c8f694ca2cac...
Skipping section [.data] with invalid size 0x0
Skipping section [.bss] with invalid size 0x0
------------------------------------------------

 (ProgramLoader)  
INFO  IMPORTING: Loaded 0 additional files (HeadlessAnalyzer)  
INFO  REPORT: Execute script: ParseKarmaHeaders.java  (HeadlessAnalyzer)  
INFO  SCRIPT: /home/ion/tools/karma-lab/gscripts/ParseKarmaHeaders.java (HeadlessAnalyzer)  
INFO  ParseKarmaHeaders.java> KARMAOPT: KD_GHIDRA_OPTS not set, analyzer options untouched (GhidraScript)  
INFO  parse /home/ion/tools/karma-lab/kd_protos10.h (CParserUtils)  
INFO  ParseKarmaHeaders.java> KARMAHDR: parsed FunctionDefinitions=2700 (GhidraScript)  
INFO  ParseKarmaHeaders.java> KARMAHDR: signatures applied -- defined=90 imported=13 failed=0 (GhidraScript)  
INFO  ANALYZING all memory and code: file:///home/ion/tools/karma-lab/allobj/MdtBody.o?MD5=78d51cc3232eb40a6059c8f694ca2cac (HeadlessAnalyzer)  
WARN  Mismatched DWARF Attribute and Form: DW_AT_macro_info->DW_FORM_data4 (DWARFAbbreviation)  
INFO  Added 1013 source map entries (DWARFImporter)  
INFO  DWARF ver[2], 1 compUnits, 1590 DIES, import - total elapsed: 43ms (DWARFImportSummary)  
INFO  DWARF data type import - elapsed: 12ms (DWARFImportSummary)  
INFO  DWARF func & symbol import - elapsed: 22ms (DWARFImportSummary)  
INFO  DWARF types imported: 145 (DWARFImportSummary)  
INFO  DWARF compile dirs: [/home/icculus/projects/UT2-Code/karma/Mdt/src] (DWARFImportSummary)  
INFO  DWARF producers: [GNU C 3.2.3 20030422 (Gentoo Linux 1.4 3.2.3-r4, propolice)] (DWARFImportSummary)  
INFO  DWARF source languages: [DW_LANG_C89] (DWARFImportSummary)  
INFO  DWARF compUnit: MdtBody.c (DWARFImportSummary)  
ERROR DWARF un-recoverable expressions: (DWARFImportSummary)  
ERROR   DW_OP_reg12 -> 7 (DWARFImportSummary)  
ERROR   DW_OP_reg11 -> 3 (DWARFImportSummary)  
ERROR   DW_OP_reg1 -> 11 (DWARFImportSummary)  
ERROR   DW_OP_reg2 -> 33 (DWARFImportSummary)  
ERROR   DW_OP_reg14 -> 4 (DWARFImportSummary)  
ERROR   DW_OP_reg7 -> 6 (DWARFImportSummary)  
ERROR   DW_OP_reg15 -> 4 (DWARFImportSummary)  
ERROR   DW_OP_reg13 -> 4 (DWARFImportSummary)  
ERROR   DW_OP_reg3 -> 18 (DWARFImportSummary)  
ERROR   DW_OP_reg0 -> 60 (DWARFImportSummary)  
ERROR   DW_OP_reg18 -> 5 (DWARFImportSummary)  
ERROR   DW_OP_reg16 -> 5 (DWARFImportSummary)  
ERROR   DW_OP_reg17 -> 1 (DWARFImportSummary)  
ERROR   DW_OP_reg6 -> 10 (DWARFImportSummary)  
INFO  Applied data type archive: generic_clib (ApplyDataArchiveAnalyzer)  
INFO  -----------------------------------------------------
    ASCII Strings                              0.000 secs
    Apply Data Archives                        0.042 secs
    Call Convention ID                         2.337 secs
    Call-Fixup Installer                       0.000 secs
    Create Address Tables                      0.001 secs
    Create Function                            0.000 secs
    DWARF                                      0.046 secs
    Data Reference                             0.001 secs
    Decompiler Switch Analysis                 0.001 secs
    Demangler GNU                              0.006 secs
    Disassemble Entry Points                   0.024 secs
    ELF Scalar Operand References              0.013 secs
    Embedded Media                             0.000 secs
    External Entry References                  0.000 secs
    Function ID                                0.011 secs
    Function Start Pre Search                  0.001 secs
    Function Start Search                      0.002 secs
    Function Start Search After Code           0.001 secs
    Function Start Search After Data           0.001 secs
    GCC Exception Handlers                     0.012 secs
    Non-Returning Functions - Discovered       0.001 secs
    Non-Returning Functions - Known            0.001 secs
    Reference                                  0.000 secs
    Shared Return Calls                        0.001 secs
    Stack                                      0.038 secs
    Subroutine References                      0.002 secs
    X86 Function Callee Purge                  0.001 secs
    x86 Constant Reference Analyzer            0.041 secs
-----------------------------------------------------
     Total Time   2 secs
-----------------------------------------------------
 (AutoAnalysisManager)  
INFO  REPORT: Analysis succeeded for file: file:///home/ion/tools/karma-lab/allobj/MdtBody.o?MD5=78d51cc3232eb40a6059c8f694ca2cac (HeadlessAnalyzer)  
INFO  REPORT: Execute script: DumpDecomp.java  (HeadlessAnalyzer)  
INFO  SCRIPT: /home/ion/tools/karma-lab/gscripts/DumpDecomp.java (HeadlessAnalyzer)  
INFO  DumpDecomp.java> OVERRIDES applied: 0 (GhidraScript)  
INFO  DumpDecomp.java> VTABLE: MdtBody.o rows=3 applied=3 no-prototype=0 not-in-a-function=0 refused=0 (GhidraScript)  
INFO  DumpDecomp.java> KARMAHDR: calling conventions {__cdecl=67, unknown=24} (GhidraScript)  
INFO  DumpDecomp.java> KARMAHDR: __regparm -> __cdecl on 24 function(s), 0 refused (GhidraScript)  
INFO  DumpDecomp.java> DONE MdtBody.o (GhidraScript)  
INFO  ANALYZING changes made by post scripts: file:///home/ion/tools/karma-lab/allobj/MdtBody.o?MD5=78d51cc3232eb40a6059c8f694ca2cac (HeadlessAnalyzer)  
INFO  REPORT: Post-analysis succeeded for file: file:///home/ion/tools/karma-lab/allobj/MdtBody.o?MD5=78d51cc3232eb40a6059c8f694ca2cac (HeadlessAnalyzer)  
INFO  /allobj/MdtBody.o: file created (ion) (LocalFileSystem)  
INFO  REPORT: Save succeeded for: /allobj/MdtBody.o (Proj:/allobj/MdtBody.o) (HeadlessAnalyzer)  
INFO  REPORT: Import succeeded (HeadlessAnalyzer)  
INFO  IMPORTING: file:///home/ion/tools/karma-lab/allobj/MeString.o?MD5=a385c4790fab60c2025cf0afa262d204 (HeadlessAnalyzer)  
INFO  Using Loader: Executable and Linking Format (ELF) (ProgramLoader)  
INFO  Using Language/Compiler: x86:LE:32:default:gcc (ProgramLoader)  
INFO  Using Library Search Path: [., /bin, /lib, /lib64, /lib/x86_64-linux-gnu, /lib/aarch64-linux-gnu, /usr/bin, /usr/lib, /usr/X11R6/bin, /usr/X11R6/lib, /usr/java/packages/lib, /usr/lib/x86_64-linux-gnu/jni, /usr/lib/x86_64-linux-gnu, /usr/lib/jni] (ProgramLoader)  
INFO  Additional info:
Loading file:///home/ion/tools/karma-lab/allobj/MeString.o?MD5=a385c4790fab60c2025cf0afa262d204...
Skipping section [.text] with invalid size 0x0
Skipping section [.data] with invalid size 0x0
Skipping section [.bss] with invalid size 0x0
------------------------------------------------

 (ProgramLoader)  
INFO  IMPORTING: Loaded 0 additional files (HeadlessAnalyzer)  
INFO  REPORT: Execute script: ParseKarmaHeaders.java  (HeadlessAnalyzer)  
INFO  SCRIPT: /home/ion/tools/karma-lab/gscripts/ParseKarmaHeaders.java (HeadlessAnalyzer)  
INFO  ParseKarmaHeaders.java> KARMAOPT: KD_GHIDRA_OPTS not set, analyzer options untouched (GhidraScript)  
INFO  parse /home/ion/tools/karma-lab/kd_protos10.h (CParserUtils)  
INFO  ParseKarmaHeaders.java> KARMAHDR: parsed FunctionDefinitions=2700 (GhidraScript)  
INFO  ParseKarmaHeaders.java> KARMAHDR: signatures applied -- defined=0 imported=0 failed=0 (GhidraScript)  
INFO  ANALYZING all memory and code: file:///home/ion/tools/karma-lab/allobj/MeString.o?MD5=a385c4790fab60c2025cf0afa262d204 (HeadlessAnalyzer)  
WARN  Mismatched DWARF Attribute and Form: DW_AT_macro_info->DW_FORM_data4 (DWARFAbbreviation)  
INFO  Added 0 source map entries (DWARFImporter)  
INFO  DWARF ver[2], 1 compUnits, 58 DIES, import - total elapsed: 3ms (DWARFImportSummary)  
INFO  DWARF data type import - elapsed: 2ms (DWARFImportSummary)  
INFO  DWARF types imported: 17 (DWARFImportSummary)  
INFO  DWARF compile dirs: [/home/icculus/projects/UT2-Code/karma/MeGlobals/src] (DWARFImportSummary)  
INFO  DWARF producers: [GNU C 3.2.3 20030422 (Gentoo Linux 1.4 3.2.3-r4, propolice)] (DWARFImportSummary)  
INFO  DWARF source languages: [DW_LANG_C89] (DWARFImportSummary)  
INFO  DWARF compUnit: MeString.c (DWARFImportSummary)  
INFO  Applied data type archive: generic_clib (ApplyDataArchiveAnalyzer)  
INFO  REPORT: Analysis succeeded for file: file:///home/ion/tools/karma-lab/allobj/MeString.o?MD5=a385c4790fab60c2025cf0afa262d204 (HeadlessAnalyzer)  
INFO  REPORT: Execute script: DumpDecomp.java  (HeadlessAnalyzer)  
INFO  SCRIPT: /home/ion/tools/karma-lab/gscripts/DumpDecomp.java (HeadlessAnalyzer)  
INFO  DumpDecomp.java> OVERRIDES applied: 0 (GhidraScript)  
INFO  DumpDecomp.java> VTABLE: MeString.o rows=0 applied=0 no-prototype=0 not-in-a-function=0 refused=0 (GhidraScript)  
INFO  DumpDecomp.java> KARMAHDR: calling conventions {} (GhidraScript)  
INFO  DumpDecomp.java> KARMAHDR: __regparm -> __cdecl on 0 function(s), 0 refused (GhidraScript)  
INFO  DumpDecomp.java> DONE MeString.o (GhidraScript)  
INFO  ANALYZING changes made by post scripts: file:///home/ion/tools/karma-lab/allobj/MeString.o?MD5=a385c4790fab60c2025cf0afa262d204 (HeadlessAnalyzer)  
INFO  REPORT: Post-analysis succeeded for file: file:///home/ion/tools/karma-lab/allobj/MeString.o?MD5=a385c4790fab60c2025cf0afa262d204 (HeadlessAnalyzer)  
INFO  /allobj/MeString.o: file created (ion) (LocalFileSystem)  
INFO  REPORT: Save succeeded for: /allobj/MeString.o (Proj:/allobj/MeString.o) (HeadlessAnalyzer)  
INFO  REPORT: Import succeeded (HeadlessAnalyzer)  
INFO  IMPORTING: file:///home/ion/tools/karma-lab/allobj/McdBox.o?MD5=4714eccbeb605bda94328ee2686f55ca (HeadlessAnalyzer)  
INFO  Using Loader: Executable and Linking Format (ELF) (ProgramLoader)  
INFO  Using Language/Compiler: x86:LE:32:default:gcc (ProgramLoader)  
INFO  Using Library Search Path: [., /bin, /lib, /lib64, /lib/x86_64-linux-gnu, /lib/aarch64-linux-gnu, /usr/bin, /usr/lib, /usr/X11R6/bin, /usr/X11R6/lib, /usr/java/packages/lib, /usr/lib/x86_64-linux-gnu/jni, /usr/lib/x86_64-linux-gnu, /usr/lib/jni] (ProgramLoader)  
ERROR EXTERNAL Data ELF Relocation with offset: at 0001005d (External Location = MeMemoryAPI+0x8) (ElfRelocationHandler)  
INFO  Additional info:
Loading file:///home/ion/tools/karma-lab/allobj/McdBox.o?MD5=4714eccbeb605bda94328ee2686f55ca...
Skipping section [.data] with invalid size 0x0
Skipping section [.bss] with invalid size 0x0
------------------------------------------------

 (ProgramLoader)  
INFO  IMPORTING: Loaded 0 additional files (HeadlessAnalyzer)  
INFO  REPORT: Execute script: ParseKarmaHeaders.java  (HeadlessAnalyzer)  
INFO  SCRIPT: /home/ion/tools/karma-lab/gscripts/ParseKarmaHeaders.java (HeadlessAnalyzer)  
INFO  ParseKarmaHeaders.java> KARMAOPT: KD_GHIDRA_OPTS not set, analyzer options untouched (GhidraScript)  
INFO  parse /home/ion/tools/karma-lab/kd_protos10.h (CParserUtils)  
INFO  ParseKarmaHeaders.java> KARMAHDR: parsed FunctionDefinitions=2700 (GhidraScript)  
INFO  ParseKarmaHeaders.java> KARMAHDR: signatures applied -- defined=19 imported=5 failed=0 (GhidraScript)  
INFO  ANALYZING all memory and code: file:///home/ion/tools/karma-lab/allobj/McdBox.o?MD5=4714eccbeb605bda94328ee2686f55ca (HeadlessAnalyzer)  
WARN  Mismatched DWARF Attribute and Form: DW_AT_macro_info->DW_FORM_data4 (DWARFAbbreviation)  
INFO  Added 283 source map entries (DWARFImporter)  
INFO  DWARF ver[2], 1 compUnits, 1841 DIES, import - total elapsed: 31ms (DWARFImportSummary)  
INFO  DWARF data type import - elapsed: 14ms (DWARFImportSummary)  
INFO  DWARF func & symbol import - elapsed: 8ms (DWARFImportSummary)  
INFO  DWARF types imported: 195 (DWARFImportSummary)  
INFO  DWARF compile dirs: [/home/icculus/projects/UT2-Code/karma/Mcd/src/primitives] (DWARFImportSummary)  
INFO  DWARF producers: [GNU C++ 3.2.3 20030422 (Gentoo Linux 1.4 3.2.3-r4, propolice)] (DWARFImportSummary)  
INFO  DWARF source languages: [DW_LANG_C_plus_plus] (DWARFImportSummary)  
INFO  DWARF compUnit: McdBox.cpp (DWARFImportSummary)  
ERROR DWARF un-recoverable expressions: (DWARFImportSummary)  
ERROR   DW_OP_reg13 -> 2 (DWARFImportSummary)  
ERROR   DW_OP_reg3 -> 7 (DWARFImportSummary)  
ERROR   DW_OP_reg1 -> 5 (DWARFImportSummary)  
ERROR   DW_OP_reg0 -> 13 (DWARFImportSummary)  
ERROR   DW_OP_reg2 -> 4 (DWARFImportSummary)  
ERROR   DW_OP_reg14 -> 1 (DWARFImportSummary)  
ERROR   DW_OP_reg7 -> 3 (DWARFImportSummary)  
ERROR   DW_OP_reg16 -> 1 (DWARFImportSummary)  
ERROR   DW_OP_reg17 -> 1 (DWARFImportSummary)  
ERROR   DW_OP_reg6 -> 3 (DWARFImportSummary)  
INFO  Applied data type archive: generic_clib (ApplyDataArchiveAnalyzer)  
INFO  -----------------------------------------------------
    ASCII Strings                              0.000 secs
    Apply Data Archives                        0.042 secs
    Call Convention ID                         2.282 secs
    Call-Fixup Installer                       0.000 secs
    Create Address Tables                      0.001 secs
    Create Function                            0.000 secs
    DWARF                                      0.036 secs
    Data Reference                             0.001 secs
    Decompiler Switch Analysis                 0.000 secs
    Demangler GNU                              0.003 secs
    Disassemble Entry Points                   0.010 secs
    ELF Scalar Operand References              0.004 secs
    Embedded Media                             0.001 secs
    External Entry References                  0.000 secs
    Function ID                                0.004 secs
    Function Start Pre Search                  0.001 secs
    Function Start Search                      0.003 secs
    Function Start Search After Code           0.000 secs
    Function Start Search After Data           0.001 secs
    GCC Exception Handlers                     0.005 secs
    Non-Returning Functions - Discovered       0.000 secs
    Non-Returning Functions - Known            0.000 secs
    Reference                                  0.000 secs
    Shared Return Calls                        0.001 secs
    Stack                                      0.042 secs
    Subroutine References                      0.000 secs
    X86 Function Callee Purge                  0.000 secs
    x86 Constant Reference Analyzer            0.012 secs
-----------------------------------------------------
     Total Time   2 secs
-----------------------------------------------------
 (AutoAnalysisManager)  
INFO  REPORT: Analysis succeeded for file: file:///home/ion/tools/karma-lab/allobj/McdBox.o?MD5=4714eccbeb605bda94328ee2686f55ca (HeadlessAnalyzer)  
INFO  REPORT: Execute script: DumpDecomp.java  (HeadlessAnalyzer)  
INFO  SCRIPT: /home/ion/tools/karma-lab/gscripts/DumpDecomp.java (HeadlessAnalyzer)  
INFO  DumpDecomp.java> OVERRIDES applied: 0 (GhidraScript)  
INFO  DumpDecomp.java> VTABLE: McdBox.o rows=2 applied=2 no-prototype=0 not-in-a-function=0 refused=0 (GhidraScript)  
INFO  DumpDecomp.java> KARMAHDR: calling conventions {__cdecl=12, unknown=10} (GhidraScript)  
INFO  DumpDecomp.java> KARMAHDR: __regparm -> __cdecl on 10 function(s), 0 refused (GhidraScript)  
INFO  DumpDecomp.java> DONE McdBox.o (GhidraScript)  
INFO  ANALYZING changes made by post scripts: file:///home/ion/tools/karma-lab/allobj/McdBox.o?MD5=4714eccbeb605bda94328ee2686f55ca (HeadlessAnalyzer)  
INFO  REPORT: Post-analysis succeeded for file: file:///home/ion/tools/karma-lab/allobj/McdBox.o?MD5=4714eccbeb605bda94328ee2686f55ca (HeadlessAnalyzer)  
INFO  /allobj/McdBox.o: file created (ion) (LocalFileSystem)  
INFO  REPORT: Save succeeded for: /allobj/McdBox.o (Proj:/allobj/McdBox.o) (HeadlessAnalyzer)  
INFO  REPORT: Import succeeded (HeadlessAnalyzer)  
INFO  IMPORTING: file:///home/ion/tools/karma-lab/allobj/IxCylinderLineSegment.o?MD5=431b8729e89bc33b7c46786daa6e3fea (HeadlessAnalyzer)  
INFO  Using Loader: Executable and Linking Format (ELF) (ProgramLoader)  
INFO  Using Language/Compiler: x86:LE:32:default:gcc (ProgramLoader)  
INFO  Using Library Search Path: [., /bin, /lib, /lib64, /lib/x86_64-linux-gnu, /lib/aarch64-linux-gnu, /usr/bin, /usr/lib, /usr/X11R6/bin, /usr/X11R6/lib, /usr/java/packages/lib, /usr/lib/x86_64-linux-gnu/jni, /usr/lib/x86_64-linux-gnu, /usr/lib/jni] (ProgramLoader)  
INFO  Additional info:
Loading file:///home/ion/tools/karma-lab/allobj/IxCylinderLineSegment.o?MD5=431b8729e89bc33b7c46786daa6e3fea...
Skipping section [.data] with invalid size 0x0
Skipping section [.bss] with invalid size 0x0
------------------------------------------------

 (ProgramLoader)  
INFO  IMPORTING: Loaded 0 additional files (HeadlessAnalyzer)  
INFO  REPORT: Execute script: ParseKarmaHeaders.java  (HeadlessAnalyzer)  
INFO  SCRIPT: /home/ion/tools/karma-lab/gscripts/ParseKarmaHeaders.java (HeadlessAnalyzer)  
INFO  ParseKarmaHeaders.java> KARMAOPT: KD_GHIDRA_OPTS not set, analyzer options untouched (GhidraScript)  
INFO  parse /home/ion/tools/karma-lab/kd_protos10.h (CParserUtils)  
INFO  ParseKarmaHeaders.java> KARMAHDR: parsed FunctionDefinitions=2700 (GhidraScript)  
INFO  ParseKarmaHeaders.java> KARMAHDR: signatures applied -- defined=7 imported=5 failed=0 (GhidraScript)  
INFO  ANALYZING all memory and code: file:///home/ion/tools/karma-lab/allobj/IxCylinderLineSegment.o?MD5=431b8729e89bc33b7c46786daa6e3fea (HeadlessAnalyzer)  
WARN  Mismatched DWARF Attribute and Form: DW_AT_macro_info->DW_FORM_data4 (DWARFAbbreviation)  
INFO  Added 136 source map entries (DWARFImporter)  
INFO  DWARF ver[2], 1 compUnits, 1583 DIES, import - total elapsed: 23ms (DWARFImportSummary)  
INFO  DWARF data type import - elapsed: 14ms (DWARFImportSummary)  
INFO  DWARF func & symbol import - elapsed: 3ms (DWARFImportSummary)  
INFO  DWARF types imported: 170 (DWARFImportSummary)  
INFO  DWARF compile dirs: [/home/icculus/projects/UT2-Code/karma/Mcd/src/primitives] (DWARFImportSummary)  
INFO  DWARF producers: [GNU C++ 3.2.3 20030422 (Gentoo Linux 1.4 3.2.3-r4, propolice)] (DWARFImportSummary)  
INFO  DWARF source languages: [DW_LANG_C_plus_plus] (DWARFImportSummary)  
INFO  DWARF compUnit: IxCylinderLineSegment.cpp (DWARFImportSummary)  
ERROR DWARF un-recoverable expressions: (DWARFImportSummary)  
ERROR   DW_OP_reg12 -> 3 (DWARFImportSummary)  
ERROR   DW_OP_reg11 -> 1 (DWARFImportSummary)  
ERROR   DW_OP_reg13 -> 3 (DWARFImportSummary)  
ERROR   DW_OP_reg3 -> 2 (DWARFImportSummary)  
ERROR   DW_OP_reg7 -> 1 (DWARFImportSummary)  
ERROR   DW_OP_reg15 -> 1 (DWARFImportSummary)  
ERROR   DW_OP_reg16 -> 1 (DWARFImportSummary)  
ERROR   DW_OP_reg6 -> 1 (DWARFImportSummary)  
INFO  Applied data type archive: generic_clib (ApplyDataArchiveAnalyzer)  
INFO  REPORT: Analysis succeeded for file: file:///home/ion/tools/karma-lab/allobj/IxCylinderLineSegment.o?MD5=431b8729e89bc33b7c46786daa6e3fea (HeadlessAnalyzer)  
INFO  REPORT: Execute script: DumpDecomp.java  (HeadlessAnalyzer)  
INFO  SCRIPT: /home/ion/tools/karma-lab/gscripts/DumpDecomp.java (HeadlessAnalyzer)  
INFO  DumpDecomp.java> OVERRIDES applied: 0 (GhidraScript)  
INFO  DumpDecomp.java> VTABLE: IxCylinderLineSegment.o rows=0 applied=0 no-prototype=0 not-in-a-function=0 refused=0 (GhidraScript)  
INFO  DumpDecomp.java> KARMAHDR: calling conventions {__cdecl=1, unknown=6} (GhidraScript)  
INFO  DumpDecomp.java> KARMAHDR: __regparm -> __cdecl on 6 function(s), 0 refused (GhidraScript)  
INFO  DumpDecomp.java> DONE IxCylinderLineSegment.o (GhidraScript)  
INFO  ANALYZING changes made by post scripts: file:///home/ion/tools/karma-lab/allobj/IxCylinderLineSegment.o?MD5=431b8729e89bc33b7c46786daa6e3fea (HeadlessAnalyzer)  
INFO  REPORT: Post-analysis succeeded for file: file:///home/ion/tools/karma-lab/allobj/IxCylinderLineSegment.o?MD5=431b8729e89bc33b7c46786daa6e3fea (HeadlessAnalyzer)  
INFO  /allobj/IxCylinderLineSegment.o: file created (ion) (LocalFileSystem)  
INFO  REPORT: Save succeeded for: /allobj/IxCylinderLineSegment.o (Proj:/allobj/IxCylinderLineSegment.o) (HeadlessAnalyzer)  
INFO  REPORT: Import succeeded (HeadlessAnalyzer)  
INFO  IMPORTING: file:///home/ion/tools/karma-lab/allobj/MeCommandLine.o?MD5=30fb995684e769fa603e15d3fc24f148 (HeadlessAnalyzer)  
INFO  Using Loader: Executable and Linking Format (ELF) (ProgramLoader)  
INFO  Using Language/Compiler: x86:LE:32:default:gcc (ProgramLoader)  
INFO  Using Library Search Path: [., /bin, /lib, /lib64, /lib/x86_64-linux-gnu, /lib/aarch64-linux-gnu, /usr/bin, /usr/lib, /usr/X11R6/bin, /usr/X11R6/lib, /usr/java/packages/lib, /usr/lib/x86_64-linux-gnu/jni, /usr/lib/x86_64-linux-gnu, /usr/lib/jni] (ProgramLoader)  
ERROR EXTERNAL Data ELF Relocation with offset: at 000106f5 (External Location = MeMemoryAPI+0xc) (ElfRelocationHandler)  
ERROR EXTERNAL Data ELF Relocation with offset: at 000106fe (External Location = MeMemoryAPI+0xc) (ElfRelocationHandler)  
INFO  Additional info:
Loading file:///home/ion/tools/karma-lab/allobj/MeCommandLine.o?MD5=30fb995684e769fa603e15d3fc24f148...
Skipping section [.data] with invalid size 0x0
Skipping section [.bss] with invalid size 0x0
------------------------------------------------

 (ProgramLoader)  
INFO  IMPORTING: Loaded 0 additional files (HeadlessAnalyzer)  
INFO  REPORT: Execute script: ParseKarmaHeaders.java  (HeadlessAnalyzer)  
INFO  SCRIPT: /home/ion/tools/karma-lab/gscripts/ParseKarmaHeaders.java (HeadlessAnalyzer)  
INFO  ParseKarmaHeaders.java> KARMAOPT: KD_GHIDRA_OPTS not set, analyzer options untouched (GhidraScript)  
INFO  parse /home/ion/tools/karma-lab/kd_protos10.h (CParserUtils)  
INFO  ParseKarmaHeaders.java> KARMAHDR: parsed FunctionDefinitions=2700 (GhidraScript)  
INFO  ParseKarmaHeaders.java> KARMAHDR: signatures applied -- defined=11 imported=2 failed=0 (GhidraScript)  
INFO  ANALYZING all memory and code: file:///home/ion/tools/karma-lab/allobj/MeCommandLine.o?MD5=30fb995684e769fa603e15d3fc24f148 (HeadlessAnalyzer)  
WARN  Mismatched DWARF Attribute and Form: DW_AT_macro_info->DW_FORM_data4 (DWARFAbbreviation)  
INFO  Added 275 source map entries (DWARFImporter)  
INFO  DWARF ver[2], 1 compUnits, 398 DIES, import - total elapsed: 8ms (DWARFImportSummary)  
INFO  DWARF data type import - elapsed: 2ms (DWARFImportSummary)  
INFO  DWARF func & symbol import - elapsed: 4ms (DWARFImportSummary)  
INFO  DWARF types imported: 27 (DWARFImportSummary)  
INFO  DWARF compile dirs: [/home/icculus/projects/UT2-Code/karma/MeGlobals/src] (DWARFImportSummary)  
INFO  DWARF producers: [GNU C 3.2.3 20030422 (Gentoo Linux 1.4 3.2.3-r4, propolice)] (DWARFImportSummary)  
INFO  DWARF source languages: [DW_LANG_C89] (DWARFImportSummary)  
INFO  DWARF compUnit: MeCommandLine.c (DWARFImportSummary)  
ERROR DWARF un-recoverable expressions: (DWARFImportSummary)  
ERROR   DW_OP_reg3 -> 8 (DWARFImportSummary)  
ERROR   DW_OP_reg0 -> 12 (DWARFImportSummary)  
ERROR   DW_OP_reg1 -> 11 (DWARFImportSummary)  
ERROR   DW_OP_reg2 -> 11 (DWARFImportSummary)  
ERROR   DW_OP_reg7 -> 7 (DWARFImportSummary)  
ERROR   DW_OP_reg6 -> 5 (DWARFImportSummary)  
INFO  Applied data type archive: generic_clib (ApplyDataArchiveAnalyzer)  
INFO  -----------------------------------------------------
    ASCII Strings                              0.000 secs
    Apply Data Archives                        0.069 secs
    Call Convention ID                         1.150 secs
    Call-Fixup Installer                       0.000 secs
    Create Address Tables                      0.001 secs
    Create Function                            0.000 secs
    DWARF                                      0.009 secs
    Data Reference                             0.000 secs
    Decompiler Switch Analysis                 0.000 secs
    Demangler GNU                              0.002 secs
    Disassemble Entry Points                   0.008 secs
    ELF Scalar Operand References              0.003 secs
    Embedded Media                             0.000 secs
    External Entry References                  0.000 secs
    Function ID                                0.004 secs
    Function Start Pre Search                  0.001 secs
    Function Start Search                      0.002 secs
    Function Start Search After Code           0.000 secs
    Function Start Search After Data           0.001 secs
    GCC Exception Handlers                     0.002 secs
    Non-Returning Functions - Discovered       0.001 secs
    Non-Returning Functions - Known            0.000 secs
    Reference                                  0.002 secs
    Shared Return Calls                        0.000 secs
    Stack                                      0.018 secs
    Subroutine References                      0.001 secs
    X86 Function Callee Purge                  0.001 secs
    x86 Constant Reference Analyzer            0.013 secs
-----------------------------------------------------
     Total Time   1 secs
-----------------------------------------------------
 (AutoAnalysisManager)  
INFO  REPORT: Analysis succeeded for file: file:///home/ion/tools/karma-lab/allobj/MeCommandLine.o?MD5=30fb995684e769fa603e15d3fc24f148 (HeadlessAnalyzer)  
INFO  REPORT: Execute script: DumpDecomp.java  (HeadlessAnalyzer)  
INFO  SCRIPT: /home/ion/tools/karma-lab/gscripts/DumpDecomp.java (HeadlessAnalyzer)  
INFO  DumpDecomp.java> OVERRIDES applied: 0 (GhidraScript)  
INFO  DumpDecomp.java> VTABLE: MeCommandLine.o rows=4 applied=4 no-prototype=0 not-in-a-function=0 refused=0 (GhidraScript)  
INFO  DumpDecomp.java> KARMAHDR: calling conventions {__cdecl=9, unknown=5} (GhidraScript)  
INFO  DumpDecomp.java> KARMAHDR: __regparm -> __cdecl on 5 function(s), 0 refused (GhidraScript)  
INFO  DumpDecomp.java> DONE MeCommandLine.o (GhidraScript)  
INFO  ANALYZING changes made by post scripts: file:///home/ion/tools/karma-lab/allobj/MeCommandLine.o?MD5=30fb995684e769fa603e15d3fc24f148 (HeadlessAnalyzer)  
INFO  REPORT: Post-analysis succeeded for file: file:///home/ion/tools/karma-lab/allobj/MeCommandLine.o?MD5=30fb995684e769fa603e15d3fc24f148 (HeadlessAnalyzer)  
INFO  /allobj/MeCommandLine.o: file created (ion) (LocalFileSystem)  
INFO  REPORT: Save succeeded for: /allobj/MeCommandLine.o (Proj:/allobj/MeCommandLine.o) (HeadlessAnalyzer)  
INFO  REPORT: Import succeeded (HeadlessAnalyzer)  
INFO  IMPORTING: file:///home/ion/tools/karma-lab/allobj/MovingBoxBoxIntersect.o?MD5=2674e51b628170061488ba6958130d7f (HeadlessAnalyzer)  
INFO  Using Loader: Executable and Linking Format (ELF) (ProgramLoader)  
INFO  Using Language/Compiler: x86:LE:32:default:gcc (ProgramLoader)  
INFO  Using Library Search Path: [., /bin, /lib, /lib64, /lib/x86_64-linux-gnu, /lib/aarch64-linux-gnu, /usr/bin, /usr/lib, /usr/X11R6/bin, /usr/X11R6/lib, /usr/java/packages/lib, /usr/lib/x86_64-linux-gnu/jni, /usr/lib/x86_64-linux-gnu, /usr/lib/jni] (ProgramLoader)  
INFO  Additional info:
Loading file:///home/ion/tools/karma-lab/allobj/MovingBoxBoxIntersect.o?MD5=2674e51b628170061488ba6958130d7f...
Skipping section [.data] with invalid size 0x0
Skipping section [.bss] with invalid size 0x0
------------------------------------------------

 (ProgramLoader)  
INFO  IMPORTING: Loaded 0 additional files (HeadlessAnalyzer)  
INFO  REPORT: Execute script: ParseKarmaHeaders.java  (HeadlessAnalyzer)  
INFO  SCRIPT: /home/ion/tools/karma-lab/gscripts/ParseKarmaHeaders.java (HeadlessAnalyzer)  
INFO  ParseKarmaHeaders.java> KARMAOPT: KD_GHIDRA_OPTS not set, analyzer options untouched (GhidraScript)  
INFO  parse /home/ion/tools/karma-lab/kd_protos10.h (CParserUtils)  
INFO  ParseKarmaHeaders.java> KARMAHDR: parsed FunctionDefinitions=2700 (GhidraScript)  
INFO  ParseKarmaHeaders.java> KARMAHDR: signatures applied -- defined=0 imported=0 failed=0 (GhidraScript)  
INFO  ANALYZING all memory and code: file:///home/ion/tools/karma-lab/allobj/MovingBoxBoxIntersect.o?MD5=2674e51b628170061488ba6958130d7f (HeadlessAnalyzer)  
WARN  Mismatched DWARF Attribute and Form: DW_AT_macro_info->DW_FORM_data4 (DWARFAbbreviation)  
INFO  Added 329 source map entries (DWARFImporter)  
INFO  DWARF ver[2], 1 compUnits, 799 DIES, import - total elapsed: 8ms (DWARFImportSummary)  
INFO  DWARF data type import - elapsed: 3ms (DWARFImportSummary)  
INFO  DWARF func & symbol import - elapsed: 3ms (DWARFImportSummary)  
INFO  DWARF types imported: 37 (DWARFImportSummary)  
INFO  DWARF compile dirs: [/home/icculus/projects/UT2-Code/karma/Mcd/src/primitives] (DWARFImportSummary)  
INFO  DWARF producers: [GNU C++ 3.2.3 20030422 (Gentoo Linux 1.4 3.2.3-r4, propolice)] (DWARFImportSummary)  
INFO  DWARF source languages: [DW_LANG_C_plus_plus] (DWARFImportSummary)  
INFO  DWARF compUnit: MovingBoxBoxIntersect.cpp (DWARFImportSummary)  
ERROR DWARF un-recoverable expressions: (DWARFImportSummary)  
ERROR   DW_OP_reg12 -> 13 (DWARFImportSummary)  
ERROR   DW_OP_reg13 -> 2 (DWARFImportSummary)  
ERROR   DW_OP_reg11 -> 9 (DWARFImportSummary)  
ERROR   DW_OP_reg3 -> 1 (DWARFImportSummary)  
ERROR   DW_OP_reg1 -> 1 (DWARFImportSummary)  
ERROR   DW_OP_reg0 -> 1 (DWARFImportSummary)  
ERROR   DW_OP_reg2 -> 1 (DWARFImportSummary)  
ERROR   DW_OP_reg17 -> 1 (DWARFImportSummary)  
INFO  Applied data type archive: generic_clib (ApplyDataArchiveAnalyzer)  
INFO  REPORT: Analysis succeeded for file: file:///home/ion/tools/karma-lab/allobj/MovingBoxBoxIntersect.o?MD5=2674e51b628170061488ba6958130d7f (HeadlessAnalyzer)  
INFO  REPORT: Execute script: DumpDecomp.java  (HeadlessAnalyzer)  
INFO  SCRIPT: /home/ion/tools/karma-lab/gscripts/DumpDecomp.java (HeadlessAnalyzer)  
INFO  DumpDecomp.java> OVERRIDES applied: 0 (GhidraScript)  
INFO  DumpDecomp.java> VTABLE: MovingBoxBoxIntersect.o rows=0 applied=0 no-prototype=0 not-in-a-function=0 refused=0 (GhidraScript)  
INFO  DumpDecomp.java> KARMAHDR: calling conventions {__cdecl=2, unknown=1} (GhidraScript)  
INFO  DumpDecomp.java> KARMAHDR: __regparm -> __cdecl on 1 function(s), 0 refused (GhidraScript)  
INFO  DumpDecomp.java> DONE MovingBoxBoxIntersect.o (GhidraScript)  
INFO  ANALYZING changes made by post scripts: file:///home/ion/tools/karma-lab/allobj/MovingBoxBoxIntersect.o?MD5=2674e51b628170061488ba6958130d7f (HeadlessAnalyzer)  
INFO  REPORT: Post-analysis succeeded for file: file:///home/ion/tools/karma-lab/allobj/MovingBoxBoxIntersect.o?MD5=2674e51b628170061488ba6958130d7f (HeadlessAnalyzer)  
INFO  /allobj/MovingBoxBoxIntersect.o: file created (ion) (LocalFileSystem)  
INFO  REPORT: Save succeeded for: /allobj/MovingBoxBoxIntersect.o (Proj:/allobj/MovingBoxBoxIntersect.o) (HeadlessAnalyzer)  
INFO  REPORT: Import succeeded (HeadlessAnalyzer)  
INFO  IMPORTING: file:///home/ion/tools/karma-lab/allobj/McdSphereBoxPlaneRegisterTypes.o?MD5=6476bc0be0a990e32169c4a6ad29a150 (HeadlessAnalyzer)  
INFO  Using Loader: Executable and Linking Format (ELF) (ProgramLoader)  
INFO  Using Language/Compiler: x86:LE:32:default:gcc (ProgramLoader)  
INFO  Using Library Search Path: [., /bin, /lib, /lib64, /lib/x86_64-linux-gnu, /lib/aarch64-linux-gnu, /usr/bin, /usr/lib, /usr/X11R6/bin, /usr/X11R6/lib, /usr/java/packages/lib, /usr/lib/x86_64-linux-gnu/jni, /usr/lib/x86_64-linux-gnu, /usr/lib/jni] (ProgramLoader)  
INFO  Additional info:
Loading file:///home/ion/tools/karma-lab/allobj/McdSphereBoxPlaneRegisterTypes.o?MD5=6476bc0be0a990e32169c4a6ad29a150...
Skipping section [.data] with invalid size 0x0
Skipping section [.bss] with invalid size 0x0
------------------------------------------------

 (ProgramLoader)  
INFO  IMPORTING: Loaded 0 additional files (HeadlessAnalyzer)  
INFO  REPORT: Execute script: ParseKarmaHeaders.java  (HeadlessAnalyzer)  
INFO  SCRIPT: /home/ion/tools/karma-lab/gscripts/ParseKarmaHeaders.java (HeadlessAnalyzer)  
INFO  ParseKarmaHeaders.java> KARMAOPT: KD_GHIDRA_OPTS not set, analyzer options untouched (GhidraScript)  
INFO  parse /home/ion/tools/karma-lab/kd_protos10.h (CParserUtils)  
INFO  ParseKarmaHeaders.java> KARMAHDR: parsed FunctionDefinitions=2700 (GhidraScript)  
INFO  ParseKarmaHeaders.java> KARMAHDR: signatures applied -- defined=4 imported=3 failed=0 (GhidraScript)  
INFO  ANALYZING all memory and code: file:///home/ion/tools/karma-lab/allobj/McdSphereBoxPlaneRegisterTypes.o?MD5=6476bc0be0a990e32169c4a6ad29a150 (HeadlessAnalyzer)  
WARN  Mismatched DWARF Attribute and Form: DW_AT_macro_info->DW_FORM_data4 (DWARFAbbreviation)  
INFO  Added 4 source map entries (DWARFImporter)  
INFO  DWARF ver[2], 1 compUnits, 590 DIES, import - total elapsed: 21ms (DWARFImportSummary)  
INFO  DWARF data type import - elapsed: 15ms (DWARFImportSummary)  
INFO  DWARF func & symbol import - elapsed: 2ms (DWARFImportSummary)  
INFO  DWARF types imported: 157 (DWARFImportSummary)  
INFO  DWARF compile dirs: [/home/icculus/projects/UT2-Code/karma/Mcd/src/primitives] (DWARFImportSummary)  
INFO  DWARF producers: [GNU C++ 3.2.3 20030422 (Gentoo Linux 1.4 3.2.3-r4, propolice)] (DWARFImportSummary)  
INFO  DWARF source languages: [DW_LANG_C_plus_plus] (DWARFImportSummary)  
INFO  DWARF compUnit: McdSphereBoxPlaneRegisterTypes.cpp (DWARFImportSummary)  
ERROR DWARF un-recoverable expressions: (DWARFImportSummary)  
ERROR   DW_OP_reg3 -> 1 (DWARFImportSummary)  
INFO  Applied data type archive: generic_clib (ApplyDataArchiveAnalyzer)  
INFO  REPORT: Analysis succeeded for file: file:///home/ion/tools/karma-lab/allobj/McdSphereBoxPlaneRegisterTypes.o?MD5=6476bc0be0a990e32169c4a6ad29a150 (HeadlessAnalyzer)  
INFO  REPORT: Execute script: DumpDecomp.java  (HeadlessAnalyzer)  
INFO  SCRIPT: /home/ion/tools/karma-lab/gscripts/DumpDecomp.java (HeadlessAnalyzer)  
INFO  DumpDecomp.java> OVERRIDES applied: 0 (GhidraScript)  
INFO  DumpDecomp.java> VTABLE: McdSphereBoxPlaneRegisterTypes.o rows=0 applied=0 no-prototype=0 not-in-a-function=0 refused=0 (GhidraScript)  
INFO  DumpDecomp.java> KARMAHDR: calling conventions {__cdecl=1, unknown=3} (GhidraScript)  
INFO  DumpDecomp.java> KARMAHDR: __regparm -> __cdecl on 3 function(s), 0 refused (GhidraScript)  
INFO  DumpDecomp.java> DONE McdSphereBoxPlaneRegisterTypes.o (GhidraScript)  
INFO  ANALYZING changes made by post scripts: file:///home/ion/tools/karma-lab/allobj/McdSphereBoxPlaneRegisterTypes.o?MD5=6476bc0be0a990e32169c4a6ad29a150 (HeadlessAnalyzer)  
INFO  REPORT: Post-analysis succeeded for file: file:///home/ion/tools/karma-lab/allobj/McdSphereBoxPlaneRegisterTypes.o?MD5=6476bc0be0a990e32169c4a6ad29a150 (HeadlessAnalyzer)  
INFO  /allobj/McdSphereBoxPlaneRegisterTypes.o: file created (ion) (LocalFileSystem)  
INFO  REPORT: Save succeeded for: /allobj/McdSphereBoxPlaneRegisterTypes.o (Proj:/allobj/McdSphereBoxPlaneRegisterTypes.o) (HeadlessAnalyzer)  
INFO  REPORT: Import succeeded (HeadlessAnalyzer)  
INFO  IMPORTING: file:///home/ion/tools/karma-lab/allobj/MeAssetDB.o?MD5=d7bf13ee76ffd8f9098dadb6b8ebe171 (HeadlessAnalyzer)  
INFO  Using Loader: Executable and Linking Format (ELF) (ProgramLoader)  
INFO  Using Language/Compiler: x86:LE:32:default:gcc (ProgramLoader)  
INFO  Using Library Search Path: [., /bin, /lib, /lib64, /lib/x86_64-linux-gnu, /lib/aarch64-linux-gnu, /usr/bin, /usr/lib, /usr/X11R6/bin, /usr/X11R6/lib, /usr/java/packages/lib, /usr/lib/x86_64-linux-gnu/jni, /usr/lib/x86_64-linux-gnu, /usr/lib/jni] (ProgramLoader)  
ERROR EXTERNAL Data ELF Relocation with offset: at 0001012e (External Location = MeMemoryAPI+0xc) (ElfRelocationHandler)  
ERROR EXTERNAL Data ELF Relocation with offset: at 0001015b (External Location = MeMemoryAPI+0x4) (ElfRelocationHandler)  
ERROR EXTERNAL Data ELF Relocation with offset: at 000101ca (External Location = MeMemoryAPI+0xc) (ElfRelocationHandler)  
ERROR EXTERNAL Data ELF Relocation with offset: at 000101d3 (External Location = MeMemoryAPI+0xc) (ElfRelocationHandler)  
ERROR EXTERNAL Data ELF Relocation with offset: at 0001022c (External Location = MeMemoryAPI+0x4) (ElfRelocationHandler)  
ERROR EXTERNAL Data ELF Relocation with offset: at 000103cd (External Location = MeMemoryAPI+0xc) (ElfRelocationHandler)  
INFO  Additional info:
Loading file:///home/ion/tools/karma-lab/allobj/MeAssetDB.o?MD5=d7bf13ee76ffd8f9098dadb6b8ebe171...
Skipping section [.data] with invalid size 0x0
Skipping section [.bss] with invalid size 0x0
------------------------------------------------

 (ProgramLoader)  
INFO  IMPORTING: Loaded 0 additional files (HeadlessAnalyzer)  
INFO  REPORT: Execute script: ParseKarmaHeaders.java  (HeadlessAnalyzer)  
INFO  SCRIPT: /home/ion/tools/karma-lab/gscripts/ParseKarmaHeaders.java (HeadlessAnalyzer)  
INFO  ParseKarmaHeaders.java> KARMAOPT: KD_GHIDRA_OPTS not set, analyzer options untouched (GhidraScript)  
INFO  parse /home/ion/tools/karma-lab/kd_protos10.h (CParserUtils)  
INFO  ParseKarmaHeaders.java> KARMAHDR: parsed FunctionDefinitions=2700 (GhidraScript)  
INFO  ParseKarmaHeaders.java> KARMAHDR: signatures applied -- defined=16 imported=2 failed=0 (GhidraScript)  
INFO  ANALYZING all memory and code: file:///home/ion/tools/karma-lab/allobj/MeAssetDB.o?MD5=d7bf13ee76ffd8f9098dadb6b8ebe171 (HeadlessAnalyzer)  
WARN  Mismatched DWARF Attribute and Form: DW_AT_macro_info->DW_FORM_data4 (DWARFAbbreviation)  
INFO  Added 148 source map entries (DWARFImporter)  
INFO  DWARF ver[2], 1 compUnits, 526 DIES, import - total elapsed: 13ms (DWARFImportSummary)  
INFO  DWARF data type import - elapsed: 6ms (DWARFImportSummary)  
INFO  DWARF func & symbol import - elapsed: 5ms (DWARFImportSummary)  
INFO  DWARF types imported: 95 (DWARFImportSummary)  
INFO  DWARF compile dirs: [/home/icculus/projects/UT2-Code/karma/MeAssetDB/src] (DWARFImportSummary)  
INFO  DWARF producers: [GNU C 3.2.3 20030422 (Gentoo Linux 1.4 3.2.3-r4, propolice)] (DWARFImportSummary)  
INFO  DWARF source languages: [DW_LANG_C89] (DWARFImportSummary)  
INFO  DWARF compUnit: MeAssetDB.c (DWARFImportSummary)  
ERROR DWARF un-recoverable expressions: (DWARFImportSummary)  
ERROR   DW_OP_reg3 -> 8 (DWARFImportSummary)  
ERROR   DW_OP_reg1 -> 3 (DWARFImportSummary)  
ERROR   DW_OP_reg0 -> 21 (DWARFImportSummary)  
ERROR   DW_OP_reg2 -> 1 (DWARFImportSummary)  
ERROR   DW_OP_reg7 -> 2 (DWARFImportSummary)  
ERROR   DW_OP_reg6 -> 7 (DWARFImportSummary)  
INFO  Applied data type archive: generic_clib (ApplyDataArchiveAnalyzer)  
INFO  -----------------------------------------------------
    ASCII Strings                              0.000 secs
    Apply Data Archives                        0.042 secs
    Call Convention ID                         2.260 secs
    Call-Fixup Installer                       0.000 secs
    Create Address Tables                      0.000 secs
    Create Function                            0.000 secs
    DWARF                                      0.016 secs
    Data Reference                             0.001 secs
    Decompiler Switch Analysis                 0.000 secs
    Demangler GNU                              0.003 secs
    Disassemble Entry Points                   0.004 secs
    ELF Scalar Operand References              0.001 secs
    Embedded Media                             0.001 secs
    External Entry References                  0.000 secs
    Function ID                                0.003 secs
    Function Start Pre Search                  0.001 secs
    Function Start Search                      0.002 secs
    Function Start Search After Code           0.000 secs
    Function Start Search After Data           0.000 secs
    GCC Exception Handlers                     0.002 secs
    Non-Returning Functions - Discovered       0.001 secs
    Non-Returning Functions - Known            0.000 secs
    Reference                                  0.000 secs
    Shared Return Calls                        0.000 secs
    Stack                                      0.039 secs
    Subroutine References                      0.000 secs
    X86 Function Callee Purge                  0.000 secs
    x86 Constant Reference Analyzer            0.005 secs
-----------------------------------------------------
     Total Time   2 secs
-----------------------------------------------------
 (AutoAnalysisManager)  
INFO  REPORT: Analysis succeeded for file: file:///home/ion/tools/karma-lab/allobj/MeAssetDB.o?MD5=d7bf13ee76ffd8f9098dadb6b8ebe171 (HeadlessAnalyzer)  
INFO  REPORT: Execute script: DumpDecomp.java  (HeadlessAnalyzer)  
INFO  SCRIPT: /home/ion/tools/karma-lab/gscripts/DumpDecomp.java (HeadlessAnalyzer)  
INFO  DumpDecomp.java> OVERRIDES applied: 0 (GhidraScript)  
INFO  DumpDecomp.java> VTABLE: MeAssetDB.o rows=10 applied=10 no-prototype=0 not-in-a-function=0 refused=0 (GhidraScript)  
INFO  DumpDecomp.java> KARMAHDR: calling conventions {__cdecl=12, unknown=7} (GhidraScript)  
INFO  DumpDecomp.java> KARMAHDR: __regparm -> __cdecl on 7 function(s), 0 refused (GhidraScript)  
INFO  DumpDecomp.java> DONE MeAssetDB.o (GhidraScript)  
INFO  ANALYZING changes made by post scripts: file:///home/ion/tools/karma-lab/allobj/MeAssetDB.o?MD5=d7bf13ee76ffd8f9098dadb6b8ebe171 (HeadlessAnalyzer)  
INFO  REPORT: Post-analysis succeeded for file: file:///home/ion/tools/karma-lab/allobj/MeAssetDB.o?MD5=d7bf13ee76ffd8f9098dadb6b8ebe171 (HeadlessAnalyzer)  
INFO  /allobj/MeAssetDB.o: file created (ion) (LocalFileSystem)  
INFO  REPORT: Save succeeded for: /allobj/MeAssetDB.o (Proj:/allobj/MeAssetDB.o) (HeadlessAnalyzer)  
INFO  REPORT: Import succeeded (HeadlessAnalyzer)  
INFO  IMPORTING: file:///home/ion/tools/karma-lab/allobj/MdtContactGroup.o?MD5=4fb38c56acc20630c5a8155c54538e26 (HeadlessAnalyzer)  
INFO  Using Loader: Executable and Linking Format (ELF) (ProgramLoader)  
INFO  Using Language/Compiler: x86:LE:32:default:gcc (ProgramLoader)  
INFO  Using Library Search Path: [., /bin, /lib, /lib64, /lib/x86_64-linux-gnu, /lib/aarch64-linux-gnu, /usr/bin, /usr/lib, /usr/X11R6/bin, /usr/X11R6/lib, /usr/java/packages/lib, /usr/lib/x86_64-linux-gnu/jni, /usr/lib/x86_64-linux-gnu, /usr/lib/jni] (ProgramLoader)  
INFO  Additional info:
Loading file:///home/ion/tools/karma-lab/allobj/MdtContactGroup.o?MD5=4fb38c56acc20630c5a8155c54538e26...
Skipping section [.data] with invalid size 0x0
Skipping section [.bss] with invalid size 0x0
------------------------------------------------

 (ProgramLoader)  
INFO  IMPORTING: Loaded 0 additional files (HeadlessAnalyzer)  
INFO  REPORT: Execute script: ParseKarmaHeaders.java  (HeadlessAnalyzer)  
INFO  SCRIPT: /home/ion/tools/karma-lab/gscripts/ParseKarmaHeaders.java (HeadlessAnalyzer)  
INFO  ParseKarmaHeaders.java> KARMAOPT: KD_GHIDRA_OPTS not set, analyzer options untouched (GhidraScript)  
INFO  parse /home/ion/tools/karma-lab/kd_protos10.h (CParserUtils)  
INFO  ParseKarmaHeaders.java> KARMAHDR: parsed FunctionDefinitions=2700 (GhidraScript)  
INFO  ParseKarmaHeaders.java> KARMAHDR: signatures applied -- defined=28 imported=12 failed=0 (GhidraScript)  
INFO  ANALYZING all memory and code: file:///home/ion/tools/karma-lab/allobj/MdtContactGroup.o?MD5=4fb38c56acc20630c5a8155c54538e26 (HeadlessAnalyzer)  
WARN  Mismatched DWARF Attribute and Form: DW_AT_macro_info->DW_FORM_data4 (DWARFAbbreviation)  
INFO  Added 153 source map entries (DWARFImporter)  
INFO  DWARF ver[2], 1 compUnits, 563 DIES, import - total elapsed: 25ms (DWARFImportSummary)  
INFO  DWARF data type import - elapsed: 14ms (DWARFImportSummary)  
INFO  DWARF func & symbol import - elapsed: 6ms (DWARFImportSummary)  
INFO  DWARF types imported: 109 (DWARFImportSummary)  
INFO  DWARF compile dirs: [/home/icculus/projects/UT2-Code/karma/Mdt/src] (DWARFImportSummary)  
INFO  DWARF producers: [GNU C 3.2.3 20030422 (Gentoo Linux 1.4 3.2.3-r4, propolice)] (DWARFImportSummary)  
INFO  DWARF source languages: [DW_LANG_C89] (DWARFImportSummary)  
INFO  DWARF compUnit: MdtContactGroup.c (DWARFImportSummary)  
ERROR DWARF un-recoverable expressions: (DWARFImportSummary)  
ERROR   DW_OP_reg3 -> 6 (DWARFImportSummary)  
ERROR   DW_OP_reg1 -> 1 (DWARFImportSummary)  
ERROR   DW_OP_reg0 -> 9 (DWARFImportSummary)  
ERROR   DW_OP_reg2 -> 5 (DWARFImportSummary)  
ERROR   DW_OP_reg7 -> 2 (DWARFImportSummary)  
ERROR   DW_OP_reg6 -> 4 (DWARFImportSummary)  
INFO  Applied data type archive: generic_clib (ApplyDataArchiveAnalyzer)  
INFO  -----------------------------------------------------
    ASCII Strings                              0.000 secs
    Apply Data Archives                        0.049 secs
    Call Convention ID                         2.269 secs
    Call-Fixup Installer                       0.001 secs
    Create Address Tables                      0.001 secs
    Create Function                            0.000 secs
    DWARF                                      0.042 secs
    Data Reference                             0.001 secs
    Decompiler Switch Analysis                 0.000 secs
    Demangler GNU                              0.002 secs
    Disassemble Entry Points                   0.007 secs
    ELF Scalar Operand References              0.002 secs
    Embedded Media                             0.000 secs
    External Entry References                  0.000 secs
    Function ID                                0.003 secs
    Function Start Pre Search                  0.001 secs
    Function Start Search                      0.002 secs
    Function Start Search After Code           0.000 secs
    Function Start Search After Data           0.000 secs
    GCC Exception Handlers                     0.004 secs
    Non-Returning Functions - Discovered       0.000 secs
    Non-Returning Functions - Known            0.000 secs
    Reference                                  0.000 secs
    Shared Return Calls                        0.001 secs
    Stack                                      0.007 secs
    Subroutine References                      0.000 secs
    X86 Function Callee Purge                  0.000 secs
    x86 Constant Reference Analyzer            0.006 secs
-----------------------------------------------------
     Total Time   2 secs
-----------------------------------------------------
 (AutoAnalysisManager)  
INFO  REPORT: Analysis succeeded for file: file:///home/ion/tools/karma-lab/allobj/MdtContactGroup.o?MD5=4fb38c56acc20630c5a8155c54538e26 (HeadlessAnalyzer)  
INFO  REPORT: Execute script: DumpDecomp.java  (HeadlessAnalyzer)  
INFO  SCRIPT: /home/ion/tools/karma-lab/gscripts/DumpDecomp.java (HeadlessAnalyzer)  
INFO  DumpDecomp.java> OVERRIDES applied: 0 (GhidraScript)  
INFO  DumpDecomp.java> VTABLE: MdtContactGroup.o rows=0 applied=0 no-prototype=0 not-in-a-function=0 refused=0 (GhidraScript)  
INFO  DumpDecomp.java> KARMAHDR: calling conventions {__cdecl=15, unknown=13} (GhidraScript)  
INFO  DumpDecomp.java> KARMAHDR: __regparm -> __cdecl on 13 function(s), 0 refused (GhidraScript)  
INFO  DumpDecomp.java> DONE MdtContactGroup.o (GhidraScript)  
INFO  ANALYZING changes made by post scripts: file:///home/ion/tools/karma-lab/allobj/MdtContactGroup.o?MD5=4fb38c56acc20630c5a8155c54538e26 (HeadlessAnalyzer)  
INFO  REPORT: Post-analysis succeeded for file: file:///home/ion/tools/karma-lab/allobj/MdtContactGroup.o?MD5=4fb38c56acc20630c5a8155c54538e26 (HeadlessAnalyzer)  
INFO  /allobj/MdtContactGroup.o: file created (ion) (LocalFileSystem)  
INFO  REPORT: Save succeeded for: /allobj/MdtContactGroup.o (Proj:/allobj/MdtContactGroup.o) (HeadlessAnalyzer)  
INFO  REPORT: Import succeeded (HeadlessAnalyzer)  
INFO  IMPORTING: file:///home/ion/tools/karma-lab/allobj/McdNull.o?MD5=4619b9ab9a384ee33bb7e310e80a96b4 (HeadlessAnalyzer)  
INFO  Using Loader: Executable and Linking Format (ELF) (ProgramLoader)  
INFO  Using Language/Compiler: x86:LE:32:default:gcc (ProgramLoader)  
INFO  Using Library Search Path: [., /bin, /lib, /lib64, /lib/x86_64-linux-gnu, /lib/aarch64-linux-gnu, /usr/bin, /usr/lib, /usr/X11R6/bin, /usr/X11R6/lib, /usr/java/packages/lib, /usr/lib/x86_64-linux-gnu/jni, /usr/lib/x86_64-linux-gnu, /usr/lib/jni] (ProgramLoader)  
ERROR EXTERNAL Data ELF Relocation with offset: at 0001005d (External Location = MeMemoryAPI+0x8) (ElfRelocationHandler)  
INFO  Additional info:
Loading file:///home/ion/tools/karma-lab/allobj/McdNull.o?MD5=4619b9ab9a384ee33bb7e310e80a96b4...
Skipping section [.bss] with invalid size 0x0
------------------------------------------------

 (ProgramLoader)  
INFO  IMPORTING: Loaded 0 additional files (HeadlessAnalyzer)  
INFO  REPORT: Execute script: ParseKarmaHeaders.java  (HeadlessAnalyzer)  
INFO  SCRIPT: /home/ion/tools/karma-lab/gscripts/ParseKarmaHeaders.java (HeadlessAnalyzer)  
INFO  ParseKarmaHeaders.java> KARMAOPT: KD_GHIDRA_OPTS not set, analyzer options untouched (GhidraScript)  
INFO  parse /home/ion/tools/karma-lab/kd_protos10.h (CParserUtils)  
INFO  ParseKarmaHeaders.java> KARMAHDR: parsed FunctionDefinitions=2700 (GhidraScript)  
INFO  ParseKarmaHeaders.java> KARMAHDR: signatures applied -- defined=14 imported=5 failed=0 (GhidraScript)  
INFO  ANALYZING all memory and code: file:///home/ion/tools/karma-lab/allobj/McdNull.o?MD5=4619b9ab9a384ee33bb7e310e80a96b4 (HeadlessAnalyzer)  
WARN  Mismatched DWARF Attribute and Form: DW_AT_macro_info->DW_FORM_data4 (DWARFAbbreviation)  
INFO  Added 24 source map entries (DWARFImporter)  
INFO  DWARF ver[2], 1 compUnits, 706 DIES, import - total elapsed: 21ms (DWARFImportSummary)  
INFO  DWARF data type import - elapsed: 12ms (DWARFImportSummary)  
INFO  DWARF func & symbol import - elapsed: 4ms (DWARFImportSummary)  
INFO  DWARF types imported: 175 (DWARFImportSummary)  
INFO  DWARF compile dirs: [/home/icculus/projects/UT2-Code/karma/Mcd/src/frame] (DWARFImportSummary)  
INFO  DWARF producers: [GNU C++ 3.2.3 20030422 (Gentoo Linux 1.4 3.2.3-r4, propolice)] (DWARFImportSummary)  
INFO  DWARF source languages: [DW_LANG_C_plus_plus] (DWARFImportSummary)  
INFO  DWARF compUnit: McdNull.cpp (DWARFImportSummary)  
ERROR DWARF un-recoverable expressions: (DWARFImportSummary)  
ERROR   DW_OP_reg3 -> 1 (DWARFImportSummary)  
INFO  Applied data type archive: generic_clib (ApplyDataArchiveAnalyzer)  
INFO  REPORT: Analysis succeeded for file: file:///home/ion/tools/karma-lab/allobj/McdNull.o?MD5=4619b9ab9a384ee33bb7e310e80a96b4 (HeadlessAnalyzer)  
INFO  REPORT: Execute script: DumpDecomp.java  (HeadlessAnalyzer)  
INFO  SCRIPT: /home/ion/tools/karma-lab/gscripts/DumpDecomp.java (HeadlessAnalyzer)  
INFO  DumpDecomp.java> OVERRIDES applied: 0 (GhidraScript)  
INFO  DumpDecomp.java> VTABLE: McdNull.o rows=1 applied=1 no-prototype=0 not-in-a-function=0 refused=0 (GhidraScript)  
INFO  DumpDecomp.java> KARMAHDR: calling conventions {unknown=14} (GhidraScript)  
INFO  DumpDecomp.java> KARMAHDR: __regparm -> __cdecl on 14 function(s), 0 refused (GhidraScript)  
INFO  DumpDecomp.java> DONE McdNull.o (GhidraScript)  
INFO  ANALYZING changes made by post scripts: file:///home/ion/tools/karma-lab/allobj/McdNull.o?MD5=4619b9ab9a384ee33bb7e310e80a96b4 (HeadlessAnalyzer)  
INFO  REPORT: Post-analysis succeeded for file: file:///home/ion/tools/karma-lab/allobj/McdNull.o?MD5=4619b9ab9a384ee33bb7e310e80a96b4 (HeadlessAnalyzer)  
INFO  /allobj/McdNull.o: file created (ion) (LocalFileSystem)  
INFO  REPORT: Save succeeded for: /allobj/McdNull.o (Proj:/allobj/McdNull.o) (HeadlessAnalyzer)  
INFO  REPORT: Import succeeded (HeadlessAnalyzer)  
INFO  IMPORTING: file:///home/ion/tools/karma-lab/allobj/MeFileSearch.o?MD5=ca5266a6a4efcab2fe424c30838f8584 (HeadlessAnalyzer)  
INFO  Using Loader: Executable and Linking Format (ELF) (ProgramLoader)  
INFO  Using Language/Compiler: x86:LE:32:default:gcc (ProgramLoader)  
INFO  Using Library Search Path: [., /bin, /lib, /lib64, /lib/x86_64-linux-gnu, /lib/aarch64-linux-gnu, /usr/bin, /usr/lib, /usr/X11R6/bin, /usr/X11R6/lib, /usr/java/packages/lib, /usr/lib/x86_64-linux-gnu/jni, /usr/lib/x86_64-linux-gnu, /usr/lib/jni] (ProgramLoader)  
INFO  Additional info:
Loading file:///home/ion/tools/karma-lab/allobj/MeFileSearch.o?MD5=ca5266a6a4efcab2fe424c30838f8584...
Skipping section [.data] with invalid size 0x0
Skipping section [.bss] with invalid size 0x0
------------------------------------------------

 (ProgramLoader)  
INFO  IMPORTING: Loaded 0 additional files (HeadlessAnalyzer)  
INFO  REPORT: Execute script: ParseKarmaHeaders.java  (HeadlessAnalyzer)  
INFO  SCRIPT: /home/ion/tools/karma-lab/gscripts/ParseKarmaHeaders.java (HeadlessAnalyzer)  
INFO  ParseKarmaHeaders.java> KARMAOPT: KD_GHIDRA_OPTS not set, analyzer options untouched (GhidraScript)  
INFO  parse /home/ion/tools/karma-lab/kd_protos10.h (CParserUtils)  
INFO  ParseKarmaHeaders.java> KARMAHDR: parsed FunctionDefinitions=2700 (GhidraScript)  
INFO  ParseKarmaHeaders.java> KARMAHDR: signatures applied -- defined=5 imported=1 failed=0 (GhidraScript)  
INFO  ANALYZING all memory and code: file:///home/ion/tools/karma-lab/allobj/MeFileSearch.o?MD5=ca5266a6a4efcab2fe424c30838f8584 (HeadlessAnalyzer)  
WARN  Mismatched DWARF Attribute and Form: DW_AT_macro_info->DW_FORM_data4 (DWARFAbbreviation)  
INFO  Added 32 source map entries (DWARFImporter)  
INFO  DWARF ver[2], 1 compUnits, 116 DIES, import - total elapsed: 8ms (DWARFImportSummary)  
INFO  DWARF data type import - elapsed: 3ms (DWARFImportSummary)  
INFO  DWARF func & symbol import - elapsed: 3ms (DWARFImportSummary)  
INFO  DWARF types imported: 20 (DWARFImportSummary)  
INFO  DWARF compile dirs: [/home/icculus/projects/UT2-Code/karma/MeGlobals/src] (DWARFImportSummary)  
INFO  DWARF producers: [GNU C 3.2.3 20030422 (Gentoo Linux 1.4 3.2.3-r4, propolice)] (DWARFImportSummary)  
INFO  DWARF source languages: [DW_LANG_C89] (DWARFImportSummary)  
INFO  DWARF compUnit: MeFileSearch.c (DWARFImportSummary)  
ERROR DWARF un-recoverable expressions: (DWARFImportSummary)  
ERROR   DW_OP_reg0 -> 1 (DWARFImportSummary)  
ERROR   DW_OP_reg2 -> 1 (DWARFImportSummary)  
ERROR   DW_OP_reg7 -> 1 (DWARFImportSummary)  
ERROR   DW_OP_reg6 -> 1 (DWARFImportSummary)  
INFO  Applied data type archive: generic_clib (ApplyDataArchiveAnalyzer)  
INFO  REPORT: Analysis succeeded for file: file:///home/ion/tools/karma-lab/allobj/MeFileSearch.o?MD5=ca5266a6a4efcab2fe424c30838f8584 (HeadlessAnalyzer)  
INFO  REPORT: Execute script: DumpDecomp.java  (HeadlessAnalyzer)  
INFO  SCRIPT: /home/ion/tools/karma-lab/gscripts/DumpDecomp.java (HeadlessAnalyzer)  
INFO  DumpDecomp.java> OVERRIDES applied: 0 (GhidraScript)  
INFO  DumpDecomp.java> VTABLE: MeFileSearch.o rows=0 applied=0 no-prototype=0 not-in-a-function=0 refused=0 (GhidraScript)  
INFO  DumpDecomp.java> KARMAHDR: calling conventions {__cdecl=1, unknown=7} (GhidraScript)  
INFO  DumpDecomp.java> KARMAHDR: __regparm -> __cdecl on 7 function(s), 0 refused (GhidraScript)  
INFO  DumpDecomp.java> DONE MeFileSearch.o (GhidraScript)  
INFO  ANALYZING changes made by post scripts: file:///home/ion/tools/karma-lab/allobj/MeFileSearch.o?MD5=ca5266a6a4efcab2fe424c30838f8584 (HeadlessAnalyzer)  
INFO  REPORT: Post-analysis succeeded for file: file:///home/ion/tools/karma-lab/allobj/MeFileSearch.o?MD5=ca5266a6a4efcab2fe424c30838f8584 (HeadlessAnalyzer)  
INFO  /allobj/MeFileSearch.o: file created (ion) (LocalFileSystem)  
INFO  REPORT: Save succeeded for: /allobj/MeFileSearch.o (Proj:/allobj/MeFileSearch.o) (HeadlessAnalyzer)  
INFO  REPORT: Import succeeded (HeadlessAnalyzer)  
INFO  IMPORTING: file:///home/ion/tools/karma-lab/allobj/MeProfile.o?MD5=33121417b00370264f3b25e8844698a4 (HeadlessAnalyzer)  
INFO  Using Loader: Executable and Linking Format (ELF) (ProgramLoader)  
INFO  Using Language/Compiler: x86:LE:32:default:gcc (ProgramLoader)  
INFO  Using Library Search Path: [., /bin, /lib, /lib64, /lib/x86_64-linux-gnu, /lib/aarch64-linux-gnu, /usr/bin, /usr/lib, /usr/X11R6/bin, /usr/X11R6/lib, /usr/java/packages/lib, /usr/lib/x86_64-linux-gnu/jni, /usr/lib/x86_64-linux-gnu, /usr/lib/jni] (ProgramLoader)  
ERROR EXTERNAL Data ELF Relocation with offset: at 00010012 (External Location = MeMemoryAPI+0xc) (ElfRelocationHandler)  
ERROR EXTERNAL Data ELF Relocation with offset: at 0001002a (External Location = MeMemoryAPI+0xc) (ElfRelocationHandler)  
ERROR EXTERNAL Data ELF Relocation with offset: at 00010058 (External Location = MeMemoryAPI+0xc) (ElfRelocationHandler)  
ERROR EXTERNAL Data ELF Relocation with offset: at 0001006d (External Location = MeMemoryAPI+0xc) (ElfRelocationHandler)  
ERROR EXTERNAL Data ELF Relocation with offset: at 0001023a (External Location = MeMemoryAPI+0xc) (ElfRelocationHandler)  
ERROR EXTERNAL Data ELF Relocation with offset: at 000108f6 (External Location = MeMemoryAPI+0x8) (ElfRelocationHandler)  
ERROR EXTERNAL Data ELF Relocation with offset: at 00010c2a (External Location = MeMemoryAPI+0x10) (ElfRelocationHandler)  
ERROR EXTERNAL Data ELF Relocation with offset: at 00010cfc (External Location = MeMemoryAPI+0x8) (ElfRelocationHandler)  
ERROR EXTERNAL Data ELF Relocation with offset: at 00010d0a (External Location = MeMemoryAPI+0x8) (ElfRelocationHandler)  
ERROR EXTERNAL Data ELF Relocation with offset: at 00010d1a (External Location = MeMemoryAPI+0x8) (ElfRelocationHandler)  
ERROR EXTERNAL Data ELF Relocation with offset: at 00010d2b (External Location = MeMemoryAPI+0x8) (ElfRelocationHandler)  
ERROR EXTERNAL Data ELF Relocation with offset: at 00011302 (External Location = MeMemoryAPI+0x10) (ElfRelocationHandler)  
ERROR EXTERNAL Data ELF Relocation with offset: at 0001130d (External Location = MeMemoryAPI+0x10) (ElfRelocationHandler)  
ERROR EXTERNAL Data ELF Relocation with offset: at 0001131b (External Location = MeMemoryAPI+0x10) (ElfRelocationHandler)  
ERROR EXTERNAL Data ELF Relocation with offset: at 00011521 (External Location = MeMemoryAPI+0x4) (ElfRelocationHandler)  
INFO  Additional info:
Loading file:///home/ion/tools/karma-lab/allobj/MeProfile.o?MD5=33121417b00370264f3b25e8844698a4...
------------------------------------------------

 (ProgramLoader)  
INFO  IMPORTING: Loaded 0 additional files (HeadlessAnalyzer)  
INFO  REPORT: Execute script: ParseKarmaHeaders.java  (HeadlessAnalyzer)  
INFO  SCRIPT: /home/ion/tools/karma-lab/gscripts/ParseKarmaHeaders.java (HeadlessAnalyzer)  
INFO  ParseKarmaHeaders.java> KARMAOPT: KD_GHIDRA_OPTS not set, analyzer options untouched (GhidraScript)  
INFO  parse /home/ion/tools/karma-lab/kd_protos10.h (CParserUtils)  
INFO  ParseKarmaHeaders.java> KARMAHDR: parsed FunctionDefinitions=2700 (GhidraScript)  
INFO  ParseKarmaHeaders.java> KARMAHDR: signatures applied -- defined=23 imported=11 failed=0 (GhidraScript)  
INFO  ANALYZING all memory and code: file:///home/ion/tools/karma-lab/allobj/MeProfile.o?MD5=33121417b00370264f3b25e8844698a4 (HeadlessAnalyzer)  
WARN  Mismatched DWARF Attribute and Form: DW_AT_macro_info->DW_FORM_data4 (DWARFAbbreviation)  
INFO  Added 704 source map entries (DWARFImporter)  
INFO  DWARF ver[2], 1 compUnits, 439 DIES, import - total elapsed: 15ms (DWARFImportSummary)  
INFO  DWARF data type import - elapsed: 4ms (DWARFImportSummary)  
INFO  DWARF func & symbol import - elapsed: 7ms (DWARFImportSummary)  
INFO  DWARF types imported: 61 (DWARFImportSummary)  
INFO  DWARF compile dirs: [/home/icculus/projects/UT2-Code/karma/MeGlobals/src] (DWARFImportSummary)  
INFO  DWARF producers: [GNU C 3.2.3 20030422 (Gentoo Linux 1.4 3.2.3-r4, propolice)] (DWARFImportSummary)  
INFO  DWARF source languages: [DW_LANG_C89] (DWARFImportSummary)  
INFO  DWARF compUnit: MeProfile.c (DWARFImportSummary)  
ERROR DWARF un-recoverable expressions: (DWARFImportSummary)  
ERROR   DW_OP_reg3 -> 15 (DWARFImportSummary)  
ERROR   DW_OP_reg1 -> 2 (DWARFImportSummary)  
ERROR   DW_OP_reg0 -> 6 (DWARFImportSummary)  
ERROR   DW_OP_reg2 -> 2 (DWARFImportSummary)  
ERROR   DW_OP_reg7 -> 6 (DWARFImportSummary)  
ERROR   DW_OP_reg6 -> 8 (DWARFImportSummary)  
INFO  Applied data type archive: generic_clib (ApplyDataArchiveAnalyzer)  
INFO  REPORT: Analysis succeeded for file: file:///home/ion/tools/karma-lab/allobj/MeProfile.o?MD5=33121417b00370264f3b25e8844698a4 (HeadlessAnalyzer)  
INFO  REPORT: Execute script: DumpDecomp.java  (HeadlessAnalyzer)  
INFO  SCRIPT: /home/ion/tools/karma-lab/gscripts/DumpDecomp.java (HeadlessAnalyzer)  
INFO  DumpDecomp.java> OVERRIDES applied: 0 (GhidraScript)  
INFO  DumpDecomp.java> VTABLE: MeProfile.o rows=24 applied=24 no-prototype=0 not-in-a-function=0 refused=0 (GhidraScript)  
INFO  DumpDecomp.java> KARMAHDR: calling conventions {__cdecl=4, unknown=25} (GhidraScript)  
INFO  DumpDecomp.java> KARMAHDR: __regparm -> __cdecl on 25 function(s), 0 refused (GhidraScript)  
INFO  DumpDecomp.java> DONE MeProfile.o (GhidraScript)  
INFO  ANALYZING changes made by post scripts: file:///home/ion/tools/karma-lab/allobj/MeProfile.o?MD5=33121417b00370264f3b25e8844698a4 (HeadlessAnalyzer)  
INFO  REPORT: Post-analysis succeeded for file: file:///home/ion/tools/karma-lab/allobj/MeProfile.o?MD5=33121417b00370264f3b25e8844698a4 (HeadlessAnalyzer)  
INFO  /allobj/MeProfile.o: file created (ion) (LocalFileSystem)  
INFO  REPORT: Save succeeded for: /allobj/MeProfile.o (Proj:/allobj/MeProfile.o) (HeadlessAnalyzer)  
INFO  REPORT: Import succeeded (HeadlessAnalyzer)  
INFO  IMPORTING: file:///home/ion/tools/karma-lab/allobj/MdtBSJoint.o?MD5=ab4f685e10ae8747bb9d4e7d2aa28a6b (HeadlessAnalyzer)  
INFO  Using Loader: Executable and Linking Format (ELF) (ProgramLoader)  
INFO  Using Language/Compiler: x86:LE:32:default:gcc (ProgramLoader)  
INFO  Using Library Search Path: [., /bin, /lib, /lib64, /lib/x86_64-linux-gnu, /lib/aarch64-linux-gnu, /usr/bin, /usr/lib, /usr/X11R6/bin, /usr/X11R6/lib, /usr/java/packages/lib, /usr/lib/x86_64-linux-gnu/jni, /usr/lib/x86_64-linux-gnu, /usr/lib/jni] (ProgramLoader)  
INFO  Additional info:
Loading file:///home/ion/tools/karma-lab/allobj/MdtBSJoint.o?MD5=ab4f685e10ae8747bb9d4e7d2aa28a6b...
Skipping section [.data] with invalid size 0x0
Skipping section [.bss] with invalid size 0x0
------------------------------------------------

 (ProgramLoader)  
INFO  IMPORTING: Loaded 0 additional files (HeadlessAnalyzer)  
INFO  REPORT: Execute script: ParseKarmaHeaders.java  (HeadlessAnalyzer)  
INFO  SCRIPT: /home/ion/tools/karma-lab/gscripts/ParseKarmaHeaders.java (HeadlessAnalyzer)  
INFO  ParseKarmaHeaders.java> KARMAOPT: KD_GHIDRA_OPTS not set, analyzer options untouched (GhidraScript)  
INFO  parse /home/ion/tools/karma-lab/kd_protos10.h (CParserUtils)  
INFO  ParseKarmaHeaders.java> KARMAHDR: parsed FunctionDefinitions=2700 (GhidraScript)  
INFO  ParseKarmaHeaders.java> KARMAHDR: signatures applied -- defined=11 imported=7 failed=0 (GhidraScript)  
INFO  ANALYZING all memory and code: file:///home/ion/tools/karma-lab/allobj/MdtBSJoint.o?MD5=ab4f685e10ae8747bb9d4e7d2aa28a6b (HeadlessAnalyzer)  
WARN  Mismatched DWARF Attribute and Form: DW_AT_macro_info->DW_FORM_data4 (DWARFAbbreviation)  
INFO  Added 22 source map entries (DWARFImporter)  
INFO  DWARF ver[2], 1 compUnits, 524 DIES, import - total elapsed: 15ms (DWARFImportSummary)  
INFO  DWARF data type import - elapsed: 10ms (DWARFImportSummary)  
INFO  DWARF func & symbol import - elapsed: 2ms (DWARFImportSummary)  
INFO  DWARF types imported: 123 (DWARFImportSummary)  
INFO  DWARF compile dirs: [/home/icculus/projects/UT2-Code/karma/Mdt/src] (DWARFImportSummary)  
INFO  DWARF producers: [GNU C 3.2.3 20030422 (Gentoo Linux 1.4 3.2.3-r4, propolice)] (DWARFImportSummary)  
INFO  DWARF source languages: [DW_LANG_C89] (DWARFImportSummary)  
INFO  DWARF compUnit: MdtBSJoint.c (DWARFImportSummary)  
ERROR DWARF un-recoverable expressions: (DWARFImportSummary)  
ERROR   DW_OP_reg3 -> 2 (DWARFImportSummary)  
ERROR   DW_OP_reg0 -> 1 (DWARFImportSummary)  
ERROR   DW_OP_reg2 -> 1 (DWARFImportSummary)  
INFO  Applied data type archive: generic_clib (ApplyDataArchiveAnalyzer)  
INFO  REPORT: Analysis succeeded for file: file:///home/ion/tools/karma-lab/allobj/MdtBSJoint.o?MD5=ab4f685e10ae8747bb9d4e7d2aa28a6b (HeadlessAnalyzer)  
INFO  REPORT: Execute script: DumpDecomp.java  (HeadlessAnalyzer)  
INFO  SCRIPT: /home/ion/tools/karma-lab/gscripts/DumpDecomp.java (HeadlessAnalyzer)  
INFO  DumpDecomp.java> OVERRIDES applied: 0 (GhidraScript)  
INFO  DumpDecomp.java> VTABLE: MdtBSJoint.o rows=0 applied=0 no-prototype=0 not-in-a-function=0 refused=0 (GhidraScript)  
INFO  DumpDecomp.java> KARMAHDR: calling conventions {__cdecl=3, unknown=8} (GhidraScript)  
INFO  DumpDecomp.java> KARMAHDR: __regparm -> __cdecl on 8 function(s), 0 refused (GhidraScript)  
INFO  DumpDecomp.java> DONE MdtBSJoint.o (GhidraScript)  
INFO  ANALYZING changes made by post scripts: file:///home/ion/tools/karma-lab/allobj/MdtBSJoint.o?MD5=ab4f685e10ae8747bb9d4e7d2aa28a6b (HeadlessAnalyzer)  
INFO  REPORT: Post-analysis succeeded for file: file:///home/ion/tools/karma-lab/allobj/MdtBSJoint.o?MD5=ab4f685e10ae8747bb9d4e7d2aa28a6b (HeadlessAnalyzer)  
INFO  /allobj/MdtBSJoint.o: file created (ion) (LocalFileSystem)  
INFO  REPORT: Save succeeded for: /allobj/MdtBSJoint.o (Proj:/allobj/MdtBSJoint.o) (HeadlessAnalyzer)  
INFO  REPORT: Import succeeded (HeadlessAnalyzer)  
INFO  IMPORTING: file:///home/ion/tools/karma-lab/allobj/MeASELoad.o?MD5=ea8ce3e9260a091a262a6390af53b814 (HeadlessAnalyzer)  
INFO  Using Loader: Executable and Linking Format (ELF) (ProgramLoader)  
INFO  Using Language/Compiler: x86:LE:32:default:gcc (ProgramLoader)  
INFO  Using Library Search Path: [., /bin, /lib, /lib64, /lib/x86_64-linux-gnu, /lib/aarch64-linux-gnu, /usr/bin, /usr/lib, /usr/X11R6/bin, /usr/X11R6/lib, /usr/java/packages/lib, /usr/lib/x86_64-linux-gnu/jni, /usr/lib/x86_64-linux-gnu, /usr/lib/jni] (ProgramLoader)  
ERROR EXTERNAL Data ELF Relocation with offset: at 0001003f (External Location = MeMemoryAPI+0xc) (ElfRelocationHandler)  
ERROR EXTERNAL Data ELF Relocation with offset: at 00010056 (External Location = MeMemoryAPI+0xc) (ElfRelocationHandler)  
ERROR EXTERNAL Data ELF Relocation with offset: at 0001008d (External Location = MeMemoryAPI+0xc) (ElfRelocationHandler)  
ERROR EXTERNAL Data ELF Relocation with offset: at 000100a6 (External Location = MeMemoryAPI+0xc) (ElfRelocationHandler)  
ERROR EXTERNAL Data ELF Relocation with offset: at 000100b6 (External Location = MeMemoryAPI+0xc) (ElfRelocationHandler)  
ERROR EXTERNAL Data ELF Relocation with offset: at 000100c6 (External Location = MeMemoryAPI+0xc) (ElfRelocationHandler)  
ERROR EXTERNAL Data ELF Relocation with offset: at 000100d6 (External Location = MeMemoryAPI+0xc) (ElfRelocationHandler)  
ERROR EXTERNAL Data ELF Relocation with offset: at 00010645 (External Location = MeMemoryAPI+0x4) (ElfRelocationHandler)  
ERROR EXTERNAL Data ELF Relocation with offset: at 00010a4c (External Location = MeMemoryAPI+0x14) (ElfRelocationHandler)  
ERROR EXTERNAL Data ELF Relocation with offset: at 00010a9c (External Location = MeMemoryAPI+0x14) (ElfRelocationHandler)  
ERROR EXTERNAL Data ELF Relocation with offset: at 00010cde (External Location = MeMemoryAPI+0x14) (ElfRelocationHandler)  
ERROR EXTERNAL Data ELF Relocation with offset: at 000112ef (External Location = MeMemoryAPI+0x14) (ElfRelocationHandler)  
ERROR EXTERNAL Data ELF Relocation with offset: at 0001135b (External Location = MeMemoryAPI+0x14) (ElfRelocationHandler)  
INFO  Additional info:
Loading file:///home/ion/tools/karma-lab/allobj/MeASELoad.o?MD5=ea8ce3e9260a091a262a6390af53b814...
Skipping section [.data] with invalid size 0x0
Skipping section [.bss] with invalid size 0x0
------------------------------------------------

 (ProgramLoader)  
INFO  IMPORTING: Loaded 0 additional files (HeadlessAnalyzer)  
INFO  REPORT: Execute script: ParseKarmaHeaders.java  (HeadlessAnalyzer)  
INFO  SCRIPT: /home/ion/tools/karma-lab/gscripts/ParseKarmaHeaders.java (HeadlessAnalyzer)  
INFO  ParseKarmaHeaders.java> KARMAOPT: KD_GHIDRA_OPTS not set, analyzer options untouched (GhidraScript)  
INFO  parse /home/ion/tools/karma-lab/kd_protos10.h (CParserUtils)  
INFO  ParseKarmaHeaders.java> KARMAHDR: parsed FunctionDefinitions=2700 (GhidraScript)  
INFO  ParseKarmaHeaders.java> KARMAHDR: signatures applied -- defined=8 imported=3 failed=0 (GhidraScript)  
INFO  ANALYZING all memory and code: file:///home/ion/tools/karma-lab/allobj/MeASELoad.o?MD5=ea8ce3e9260a091a262a6390af53b814 (HeadlessAnalyzer)  
WARN  Mismatched DWARF Attribute and Form: DW_AT_macro_info->DW_FORM_data4 (DWARFAbbreviation)  
INFO  Added 440 source map entries (DWARFImporter)  
INFO  DWARF ver[2], 1 compUnits, 727 DIES, import - total elapsed: 13ms (DWARFImportSummary)  
INFO  DWARF data type import - elapsed: 4ms (DWARFImportSummary)  
INFO  DWARF func & symbol import - elapsed: 6ms (DWARFImportSummary)  
INFO  DWARF types imported: 65 (DWARFImportSummary)  
INFO  DWARF compile dirs: [/home/icculus/projects/UT2-Code/karma/MeGlobals/src] (DWARFImportSummary)  
INFO  DWARF producers: [GNU C 3.2.3 20030422 (Gentoo Linux 1.4 3.2.3-r4, propolice)] (DWARFImportSummary)  
INFO  DWARF source languages: [DW_LANG_C89] (DWARFImportSummary)  
INFO  DWARF compUnit: MeASELoad.c (DWARFImportSummary)  
ERROR DWARF un-recoverable expressions: (DWARFImportSummary)  
ERROR   DW_OP_reg3 -> 32 (DWARFImportSummary)  
ERROR   DW_OP_reg0 -> 2 (DWARFImportSummary)  
ERROR   DW_OP_reg1 -> 1 (DWARFImportSummary)  
ERROR   DW_OP_reg6 -> 7 (DWARFImportSummary)  
INFO  Applied data type archive: generic_clib (ApplyDataArchiveAnalyzer)  
INFO  REPORT: Analysis succeeded for file: file:///home/ion/tools/karma-lab/allobj/MeASELoad.o?MD5=ea8ce3e9260a091a262a6390af53b814 (HeadlessAnalyzer)  
INFO  REPORT: Execute script: DumpDecomp.java  (HeadlessAnalyzer)  
INFO  SCRIPT: /home/ion/tools/karma-lab/gscripts/DumpDecomp.java (HeadlessAnalyzer)  
INFO  DumpDecomp.java> OVERRIDES applied: 0 (GhidraScript)  
INFO  DumpDecomp.java> VTABLE: MeASELoad.o rows=16 applied=16 no-prototype=0 not-in-a-function=0 refused=0 (GhidraScript)  
INFO  DumpDecomp.java> KARMAHDR: calling conventions {__cdecl=3, unknown=12} (GhidraScript)  
INFO  DumpDecomp.java> KARMAHDR: __regparm -> __cdecl on 12 function(s), 0 refused (GhidraScript)  
INFO  DumpDecomp.java> DONE MeASELoad.o (GhidraScript)  
INFO  ANALYZING changes made by post scripts: file:///home/ion/tools/karma-lab/allobj/MeASELoad.o?MD5=ea8ce3e9260a091a262a6390af53b814 (HeadlessAnalyzer)  
INFO  REPORT: Post-analysis succeeded for file: file:///home/ion/tools/karma-lab/allobj/MeASELoad.o?MD5=ea8ce3e9260a091a262a6390af53b814 (HeadlessAnalyzer)  
INFO  /allobj/MeASELoad.o: file created (ion) (LocalFileSystem)  
INFO  REPORT: Save succeeded for: /allobj/MeASELoad.o (Proj:/allobj/MeASELoad.o) (HeadlessAnalyzer)  
INFO  REPORT: Import succeeded (HeadlessAnalyzer)  
INFO  IMPORTING: file:///home/ion/tools/karma-lab/allobj/McdMessage.o?MD5=5e40d28f26cc5fc92fd70e202919f37c (HeadlessAnalyzer)  
INFO  Using Loader: Executable and Linking Format (ELF) (ProgramLoader)  
INFO  Using Language/Compiler: x86:LE:32:default:gcc (ProgramLoader)  
INFO  Using Library Search Path: [., /bin, /lib, /lib64, /lib/x86_64-linux-gnu, /lib/aarch64-linux-gnu, /usr/bin, /usr/lib, /usr/X11R6/bin, /usr/X11R6/lib, /usr/java/packages/lib, /usr/lib/x86_64-linux-gnu/jni, /usr/lib/x86_64-linux-gnu, /usr/lib/jni] (ProgramLoader)  
INFO  Additional info:
Loading file:///home/ion/tools/karma-lab/allobj/McdMessage.o?MD5=5e40d28f26cc5fc92fd70e202919f37c...
Skipping section [.bss] with invalid size 0x0
------------------------------------------------

 (ProgramLoader)  
INFO  IMPORTING: Loaded 0 additional files (HeadlessAnalyzer)  
INFO  REPORT: Execute script: ParseKarmaHeaders.java  (HeadlessAnalyzer)  
INFO  SCRIPT: /home/ion/tools/karma-lab/gscripts/ParseKarmaHeaders.java (HeadlessAnalyzer)  
INFO  ParseKarmaHeaders.java> KARMAOPT: KD_GHIDRA_OPTS not set, analyzer options untouched (GhidraScript)  
INFO  parse /home/ion/tools/karma-lab/kd_protos10.h (CParserUtils)  
INFO  ParseKarmaHeaders.java> KARMAHDR: parsed FunctionDefinitions=2700 (GhidraScript)  
INFO  ParseKarmaHeaders.java> KARMAHDR: signatures applied -- defined=4 imported=3 failed=0 (GhidraScript)  
INFO  ANALYZING all memory and code: file:///home/ion/tools/karma-lab/allobj/McdMessage.o?MD5=5e40d28f26cc5fc92fd70e202919f37c (HeadlessAnalyzer)  
WARN  Mismatched DWARF Attribute and Form: DW_AT_macro_info->DW_FORM_data4 (DWARFAbbreviation)  
INFO  Added 19 source map entries (DWARFImporter)  
INFO  DWARF ver[2], 1 compUnits, 142 DIES, import - total elapsed: 5ms (DWARFImportSummary)  
INFO  DWARF data type import - elapsed: 2ms (DWARFImportSummary)  
INFO  DWARF func & symbol import - elapsed: 2ms (DWARFImportSummary)  
INFO  DWARF types imported: 26 (DWARFImportSummary)  
INFO  DWARF compile dirs: [/home/icculus/projects/UT2-Code/karma/Mcd/src/frame] (DWARFImportSummary)  
INFO  DWARF producers: [GNU C++ 3.2.3 20030422 (Gentoo Linux 1.4 3.2.3-r4, propolice)] (DWARFImportSummary)  
INFO  DWARF source languages: [DW_LANG_C_plus_plus] (DWARFImportSummary)  
INFO  DWARF compUnit: McdMessage.cpp (DWARFImportSummary)  
ERROR DWARF un-recoverable expressions: (DWARFImportSummary)  
ERROR   DW_OP_reg3 -> 1 (DWARFImportSummary)  
ERROR   DW_OP_reg2 -> 1 (DWARFImportSummary)  
ERROR   DW_OP_reg6 -> 1 (DWARFImportSummary)  
INFO  Applied data type archive: generic_clib (ApplyDataArchiveAnalyzer)  
INFO  REPORT: Analysis succeeded for file: file:///home/ion/tools/karma-lab/allobj/McdMessage.o?MD5=5e40d28f26cc5fc92fd70e202919f37c (HeadlessAnalyzer)  
INFO  REPORT: Execute script: DumpDecomp.java  (HeadlessAnalyzer)  
INFO  SCRIPT: /home/ion/tools/karma-lab/gscripts/DumpDecomp.java (HeadlessAnalyzer)  
INFO  DumpDecomp.java> OVERRIDES applied: 0 (GhidraScript)  
INFO  DumpDecomp.java> VTABLE: McdMessage.o rows=0 applied=0 no-prototype=0 not-in-a-function=0 refused=0 (GhidraScript)  
INFO  DumpDecomp.java> KARMAHDR: calling conventions {__cdecl=1, unknown=7} (GhidraScript)  
INFO  DumpDecomp.java> KARMAHDR: __regparm -> __cdecl on 7 function(s), 0 refused (GhidraScript)  
INFO  DumpDecomp.java> DONE McdMessage.o (GhidraScript)  
INFO  ANALYZING changes made by post scripts: file:///home/ion/tools/karma-lab/allobj/McdMessage.o?MD5=5e40d28f26cc5fc92fd70e202919f37c (HeadlessAnalyzer)  
INFO  REPORT: Post-analysis succeeded for file: file:///home/ion/tools/karma-lab/allobj/McdMessage.o?MD5=5e40d28f26cc5fc92fd70e202919f37c (HeadlessAnalyzer)  
INFO  /allobj/McdMessage.o: file created (ion) (LocalFileSystem)  
INFO  REPORT: Save succeeded for: /allobj/McdMessage.o (Proj:/allobj/McdMessage.o) (HeadlessAnalyzer)  
INFO  REPORT: Import succeeded (HeadlessAnalyzer)  
INFO  IMPORTING: file:///home/ion/tools/karma-lab/allobj/MdtConstraint.o?MD5=4262f7a6eac537312796ca94bcd87caf (HeadlessAnalyzer)  
INFO  Using Loader: Executable and Linking Format (ELF) (ProgramLoader)  
INFO  Using Language/Compiler: x86:LE:32:default:gcc (ProgramLoader)  
INFO  Using Library Search Path: [., /bin, /lib, /lib64, /lib/x86_64-linux-gnu, /lib/aarch64-linux-gnu, /usr/bin, /usr/lib, /usr/X11R6/bin, /usr/X11R6/lib, /usr/java/packages/lib, /usr/lib/x86_64-linux-gnu/jni, /usr/lib/x86_64-linux-gnu, /usr/lib/jni] (ProgramLoader)  
ERROR EXTERNAL Data ELF Relocation with offset: at 00010703 (External Location = MePoolAPI+0xc) (ElfRelocationHandler)  
ERROR EXTERNAL Data ELF Relocation with offset: at 000108b2 (External Location = MePoolAPI+0x10) (ElfRelocationHandler)  
INFO  Additional info:
Loading file:///home/ion/tools/karma-lab/allobj/MdtConstraint.o?MD5=4262f7a6eac537312796ca94bcd87caf...
Skipping section [.data] with invalid size 0x0
Skipping section [.bss] with invalid size 0x0
------------------------------------------------

 (ProgramLoader)  
INFO  IMPORTING: Loaded 0 additional files (HeadlessAnalyzer)  
INFO  REPORT: Execute script: ParseKarmaHeaders.java  (HeadlessAnalyzer)  
INFO  SCRIPT: /home/ion/tools/karma-lab/gscripts/ParseKarmaHeaders.java (HeadlessAnalyzer)  
INFO  ParseKarmaHeaders.java> KARMAOPT: KD_GHIDRA_OPTS not set, analyzer options untouched (GhidraScript)  
INFO  parse /home/ion/tools/karma-lab/kd_protos10.h (CParserUtils)  
INFO  ParseKarmaHeaders.java> KARMAHDR: parsed FunctionDefinitions=2700 (GhidraScript)  
INFO  ParseKarmaHeaders.java> KARMAHDR: signatures applied -- defined=47 imported=9 failed=0 (GhidraScript)  
INFO  ANALYZING all memory and code: file:///home/ion/tools/karma-lab/allobj/MdtConstraint.o?MD5=4262f7a6eac537312796ca94bcd87caf (HeadlessAnalyzer)  
WARN  Mismatched DWARF Attribute and Form: DW_AT_macro_info->DW_FORM_data4 (DWARFAbbreviation)  
INFO  Added 593 source map entries (DWARFImporter)  
INFO  DWARF ver[2], 1 compUnits, 1142 DIES, import - total elapsed: 27ms (DWARFImportSummary)  
INFO  DWARF data type import - elapsed: 10ms (DWARFImportSummary)  
INFO  DWARF func & symbol import - elapsed: 10ms (DWARFImportSummary)  
INFO  DWARF types imported: 134 (DWARFImportSummary)  
INFO  DWARF compile dirs: [/home/icculus/projects/UT2-Code/karma/Mdt/src] (DWARFImportSummary)  
INFO  DWARF producers: [GNU C 3.2.3 20030422 (Gentoo Linux 1.4 3.2.3-r4, propolice)] (DWARFImportSummary)  
INFO  DWARF source languages: [DW_LANG_C89] (DWARFImportSummary)  
INFO  DWARF compUnit: MdtConstraint.c (DWARFImportSummary)  
ERROR DWARF un-recoverable expressions: (DWARFImportSummary)  
ERROR   DW_OP_reg12 -> 6 (DWARFImportSummary)  
ERROR   DW_OP_reg11 -> 7 (DWARFImportSummary)  
ERROR   DW_OP_reg1 -> 10 (DWARFImportSummary)  
ERROR   DW_OP_reg2 -> 18 (DWARFImportSummary)  
ERROR   DW_OP_reg14 -> 2 (DWARFImportSummary)  
ERROR   DW_OP_reg7 -> 3 (DWARFImportSummary)  
ERROR   DW_OP_reg15 -> 1 (DWARFImportSummary)  
ERROR   DW_OP_reg13 -> 2 (DWARFImportSummary)  
ERROR   DW_OP_reg3 -> 14 (DWARFImportSummary)  
ERROR   DW_OP_reg0 -> 37 (DWARFImportSummary)  
ERROR   DW_OP_reg16 -> 2 (DWARFImportSummary)  
ERROR   DW_OP_reg17 -> 2 (DWARFImportSummary)  
ERROR   DW_OP_reg6 -> 5 (DWARFImportSummary)  
INFO  Applied data type archive: generic_clib (ApplyDataArchiveAnalyzer)  
INFO  -----------------------------------------------------
    ASCII Strings                              0.001 secs
    Apply Data Archives                        0.042 secs
    Call Convention ID                         2.361 secs
    Call-Fixup Installer                       0.000 secs
    Create Address Tables                      0.001 secs
    Create Function                            0.000 secs
    DWARF                                      0.028 secs
    Data Reference                             0.001 secs
    Decompiler Switch Analysis                 0.001 secs
    Demangler GNU                              0.004 secs
    Disassemble Entry Points                   0.012 secs
    ELF Scalar Operand References              0.006 secs
    Embedded Media                             0.001 secs
    External Entry References                  0.000 secs
    Function ID                                0.008 secs
    Function Start Pre Search                  0.001 secs
    Function Start Search                      0.002 secs
    Function Start Search After Code           0.000 secs
    Function Start Search After Data           0.001 secs
    GCC Exception Handlers                     0.006 secs
    Non-Returning Functions - Discovered       0.001 secs
    Non-Returning Functions - Known            0.001 secs
    Reference                                  0.000 secs
    Shared Return Calls                        0.001 secs
    Stack                                      0.020 secs
    Subroutine References                      0.000 secs
    X86 Function Callee Purge                  0.000 secs
    x86 Constant Reference Analyzer            0.015 secs
-----------------------------------------------------
     Total Time   2 secs
-----------------------------------------------------
 (AutoAnalysisManager)  
INFO  REPORT: Analysis succeeded for file: file:///home/ion/tools/karma-lab/allobj/MdtConstraint.o?MD5=4262f7a6eac537312796ca94bcd87caf (HeadlessAnalyzer)  
INFO  REPORT: Execute script: DumpDecomp.java  (HeadlessAnalyzer)  
INFO  SCRIPT: /home/ion/tools/karma-lab/gscripts/DumpDecomp.java (HeadlessAnalyzer)  
INFO  DumpDecomp.java> OVERRIDES applied: 0 (GhidraScript)  
INFO  DumpDecomp.java> VTABLE: MdtConstraint.o rows=2 applied=2 no-prototype=0 not-in-a-function=0 refused=0 (GhidraScript)  
INFO  DumpDecomp.java> KARMAHDR: calling conventions {__cdecl=39, unknown=10} (GhidraScript)  
INFO  DumpDecomp.java> KARMAHDR: __regparm -> __cdecl on 10 function(s), 0 refused (GhidraScript)  
INFO  DumpDecomp.java> DONE MdtConstraint.o (GhidraScript)  
INFO  ANALYZING changes made by post scripts: file:///home/ion/tools/karma-lab/allobj/MdtConstraint.o?MD5=4262f7a6eac537312796ca94bcd87caf (HeadlessAnalyzer)  
INFO  REPORT: Post-analysis succeeded for file: file:///home/ion/tools/karma-lab/allobj/MdtConstraint.o?MD5=4262f7a6eac537312796ca94bcd87caf (HeadlessAnalyzer)  
INFO  /allobj/MdtConstraint.o: file created (ion) (LocalFileSystem)  
INFO  REPORT: Save succeeded for: /allobj/MdtConstraint.o (Proj:/allobj/MdtConstraint.o) (HeadlessAnalyzer)  
INFO  REPORT: Import succeeded (HeadlessAnalyzer)  
INFO  IMPORTING: file:///home/ion/tools/karma-lab/allobj/McdVanillaCore.o?MD5=a98922537503b534705c9bdcc0634021 (HeadlessAnalyzer)  
INFO  Using Loader: Executable and Linking Format (ELF) (ProgramLoader)  
INFO  Using Language/Compiler: x86:LE:32:default:gcc (ProgramLoader)  
INFO  Using Library Search Path: [., /bin, /lib, /lib64, /lib/x86_64-linux-gnu, /lib/aarch64-linux-gnu, /usr/bin, /usr/lib, /usr/X11R6/bin, /usr/X11R6/lib, /usr/java/packages/lib, /usr/lib/x86_64-linux-gnu/jni, /usr/lib/x86_64-linux-gnu, /usr/lib/jni] (ProgramLoader)  
INFO  Additional info:
Loading file:///home/ion/tools/karma-lab/allobj/McdVanillaCore.o?MD5=a98922537503b534705c9bdcc0634021...
Skipping section [.text] with invalid size 0x0
Skipping section [.bss] with invalid size 0x0
------------------------------------------------

 (ProgramLoader)  
INFO  IMPORTING: Loaded 0 additional files (HeadlessAnalyzer)  
INFO  REPORT: Execute script: ParseKarmaHeaders.java  (HeadlessAnalyzer)  
INFO  SCRIPT: /home/ion/tools/karma-lab/gscripts/ParseKarmaHeaders.java (HeadlessAnalyzer)  
INFO  ParseKarmaHeaders.java> KARMAOPT: KD_GHIDRA_OPTS not set, analyzer options untouched (GhidraScript)  
INFO  parse /home/ion/tools/karma-lab/kd_protos10.h (CParserUtils)  
INFO  ParseKarmaHeaders.java> KARMAHDR: parsed FunctionDefinitions=2700 (GhidraScript)  
INFO  ParseKarmaHeaders.java> KARMAHDR: signatures applied -- defined=0 imported=0 failed=0 (GhidraScript)  
INFO  ANALYZING all memory and code: file:///home/ion/tools/karma-lab/allobj/McdVanillaCore.o?MD5=a98922537503b534705c9bdcc0634021 (HeadlessAnalyzer)  
WARN  Mismatched DWARF Attribute and Form: DW_AT_macro_info->DW_FORM_data4 (DWARFAbbreviation)  
INFO  Added 0 source map entries (DWARFImporter)  
INFO  DWARF ver[2], 1 compUnits, 19 DIES, import - total elapsed: 2ms (DWARFImportSummary)  
INFO  DWARF data type import - elapsed: 1ms (DWARFImportSummary)  
INFO  DWARF func & symbol import - elapsed: 1ms (DWARFImportSummary)  
INFO  DWARF types imported: 8 (DWARFImportSummary)  
INFO  DWARF compile dirs: [/home/icculus/projects/UT2-Code/karma/Mcd/src/util] (DWARFImportSummary)  
INFO  DWARF producers: [GNU C++ 3.2.3 20030422 (Gentoo Linux 1.4 3.2.3-r4, propolice)] (DWARFImportSummary)  
INFO  DWARF source languages: [DW_LANG_C_plus_plus] (DWARFImportSummary)  
INFO  DWARF compUnit: ../math/McdVanillaCore.cpp (DWARFImportSummary)  
INFO  Applied data type archive: generic_clib (ApplyDataArchiveAnalyzer)  
INFO  REPORT: Analysis succeeded for file: file:///home/ion/tools/karma-lab/allobj/McdVanillaCore.o?MD5=a98922537503b534705c9bdcc0634021 (HeadlessAnalyzer)  
INFO  REPORT: Execute script: DumpDecomp.java  (HeadlessAnalyzer)  
INFO  SCRIPT: /home/ion/tools/karma-lab/gscripts/DumpDecomp.java (HeadlessAnalyzer)  
INFO  DumpDecomp.java> OVERRIDES applied: 0 (GhidraScript)  
INFO  DumpDecomp.java> VTABLE: McdVanillaCore.o rows=0 applied=0 no-prototype=0 not-in-a-function=0 refused=0 (GhidraScript)  
INFO  DumpDecomp.java> KARMAHDR: calling conventions {} (GhidraScript)  
INFO  DumpDecomp.java> KARMAHDR: __regparm -> __cdecl on 0 function(s), 0 refused (GhidraScript)  
INFO  DumpDecomp.java> DONE McdVanillaCore.o (GhidraScript)  
INFO  ANALYZING changes made by post scripts: file:///home/ion/tools/karma-lab/allobj/McdVanillaCore.o?MD5=a98922537503b534705c9bdcc0634021 (HeadlessAnalyzer)  
INFO  REPORT: Post-analysis succeeded for file: file:///home/ion/tools/karma-lab/allobj/McdVanillaCore.o?MD5=a98922537503b534705c9bdcc0634021 (HeadlessAnalyzer)  
INFO  /allobj/McdVanillaCore.o: file created (ion) (LocalFileSystem)  
INFO  REPORT: Save succeeded for: /allobj/McdVanillaCore.o (Proj:/allobj/McdVanillaCore.o) (HeadlessAnalyzer)  
INFO  REPORT: Import succeeded (HeadlessAnalyzer)  
INFO  IMPORTING: file:///home/ion/tools/karma-lab/allobj/MeFJoint.o?MD5=e7cf1ac808a0276344360db211fb8b3a (HeadlessAnalyzer)  
INFO  Using Loader: Executable and Linking Format (ELF) (ProgramLoader)  
INFO  Using Language/Compiler: x86:LE:32:default:gcc (ProgramLoader)  
INFO  Using Library Search Path: [., /bin, /lib, /lib64, /lib/x86_64-linux-gnu, /lib/aarch64-linux-gnu, /usr/bin, /usr/lib, /usr/X11R6/bin, /usr/X11R6/lib, /usr/java/packages/lib, /usr/lib/x86_64-linux-gnu/jni, /usr/lib/x86_64-linux-gnu, /usr/lib/jni] (ProgramLoader)  
ERROR EXTERNAL Data ELF Relocation with offset: at 00010012 (External Location = MeMemoryAPI+0x4) (ElfRelocationHandler)  
ERROR EXTERNAL Data ELF Relocation with offset: at 00010a3e (External Location = MeMemoryAPI+0x4) (ElfRelocationHandler)  
ERROR EXTERNAL Data ELF Relocation with offset: at 00010b10 (External Location = MeMemoryAPI+0xc) (ElfRelocationHandler)  
ERROR EXTERNAL Data ELF Relocation with offset: at 00010b26 (External Location = MeMemoryAPI+0xc) (ElfRelocationHandler)  
ERROR EXTERNAL Data ELF Relocation with offset: at 00010b2f (External Location = MeMemoryAPI+0xc) (ElfRelocationHandler)  
ERROR EXTERNAL Data ELF Relocation with offset: at 00010b46 (External Location = MeMemoryAPI+0xc) (ElfRelocationHandler)  
INFO  Additional info:
Loading file:///home/ion/tools/karma-lab/allobj/MeFJoint.o?MD5=e7cf1ac808a0276344360db211fb8b3a...
Skipping section [.data] with invalid size 0x0
Skipping section [.bss] with invalid size 0x0
------------------------------------------------

 (ProgramLoader)  
INFO  IMPORTING: Loaded 0 additional files (HeadlessAnalyzer)  
INFO  REPORT: Execute script: ParseKarmaHeaders.java  (HeadlessAnalyzer)  
INFO  SCRIPT: /home/ion/tools/karma-lab/gscripts/ParseKarmaHeaders.java (HeadlessAnalyzer)  
INFO  ParseKarmaHeaders.java> KARMAOPT: KD_GHIDRA_OPTS not set, analyzer options untouched (GhidraScript)  
INFO  parse /home/ion/tools/karma-lab/kd_protos10.h (CParserUtils)  
INFO  ParseKarmaHeaders.java> KARMAHDR: parsed FunctionDefinitions=2700 (GhidraScript)  
INFO  ParseKarmaHeaders.java> KARMAHDR: signatures applied -- defined=33 imported=4 failed=0 (GhidraScript)  
INFO  ANALYZING all memory and code: file:///home/ion/tools/karma-lab/allobj/MeFJoint.o?MD5=e7cf1ac808a0276344360db211fb8b3a (HeadlessAnalyzer)  
WARN  Mismatched DWARF Attribute and Form: DW_AT_macro_info->DW_FORM_data4 (DWARFAbbreviation)  
INFO  Added 496 source map entries (DWARFImporter)  
INFO  DWARF ver[2], 1 compUnits, 732 DIES, import - total elapsed: 17ms (DWARFImportSummary)  
INFO  DWARF data type import - elapsed: 6ms (DWARFImportSummary)  
INFO  DWARF func & symbol import - elapsed: 8ms (DWARFImportSummary)  
INFO  DWARF types imported: 97 (DWARFImportSummary)  
INFO  DWARF compile dirs: [/home/icculus/projects/UT2-Code/karma/MeAssetDB/src] (DWARFImportSummary)  
INFO  DWARF producers: [GNU C 3.2.3 20030422 (Gentoo Linux 1.4 3.2.3-r4, propolice)] (DWARFImportSummary)  
INFO  DWARF source languages: [DW_LANG_C89] (DWARFImportSummary)  
INFO  DWARF compUnit: MeFJoint.c (DWARFImportSummary)  
ERROR DWARF un-recoverable expressions: (DWARFImportSummary)  
ERROR   DW_OP_reg12 -> 1 (DWARFImportSummary)  
ERROR   DW_OP_reg3 -> 6 (DWARFImportSummary)  
ERROR   DW_OP_reg0 -> 27 (DWARFImportSummary)  
ERROR   DW_OP_reg1 -> 10 (DWARFImportSummary)  
ERROR   DW_OP_reg2 -> 19 (DWARFImportSummary)  
ERROR   DW_OP_reg6 -> 2 (DWARFImportSummary)  
INFO  Applied data type archive: generic_clib (ApplyDataArchiveAnalyzer)  
INFO  -----------------------------------------------------
    ASCII Strings                              0.001 secs
    Apply Data Archives                        0.065 secs
    Call Convention ID                         2.294 secs
    Call-Fixup Installer                       0.001 secs
    Create Address Tables                      0.002 secs
    Create Address Tables - One Time           0.000 secs
    Create Function                            0.000 secs
    DWARF                                      0.019 secs
    Data Reference                             0.001 secs
    Decompiler Switch Analysis                 0.702 secs
    Demangler GNU                              0.004 secs
    Disassemble Entry Points                   0.008 secs
    ELF Scalar Operand References              0.005 secs
    Embedded Media                             0.000 secs
    External Entry References                  0.001 secs
    Function ID                                0.006 secs
    Function Start Pre Search                  0.001 secs
    Function Start Search                      0.003 secs
    Function Start Search After Code           0.001 secs
    Function Start Search After Data           0.000 secs
    GCC Exception Handlers                     0.003 secs
    Non-Returning Functions - Discovered       0.002 secs
    Non-Returning Functions - Known            0.000 secs
    Reference                                  0.000 secs
    Shared Return Calls                        0.000 secs
    Stack                                      0.013 secs
    Subroutine References                      0.000 secs
    X86 Function Callee Purge                  0.000 secs
    x86 Constant Reference Analyzer            0.013 secs
-----------------------------------------------------
     Total Time   3 secs
-----------------------------------------------------
 (AutoAnalysisManager)  
INFO  REPORT: Analysis succeeded for file: file:///home/ion/tools/karma-lab/allobj/MeFJoint.o?MD5=e7cf1ac808a0276344360db211fb8b3a (HeadlessAnalyzer)  
INFO  REPORT: Execute script: DumpDecomp.java  (HeadlessAnalyzer)  
INFO  SCRIPT: /home/ion/tools/karma-lab/gscripts/DumpDecomp.java (HeadlessAnalyzer)  
INFO  DumpDecomp.java> OVERRIDES applied: 0 (GhidraScript)  
INFO  DumpDecomp.java> VTABLE: MeFJoint.o rows=6 applied=6 no-prototype=0 not-in-a-function=0 refused=0 (GhidraScript)  
INFO  DumpDecomp.java> KARMAHDR: calling conventions {__cdecl=27, unknown=7} (GhidraScript)  
INFO  DumpDecomp.java> KARMAHDR: __regparm -> __cdecl on 7 function(s), 0 refused (GhidraScript)  
INFO  DumpDecomp.java> DONE MeFJoint.o (GhidraScript)  
INFO  ANALYZING changes made by post scripts: file:///home/ion/tools/karma-lab/allobj/MeFJoint.o?MD5=e7cf1ac808a0276344360db211fb8b3a (HeadlessAnalyzer)  
INFO  REPORT: Post-analysis succeeded for file: file:///home/ion/tools/karma-lab/allobj/MeFJoint.o?MD5=e7cf1ac808a0276344360db211fb8b3a (HeadlessAnalyzer)  
INFO  /allobj/MeFJoint.o: file created (ion) (LocalFileSystem)  
INFO  REPORT: Save succeeded for: /allobj/MeFJoint.o (Proj:/allobj/MeFJoint.o) (HeadlessAnalyzer)  
INFO  REPORT: Import succeeded (HeadlessAnalyzer)  
INFO  IMPORTING: file:///home/ion/tools/karma-lab/allobj/MeSet.o?MD5=04b39c3dedfb3b3ef45fd7de58516967 (HeadlessAnalyzer)  
INFO  Using Loader: Executable and Linking Format (ELF) (ProgramLoader)  
INFO  Using Language/Compiler: x86:LE:32:default:gcc (ProgramLoader)  
INFO  Using Library Search Path: [., /bin, /lib, /lib64, /lib/x86_64-linux-gnu, /lib/aarch64-linux-gnu, /usr/bin, /usr/lib, /usr/X11R6/bin, /usr/X11R6/lib, /usr/java/packages/lib, /usr/lib/x86_64-linux-gnu/jni, /usr/lib/x86_64-linux-gnu, /usr/lib/jni] (ProgramLoader)  
ERROR EXTERNAL Data ELF Relocation with offset: at 0001021b (External Location = MeMemoryAPI+0x4) (ElfRelocationHandler)  
ERROR EXTERNAL Data ELF Relocation with offset: at 00010276 (External Location = MeMemoryAPI+0xc) (ElfRelocationHandler)  
INFO  Additional info:
Loading file:///home/ion/tools/karma-lab/allobj/MeSet.o?MD5=04b39c3dedfb3b3ef45fd7de58516967...
Skipping section [.data] with invalid size 0x0
Skipping section [.bss] with invalid size 0x0
------------------------------------------------

 (ProgramLoader)  
INFO  IMPORTING: Loaded 0 additional files (HeadlessAnalyzer)  
INFO  REPORT: Execute script: ParseKarmaHeaders.java  (HeadlessAnalyzer)  
INFO  SCRIPT: /home/ion/tools/karma-lab/gscripts/ParseKarmaHeaders.java (HeadlessAnalyzer)  
INFO  ParseKarmaHeaders.java> KARMAOPT: KD_GHIDRA_OPTS not set, analyzer options untouched (GhidraScript)  
INFO  parse /home/ion/tools/karma-lab/kd_protos10.h (CParserUtils)  
INFO  ParseKarmaHeaders.java> KARMAHDR: parsed FunctionDefinitions=2700 (GhidraScript)  
INFO  ParseKarmaHeaders.java> KARMAHDR: signatures applied -- defined=20 imported=9 failed=0 (GhidraScript)  
INFO  ANALYZING all memory and code: file:///home/ion/tools/karma-lab/allobj/MeSet.o?MD5=04b39c3dedfb3b3ef45fd7de58516967 (HeadlessAnalyzer)  
WARN  Mismatched DWARF Attribute and Form: DW_AT_macro_info->DW_FORM_data4 (DWARFAbbreviation)  
INFO  Added 80 source map entries (DWARFImporter)  
INFO  DWARF ver[2], 1 compUnits, 194 DIES, import - total elapsed: 7ms (DWARFImportSummary)  
INFO  DWARF data type import - elapsed: 2ms (DWARFImportSummary)  
INFO  DWARF func & symbol import - elapsed: 4ms (DWARFImportSummary)  
INFO  DWARF types imported: 38 (DWARFImportSummary)  
INFO  DWARF compile dirs: [/home/icculus/projects/UT2-Code/karma/MeGlobals/src] (DWARFImportSummary)  
INFO  DWARF producers: [GNU C 3.2.3 20030422 (Gentoo Linux 1.4 3.2.3-r4, propolice)] (DWARFImportSummary)  
INFO  DWARF source languages: [DW_LANG_C89] (DWARFImportSummary)  
INFO  DWARF compUnit: MeSet.c (DWARFImportSummary)  
ERROR DWARF un-recoverable expressions: (DWARFImportSummary)  
ERROR   DW_OP_reg3 -> 8 (DWARFImportSummary)  
ERROR   DW_OP_reg1 -> 1 (DWARFImportSummary)  
ERROR   DW_OP_reg0 -> 3 (DWARFImportSummary)  
ERROR   DW_OP_reg2 -> 2 (DWARFImportSummary)  
ERROR   DW_OP_reg7 -> 2 (DWARFImportSummary)  
ERROR   DW_OP_reg6 -> 2 (DWARFImportSummary)  
INFO  Applied data type archive: generic_clib (ApplyDataArchiveAnalyzer)  
INFO  -----------------------------------------------------
    ASCII Strings                              0.001 secs
    Apply Data Archives                        0.070 secs
    Call Convention ID                         2.257 secs
    Call-Fixup Installer                       0.001 secs
    Create Address Tables                      0.001 secs
    Create Function                            0.000 secs
    DWARF                                      0.008 secs
    Data Reference                             0.000 secs
    Decompiler Switch Analysis                 0.000 secs
    Demangler GNU                              0.002 secs
    Disassemble Entry Points                   0.004 secs
    ELF Scalar Operand References              0.001 secs
    Embedded Media                             0.000 secs
    External Entry References                  0.000 secs
    Function ID                                0.003 secs
    Function Start Pre Search                  0.000 secs
    Function Start Search                      0.002 secs
    Function Start Search After Code           0.000 secs
    Function Start Search After Data           0.000 secs
    GCC Exception Handlers                     0.001 secs
    Non-Returning Functions - Discovered       0.000 secs
    Non-Returning Functions - Known            0.000 secs
    Reference                                  0.000 secs
    Shared Return Calls                        0.000 secs
    Stack                                      0.004 secs
    Subroutine References                      0.000 secs
    X86 Function Callee Purge                  0.001 secs
    x86 Constant Reference Analyzer            0.003 secs
-----------------------------------------------------
     Total Time   2 secs
-----------------------------------------------------
 (AutoAnalysisManager)  
INFO  REPORT: Analysis succeeded for file: file:///home/ion/tools/karma-lab/allobj/MeSet.o?MD5=04b39c3dedfb3b3ef45fd7de58516967 (HeadlessAnalyzer)  
INFO  REPORT: Execute script: DumpDecomp.java  (HeadlessAnalyzer)  
INFO  SCRIPT: /home/ion/tools/karma-lab/gscripts/DumpDecomp.java (HeadlessAnalyzer)  
INFO  DumpDecomp.java> OVERRIDES applied: 0 (GhidraScript)  
INFO  DumpDecomp.java> VTABLE: MeSet.o rows=2 applied=2 no-prototype=0 not-in-a-function=0 refused=0 (GhidraScript)  
INFO  DumpDecomp.java> KARMAHDR: calling conventions {__cdecl=10, unknown=11} (GhidraScript)  
INFO  DumpDecomp.java> KARMAHDR: __regparm -> __cdecl on 11 function(s), 0 refused (GhidraScript)  
INFO  DumpDecomp.java> DONE MeSet.o (GhidraScript)  
INFO  ANALYZING changes made by post scripts: file:///home/ion/tools/karma-lab/allobj/MeSet.o?MD5=04b39c3dedfb3b3ef45fd7de58516967 (HeadlessAnalyzer)  
INFO  REPORT: Post-analysis succeeded for file: file:///home/ion/tools/karma-lab/allobj/MeSet.o?MD5=04b39c3dedfb3b3ef45fd7de58516967 (HeadlessAnalyzer)  
INFO  /allobj/MeSet.o: file created (ion) (LocalFileSystem)  
INFO  REPORT: Save succeeded for: /allobj/MeSet.o (Proj:/allobj/MeSet.o) (HeadlessAnalyzer)  
INFO  REPORT: Import succeeded (HeadlessAnalyzer)  
INFO  IMPORTING: file:///home/ion/tools/karma-lab/allobj/MdtLinear2.o?MD5=37440f787589b2087100178fbe497338 (HeadlessAnalyzer)  
INFO  Using Loader: Executable and Linking Format (ELF) (ProgramLoader)  
INFO  Using Language/Compiler: x86:LE:32:default:gcc (ProgramLoader)  
INFO  Using Library Search Path: [., /bin, /lib, /lib64, /lib/x86_64-linux-gnu, /lib/aarch64-linux-gnu, /usr/bin, /usr/lib, /usr/X11R6/bin, /usr/X11R6/lib, /usr/java/packages/lib, /usr/lib/x86_64-linux-gnu/jni, /usr/lib/x86_64-linux-gnu, /usr/lib/jni] (ProgramLoader)  
INFO  Additional info:
Loading file:///home/ion/tools/karma-lab/allobj/MdtLinear2.o?MD5=37440f787589b2087100178fbe497338...
Skipping section [.data] with invalid size 0x0
Skipping section [.bss] with invalid size 0x0
------------------------------------------------

 (ProgramLoader)  
INFO  IMPORTING: Loaded 0 additional files (HeadlessAnalyzer)  
INFO  REPORT: Execute script: ParseKarmaHeaders.java  (HeadlessAnalyzer)  
INFO  SCRIPT: /home/ion/tools/karma-lab/gscripts/ParseKarmaHeaders.java (HeadlessAnalyzer)  
INFO  ParseKarmaHeaders.java> KARMAOPT: KD_GHIDRA_OPTS not set, analyzer options untouched (GhidraScript)  
INFO  parse /home/ion/tools/karma-lab/kd_protos10.h (CParserUtils)  
INFO  ParseKarmaHeaders.java> KARMAHDR: parsed FunctionDefinitions=2700 (GhidraScript)  
INFO  ParseKarmaHeaders.java> KARMAHDR: signatures applied -- defined=20 imported=11 failed=0 (GhidraScript)  
INFO  ANALYZING all memory and code: file:///home/ion/tools/karma-lab/allobj/MdtLinear2.o?MD5=37440f787589b2087100178fbe497338 (HeadlessAnalyzer)  
WARN  Mismatched DWARF Attribute and Form: DW_AT_macro_info->DW_FORM_data4 (DWARFAbbreviation)  
INFO  Added 128 source map entries (DWARFImporter)  
INFO  DWARF ver[2], 1 compUnits, 602 DIES, import - total elapsed: 21ms (DWARFImportSummary)  
INFO  DWARF data type import - elapsed: 12ms (DWARFImportSummary)  
INFO  DWARF func & symbol import - elapsed: 4ms (DWARFImportSummary)  
INFO  DWARF types imported: 123 (DWARFImportSummary)  
INFO  DWARF compile dirs: [/home/icculus/projects/UT2-Code/karma/Mdt/src] (DWARFImportSummary)  
INFO  DWARF producers: [GNU C 3.2.3 20030422 (Gentoo Linux 1.4 3.2.3-r4, propolice)] (DWARFImportSummary)  
INFO  DWARF source languages: [DW_LANG_C89] (DWARFImportSummary)  
INFO  DWARF compUnit: MdtLinear2.c (DWARFImportSummary)  
ERROR DWARF un-recoverable expressions: (DWARFImportSummary)  
ERROR   DW_OP_reg3 -> 4 (DWARFImportSummary)  
ERROR   DW_OP_reg1 -> 1 (DWARFImportSummary)  
ERROR   DW_OP_reg0 -> 2 (DWARFImportSummary)  
ERROR   DW_OP_reg2 -> 3 (DWARFImportSummary)  
ERROR   DW_OP_reg7 -> 1 (DWARFImportSummary)  
ERROR   DW_OP_reg6 -> 1 (DWARFImportSummary)  
INFO  Applied data type archive: generic_clib (ApplyDataArchiveAnalyzer)  
INFO  -----------------------------------------------------
    ASCII Strings                              0.001 secs
    Apply Data Archives                        0.048 secs
    Call Convention ID                         1.612 secs
    Call-Fixup Installer                       0.000 secs
    Create Address Tables                      0.000 secs
    Create Function                            0.000 secs
    DWARF                                      0.022 secs
    Data Reference                             0.000 secs
    Decompiler Switch Analysis                 0.000 secs
    Demangler GNU                              0.002 secs
    Disassemble Entry Points                   0.005 secs
    ELF Scalar Operand References              0.002 secs
    Embedded Media                             0.000 secs
    External Entry References                  0.001 secs
    Function ID                                0.003 secs
    Function Start Pre Search                  0.001 secs
    Function Start Search                      0.002 secs
    Function Start Search After Code           0.000 secs
    Function Start Search After Data           0.000 secs
    GCC Exception Handlers                     0.002 secs
    Non-Returning Functions - Discovered       0.000 secs
    Non-Returning Functions - Known            0.001 secs
    Reference                                  0.000 secs
    Shared Return Calls                        0.000 secs
    Stack                                      0.008 secs
    Subroutine References                      0.001 secs
    X86 Function Callee Purge                  0.000 secs
    x86 Constant Reference Analyzer            0.006 secs
-----------------------------------------------------
     Total Time   1 secs
-----------------------------------------------------
 (AutoAnalysisManager)  
INFO  REPORT: Analysis succeeded for file: file:///home/ion/tools/karma-lab/allobj/MdtLinear2.o?MD5=37440f787589b2087100178fbe497338 (HeadlessAnalyzer)  
INFO  REPORT: Execute script: DumpDecomp.java  (HeadlessAnalyzer)  
INFO  SCRIPT: /home/ion/tools/karma-lab/gscripts/DumpDecomp.java (HeadlessAnalyzer)  
INFO  DumpDecomp.java> OVERRIDES applied: 0 (GhidraScript)  
INFO  DumpDecomp.java> VTABLE: MdtLinear2.o rows=0 applied=0 no-prototype=0 not-in-a-function=0 refused=0 (GhidraScript)  
INFO  DumpDecomp.java> KARMAHDR: calling conventions {__cdecl=8, unknown=12} (GhidraScript)  
INFO  DumpDecomp.java> KARMAHDR: __regparm -> __cdecl on 12 function(s), 0 refused (GhidraScript)  
INFO  DumpDecomp.java> DONE MdtLinear2.o (GhidraScript)  
INFO  ANALYZING changes made by post scripts: file:///home/ion/tools/karma-lab/allobj/MdtLinear2.o?MD5=37440f787589b2087100178fbe497338 (HeadlessAnalyzer)  
INFO  REPORT: Post-analysis succeeded for file: file:///home/ion/tools/karma-lab/allobj/MdtLinear2.o?MD5=37440f787589b2087100178fbe497338 (HeadlessAnalyzer)  
INFO  /allobj/MdtLinear2.o: file created (ion) (LocalFileSystem)  
INFO  REPORT: Save succeeded for: /allobj/MdtLinear2.o (Proj:/allobj/MdtLinear2.o) (HeadlessAnalyzer)  
INFO  REPORT: Import succeeded (HeadlessAnalyzer)  
INFO  IMPORTING: file:///home/ion/tools/karma-lab/allobj/keaMatrix_PcSparse.o?MD5=92d394bf7446582b9ed59d00e09851e0 (HeadlessAnalyzer)  
INFO  Using Loader: Executable and Linking Format (ELF) (ProgramLoader)  
INFO  Using Language/Compiler: x86:LE:32:default:gcc (ProgramLoader)  
INFO  Using Library Search Path: [., /bin, /lib, /lib64, /lib/x86_64-linux-gnu, /lib/aarch64-linux-gnu, /usr/bin, /usr/lib, /usr/X11R6/bin, /usr/X11R6/lib, /usr/java/packages/lib, /usr/lib/x86_64-linux-gnu/jni, /usr/lib/x86_64-linux-gnu, /usr/lib/jni] (ProgramLoader)  
WARN  EXTERNAL Data ELF Relocation with offset: at 0001120c (External Location = _ZTVN10__cxxabiv120__si_class_type_infoE+0x8) (ElfRelocationHandler)  
INFO  Additional info:
Loading file:///home/ion/tools/karma-lab/allobj/keaMatrix_PcSparse.o?MD5=92d394bf7446582b9ed59d00e09851e0...
Skipping section [.data] with invalid size 0x0
Skipping section [.bss] with invalid size 0x0
------------------------------------------------

 (ProgramLoader)  
INFO  IMPORTING: Loaded 0 additional files (HeadlessAnalyzer)  
INFO  REPORT: Execute script: ParseKarmaHeaders.java  (HeadlessAnalyzer)  
INFO  SCRIPT: /home/ion/tools/karma-lab/gscripts/ParseKarmaHeaders.java (HeadlessAnalyzer)  
INFO  ParseKarmaHeaders.java> KARMAOPT: KD_GHIDRA_OPTS not set, analyzer options untouched (GhidraScript)  
INFO  parse /home/ion/tools/karma-lab/kd_protos10.h (CParserUtils)  
INFO  ParseKarmaHeaders.java> KARMAHDR: parsed FunctionDefinitions=2700 (GhidraScript)  
INFO  ParseKarmaHeaders.java> KARMAHDR: signatures applied -- defined=4 imported=2 failed=0 (GhidraScript)  
INFO  ANALYZING all memory and code: file:///home/ion/tools/karma-lab/allobj/keaMatrix_PcSparse.o?MD5=92d394bf7446582b9ed59d00e09851e0 (HeadlessAnalyzer)  
WARN  Mismatched DWARF Attribute and Form: DW_AT_macro_info->DW_FORM_data4 (DWARFAbbreviation)  
INFO  Added 336 source map entries (DWARFImporter)  
INFO  DWARF ver[2], 1 compUnits, 237 DIES, import - total elapsed: 8ms (DWARFImportSummary)  
INFO  DWARF data type import - elapsed: 3ms (DWARFImportSummary)  
INFO  DWARF func & symbol import - elapsed: 3ms (DWARFImportSummary)  
INFO  DWARF types imported: 29 (DWARFImportSummary)  
INFO  DWARF compile dirs: [/home/icculus/projects/UT2-Code/karma/MdtKea/src] (DWARFImportSummary)  
INFO  DWARF producers: [GNU C++ 3.2.3 20030422 (Gentoo Linux 1.4 3.2.3-r4, propolice)] (DWARFImportSummary)  
INFO  DWARF source languages: [DW_LANG_C_plus_plus] (DWARFImportSummary)  
INFO  DWARF compUnit: keaMatrix_PcSparse.cpp (DWARFImportSummary)  
ERROR DWARF un-recoverable expressions: (DWARFImportSummary)  
ERROR   DW_OP_reg3 -> 1 (DWARFImportSummary)  
ERROR   DW_OP_reg1 -> 1 (DWARFImportSummary)  
ERROR   DW_OP_reg2 -> 2 (DWARFImportSummary)  
ERROR   DW_OP_reg7 -> 1 (DWARFImportSummary)  
ERROR   DW_OP_reg6 -> 1 (DWARFImportSummary)  
INFO  Applied data type archive: generic_clib (ApplyDataArchiveAnalyzer)  
WARN  Unable to fully apply external demangled Address Table at 0001200c: __cxxabiv1::__si_class_type_info::vtable (DemangledAddressTable)  
WARN  Unable to fully apply external demangled Address Table at 00012010: keaMatrix::typeinfo (DemangledAddressTable)  
INFO  REPORT: Analysis succeeded for file: file:///home/ion/tools/karma-lab/allobj/keaMatrix_PcSparse.o?MD5=92d394bf7446582b9ed59d00e09851e0 (HeadlessAnalyzer)  
INFO  REPORT: Execute script: DumpDecomp.java  (HeadlessAnalyzer)  
INFO  SCRIPT: /home/ion/tools/karma-lab/gscripts/DumpDecomp.java (HeadlessAnalyzer)  
INFO  DumpDecomp.java> OVERRIDES applied: 0 (GhidraScript)  
INFO  DumpDecomp.java> VTABLE: keaMatrix_PcSparse.o rows=0 applied=0 no-prototype=0 not-in-a-function=0 refused=0 (GhidraScript)  
INFO  DumpDecomp.java> KARMAHDR: calling conventions {__thiscall=2, unknown=2} (GhidraScript)  
INFO  DumpDecomp.java> KARMAHDR: __regparm -> __cdecl on 2 function(s), 0 refused (GhidraScript)  
INFO  DumpDecomp.java> DONE keaMatrix_PcSparse.o (GhidraScript)  
INFO  ANALYZING changes made by post scripts: file:///home/ion/tools/karma-lab/allobj/keaMatrix_PcSparse.o?MD5=92d394bf7446582b9ed59d00e09851e0 (HeadlessAnalyzer)  
INFO  REPORT: Post-analysis succeeded for file: file:///home/ion/tools/karma-lab/allobj/keaMatrix_PcSparse.o?MD5=92d394bf7446582b9ed59d00e09851e0 (HeadlessAnalyzer)  
INFO  /allobj/keaMatrix_PcSparse.o: file created (ion) (LocalFileSystem)  
INFO  REPORT: Save succeeded for: /allobj/keaMatrix_PcSparse.o (Proj:/allobj/keaMatrix_PcSparse.o) (HeadlessAnalyzer)  
INFO  REPORT: Import succeeded (HeadlessAnalyzer)  
INFO  IMPORTING: file:///home/ion/tools/karma-lab/allobj/McdSpace.o?MD5=34264b64726f7393dc03fc189e38ebc0 (HeadlessAnalyzer)  
INFO  Using Loader: Executable and Linking Format (ELF) (ProgramLoader)  
INFO  Using Language/Compiler: x86:LE:32:default:gcc (ProgramLoader)  
INFO  Using Library Search Path: [., /bin, /lib, /lib64, /lib/x86_64-linux-gnu, /lib/aarch64-linux-gnu, /usr/bin, /usr/lib, /usr/X11R6/bin, /usr/X11R6/lib, /usr/java/packages/lib, /usr/lib/x86_64-linux-gnu/jni, /usr/lib/x86_64-linux-gnu, /usr/lib/jni] (ProgramLoader)  
INFO  Additional info:
Loading file:///home/ion/tools/karma-lab/allobj/McdSpace.o?MD5=34264b64726f7393dc03fc189e38ebc0...
Skipping section [.bss] with invalid size 0x0
------------------------------------------------

 (ProgramLoader)  
INFO  IMPORTING: Loaded 0 additional files (HeadlessAnalyzer)  
INFO  REPORT: Execute script: ParseKarmaHeaders.java  (HeadlessAnalyzer)  
INFO  SCRIPT: /home/ion/tools/karma-lab/gscripts/ParseKarmaHeaders.java (HeadlessAnalyzer)  
INFO  ParseKarmaHeaders.java> KARMAOPT: KD_GHIDRA_OPTS not set, analyzer options untouched (GhidraScript)  
INFO  parse /home/ion/tools/karma-lab/kd_protos10.h (CParserUtils)  
INFO  ParseKarmaHeaders.java> KARMAHDR: parsed FunctionDefinitions=2700 (GhidraScript)  
INFO  ParseKarmaHeaders.java> KARMAHDR: signatures applied -- defined=59 imported=26 failed=0 (GhidraScript)  
INFO  ANALYZING all memory and code: file:///home/ion/tools/karma-lab/allobj/McdSpace.o?MD5=34264b64726f7393dc03fc189e38ebc0 (HeadlessAnalyzer)  
WARN  Mismatched DWARF Attribute and Form: DW_AT_macro_info->DW_FORM_data4 (DWARFAbbreviation)  
INFO  Added 268 source map entries (DWARFImporter)  
INFO  DWARF ver[2], 1 compUnits, 1154 DIES, import - total elapsed: 40ms (DWARFImportSummary)  
INFO  DWARF data type import - elapsed: 18ms (DWARFImportSummary)  
INFO  DWARF func & symbol import - elapsed: 13ms (DWARFImportSummary)  
INFO  DWARF types imported: 199 (DWARFImportSummary)  
INFO  DWARF compile dirs: [/home/icculus/projects/UT2-Code/karma/Mcd/src/util] (DWARFImportSummary)  
INFO  DWARF producers: [GNU C++ 3.2.3 20030422 (Gentoo Linux 1.4 3.2.3-r4, propolice)] (DWARFImportSummary)  
INFO  DWARF source languages: [DW_LANG_C_plus_plus] (DWARFImportSummary)  
INFO  DWARF compUnit: ../space/McdSpace.cpp (DWARFImportSummary)  
ERROR DWARF un-recoverable expressions: (DWARFImportSummary)  
ERROR   DW_OP_reg3 -> 9 (DWARFImportSummary)  
ERROR   DW_OP_reg0 -> 23 (DWARFImportSummary)  
ERROR   DW_OP_reg2 -> 8 (DWARFImportSummary)  
ERROR   DW_OP_reg7 -> 6 (DWARFImportSummary)  
ERROR   DW_OP_reg6 -> 7 (DWARFImportSummary)  
INFO  Applied data type archive: generic_clib (ApplyDataArchiveAnalyzer)  
INFO  -----------------------------------------------------
    ASCII Strings                              0.001 secs
    Apply Data Archives                        0.045 secs
    Call Convention ID                         2.277 secs
    Call-Fixup Installer                       0.001 secs
    Create Address Tables                      0.001 secs
    Create Function                            0.000 secs
    DWARF                                      0.042 secs
    Data Reference                             0.002 secs
    Decompiler Switch Analysis                 0.001 secs
    Demangler GNU                              0.006 secs
    Disassemble Entry Points                   0.024 secs
    ELF Scalar Operand References              0.003 secs
    Embedded Media                             0.000 secs
    External Entry References                  0.000 secs
    Function ID                                0.006 secs
    Function Start Pre Search                  0.001 secs
    Function Start Search                      0.002 secs
    Function Start Search After Code           0.000 secs
    Function Start Search After Data           0.000 secs
    GCC Exception Handlers                     0.010 secs
    Non-Returning Functions - Discovered       0.000 secs
    Non-Returning Functions - Known            0.000 secs
    Reference                                  0.016 secs
    Shared Return Calls                        0.002 secs
    Stack                                      0.016 secs
    Subroutine References                      0.000 secs
    X86 Function Callee Purge                  0.001 secs
    x86 Constant Reference Analyzer            0.011 secs
-----------------------------------------------------
     Total Time   2 secs
-----------------------------------------------------
 (AutoAnalysisManager)  
INFO  REPORT: Analysis succeeded for file: file:///home/ion/tools/karma-lab/allobj/McdSpace.o?MD5=34264b64726f7393dc03fc189e38ebc0 (HeadlessAnalyzer)  
INFO  REPORT: Execute script: DumpDecomp.java  (HeadlessAnalyzer)  
INFO  SCRIPT: /home/ion/tools/karma-lab/gscripts/DumpDecomp.java (HeadlessAnalyzer)  
INFO  DumpDecomp.java> OVERRIDES applied: 0 (GhidraScript)  
INFO  DumpDecomp.java> VTABLE: McdSpace.o rows=0 applied=0 no-prototype=0 not-in-a-function=0 refused=0 (GhidraScript)  
INFO  DumpDecomp.java> KARMAHDR: calling conventions {__cdecl=23, unknown=37} (GhidraScript)  
INFO  DumpDecomp.java> KARMAHDR: __regparm -> __cdecl on 37 function(s), 0 refused (GhidraScript)  
INFO  DumpDecomp.java> DONE McdSpace.o (GhidraScript)  
INFO  ANALYZING changes made by post scripts: file:///home/ion/tools/karma-lab/allobj/McdSpace.o?MD5=34264b64726f7393dc03fc189e38ebc0 (HeadlessAnalyzer)  
INFO  REPORT: Post-analysis succeeded for file: file:///home/ion/tools/karma-lab/allobj/McdSpace.o?MD5=34264b64726f7393dc03fc189e38ebc0 (HeadlessAnalyzer)  
INFO  /allobj/McdSpace.o: file created (ion) (LocalFileSystem)  
INFO  REPORT: Save succeeded for: /allobj/McdSpace.o (Proj:/allobj/McdSpace.o) (HeadlessAnalyzer)  
INFO  REPORT: Import succeeded (HeadlessAnalyzer)  
INFO  IMPORTING: file:///home/ion/tools/karma-lab/allobj/McdSphereBoxPlaneRegisterInteractions.o?MD5=65e61acbba66ad8f9d68e5ffb28625c5 (HeadlessAnalyzer)  
INFO  Using Loader: Executable and Linking Format (ELF) (ProgramLoader)  
INFO  Using Language/Compiler: x86:LE:32:default:gcc (ProgramLoader)  
INFO  Using Library Search Path: [., /bin, /lib, /lib64, /lib/x86_64-linux-gnu, /lib/aarch64-linux-gnu, /usr/bin, /usr/lib, /usr/X11R6/bin, /usr/X11R6/lib, /usr/java/packages/lib, /usr/lib/x86_64-linux-gnu/jni, /usr/lib/x86_64-linux-gnu, /usr/lib/jni] (ProgramLoader)  
INFO  Additional info:
Loading file:///home/ion/tools/karma-lab/allobj/McdSphereBoxPlaneRegisterInteractions.o?MD5=65e61acbba66ad8f9d68e5ffb28625c5...
Skipping section [.data] with invalid size 0x0
Skipping section [.bss] with invalid size 0x0
------------------------------------------------

 (ProgramLoader)  
INFO  IMPORTING: Loaded 0 additional files (HeadlessAnalyzer)  
INFO  REPORT: Execute script: ParseKarmaHeaders.java  (HeadlessAnalyzer)  
INFO  SCRIPT: /home/ion/tools/karma-lab/gscripts/ParseKarmaHeaders.java (HeadlessAnalyzer)  
INFO  ParseKarmaHeaders.java> KARMAOPT: KD_GHIDRA_OPTS not set, analyzer options untouched (GhidraScript)  
INFO  parse /home/ion/tools/karma-lab/kd_protos10.h (CParserUtils)  
INFO  ParseKarmaHeaders.java> KARMAHDR: parsed FunctionDefinitions=2700 (GhidraScript)  
INFO  ParseKarmaHeaders.java> KARMAHDR: signatures applied -- defined=6 imported=5 failed=0 (GhidraScript)  
INFO  ANALYZING all memory and code: file:///home/ion/tools/karma-lab/allobj/McdSphereBoxPlaneRegisterInteractions.o?MD5=65e61acbba66ad8f9d68e5ffb28625c5 (HeadlessAnalyzer)  
WARN  Mismatched DWARF Attribute and Form: DW_AT_macro_info->DW_FORM_data4 (DWARFAbbreviation)  
INFO  Added 6 source map entries (DWARFImporter)  
INFO  DWARF ver[2], 1 compUnits, 590 DIES, import - total elapsed: 16ms (DWARFImportSummary)  
INFO  DWARF data type import - elapsed: 11ms (DWARFImportSummary)  
INFO  DWARF func & symbol import - elapsed: 1ms (DWARFImportSummary)  
INFO  DWARF types imported: 157 (DWARFImportSummary)  
INFO  DWARF compile dirs: [/home/icculus/projects/UT2-Code/karma/Mcd/src/primitives] (DWARFImportSummary)  
INFO  DWARF producers: [GNU C++ 3.2.3 20030422 (Gentoo Linux 1.4 3.2.3-r4, propolice)] (DWARFImportSummary)  
INFO  DWARF source languages: [DW_LANG_C_plus_plus] (DWARFImportSummary)  
INFO  DWARF compUnit: McdSphereBoxPlaneRegisterInteractions.cpp (DWARFImportSummary)  
ERROR DWARF un-recoverable expressions: (DWARFImportSummary)  
ERROR   DW_OP_reg3 -> 1 (DWARFImportSummary)  
INFO  Applied data type archive: generic_clib (ApplyDataArchiveAnalyzer)  
INFO  REPORT: Analysis succeeded for file: file:///home/ion/tools/karma-lab/allobj/McdSphereBoxPlaneRegisterInteractions.o?MD5=65e61acbba66ad8f9d68e5ffb28625c5 (HeadlessAnalyzer)  
INFO  REPORT: Execute script: DumpDecomp.java  (HeadlessAnalyzer)  
INFO  SCRIPT: /home/ion/tools/karma-lab/gscripts/DumpDecomp.java (HeadlessAnalyzer)  
INFO  DumpDecomp.java> OVERRIDES applied: 0 (GhidraScript)  
INFO  DumpDecomp.java> VTABLE: McdSphereBoxPlaneRegisterInteractions.o rows=0 applied=0 no-prototype=0 not-in-a-function=0 refused=0 (GhidraScript)  
INFO  DumpDecomp.java> KARMAHDR: calling conventions {__cdecl=1, unknown=5} (GhidraScript)  
INFO  DumpDecomp.java> KARMAHDR: __regparm -> __cdecl on 5 function(s), 0 refused (GhidraScript)  
INFO  DumpDecomp.java> DONE McdSphereBoxPlaneRegisterInteractions.o (GhidraScript)  
INFO  ANALYZING changes made by post scripts: file:///home/ion/tools/karma-lab/allobj/McdSphereBoxPlaneRegisterInteractions.o?MD5=65e61acbba66ad8f9d68e5ffb28625c5 (HeadlessAnalyzer)  
INFO  REPORT: Post-analysis succeeded for file: file:///home/ion/tools/karma-lab/allobj/McdSphereBoxPlaneRegisterInteractions.o?MD5=65e61acbba66ad8f9d68e5ffb28625c5 (HeadlessAnalyzer)  
INFO  /allobj/McdSphereBoxPlaneRegisterInteractions.o: file created (ion) (LocalFileSystem)  
INFO  REPORT: Save succeeded for: /allobj/McdSphereBoxPlaneRegisterInteractions.o (Proj:/allobj/McdSphereBoxPlaneRegisterInteractions.o) (HeadlessAnalyzer)  
INFO  REPORT: Import succeeded (HeadlessAnalyzer)  
INFO  IMPORTING: file:///home/ion/tools/karma-lab/allobj/IxConvexTriList.o?MD5=2eaf72230d63cd9eda01a8afabb71403 (HeadlessAnalyzer)  
INFO  Using Loader: Executable and Linking Format (ELF) (ProgramLoader)  
INFO  Using Language/Compiler: x86:LE:32:default:gcc (ProgramLoader)  
INFO  Using Library Search Path: [., /bin, /lib, /lib64, /lib/x86_64-linux-gnu, /lib/aarch64-linux-gnu, /usr/bin, /usr/lib, /usr/X11R6/bin, /usr/X11R6/lib, /usr/java/packages/lib, /usr/lib/x86_64-linux-gnu/jni, /usr/lib/x86_64-linux-gnu, /usr/lib/jni] (ProgramLoader)  
INFO  Additional info:
Loading file:///home/ion/tools/karma-lab/allobj/IxConvexTriList.o?MD5=2eaf72230d63cd9eda01a8afabb71403...
Skipping section [.data] with invalid size 0x0
Skipping section [.bss] with invalid size 0x0
------------------------------------------------

 (ProgramLoader)  
INFO  IMPORTING: Loaded 0 additional files (HeadlessAnalyzer)  
INFO  REPORT: Execute script: ParseKarmaHeaders.java  (HeadlessAnalyzer)  
INFO  SCRIPT: /home/ion/tools/karma-lab/gscripts/ParseKarmaHeaders.java (HeadlessAnalyzer)  
INFO  ParseKarmaHeaders.java> KARMAOPT: KD_GHIDRA_OPTS not set, analyzer options untouched (GhidraScript)  
INFO  parse /home/ion/tools/karma-lab/kd_protos10.h (CParserUtils)  
INFO  ParseKarmaHeaders.java> KARMAHDR: parsed FunctionDefinitions=2700 (GhidraScript)  
INFO  ParseKarmaHeaders.java> KARMAHDR: signatures applied -- defined=13 imported=11 failed=0 (GhidraScript)  
INFO  ANALYZING all memory and code: file:///home/ion/tools/karma-lab/allobj/IxConvexTriList.o?MD5=2eaf72230d63cd9eda01a8afabb71403 (HeadlessAnalyzer)  
WARN  Mismatched DWARF Attribute and Form: DW_AT_macro_info->DW_FORM_data4 (DWARFAbbreviation)  
INFO  Added 603 source map entries (DWARFImporter)  
INFO  DWARF ver[2], 1 compUnits, 1638 DIES, import - total elapsed: 34ms (DWARFImportSummary)  
INFO  DWARF data type import - elapsed: 18ms (DWARFImportSummary)  
INFO  DWARF func & symbol import - elapsed: 7ms (DWARFImportSummary)  
INFO  DWARF types imported: 207 (DWARFImportSummary)  
INFO  DWARF compile dirs: [/home/icculus/projects/UT2-Code/karma/Mcd/src/convex] (DWARFImportSummary)  
INFO  DWARF producers: [GNU C++ 3.2.3 20030422 (Gentoo Linux 1.4 3.2.3-r4, propolice)] (DWARFImportSummary)  
INFO  DWARF source languages: [DW_LANG_C_plus_plus] (DWARFImportSummary)  
INFO  DWARF compUnit: IxConvexTriList.cpp (DWARFImportSummary)  
ERROR DWARF un-recoverable expressions: (DWARFImportSummary)  
ERROR   DW_OP_reg12 -> 1 (DWARFImportSummary)  
ERROR   DW_OP_reg11 -> 1 (DWARFImportSummary)  
ERROR   DW_OP_reg3 -> 6 (DWARFImportSummary)  
ERROR   DW_OP_reg13 -> 2 (DWARFImportSummary)  
ERROR   DW_OP_reg1 -> 2 (DWARFImportSummary)  
ERROR   DW_OP_reg0 -> 3 (DWARFImportSummary)  
ERROR   DW_OP_reg2 -> 1 (DWARFImportSummary)  
ERROR   DW_OP_reg14 -> 1 (DWARFImportSummary)  
ERROR   DW_OP_reg7 -> 5 (DWARFImportSummary)  
ERROR   DW_OP_reg15 -> 1 (DWARFImportSummary)  
ERROR   DW_OP_reg16 -> 1 (DWARFImportSummary)  
ERROR   DW_OP_reg17 -> 1 (DWARFImportSummary)  
ERROR   DW_OP_reg6 -> 4 (DWARFImportSummary)  
INFO  Applied data type archive: generic_clib (ApplyDataArchiveAnalyzer)  
INFO  REPORT: Analysis succeeded for file: file:///home/ion/tools/karma-lab/allobj/IxConvexTriList.o?MD5=2eaf72230d63cd9eda01a8afabb71403 (HeadlessAnalyzer)  
INFO  REPORT: Execute script: DumpDecomp.java  (HeadlessAnalyzer)  
INFO  SCRIPT: /home/ion/tools/karma-lab/gscripts/DumpDecomp.java (HeadlessAnalyzer)  
INFO  DumpDecomp.java> OVERRIDES applied: 1 (GhidraScript)  
INFO  DumpDecomp.java> VTABLE: IxConvexTriList.o rows=0 applied=0 no-prototype=0 not-in-a-function=0 refused=0 (GhidraScript)  
INFO  DumpDecomp.java> KARMAHDR: calling conventions {__cdecl=4, unknown=18} (GhidraScript)  
INFO  DumpDecomp.java> KARMAHDR: __regparm -> __cdecl on 18 function(s), 0 refused (GhidraScript)  
INFO  DumpDecomp.java> DONE IxConvexTriList.o (GhidraScript)  
INFO  ANALYZING changes made by post scripts: file:///home/ion/tools/karma-lab/allobj/IxConvexTriList.o?MD5=2eaf72230d63cd9eda01a8afabb71403 (HeadlessAnalyzer)  
INFO  REPORT: Post-analysis succeeded for file: file:///home/ion/tools/karma-lab/allobj/IxConvexTriList.o?MD5=2eaf72230d63cd9eda01a8afabb71403 (HeadlessAnalyzer)  
INFO  /allobj/IxConvexTriList.o: file created (ion) (LocalFileSystem)  
INFO  REPORT: Save succeeded for: /allobj/IxConvexTriList.o (Proj:/allobj/IxConvexTriList.o) (HeadlessAnalyzer)  
INFO  REPORT: Import succeeded (HeadlessAnalyzer)  
INFO  IMPORTING: file:///home/ion/tools/karma-lab/allobj/McdGeometryManager.o?MD5=a4a675efc91b50e5d26b582cbd78b43e (HeadlessAnalyzer)  
INFO  Using Loader: Executable and Linking Format (ELF) (ProgramLoader)  
INFO  Using Language/Compiler: x86:LE:32:default:gcc (ProgramLoader)  
INFO  Using Library Search Path: [., /bin, /lib, /lib64, /lib/x86_64-linux-gnu, /lib/aarch64-linux-gnu, /usr/bin, /usr/lib, /usr/X11R6/bin, /usr/X11R6/lib, /usr/java/packages/lib, /usr/lib/x86_64-linux-gnu/jni, /usr/lib/x86_64-linux-gnu, /usr/lib/jni] (ProgramLoader)  
ERROR EXTERNAL Data ELF Relocation with offset: at 0001009b (External Location = MeMemoryAPI+0xc) (ElfRelocationHandler)  
ERROR EXTERNAL Data ELF Relocation with offset: at 0001017e (External Location = MeMemoryAPI+0xc) (ElfRelocationHandler)  
ERROR EXTERNAL Data ELF Relocation with offset: at 00010609 (External Location = MeMemoryAPI+0xc) (ElfRelocationHandler)  
ERROR EXTERNAL Data ELF Relocation with offset: at 00010652 (External Location = MeMemoryAPI+0xc) (ElfRelocationHandler)  
INFO  Additional info:
Loading file:///home/ion/tools/karma-lab/allobj/McdGeometryManager.o?MD5=a4a675efc91b50e5d26b582cbd78b43e...
Skipping section [.data] with invalid size 0x0
Skipping section [.bss] with invalid size 0x0
------------------------------------------------

 (ProgramLoader)  
INFO  IMPORTING: Loaded 0 additional files (HeadlessAnalyzer)  
INFO  REPORT: Execute script: ParseKarmaHeaders.java  (HeadlessAnalyzer)  
INFO  SCRIPT: /home/ion/tools/karma-lab/gscripts/ParseKarmaHeaders.java (HeadlessAnalyzer)  
INFO  ParseKarmaHeaders.java> KARMAOPT: KD_GHIDRA_OPTS not set, analyzer options untouched (GhidraScript)  
INFO  parse /home/ion/tools/karma-lab/kd_protos10.h (CParserUtils)  
INFO  ParseKarmaHeaders.java> KARMAHDR: parsed FunctionDefinitions=2700 (GhidraScript)  
INFO  ParseKarmaHeaders.java> KARMAHDR: signatures applied -- defined=45 imported=38 failed=0 (GhidraScript)  
INFO  ANALYZING all memory and code: file:///home/ion/tools/karma-lab/allobj/McdGeometryManager.o?MD5=a4a675efc91b50e5d26b582cbd78b43e (HeadlessAnalyzer)  
WARN  Mismatched DWARF Attribute and Form: DW_AT_macro_info->DW_FORM_data4 (DWARFAbbreviation)  
INFO  Added 157 source map entries (DWARFImporter)  
INFO  DWARF ver[2], 1 compUnits, 689 DIES, import - total elapsed: 23ms (DWARFImportSummary)  
INFO  DWARF data type import - elapsed: 14ms (DWARFImportSummary)  
INFO  DWARF func & symbol import - elapsed: 3ms (DWARFImportSummary)  
INFO  DWARF types imported: 211 (DWARFImportSummary)  
INFO  DWARF compile dirs: [/home/icculus/projects/UT2-Code/karma/MeAssetFactory/src] (DWARFImportSummary)  
INFO  DWARF producers: [GNU C 3.2.3 20030422 (Gentoo Linux 1.4 3.2.3-r4, propolice)] (DWARFImportSummary)  
INFO  DWARF source languages: [DW_LANG_C89] (DWARFImportSummary)  
INFO  DWARF compUnit: McdGeometryManager.c (DWARFImportSummary)  
ERROR DWARF un-recoverable expressions: (DWARFImportSummary)  
ERROR   DW_OP_reg3 -> 5 (DWARFImportSummary)  
ERROR   DW_OP_reg0 -> 5 (DWARFImportSummary)  
ERROR   DW_OP_reg7 -> 3 (DWARFImportSummary)  
ERROR   DW_OP_reg6 -> 3 (DWARFImportSummary)  
INFO  Applied data type archive: generic_clib (ApplyDataArchiveAnalyzer)  
INFO  -----------------------------------------------------
    ASCII Strings                              0.000 secs
    Apply Data Archives                        0.056 secs
    Call Convention ID                         1.593 secs
    Call-Fixup Installer                       0.000 secs
    Create Address Tables                      0.001 secs
    Create Function                            0.001 secs
    DWARF                                      0.025 secs
    Data Reference                             0.001 secs
    Decompiler Switch Analysis                 0.000 secs
    Demangler GNU                              0.002 secs
    Disassemble Entry Points                   0.007 secs
    ELF Scalar Operand References              0.002 secs
    Embedded Media                             0.001 secs
    External Entry References                  0.000 secs
    Function ID                                0.003 secs
    Function Start Pre Search                  0.001 secs
    Function Start Search                      0.002 secs
    Function Start Search After Code           0.000 secs
    Function Start Search After Data           0.000 secs
    GCC Exception Handlers                     0.001 secs
    Non-Returning Functions - Discovered       0.000 secs
    Non-Returning Functions - Known            0.000 secs
    Reference                                  0.000 secs
    Shared Return Calls                        0.001 secs
    Stack                                      0.011 secs
    Subroutine References                      0.000 secs
    X86 Function Callee Purge                  0.000 secs
    x86 Constant Reference Analyzer            0.008 secs
-----------------------------------------------------
     Total Time   1 secs
-----------------------------------------------------
 (AutoAnalysisManager)  
INFO  REPORT: Analysis succeeded for file: file:///home/ion/tools/karma-lab/allobj/McdGeometryManager.o?MD5=a4a675efc91b50e5d26b582cbd78b43e (HeadlessAnalyzer)  
INFO  REPORT: Execute script: DumpDecomp.java  (HeadlessAnalyzer)  
INFO  SCRIPT: /home/ion/tools/karma-lab/gscripts/DumpDecomp.java (HeadlessAnalyzer)  
INFO  DumpDecomp.java> OVERRIDES applied: 0 (GhidraScript)  
INFO  DumpDecomp.java> VTABLE: McdGeometryManager.o rows=6 applied=6 no-prototype=0 not-in-a-function=0 refused=0 (GhidraScript)  
INFO  DumpDecomp.java> KARMAHDR: calling conventions {__cdecl=7, unknown=40} (GhidraScript)  
INFO  DumpDecomp.java> KARMAHDR: __regparm -> __cdecl on 40 function(s), 0 refused (GhidraScript)  
INFO  DumpDecomp.java> DONE McdGeometryManager.o (GhidraScript)  
INFO  ANALYZING changes made by post scripts: file:///home/ion/tools/karma-lab/allobj/McdGeometryManager.o?MD5=a4a675efc91b50e5d26b582cbd78b43e (HeadlessAnalyzer)  
INFO  REPORT: Post-analysis succeeded for file: file:///home/ion/tools/karma-lab/allobj/McdGeometryManager.o?MD5=a4a675efc91b50e5d26b582cbd78b43e (HeadlessAnalyzer)  
INFO  /allobj/McdGeometryManager.o: file created (ion) (LocalFileSystem)  
INFO  REPORT: Save succeeded for: /allobj/McdGeometryManager.o (Proj:/allobj/McdGeometryManager.o) (HeadlessAnalyzer)  
INFO  REPORT: Import succeeded (HeadlessAnalyzer)  
INFO  IMPORTING: file:///home/ion/tools/karma-lab/allobj/MstUniverse.o?MD5=0365cafcaaf0c8bc20fe8d670d5989fa (HeadlessAnalyzer)  
INFO  Using Loader: Executable and Linking Format (ELF) (ProgramLoader)  
INFO  Using Language/Compiler: x86:LE:32:default:gcc (ProgramLoader)  
INFO  Using Library Search Path: [., /bin, /lib, /lib64, /lib/x86_64-linux-gnu, /lib/aarch64-linux-gnu, /usr/bin, /usr/lib, /usr/X11R6/bin, /usr/X11R6/lib, /usr/java/packages/lib, /usr/lib/x86_64-linux-gnu/jni, /usr/lib/x86_64-linux-gnu, /usr/lib/jni] (ProgramLoader)  
ERROR EXTERNAL Data ELF Relocation with offset: at 00010160 (External Location = MeMemoryAPI+0xc) (ElfRelocationHandler)  
INFO  Additional info:
Loading file:///home/ion/tools/karma-lab/allobj/MstUniverse.o?MD5=0365cafcaaf0c8bc20fe8d670d5989fa...
Skipping section [.data] with invalid size 0x0
Skipping section [.bss] with invalid size 0x0
------------------------------------------------

 (ProgramLoader)  
INFO  IMPORTING: Loaded 0 additional files (HeadlessAnalyzer)  
INFO  REPORT: Execute script: ParseKarmaHeaders.java  (HeadlessAnalyzer)  
INFO  SCRIPT: /home/ion/tools/karma-lab/gscripts/ParseKarmaHeaders.java (HeadlessAnalyzer)  
INFO  ParseKarmaHeaders.java> KARMAOPT: KD_GHIDRA_OPTS not set, analyzer options untouched (GhidraScript)  
INFO  parse /home/ion/tools/karma-lab/kd_protos10.h (CParserUtils)  
INFO  ParseKarmaHeaders.java> KARMAHDR: parsed FunctionDefinitions=2700 (GhidraScript)  
INFO  ParseKarmaHeaders.java> KARMAHDR: signatures applied -- defined=29 imported=22 failed=0 (GhidraScript)  
INFO  ANALYZING all memory and code: file:///home/ion/tools/karma-lab/allobj/MstUniverse.o?MD5=0365cafcaaf0c8bc20fe8d670d5989fa (HeadlessAnalyzer)  
WARN  Mismatched DWARF Attribute and Form: DW_AT_macro_info->DW_FORM_data4 (DWARFAbbreviation)  
INFO  Added 60 source map entries (DWARFImporter)  
INFO  DWARF ver[2], 1 compUnits, 940 DIES, import - total elapsed: 46ms (DWARFImportSummary)  
INFO  DWARF data type import - elapsed: 29ms (DWARFImportSummary)  
INFO  DWARF func & symbol import - elapsed: 4ms (DWARFImportSummary)  
INFO  DWARF types imported: 282 (DWARFImportSummary)  
INFO  DWARF compile dirs: [/home/icculus/projects/UT2-Code/karma/Mst/src] (DWARFImportSummary)  
INFO  DWARF producers: [GNU C 3.2.3 20030422 (Gentoo Linux 1.4 3.2.3-r4, propolice)] (DWARFImportSummary)  
INFO  DWARF source languages: [DW_LANG_C89] (DWARFImportSummary)  
INFO  DWARF compUnit: MstUniverse.c (DWARFImportSummary)  
ERROR DWARF un-recoverable expressions: (DWARFImportSummary)  
ERROR   DW_OP_reg3 -> 3 (DWARFImportSummary)  
ERROR   DW_OP_reg0 -> 4 (DWARFImportSummary)  
ERROR   DW_OP_reg6 -> 2 (DWARFImportSummary)  
INFO  Applied data type archive: generic_clib (ApplyDataArchiveAnalyzer)  
INFO  -----------------------------------------------------
    ASCII Strings                              0.000 secs
    Apply Data Archives                        0.073 secs
    Call Convention ID                         1.596 secs
    Call-Fixup Installer                       0.000 secs
    Create Address Tables                      0.000 secs
    Create Function                            0.000 secs
    DWARF                                      0.048 secs
    Data Reference                             0.000 secs
    Decompiler Switch Analysis                 0.000 secs
    Demangler GNU                              0.002 secs
    Disassemble Entry Points                   0.003 secs
    ELF Scalar Operand References              0.001 secs
    Embedded Media                             0.001 secs
    External Entry References                  0.000 secs
    Function ID                                0.002 secs
    Function Start Pre Search                  0.002 secs
    Function Start Search                      0.002 secs
    Function Start Search After Code           0.000 secs
    Function Start Search After Data           0.000 secs
    GCC Exception Handlers                     0.002 secs
    Non-Returning Functions - Discovered       0.001 secs
    Non-Returning Functions - Known            0.001 secs
    Reference                                  0.001 secs
    Shared Return Calls                        0.000 secs
    Stack                                      0.006 secs
    Subroutine References                      0.000 secs
    X86 Function Callee Purge                  0.001 secs
    x86 Constant Reference Analyzer            0.003 secs
-----------------------------------------------------
     Total Time   1 secs
-----------------------------------------------------
 (AutoAnalysisManager)  
INFO  REPORT: Analysis succeeded for file: file:///home/ion/tools/karma-lab/allobj/MstUniverse.o?MD5=0365cafcaaf0c8bc20fe8d670d5989fa (HeadlessAnalyzer)  
INFO  REPORT: Execute script: DumpDecomp.java  (HeadlessAnalyzer)  
INFO  SCRIPT: /home/ion/tools/karma-lab/gscripts/DumpDecomp.java (HeadlessAnalyzer)  
INFO  DumpDecomp.java> OVERRIDES applied: 0 (GhidraScript)  
INFO  DumpDecomp.java> VTABLE: MstUniverse.o rows=2 applied=2 no-prototype=0 not-in-a-function=0 refused=0 (GhidraScript)  
INFO  DumpDecomp.java> KARMAHDR: calling conventions {__cdecl=7, unknown=22} (GhidraScript)  
INFO  DumpDecomp.java> KARMAHDR: __regparm -> __cdecl on 22 function(s), 0 refused (GhidraScript)  
INFO  DumpDecomp.java> DONE MstUniverse.o (GhidraScript)  
INFO  ANALYZING changes made by post scripts: file:///home/ion/tools/karma-lab/allobj/MstUniverse.o?MD5=0365cafcaaf0c8bc20fe8d670d5989fa (HeadlessAnalyzer)  
INFO  REPORT: Post-analysis succeeded for file: file:///home/ion/tools/karma-lab/allobj/MstUniverse.o?MD5=0365cafcaaf0c8bc20fe8d670d5989fa (HeadlessAnalyzer)  
INFO  /allobj/MstUniverse.o: file created (ion) (LocalFileSystem)  
INFO  REPORT: Save succeeded for: /allobj/MstUniverse.o (Proj:/allobj/MstUniverse.o) (HeadlessAnalyzer)  
INFO  REPORT: Import succeeded (HeadlessAnalyzer)  
INFO  IMPORTING: file:///home/ion/tools/karma-lab/allobj/MeDict.o?MD5=4d3c947aa4a6d0ba01d34722a6c7d35a (HeadlessAnalyzer)  
INFO  Using Loader: Executable and Linking Format (ELF) (ProgramLoader)  
INFO  Using Language/Compiler: x86:LE:32:default:gcc (ProgramLoader)  
INFO  Using Library Search Path: [., /bin, /lib, /lib64, /lib/x86_64-linux-gnu, /lib/aarch64-linux-gnu, /usr/bin, /usr/lib, /usr/X11R6/bin, /usr/X11R6/lib, /usr/java/packages/lib, /usr/lib/x86_64-linux-gnu/jni, /usr/lib/x86_64-linux-gnu, /usr/lib/jni] (ProgramLoader)  
ERROR EXTERNAL Data ELF Relocation with offset: at 00010a9c (External Location = MeMemoryAPI+0xc) (ElfRelocationHandler)  
ERROR EXTERNAL Data ELF Relocation with offset: at 00010ffc (External Location = MeMemoryAPI+0xc) (ElfRelocationHandler)  
ERROR EXTERNAL Data ELF Relocation with offset: at 0001114c (External Location = MeMemoryAPI+0xc) (ElfRelocationHandler)  
INFO  Additional info:
Loading file:///home/ion/tools/karma-lab/allobj/MeDict.o?MD5=4d3c947aa4a6d0ba01d34722a6c7d35a...
Skipping section [.data] with invalid size 0x0
Skipping section [.bss] with invalid size 0x0
------------------------------------------------

 (ProgramLoader)  
INFO  IMPORTING: Loaded 0 additional files (HeadlessAnalyzer)  
INFO  REPORT: Execute script: ParseKarmaHeaders.java  (HeadlessAnalyzer)  
INFO  SCRIPT: /home/ion/tools/karma-lab/gscripts/ParseKarmaHeaders.java (HeadlessAnalyzer)  
INFO  ParseKarmaHeaders.java> KARMAOPT: KD_GHIDRA_OPTS not set, analyzer options untouched (GhidraScript)  
INFO  parse /home/ion/tools/karma-lab/kd_protos10.h (CParserUtils)  
INFO  ParseKarmaHeaders.java> KARMAHDR: parsed FunctionDefinitions=2700 (GhidraScript)  
INFO  ParseKarmaHeaders.java> KARMAHDR: signatures applied -- defined=37 imported=0 failed=0 (GhidraScript)  
INFO  ANALYZING all memory and code: file:///home/ion/tools/karma-lab/allobj/MeDict.o?MD5=4d3c947aa4a6d0ba01d34722a6c7d35a (HeadlessAnalyzer)  
WARN  Mismatched DWARF Attribute and Form: DW_AT_macro_info->DW_FORM_data4 (DWARFAbbreviation)  
INFO  Added 732 source map entries (DWARFImporter)  
INFO  DWARF ver[2], 1 compUnits, 768 DIES, import - total elapsed: 17ms (DWARFImportSummary)  
INFO  DWARF data type import - elapsed: 2ms (DWARFImportSummary)  
INFO  DWARF func & symbol import - elapsed: 12ms (DWARFImportSummary)  
INFO  DWARF types imported: 39 (DWARFImportSummary)  
INFO  DWARF compile dirs: [/home/icculus/projects/UT2-Code/karma/MeGlobals/src] (DWARFImportSummary)  
INFO  DWARF producers: [GNU C 3.2.3 20030422 (Gentoo Linux 1.4 3.2.3-r4, propolice)] (DWARFImportSummary)  
INFO  DWARF source languages: [DW_LANG_C89] (DWARFImportSummary)  
INFO  DWARF compUnit: MeDict.c (DWARFImportSummary)  
ERROR DWARF un-recoverable expressions: (DWARFImportSummary)  
ERROR   DW_OP_reg3 -> 19 (DWARFImportSummary)  
ERROR   DW_OP_reg1 -> 15 (DWARFImportSummary)  
ERROR   DW_OP_reg0 -> 55 (DWARFImportSummary)  
ERROR   DW_OP_reg2 -> 29 (DWARFImportSummary)  
ERROR   DW_OP_reg7 -> 15 (DWARFImportSummary)  
ERROR   DW_OP_reg6 -> 17 (DWARFImportSummary)  
INFO  Applied data type archive: generic_clib (ApplyDataArchiveAnalyzer)  
INFO  -----------------------------------------------------
    ASCII Strings                              0.000 secs
    Apply Data Archives                        0.063 secs
    Call Convention ID                         2.286 secs
    Call-Fixup Installer                       0.000 secs
    Create Address Tables                      0.001 secs
    Create Function                            0.000 secs
    DWARF                                      0.020 secs
    Data Reference                             0.001 secs
    Decompiler Switch Analysis                 0.001 secs
    Demangler GNU                              0.004 secs
    Disassemble Entry Points                   0.015 secs
    ELF Scalar Operand References              0.006 secs
    Embedded Media                             0.001 secs
    External Entry References                  0.000 secs
    Function ID                                0.007 secs
    Function Start Pre Search                  0.001 secs
    Function Start Search                      0.002 secs
    Function Start Search After Code           0.000 secs
    Function Start Search After Data           0.001 secs
    GCC Exception Handlers                     0.005 secs
    Non-Returning Functions - Discovered       0.001 secs
    Non-Returning Functions - Known            0.000 secs
    Reference                                  0.000 secs
    Shared Return Calls                        0.001 secs
    Stack                                      0.026 secs
    Subroutine References                      0.000 secs
    X86 Function Callee Purge                  0.000 secs
    x86 Constant Reference Analyzer            0.020 secs
-----------------------------------------------------
     Total Time   2 secs
-----------------------------------------------------
 (AutoAnalysisManager)  
INFO  REPORT: Analysis succeeded for file: file:///home/ion/tools/karma-lab/allobj/MeDict.o?MD5=4d3c947aa4a6d0ba01d34722a6c7d35a (HeadlessAnalyzer)  
INFO  REPORT: Execute script: DumpDecomp.java  (HeadlessAnalyzer)  
INFO  SCRIPT: /home/ion/tools/karma-lab/gscripts/DumpDecomp.java (HeadlessAnalyzer)  
INFO  DumpDecomp.java> OVERRIDES applied: 0 (GhidraScript)  
INFO  DumpDecomp.java> VTABLE: MeDict.o rows=6 applied=6 no-prototype=0 not-in-a-function=0 refused=0 (GhidraScript)  
INFO  DumpDecomp.java> KARMAHDR: calling conventions {__cdecl=31, __regparm1=8, unknown=5} (GhidraScript)  
INFO  DumpDecomp.java> KARMAHDR: __regparm -> __cdecl on 13 function(s), 0 refused (GhidraScript)  
INFO  DumpDecomp.java> DONE MeDict.o (GhidraScript)  
INFO  ANALYZING changes made by post scripts: file:///home/ion/tools/karma-lab/allobj/MeDict.o?MD5=4d3c947aa4a6d0ba01d34722a6c7d35a (HeadlessAnalyzer)  
INFO  REPORT: Post-analysis succeeded for file: file:///home/ion/tools/karma-lab/allobj/MeDict.o?MD5=4d3c947aa4a6d0ba01d34722a6c7d35a (HeadlessAnalyzer)  
INFO  /allobj/MeDict.o: file created (ion) (LocalFileSystem)  
INFO  REPORT: Save succeeded for: /allobj/MeDict.o (Proj:/allobj/MeDict.o) (HeadlessAnalyzer)  
INFO  REPORT: Import succeeded (HeadlessAnalyzer)  
INFO  IMPORTING: file:///home/ion/tools/karma-lab/allobj/McdFrame.o?MD5=217b15692f68062c91944282257177db (HeadlessAnalyzer)  
INFO  Using Loader: Executable and Linking Format (ELF) (ProgramLoader)  
INFO  Using Language/Compiler: x86:LE:32:default:gcc (ProgramLoader)  
INFO  Using Library Search Path: [., /bin, /lib, /lib64, /lib/x86_64-linux-gnu, /lib/aarch64-linux-gnu, /usr/bin, /usr/lib, /usr/X11R6/bin, /usr/X11R6/lib, /usr/java/packages/lib, /usr/lib/x86_64-linux-gnu/jni, /usr/lib/x86_64-linux-gnu, /usr/lib/jni] (ProgramLoader)  
ERROR EXTERNAL Data ELF Relocation with offset: at 0001023d (External Location = MePoolAPI+0x4) (ElfRelocationHandler)  
ERROR EXTERNAL Data ELF Relocation with offset: at 00010249 (External Location = MePoolAPI+0x4) (ElfRelocationHandler)  
ERROR EXTERNAL Data ELF Relocation with offset: at 00010257 (External Location = MeMemoryAPI+0xc) (ElfRelocationHandler)  
ERROR EXTERNAL Data ELF Relocation with offset: at 00010262 (External Location = MeMemoryAPI+0xc) (ElfRelocationHandler)  
ERROR EXTERNAL Data ELF Relocation with offset: at 0001026d (External Location = MeMemoryAPI+0xc) (ElfRelocationHandler)  
ERROR EXTERNAL Data ELF Relocation with offset: at 00010281 (External Location = MeMemoryAPI+0xc) (ElfRelocationHandler)  
ERROR EXTERNAL Data ELF Relocation with offset: at 00010295 (External Location = MeMemoryAPI+0xc) (ElfRelocationHandler)  
ERROR EXTERNAL Data ELF Relocation with offset: at 000102a7 (External Location = MePoolAPI+0x4) (ElfRelocationHandler)  
INFO  Additional info:
Loading file:///home/ion/tools/karma-lab/allobj/McdFrame.o?MD5=217b15692f68062c91944282257177db...
Skipping section [.data] with invalid size 0x0
Skipping section [.bss] with invalid size 0x0
------------------------------------------------

 (ProgramLoader)  
INFO  IMPORTING: Loaded 0 additional files (HeadlessAnalyzer)  
INFO  REPORT: Execute script: ParseKarmaHeaders.java  (HeadlessAnalyzer)  
INFO  SCRIPT: /home/ion/tools/karma-lab/gscripts/ParseKarmaHeaders.java (HeadlessAnalyzer)  
INFO  ParseKarmaHeaders.java> KARMAOPT: KD_GHIDRA_OPTS not set, analyzer options untouched (GhidraScript)  
INFO  parse /home/ion/tools/karma-lab/kd_protos10.h (CParserUtils)  
INFO  ParseKarmaHeaders.java> KARMAHDR: parsed FunctionDefinitions=2700 (GhidraScript)  
INFO  ParseKarmaHeaders.java> KARMAHDR: signatures applied -- defined=30 imported=8 failed=0 (GhidraScript)  
INFO  ANALYZING all memory and code: file:///home/ion/tools/karma-lab/allobj/McdFrame.o?MD5=217b15692f68062c91944282257177db (HeadlessAnalyzer)  
WARN  Mismatched DWARF Attribute and Form: DW_AT_macro_info->DW_FORM_data4 (DWARFAbbreviation)  
INFO  Added 194 source map entries (DWARFImporter)  
INFO  DWARF ver[2], 1 compUnits, 863 DIES, import - total elapsed: 30ms (DWARFImportSummary)  
INFO  DWARF data type import - elapsed: 16ms (DWARFImportSummary)  
INFO  DWARF func & symbol import - elapsed: 7ms (DWARFImportSummary)  
INFO  DWARF types imported: 187 (DWARFImportSummary)  
INFO  DWARF compile dirs: [/home/icculus/projects/UT2-Code/karma/Mcd/src/frame] (DWARFImportSummary)  
INFO  DWARF producers: [GNU C++ 3.2.3 20030422 (Gentoo Linux 1.4 3.2.3-r4, propolice)] (DWARFImportSummary)  
INFO  DWARF source languages: [DW_LANG_C_plus_plus] (DWARFImportSummary)  
INFO  DWARF compUnit: McdFrame.cpp (DWARFImportSummary)  
ERROR DWARF un-recoverable expressions: (DWARFImportSummary)  
ERROR   DW_OP_reg3 -> 7 (DWARFImportSummary)  
ERROR   DW_OP_reg1 -> 3 (DWARFImportSummary)  
ERROR   DW_OP_reg0 -> 22 (DWARFImportSummary)  
ERROR   DW_OP_reg2 -> 10 (DWARFImportSummary)  
ERROR   DW_OP_reg7 -> 3 (DWARFImportSummary)  
ERROR   DW_OP_reg6 -> 4 (DWARFImportSummary)  
INFO  Applied data type archive: generic_clib (ApplyDataArchiveAnalyzer)  
INFO  -----------------------------------------------------
    ASCII Strings                              0.002 secs
    Apply Data Archives                        0.079 secs
    Call Convention ID                         2.284 secs
    Call-Fixup Installer                       0.000 secs
    Create Address Tables                      0.001 secs
    Create Function                            0.000 secs
    DWARF                                      0.033 secs
    Data Reference                             0.001 secs
    Decompiler Switch Analysis                 0.000 secs
    Demangler GNU                              0.003 secs
    Disassemble Entry Points                   0.007 secs
    ELF Scalar Operand References              0.002 secs
    Embedded Media                             0.001 secs
    External Entry References                  0.000 secs
    Function ID                                0.004 secs
    Function Start Pre Search                  0.002 secs
    Function Start Search                      0.027 secs
    Function Start Search After Code           0.000 secs
    Function Start Search After Data           0.001 secs
    GCC Exception Handlers                     0.005 secs
    Non-Returning Functions - Discovered       0.000 secs
    Non-Returning Functions - Known            0.000 secs
    Reference                                  0.001 secs
    Shared Return Calls                        0.001 secs
    Stack                                      0.009 secs
    Subroutine References                      0.000 secs
    X86 Function Callee Purge                  0.000 secs
    x86 Constant Reference Analyzer            0.008 secs
-----------------------------------------------------
     Total Time   2 secs
-----------------------------------------------------
 (AutoAnalysisManager)  
INFO  REPORT: Analysis succeeded for file: file:///home/ion/tools/karma-lab/allobj/McdFrame.o?MD5=217b15692f68062c91944282257177db (HeadlessAnalyzer)  
INFO  REPORT: Execute script: DumpDecomp.java  (HeadlessAnalyzer)  
INFO  SCRIPT: /home/ion/tools/karma-lab/gscripts/DumpDecomp.java (HeadlessAnalyzer)  
INFO  DumpDecomp.java> OVERRIDES applied: 0 (GhidraScript)  
INFO  DumpDecomp.java> VTABLE: McdFrame.o rows=15 applied=15 no-prototype=0 not-in-a-function=0 refused=0 (GhidraScript)  
INFO  DumpDecomp.java> KARMAHDR: calling conventions {__cdecl=22, unknown=9} (GhidraScript)  
INFO  DumpDecomp.java> KARMAHDR: __regparm -> __cdecl on 9 function(s), 0 refused (GhidraScript)  
INFO  DumpDecomp.java> DONE McdFrame.o (GhidraScript)  
INFO  ANALYZING changes made by post scripts: file:///home/ion/tools/karma-lab/allobj/McdFrame.o?MD5=217b15692f68062c91944282257177db (HeadlessAnalyzer)  
INFO  REPORT: Post-analysis succeeded for file: file:///home/ion/tools/karma-lab/allobj/McdFrame.o?MD5=217b15692f68062c91944282257177db (HeadlessAnalyzer)  
INFO  /allobj/McdFrame.o: file created (ion) (LocalFileSystem)  
INFO  REPORT: Save succeeded for: /allobj/McdFrame.o (Proj:/allobj/McdFrame.o) (HeadlessAnalyzer)  
INFO  REPORT: Import succeeded (HeadlessAnalyzer)  
INFO  IMPORTING: file:///home/ion/tools/karma-lab/allobj/MdtUserConstraint.o?MD5=9dfe9446e1e97d30e0bbaf3aa4506bdc (HeadlessAnalyzer)  
INFO  Using Loader: Executable and Linking Format (ELF) (ProgramLoader)  
INFO  Using Language/Compiler: x86:LE:32:default:gcc (ProgramLoader)  
INFO  Using Library Search Path: [., /bin, /lib, /lib64, /lib/x86_64-linux-gnu, /lib/aarch64-linux-gnu, /usr/bin, /usr/lib, /usr/X11R6/bin, /usr/X11R6/lib, /usr/java/packages/lib, /usr/lib/x86_64-linux-gnu/jni, /usr/lib/x86_64-linux-gnu, /usr/lib/jni] (ProgramLoader)  
INFO  Additional info:
Loading file:///home/ion/tools/karma-lab/allobj/MdtUserConstraint.o?MD5=9dfe9446e1e97d30e0bbaf3aa4506bdc...
Skipping section [.data] with invalid size 0x0
Skipping section [.bss] with invalid size 0x0
------------------------------------------------

 (ProgramLoader)  
INFO  IMPORTING: Loaded 0 additional files (HeadlessAnalyzer)  
INFO  REPORT: Execute script: ParseKarmaHeaders.java  (HeadlessAnalyzer)  
INFO  SCRIPT: /home/ion/tools/karma-lab/gscripts/ParseKarmaHeaders.java (HeadlessAnalyzer)  
INFO  ParseKarmaHeaders.java> KARMAOPT: KD_GHIDRA_OPTS not set, analyzer options untouched (GhidraScript)  
INFO  parse /home/ion/tools/karma-lab/kd_protos10.h (CParserUtils)  
INFO  ParseKarmaHeaders.java> KARMAHDR: parsed FunctionDefinitions=2700 (GhidraScript)  
INFO  ParseKarmaHeaders.java> KARMAHDR: signatures applied -- defined=11 imported=4 failed=0 (GhidraScript)  
INFO  ANALYZING all memory and code: file:///home/ion/tools/karma-lab/allobj/MdtUserConstraint.o?MD5=9dfe9446e1e97d30e0bbaf3aa4506bdc (HeadlessAnalyzer)  
WARN  Mismatched DWARF Attribute and Form: DW_AT_macro_info->DW_FORM_data4 (DWARFAbbreviation)  
INFO  Added 37 source map entries (DWARFImporter)  
INFO  DWARF ver[2], 1 compUnits, 493 DIES, import - total elapsed: 14ms (DWARFImportSummary)  
INFO  DWARF data type import - elapsed: 9ms (DWARFImportSummary)  
INFO  DWARF func & symbol import - elapsed: 2ms (DWARFImportSummary)  
INFO  DWARF types imported: 112 (DWARFImportSummary)  
INFO  DWARF compile dirs: [/home/icculus/projects/UT2-Code/karma/Mdt/src] (DWARFImportSummary)  
INFO  DWARF producers: [GNU C 3.2.3 20030422 (Gentoo Linux 1.4 3.2.3-r4, propolice)] (DWARFImportSummary)  
INFO  DWARF source languages: [DW_LANG_C89] (DWARFImportSummary)  
INFO  DWARF compUnit: MdtUserConstraint.c (DWARFImportSummary)  
ERROR DWARF un-recoverable expressions: (DWARFImportSummary)  
ERROR   DW_OP_reg3 -> 1 (DWARFImportSummary)  
ERROR   DW_OP_reg0 -> 5 (DWARFImportSummary)  
ERROR   DW_OP_reg2 -> 3 (DWARFImportSummary)  
INFO  Applied data type archive: generic_clib (ApplyDataArchiveAnalyzer)  
INFO  -----------------------------------------------------
    ASCII Strings                              0.000 secs
    Apply Data Archives                        0.061 secs
    Call Convention ID                         1.357 secs
    Call-Fixup Installer                       0.000 secs
    Create Address Tables                      0.000 secs
    Create Function                            0.000 secs
    DWARF                                      0.015 secs
    Data Reference                             0.001 secs
    Decompiler Switch Analysis                 0.000 secs
    Demangler GNU                              0.001 secs
    Disassemble Entry Points                   0.001 secs
    ELF Scalar Operand References              0.000 secs
    Embedded Media                             0.001 secs
    External Entry References                  0.000 secs
    Function ID                                0.002 secs
    Function Start Pre Search                  0.001 secs
    Function Start Search                      0.002 secs
    Function Start Search After Code           0.000 secs
    Function Start Search After Data           0.000 secs
    GCC Exception Handlers                     0.002 secs
    Non-Returning Functions - Discovered       0.000 secs
    Non-Returning Functions - Known            0.000 secs
    Reference                                  0.000 secs
    Shared Return Calls                        0.000 secs
    Stack                                      0.002 secs
    Subroutine References                      0.000 secs
    X86 Function Callee Purge                  0.000 secs
    x86 Constant Reference Analyzer            0.002 secs
-----------------------------------------------------
     Total Time   1 secs
-----------------------------------------------------
 (AutoAnalysisManager)  
INFO  REPORT: Analysis succeeded for file: file:///home/ion/tools/karma-lab/allobj/MdtUserConstraint.o?MD5=9dfe9446e1e97d30e0bbaf3aa4506bdc (HeadlessAnalyzer)  
INFO  REPORT: Execute script: DumpDecomp.java  (HeadlessAnalyzer)  
INFO  SCRIPT: /home/ion/tools/karma-lab/gscripts/DumpDecomp.java (HeadlessAnalyzer)  
INFO  DumpDecomp.java> OVERRIDES applied: 0 (GhidraScript)  
INFO  DumpDecomp.java> VTABLE: MdtUserConstraint.o rows=0 applied=0 no-prototype=0 not-in-a-function=0 refused=0 (GhidraScript)  
INFO  DumpDecomp.java> KARMAHDR: calling conventions {__cdecl=6, unknown=5} (GhidraScript)  
INFO  DumpDecomp.java> KARMAHDR: __regparm -> __cdecl on 5 function(s), 0 refused (GhidraScript)  
INFO  DumpDecomp.java> DONE MdtUserConstraint.o (GhidraScript)  
INFO  ANALYZING changes made by post scripts: file:///home/ion/tools/karma-lab/allobj/MdtUserConstraint.o?MD5=9dfe9446e1e97d30e0bbaf3aa4506bdc (HeadlessAnalyzer)  
INFO  REPORT: Post-analysis succeeded for file: file:///home/ion/tools/karma-lab/allobj/MdtUserConstraint.o?MD5=9dfe9446e1e97d30e0bbaf3aa4506bdc (HeadlessAnalyzer)  
INFO  /allobj/MdtUserConstraint.o: file created (ion) (LocalFileSystem)  
INFO  REPORT: Save succeeded for: /allobj/MdtUserConstraint.o (Proj:/allobj/MdtUserConstraint.o) (HeadlessAnalyzer)  
INFO  REPORT: Import succeeded (HeadlessAnalyzer)  
INFO  IMPORTING: file:///home/ion/tools/karma-lab/allobj/ConvexGeomUtils.o?MD5=c5c08e7011d20ff39f7374e819492964 (HeadlessAnalyzer)  
INFO  Using Loader: Executable and Linking Format (ELF) (ProgramLoader)  
INFO  Using Language/Compiler: x86:LE:32:default:gcc (ProgramLoader)  
INFO  Using Library Search Path: [., /bin, /lib, /lib64, /lib/x86_64-linux-gnu, /lib/aarch64-linux-gnu, /usr/bin, /usr/lib, /usr/X11R6/bin, /usr/X11R6/lib, /usr/java/packages/lib, /usr/lib/x86_64-linux-gnu/jni, /usr/lib/x86_64-linux-gnu, /usr/lib/jni] (ProgramLoader)  
INFO  Additional info:
Loading file:///home/ion/tools/karma-lab/allobj/ConvexGeomUtils.o?MD5=c5c08e7011d20ff39f7374e819492964...
Skipping section [.data] with invalid size 0x0
Skipping section [.bss] with invalid size 0x0
------------------------------------------------

 (ProgramLoader)  
INFO  IMPORTING: Loaded 0 additional files (HeadlessAnalyzer)  
INFO  REPORT: Execute script: ParseKarmaHeaders.java  (HeadlessAnalyzer)  
INFO  SCRIPT: /home/ion/tools/karma-lab/gscripts/ParseKarmaHeaders.java (HeadlessAnalyzer)  
INFO  ParseKarmaHeaders.java> KARMAOPT: KD_GHIDRA_OPTS not set, analyzer options untouched (GhidraScript)  
INFO  parse /home/ion/tools/karma-lab/kd_protos10.h (CParserUtils)  
INFO  ParseKarmaHeaders.java> KARMAHDR: parsed FunctionDefinitions=2700 (GhidraScript)  
INFO  ParseKarmaHeaders.java> KARMAHDR: signatures applied -- defined=2 imported=2 failed=0 (GhidraScript)  
INFO  ANALYZING all memory and code: file:///home/ion/tools/karma-lab/allobj/ConvexGeomUtils.o?MD5=c5c08e7011d20ff39f7374e819492964 (HeadlessAnalyzer)  
WARN  Mismatched DWARF Attribute and Form: DW_AT_macro_info->DW_FORM_data4 (DWARFAbbreviation)  
INFO  Added 897 source map entries (DWARFImporter)  
INFO  DWARF ver[2], 1 compUnits, 1389 DIES, import - total elapsed: 19ms (DWARFImportSummary)  
INFO  DWARF data type import - elapsed: 3ms (DWARFImportSummary)  
INFO  DWARF func & symbol import - elapsed: 11ms (DWARFImportSummary)  
INFO  DWARF types imported: 38 (DWARFImportSummary)  
INFO  DWARF compile dirs: [/home/icculus/projects/UT2-Code/karma/Mcd/src/convex] (DWARFImportSummary)  
INFO  DWARF producers: [GNU C++ 3.2.3 20030422 (Gentoo Linux 1.4 3.2.3-r4, propolice)] (DWARFImportSummary)  
INFO  DWARF source languages: [DW_LANG_C_plus_plus] (DWARFImportSummary)  
INFO  DWARF compUnit: ConvexGeomUtils.cpp (DWARFImportSummary)  
ERROR DWARF un-recoverable expressions: (DWARFImportSummary)  
ERROR   DW_OP_reg12 -> 5 (DWARFImportSummary)  
ERROR   DW_OP_reg11 -> 4 (DWARFImportSummary)  
ERROR   DW_OP_reg1 -> 11 (DWARFImportSummary)  
ERROR   DW_OP_reg2 -> 9 (DWARFImportSummary)  
ERROR   DW_OP_reg14 -> 4 (DWARFImportSummary)  
ERROR   DW_OP_reg7 -> 4 (DWARFImportSummary)  
ERROR   DW_OP_reg13 -> 2 (DWARFImportSummary)  
ERROR   DW_OP_reg3 -> 10 (DWARFImportSummary)  
ERROR   DW_OP_reg0 -> 16 (DWARFImportSummary)  
ERROR   DW_OP_reg18 -> 3 (DWARFImportSummary)  
ERROR   DW_OP_reg16 -> 1 (DWARFImportSummary)  
ERROR   DW_OP_reg17 -> 3 (DWARFImportSummary)  
ERROR   DW_OP_reg6 -> 7 (DWARFImportSummary)  
INFO  Applied data type archive: generic_clib (ApplyDataArchiveAnalyzer)  
INFO  -----------------------------------------------------
    ASCII Strings                              0.001 secs
    Apply Data Archives                        0.065 secs
    Call Convention ID                         1.854 secs
    Call-Fixup Installer                       0.000 secs
    Create Address Tables                      0.001 secs
    Create Function                            0.000 secs
    DWARF                                      0.021 secs
    Data Reference                             0.001 secs
    Decompiler Switch Analysis                 0.001 secs
    Demangler GNU                              0.004 secs
    Disassemble Entry Points                   0.020 secs
    ELF Scalar Operand References              0.014 secs
    Embedded Media                             0.001 secs
    External Entry References                  0.000 secs
    Function ID                                0.008 secs
    Function Start Pre Search                  0.002 secs
    Function Start Search                      0.002 secs
    Function Start Search After Code           0.000 secs
    Function Start Search After Data           0.000 secs
    GCC Exception Handlers                     0.003 secs
    Non-Returning Functions - Discovered       0.001 secs
    Non-Returning Functions - Known            0.001 secs
    Reference                                  0.000 secs
    Shared Return Calls                        0.001 secs
    Stack                                      0.049 secs
    Subroutine References                      0.000 secs
    X86 Function Callee Purge                  0.001 secs
    x86 Constant Reference Analyzer            0.025 secs
-----------------------------------------------------
     Total Time   2 secs
-----------------------------------------------------
 (AutoAnalysisManager)  
INFO  REPORT: Analysis succeeded for file: file:///home/ion/tools/karma-lab/allobj/ConvexGeomUtils.o?MD5=c5c08e7011d20ff39f7374e819492964 (HeadlessAnalyzer)  
INFO  REPORT: Execute script: DumpDecomp.java  (HeadlessAnalyzer)  
INFO  SCRIPT: /home/ion/tools/karma-lab/gscripts/DumpDecomp.java (HeadlessAnalyzer)  
INFO  DumpDecomp.java> OVERRIDES applied: 0 (GhidraScript)  
INFO  DumpDecomp.java> VTABLE: ConvexGeomUtils.o rows=0 applied=0 no-prototype=0 not-in-a-function=0 refused=0 (GhidraScript)  
INFO  DumpDecomp.java> KARMAHDR: calling conventions {__cdecl=10, unknown=3} (GhidraScript)  
INFO  DumpDecomp.java> KARMAHDR: __regparm -> __cdecl on 3 function(s), 0 refused (GhidraScript)  
INFO  DumpDecomp.java> DONE ConvexGeomUtils.o (GhidraScript)  
INFO  ANALYZING changes made by post scripts: file:///home/ion/tools/karma-lab/allobj/ConvexGeomUtils.o?MD5=c5c08e7011d20ff39f7374e819492964 (HeadlessAnalyzer)  
INFO  REPORT: Post-analysis succeeded for file: file:///home/ion/tools/karma-lab/allobj/ConvexGeomUtils.o?MD5=c5c08e7011d20ff39f7374e819492964 (HeadlessAnalyzer)  
INFO  /allobj/ConvexGeomUtils.o: file created (ion) (LocalFileSystem)  
INFO  REPORT: Save succeeded for: /allobj/ConvexGeomUtils.o (Proj:/allobj/ConvexGeomUtils.o) (HeadlessAnalyzer)  
INFO  REPORT: Import succeeded (HeadlessAnalyzer)  
INFO  IMPORTING: file:///home/ion/tools/karma-lab/allobj/McdGjkPenetrationDepth.o?MD5=dfd596544b20973fd9df4a62b430a57d (HeadlessAnalyzer)  
INFO  Using Loader: Executable and Linking Format (ELF) (ProgramLoader)  
INFO  Using Language/Compiler: x86:LE:32:default:gcc (ProgramLoader)  
INFO  Using Library Search Path: [., /bin, /lib, /lib64, /lib/x86_64-linux-gnu, /lib/aarch64-linux-gnu, /usr/bin, /usr/lib, /usr/X11R6/bin, /usr/X11R6/lib, /usr/java/packages/lib, /usr/lib/x86_64-linux-gnu/jni, /usr/lib/x86_64-linux-gnu, /usr/lib/jni] (ProgramLoader)  
ERROR EXTERNAL Data ELF Relocation with offset: at 0001052f (External Location = McdGjkBinarySubset+0x3c) (ElfRelocationHandler)  
ERROR EXTERNAL Data ELF Relocation with offset: at 00010c99 (External Location = McdGjkBinarySubset+0x3c) (ElfRelocationHandler)  
INFO  Additional info:
Loading file:///home/ion/tools/karma-lab/allobj/McdGjkPenetrationDepth.o?MD5=dfd596544b20973fd9df4a62b430a57d...
Skipping section [.data] with invalid size 0x0
Skipping section [.bss] with invalid size 0x0
------------------------------------------------

 (ProgramLoader)  
INFO  IMPORTING: Loaded 0 additional files (HeadlessAnalyzer)  
INFO  REPORT: Execute script: ParseKarmaHeaders.java  (HeadlessAnalyzer)  
INFO  SCRIPT: /home/ion/tools/karma-lab/gscripts/ParseKarmaHeaders.java (HeadlessAnalyzer)  
INFO  ParseKarmaHeaders.java> KARMAOPT: KD_GHIDRA_OPTS not set, analyzer options untouched (GhidraScript)  
INFO  parse /home/ion/tools/karma-lab/kd_protos10.h (CParserUtils)  
INFO  ParseKarmaHeaders.java> KARMAHDR: parsed FunctionDefinitions=2700 (GhidraScript)  
INFO  ParseKarmaHeaders.java> KARMAHDR: signatures applied -- defined=15 imported=14 failed=0 (GhidraScript)  
INFO  ANALYZING all memory and code: file:///home/ion/tools/karma-lab/allobj/McdGjkPenetrationDepth.o?MD5=dfd596544b20973fd9df4a62b430a57d (HeadlessAnalyzer)  
WARN  Mismatched DWARF Attribute and Form: DW_AT_macro_info->DW_FORM_data4 (DWARFAbbreviation)  
INFO  Added 385 source map entries (DWARFImporter)  
INFO  DWARF ver[2], 1 compUnits, 1202 DIES, import - total elapsed: 24ms (DWARFImportSummary)  
INFO  DWARF data type import - elapsed: 12ms (DWARFImportSummary)  
INFO  DWARF func & symbol import - elapsed: 5ms (DWARFImportSummary)  
INFO  DWARF types imported: 197 (DWARFImportSummary)  
INFO  DWARF compile dirs: [/home/icculus/projects/UT2-Code/karma/Mcd/src/convex] (DWARFImportSummary)  
INFO  DWARF producers: [GNU C++ 3.2.3 20030422 (Gentoo Linux 1.4 3.2.3-r4, propolice)] (DWARFImportSummary)  
INFO  DWARF source languages: [DW_LANG_C_plus_plus] (DWARFImportSummary)  
INFO  DWARF compUnit: ../gjk/McdGjkPenetrationDepth.cpp (DWARFImportSummary)  
ERROR DWARF un-recoverable expressions: (DWARFImportSummary)  
ERROR   DW_OP_reg12 -> 2 (DWARFImportSummary)  
ERROR   DW_OP_reg3 -> 10 (DWARFImportSummary)  
ERROR   DW_OP_reg1 -> 1 (DWARFImportSummary)  
ERROR   DW_OP_reg0 -> 3 (DWARFImportSummary)  
ERROR   DW_OP_reg7 -> 6 (DWARFImportSummary)  
ERROR   DW_OP_reg16 -> 1 (DWARFImportSummary)  
ERROR   DW_OP_reg6 -> 9 (DWARFImportSummary)  
INFO  Applied data type archive: generic_clib (ApplyDataArchiveAnalyzer)  
INFO  -----------------------------------------------------
    ASCII Strings                              0.000 secs
    Apply Data Archives                        0.042 secs
    Call Convention ID                         1.144 secs
    Call-Fixup Installer                       0.000 secs
    Create Address Tables                      0.000 secs
    Create Function                            0.000 secs
    DWARF                                      0.026 secs
    Data Reference                             0.001 secs
    Decompiler Switch Analysis                 0.000 secs
    Demangler GNU                              0.002 secs
    Disassemble Entry Points                   0.030 secs
    ELF Scalar Operand References              0.007 secs
    Embedded Media                             0.000 secs
    External Entry References                  0.001 secs
    Function ID                                0.005 secs
    Function Start Pre Search                  0.001 secs
    Function Start Search                      0.002 secs
    Function Start Search After Code           0.000 secs
    Function Start Search After Data           0.001 secs
    GCC Exception Handlers                     0.003 secs
    Non-Returning Functions - Discovered       0.001 secs
    Non-Returning Functions - Known            0.000 secs
    Reference                                  0.000 secs
    Shared Return Calls                        0.000 secs
    Stack                                      0.020 secs
    Subroutine References                      0.000 secs
    X86 Function Callee Purge                  0.001 secs
    x86 Constant Reference Analyzer            0.012 secs
-----------------------------------------------------
     Total Time   1 secs
-----------------------------------------------------
 (AutoAnalysisManager)  
INFO  REPORT: Analysis succeeded for file: file:///home/ion/tools/karma-lab/allobj/McdGjkPenetrationDepth.o?MD5=dfd596544b20973fd9df4a62b430a57d (HeadlessAnalyzer)  
INFO  REPORT: Execute script: DumpDecomp.java  (HeadlessAnalyzer)  
INFO  SCRIPT: /home/ion/tools/karma-lab/gscripts/DumpDecomp.java (HeadlessAnalyzer)  
INFO  DumpDecomp.java> OVERRIDES applied: 0 (GhidraScript)  
INFO  DumpDecomp.java> VTABLE: McdGjkPenetrationDepth.o rows=0 applied=0 no-prototype=0 not-in-a-function=0 refused=0 (GhidraScript)  
INFO  DumpDecomp.java> KARMAHDR: calling conventions {__cdecl=8, unknown=16} (GhidraScript)  
INFO  DumpDecomp.java> KARMAHDR: __regparm -> __cdecl on 16 function(s), 0 refused (GhidraScript)  
INFO  DumpDecomp.java> DONE McdGjkPenetrationDepth.o (GhidraScript)  
INFO  ANALYZING changes made by post scripts: file:///home/ion/tools/karma-lab/allobj/McdGjkPenetrationDepth.o?MD5=dfd596544b20973fd9df4a62b430a57d (HeadlessAnalyzer)  
INFO  REPORT: Post-analysis succeeded for file: file:///home/ion/tools/karma-lab/allobj/McdGjkPenetrationDepth.o?MD5=dfd596544b20973fd9df4a62b430a57d (HeadlessAnalyzer)  
INFO  /allobj/McdGjkPenetrationDepth.o: file created (ion) (LocalFileSystem)  
INFO  REPORT: Save succeeded for: /allobj/McdGjkPenetrationDepth.o (Proj:/allobj/McdGjkPenetrationDepth.o) (HeadlessAnalyzer)  
INFO  REPORT: Import succeeded (HeadlessAnalyzer)  
INFO  IMPORTING: file:///home/ion/tools/karma-lab/allobj/McdModel.o?MD5=950231ac01453cff01598e11d4777e31 (HeadlessAnalyzer)  
INFO  Using Loader: Executable and Linking Format (ELF) (ProgramLoader)  
INFO  Using Language/Compiler: x86:LE:32:default:gcc (ProgramLoader)  
INFO  Using Library Search Path: [., /bin, /lib, /lib64, /lib/x86_64-linux-gnu, /lib/aarch64-linux-gnu, /usr/bin, /usr/lib, /usr/X11R6/bin, /usr/X11R6/lib, /usr/java/packages/lib, /usr/lib/x86_64-linux-gnu/jni, /usr/lib/x86_64-linux-gnu, /usr/lib/jni] (ProgramLoader)  
ERROR EXTERNAL Data ELF Relocation with offset: at 0001001c (External Location = MePoolAPI+0xc) (ElfRelocationHandler)  
ERROR EXTERNAL Data ELF Relocation with offset: at 00010133 (External Location = MePoolAPI+0x10) (ElfRelocationHandler)  
ERROR EXTERNAL Data ELF Relocation with offset: at 0001016c (External Location = MeMemoryAPI+0x10) (ElfRelocationHandler)  
ERROR EXTERNAL Data ELF Relocation with offset: at 0001017d (External Location = MeMemoryAPI+0x10) (ElfRelocationHandler)  
ERROR EXTERNAL Data ELF Relocation with offset: at 00010581 (External Location = MeMemoryAPI+0x10) (ElfRelocationHandler)  
ERROR EXTERNAL Data ELF Relocation with offset: at 00010592 (External Location = MeMemoryAPI+0x10) (ElfRelocationHandler)  
ERROR EXTERNAL Data ELF Relocation with offset: at 000105ef (External Location = MeMemoryAPI+0x8) (ElfRelocationHandler)  
ERROR EXTERNAL Data ELF Relocation with offset: at 000105fd (External Location = MeMemoryAPI+0x8) (ElfRelocationHandler)  
INFO  Additional info:
Loading file:///home/ion/tools/karma-lab/allobj/McdModel.o?MD5=950231ac01453cff01598e11d4777e31...
Skipping section [.data] with invalid size 0x0
Skipping section [.bss] with invalid size 0x0
------------------------------------------------

 (ProgramLoader)  
INFO  IMPORTING: Loaded 0 additional files (HeadlessAnalyzer)  
INFO  REPORT: Execute script: ParseKarmaHeaders.java  (HeadlessAnalyzer)  
INFO  SCRIPT: /home/ion/tools/karma-lab/gscripts/ParseKarmaHeaders.java (HeadlessAnalyzer)  
INFO  ParseKarmaHeaders.java> KARMAOPT: KD_GHIDRA_OPTS not set, analyzer options untouched (GhidraScript)  
INFO  parse /home/ion/tools/karma-lab/kd_protos10.h (CParserUtils)  
INFO  ParseKarmaHeaders.java> KARMAHDR: parsed FunctionDefinitions=2700 (GhidraScript)  
INFO  ParseKarmaHeaders.java> KARMAHDR: signatures applied -- defined=54 imported=15 failed=0 (GhidraScript)  
INFO  ANALYZING all memory and code: file:///home/ion/tools/karma-lab/allobj/McdModel.o?MD5=950231ac01453cff01598e11d4777e31 (HeadlessAnalyzer)  
WARN  Mismatched DWARF Attribute and Form: DW_AT_macro_info->DW_FORM_data4 (DWARFAbbreviation)  
INFO  Added 240 source map entries (DWARFImporter)  
INFO  DWARF ver[2], 1 compUnits, 931 DIES, import - total elapsed: 33ms (DWARFImportSummary)  
INFO  DWARF data type import - elapsed: 15ms (DWARFImportSummary)  
INFO  DWARF func & symbol import - elapsed: 11ms (DWARFImportSummary)  
INFO  DWARF types imported: 187 (DWARFImportSummary)  
INFO  DWARF compile dirs: [/home/icculus/projects/UT2-Code/karma/Mcd/src/frame] (DWARFImportSummary)  
INFO  DWARF producers: [GNU C++ 3.2.3 20030422 (Gentoo Linux 1.4 3.2.3-r4, propolice)] (DWARFImportSummary)  
INFO  DWARF source languages: [DW_LANG_C_plus_plus] (DWARFImportSummary)  
INFO  DWARF compUnit: McdModel.cpp (DWARFImportSummary)  
ERROR DWARF un-recoverable expressions: (DWARFImportSummary)  
ERROR   DW_OP_reg3 -> 5 (DWARFImportSummary)  
ERROR   DW_OP_reg1 -> 2 (DWARFImportSummary)  
ERROR   DW_OP_reg0 -> 28 (DWARFImportSummary)  
ERROR   DW_OP_reg2 -> 8 (DWARFImportSummary)  
ERROR   DW_OP_reg7 -> 3 (DWARFImportSummary)  
ERROR   DW_OP_reg6 -> 5 (DWARFImportSummary)  
INFO  Applied data type archive: generic_clib (ApplyDataArchiveAnalyzer)  
INFO  -----------------------------------------------------
    ASCII Strings                              0.001 secs
    Apply Data Archives                        0.050 secs
    Call Convention ID                         2.297 secs
    Call-Fixup Installer                       0.000 secs
    Create Address Tables                      0.000 secs
    Create Function                            0.000 secs
    DWARF                                      0.036 secs
    Data Reference                             0.001 secs
    Decompiler Switch Analysis                 0.000 secs
    Demangler GNU                              0.005 secs
    Disassemble Entry Points                   0.009 secs
    ELF Scalar Operand References              0.003 secs
    Embedded Media                             0.000 secs
    External Entry References                  0.001 secs
    Function ID                                0.019 secs
    Function Start Pre Search                  0.002 secs
    Function Start Search                      0.003 secs
    Function Start Search After Code           0.001 secs
    Function Start Search After Data           0.000 secs
    GCC Exception Handlers                     0.008 secs
    Non-Returning Functions - Discovered       0.000 secs
    Non-Returning Functions - Known            0.001 secs
    Reference                                  0.000 secs
    Shared Return Calls                        0.001 secs
    Stack                                      0.012 secs
    Subroutine References                      0.001 secs
    X86 Function Callee Purge                  0.000 secs
    x86 Constant Reference Analyzer            0.008 secs
-----------------------------------------------------
     Total Time   2 secs
-----------------------------------------------------
 (AutoAnalysisManager)  
INFO  REPORT: Analysis succeeded for file: file:///home/ion/tools/karma-lab/allobj/McdModel.o?MD5=950231ac01453cff01598e11d4777e31 (HeadlessAnalyzer)  
INFO  REPORT: Execute script: DumpDecomp.java  (HeadlessAnalyzer)  
INFO  SCRIPT: /home/ion/tools/karma-lab/gscripts/DumpDecomp.java (HeadlessAnalyzer)  
INFO  DumpDecomp.java> OVERRIDES applied: 0 (GhidraScript)  
INFO  DumpDecomp.java> VTABLE: McdModel.o rows=8 applied=8 no-prototype=0 not-in-a-function=0 refused=0 (GhidraScript)  
INFO  DumpDecomp.java> KARMAHDR: calling conventions {__cdecl=32, unknown=23} (GhidraScript)  
INFO  DumpDecomp.java> KARMAHDR: __regparm -> __cdecl on 23 function(s), 0 refused (GhidraScript)  
INFO  DumpDecomp.java> DONE McdModel.o (GhidraScript)  
INFO  ANALYZING changes made by post scripts: file:///home/ion/tools/karma-lab/allobj/McdModel.o?MD5=950231ac01453cff01598e11d4777e31 (HeadlessAnalyzer)  
INFO  REPORT: Post-analysis succeeded for file: file:///home/ion/tools/karma-lab/allobj/McdModel.o?MD5=950231ac01453cff01598e11d4777e31 (HeadlessAnalyzer)  
INFO  /allobj/McdModel.o: file created (ion) (LocalFileSystem)  
INFO  REPORT: Save succeeded for: /allobj/McdModel.o (Proj:/allobj/McdModel.o) (HeadlessAnalyzer)  
INFO  REPORT: Import succeeded (HeadlessAnalyzer)  
INFO  IMPORTING: file:///home/ion/tools/karma-lab/allobj/MstUtils.o?MD5=530291f1794b7e5c518e961ad7a4e081 (HeadlessAnalyzer)  
INFO  Using Loader: Executable and Linking Format (ELF) (ProgramLoader)  
INFO  Using Language/Compiler: x86:LE:32:default:gcc (ProgramLoader)  
INFO  Using Library Search Path: [., /bin, /lib, /lib64, /lib/x86_64-linux-gnu, /lib/aarch64-linux-gnu, /usr/bin, /usr/lib, /usr/X11R6/bin, /usr/X11R6/lib, /usr/java/packages/lib, /usr/lib/x86_64-linux-gnu/jni, /usr/lib/x86_64-linux-gnu, /usr/lib/jni] (ProgramLoader)  
INFO  Additional info:
Loading file:///home/ion/tools/karma-lab/allobj/MstUtils.o?MD5=530291f1794b7e5c518e961ad7a4e081...
Skipping section [.data] with invalid size 0x0
Skipping section [.bss] with invalid size 0x0
------------------------------------------------

 (ProgramLoader)  
INFO  IMPORTING: Loaded 0 additional files (HeadlessAnalyzer)  
INFO  REPORT: Execute script: ParseKarmaHeaders.java  (HeadlessAnalyzer)  
INFO  SCRIPT: /home/ion/tools/karma-lab/gscripts/ParseKarmaHeaders.java (HeadlessAnalyzer)  
INFO  ParseKarmaHeaders.java> KARMAOPT: KD_GHIDRA_OPTS not set, analyzer options untouched (GhidraScript)  
INFO  parse /home/ion/tools/karma-lab/kd_protos10.h (CParserUtils)  
INFO  ParseKarmaHeaders.java> KARMAHDR: parsed FunctionDefinitions=2700 (GhidraScript)  
INFO  ParseKarmaHeaders.java> KARMAHDR: signatures applied -- defined=68 imported=53 failed=0 (GhidraScript)  
INFO  ANALYZING all memory and code: file:///home/ion/tools/karma-lab/allobj/MstUtils.o?MD5=530291f1794b7e5c518e961ad7a4e081 (HeadlessAnalyzer)  
WARN  Mismatched DWARF Attribute and Form: DW_AT_macro_info->DW_FORM_data4 (DWARFAbbreviation)  
INFO  Added 319 source map entries (DWARFImporter)  
INFO  DWARF ver[2], 1 compUnits, 1178 DIES, import - total elapsed: 37ms (DWARFImportSummary)  
INFO  DWARF data type import - elapsed: 20ms (DWARFImportSummary)  
INFO  DWARF func & symbol import - elapsed: 5ms (DWARFImportSummary)  
INFO  DWARF types imported: 287 (DWARFImportSummary)  
INFO  DWARF compile dirs: [/home/icculus/projects/UT2-Code/karma/Mst/src] (DWARFImportSummary)  
INFO  DWARF producers: [GNU C 3.2.3 20030422 (Gentoo Linux 1.4 3.2.3-r4, propolice)] (DWARFImportSummary)  
INFO  DWARF source languages: [DW_LANG_C89] (DWARFImportSummary)  
INFO  DWARF compUnit: MstUtils.c (DWARFImportSummary)  
ERROR DWARF un-recoverable expressions: (DWARFImportSummary)  
ERROR   DW_OP_reg12 -> 2 (DWARFImportSummary)  
ERROR   DW_OP_reg11 -> 2 (DWARFImportSummary)  
ERROR   DW_OP_reg3 -> 16 (DWARFImportSummary)  
ERROR   DW_OP_reg0 -> 7 (DWARFImportSummary)  
ERROR   DW_OP_reg2 -> 1 (DWARFImportSummary)  
ERROR   DW_OP_reg7 -> 6 (DWARFImportSummary)  
ERROR   DW_OP_reg6 -> 9 (DWARFImportSummary)  
INFO  Applied data type archive: generic_clib (ApplyDataArchiveAnalyzer)  
INFO  -----------------------------------------------------
    ASCII Strings                              0.000 secs
    Apply Data Archives                        0.042 secs
    Call Convention ID                         2.274 secs
    Call-Fixup Installer                       0.000 secs
    Create Address Tables                      0.000 secs
    Create Function                            0.000 secs
    DWARF                                      0.038 secs
    Data Reference                             0.001 secs
    Decompiler Switch Analysis                 0.000 secs
    Demangler GNU                              0.002 secs
    Disassemble Entry Points                   0.010 secs
    ELF Scalar Operand References              0.005 secs
    Embedded Media                             0.001 secs
    External Entry References                  0.000 secs
    Function ID                                0.006 secs
    Function Start Pre Search                  0.000 secs
    Function Start Search                      0.002 secs
    Function Start Search After Code           0.001 secs
    Function Start Search After Data           0.000 secs
    GCC Exception Handlers                     0.002 secs
    Non-Returning Functions - Discovered       0.001 secs
    Non-Returning Functions - Known            0.001 secs
    Reference                                  0.001 secs
    Shared Return Calls                        0.001 secs
    Stack                                      0.021 secs
    Subroutine References                      0.001 secs
    X86 Function Callee Purge                  0.001 secs
    x86 Constant Reference Analyzer            0.024 secs
-----------------------------------------------------
     Total Time   2 secs
-----------------------------------------------------
 (AutoAnalysisManager)  
INFO  REPORT: Analysis succeeded for file: file:///home/ion/tools/karma-lab/allobj/MstUtils.o?MD5=530291f1794b7e5c518e961ad7a4e081 (HeadlessAnalyzer)  
INFO  REPORT: Execute script: DumpDecomp.java  (HeadlessAnalyzer)  
INFO  SCRIPT: /home/ion/tools/karma-lab/gscripts/DumpDecomp.java (HeadlessAnalyzer)  
INFO  DumpDecomp.java> OVERRIDES applied: 0 (GhidraScript)  
INFO  DumpDecomp.java> VTABLE: MstUtils.o rows=0 applied=0 no-prototype=0 not-in-a-function=0 refused=0 (GhidraScript)  
INFO  DumpDecomp.java> KARMAHDR: calling conventions {__cdecl=11, unknown=58} (GhidraScript)  
INFO  DumpDecomp.java> KARMAHDR: __regparm -> __cdecl on 58 function(s), 0 refused (GhidraScript)  
INFO  DumpDecomp.java> DONE MstUtils.o (GhidraScript)  
INFO  ANALYZING changes made by post scripts: file:///home/ion/tools/karma-lab/allobj/MstUtils.o?MD5=530291f1794b7e5c518e961ad7a4e081 (HeadlessAnalyzer)  
INFO  REPORT: Post-analysis succeeded for file: file:///home/ion/tools/karma-lab/allobj/MstUtils.o?MD5=530291f1794b7e5c518e961ad7a4e081 (HeadlessAnalyzer)  
INFO  /allobj/MstUtils.o: file created (ion) (LocalFileSystem)  
INFO  REPORT: Save succeeded for: /allobj/MstUtils.o (Proj:/allobj/MstUtils.o) (HeadlessAnalyzer)  
INFO  REPORT: Import succeeded (HeadlessAnalyzer)  
INFO  IMPORTING: file:///home/ion/tools/karma-lab/allobj/MdtLimit.o?MD5=db5dc900454003784544a460ddbab3a2 (HeadlessAnalyzer)  
INFO  Using Loader: Executable and Linking Format (ELF) (ProgramLoader)  
INFO  Using Language/Compiler: x86:LE:32:default:gcc (ProgramLoader)  
INFO  Using Library Search Path: [., /bin, /lib, /lib64, /lib/x86_64-linux-gnu, /lib/aarch64-linux-gnu, /usr/bin, /usr/lib, /usr/X11R6/bin, /usr/X11R6/lib, /usr/java/packages/lib, /usr/lib/x86_64-linux-gnu/jni, /usr/lib/x86_64-linux-gnu, /usr/lib/jni] (ProgramLoader)  
INFO  Additional info:
Loading file:///home/ion/tools/karma-lab/allobj/MdtLimit.o?MD5=db5dc900454003784544a460ddbab3a2...
Skipping section [.data] with invalid size 0x0
Skipping section [.bss] with invalid size 0x0
------------------------------------------------

 (ProgramLoader)  
INFO  IMPORTING: Loaded 0 additional files (HeadlessAnalyzer)  
INFO  REPORT: Execute script: ParseKarmaHeaders.java  (HeadlessAnalyzer)  
INFO  SCRIPT: /home/ion/tools/karma-lab/gscripts/ParseKarmaHeaders.java (HeadlessAnalyzer)  
INFO  ParseKarmaHeaders.java> KARMAOPT: KD_GHIDRA_OPTS not set, analyzer options untouched (GhidraScript)  
INFO  parse /home/ion/tools/karma-lab/kd_protos10.h (CParserUtils)  
INFO  ParseKarmaHeaders.java> KARMAHDR: parsed FunctionDefinitions=2700 (GhidraScript)  
INFO  ParseKarmaHeaders.java> KARMAHDR: signatures applied -- defined=33 imported=0 failed=0 (GhidraScript)  
INFO  ANALYZING all memory and code: file:///home/ion/tools/karma-lab/allobj/MdtLimit.o?MD5=db5dc900454003784544a460ddbab3a2 (HeadlessAnalyzer)  
WARN  Mismatched DWARF Attribute and Form: DW_AT_macro_info->DW_FORM_data4 (DWARFAbbreviation)  
INFO  Added 246 source map entries (DWARFImporter)  
INFO  DWARF ver[2], 1 compUnits, 319 DIES, import - total elapsed: 12ms (DWARFImportSummary)  
INFO  DWARF data type import - elapsed: 2ms (DWARFImportSummary)  
INFO  DWARF func & symbol import - elapsed: 8ms (DWARFImportSummary)  
INFO  DWARF types imported: 14 (DWARFImportSummary)  
INFO  DWARF compile dirs: [/home/icculus/projects/UT2-Code/karma/Mdt/src] (DWARFImportSummary)  
INFO  DWARF producers: [GNU C 3.2.3 20030422 (Gentoo Linux 1.4 3.2.3-r4, propolice)] (DWARFImportSummary)  
INFO  DWARF source languages: [DW_LANG_C89] (DWARFImportSummary)  
INFO  DWARF compUnit: MdtLimit.c (DWARFImportSummary)  
ERROR DWARF un-recoverable expressions: (DWARFImportSummary)  
ERROR   DW_OP_reg12 -> 3 (DWARFImportSummary)  
ERROR   DW_OP_reg13 -> 2 (DWARFImportSummary)  
ERROR   DW_OP_reg11 -> 3 (DWARFImportSummary)  
ERROR   DW_OP_reg1 -> 2 (DWARFImportSummary)  
ERROR   DW_OP_reg0 -> 27 (DWARFImportSummary)  
ERROR   DW_OP_reg2 -> 10 (DWARFImportSummary)  
INFO  Applied data type archive: generic_clib (ApplyDataArchiveAnalyzer)  
INFO  -----------------------------------------------------
    ASCII Strings                              0.000 secs
    Apply Data Archives                        0.064 secs
    Call Convention ID                         2.285 secs
    Call-Fixup Installer                       0.000 secs
    Create Address Tables                      0.000 secs
    Create Function                            0.000 secs
    DWARF                                      0.014 secs
    Data Reference                             0.000 secs
    Decompiler Switch Analysis                 0.000 secs
    Demangler GNU                              0.003 secs
    Disassemble Entry Points                   0.007 secs
    ELF Scalar Operand References              0.002 secs
    Embedded Media                             0.001 secs
    External Entry References                  0.000 secs
    Function ID                                0.005 secs
    Function Start Pre Search                  0.001 secs
    Function Start Search                      0.002 secs
    Function Start Search After Code           0.001 secs
    Function Start Search After Data           0.000 secs
    GCC Exception Handlers                     0.005 secs
    Non-Returning Functions - Discovered       0.000 secs
    Non-Returning Functions - Known            0.000 secs
    Reference                                  0.001 secs
    Shared Return Calls                        0.001 secs
    Stack                                      0.008 secs
    Subroutine References                      0.000 secs
    X86 Function Callee Purge                  0.000 secs
    x86 Constant Reference Analyzer            0.008 secs
-----------------------------------------------------
     Total Time   2 secs
-----------------------------------------------------
 (AutoAnalysisManager)  
INFO  REPORT: Analysis succeeded for file: file:///home/ion/tools/karma-lab/allobj/MdtLimit.o?MD5=db5dc900454003784544a460ddbab3a2 (HeadlessAnalyzer)  
INFO  REPORT: Execute script: DumpDecomp.java  (HeadlessAnalyzer)  
INFO  SCRIPT: /home/ion/tools/karma-lab/gscripts/DumpDecomp.java (HeadlessAnalyzer)  
INFO  DumpDecomp.java> OVERRIDES applied: 0 (GhidraScript)  
INFO  DumpDecomp.java> VTABLE: MdtLimit.o rows=0 applied=0 no-prototype=0 not-in-a-function=0 refused=0 (GhidraScript)  
INFO  DumpDecomp.java> KARMAHDR: calling conventions {__cdecl=31, unknown=2} (GhidraScript)  
INFO  DumpDecomp.java> KARMAHDR: __regparm -> __cdecl on 2 function(s), 0 refused (GhidraScript)  
INFO  DumpDecomp.java> DONE MdtLimit.o (GhidraScript)  
INFO  ANALYZING changes made by post scripts: file:///home/ion/tools/karma-lab/allobj/MdtLimit.o?MD5=db5dc900454003784544a460ddbab3a2 (HeadlessAnalyzer)  
INFO  REPORT: Post-analysis succeeded for file: file:///home/ion/tools/karma-lab/allobj/MdtLimit.o?MD5=db5dc900454003784544a460ddbab3a2 (HeadlessAnalyzer)  
INFO  /allobj/MdtLimit.o: file created (ion) (LocalFileSystem)  
INFO  REPORT: Save succeeded for: /allobj/MdtLimit.o (Proj:/allobj/MdtLimit.o) (HeadlessAnalyzer)  
INFO  REPORT: Import succeeded (HeadlessAnalyzer)  
INFO  IMPORTING: file:///home/ion/tools/karma-lab/allobj/MeChunk.o?MD5=d751894dd6c8c2384c27480d124bac06 (HeadlessAnalyzer)  
INFO  Using Loader: Executable and Linking Format (ELF) (ProgramLoader)  
INFO  Using Language/Compiler: x86:LE:32:default:gcc (ProgramLoader)  
INFO  Using Library Search Path: [., /bin, /lib, /lib64, /lib/x86_64-linux-gnu, /lib/aarch64-linux-gnu, /usr/bin, /usr/lib, /usr/X11R6/bin, /usr/X11R6/lib, /usr/java/packages/lib, /usr/lib/x86_64-linux-gnu/jni, /usr/lib/x86_64-linux-gnu, /usr/lib/jni] (ProgramLoader)  
ERROR EXTERNAL Data ELF Relocation with offset: at 0001005b (External Location = MeMemoryAPI+0x10) (ElfRelocationHandler)  
ERROR EXTERNAL Data ELF Relocation with offset: at 000100b2 (External Location = MeMemoryAPI+0x10) (ElfRelocationHandler)  
ERROR EXTERNAL Data ELF Relocation with offset: at 000100df (External Location = MeMemoryAPI+0x8) (ElfRelocationHandler)  
ERROR EXTERNAL Data ELF Relocation with offset: at 00010109 (External Location = MeMemoryAPI+0x10) (ElfRelocationHandler)  
ERROR EXTERNAL Data ELF Relocation with offset: at 0001014c (External Location = MeMemoryAPI+0x10) (ElfRelocationHandler)  
INFO  Additional info:
Loading file:///home/ion/tools/karma-lab/allobj/MeChunk.o?MD5=d751894dd6c8c2384c27480d124bac06...
Skipping section [.data] with invalid size 0x0
Skipping section [.bss] with invalid size 0x0
------------------------------------------------

 (ProgramLoader)  
INFO  IMPORTING: Loaded 0 additional files (HeadlessAnalyzer)  
INFO  REPORT: Execute script: ParseKarmaHeaders.java  (HeadlessAnalyzer)  
INFO  SCRIPT: /home/ion/tools/karma-lab/gscripts/ParseKarmaHeaders.java (HeadlessAnalyzer)  
INFO  ParseKarmaHeaders.java> KARMAOPT: KD_GHIDRA_OPTS not set, analyzer options untouched (GhidraScript)  
INFO  parse /home/ion/tools/karma-lab/kd_protos10.h (CParserUtils)  
INFO  ParseKarmaHeaders.java> KARMAHDR: parsed FunctionDefinitions=2700 (GhidraScript)  
INFO  ParseKarmaHeaders.java> KARMAHDR: signatures applied -- defined=9 imported=0 failed=0 (GhidraScript)  
INFO  ANALYZING all memory and code: file:///home/ion/tools/karma-lab/allobj/MeChunk.o?MD5=d751894dd6c8c2384c27480d124bac06 (HeadlessAnalyzer)  
WARN  Mismatched DWARF Attribute and Form: DW_AT_macro_info->DW_FORM_data4 (DWARFAbbreviation)  
INFO  Added 65 source map entries (DWARFImporter)  
INFO  DWARF ver[2], 1 compUnits, 147 DIES, import - total elapsed: 7ms (DWARFImportSummary)  
INFO  DWARF data type import - elapsed: 3ms (DWARFImportSummary)  
INFO  DWARF func & symbol import - elapsed: 2ms (DWARFImportSummary)  
INFO  DWARF types imported: 35 (DWARFImportSummary)  
INFO  DWARF compile dirs: [/home/icculus/projects/UT2-Code/karma/MeGlobals/src] (DWARFImportSummary)  
INFO  DWARF producers: [GNU C 3.2.3 20030422 (Gentoo Linux 1.4 3.2.3-r4, propolice)] (DWARFImportSummary)  
INFO  DWARF source languages: [DW_LANG_C89] (DWARFImportSummary)  
INFO  DWARF compUnit: MeChunk.c (DWARFImportSummary)  
ERROR DWARF un-recoverable expressions: (DWARFImportSummary)  
ERROR   DW_OP_reg3 -> 4 (DWARFImportSummary)  
ERROR   DW_OP_reg0 -> 4 (DWARFImportSummary)  
ERROR   DW_OP_reg2 -> 1 (DWARFImportSummary)  
ERROR   DW_OP_reg6 -> 2 (DWARFImportSummary)  
INFO  Applied data type archive: generic_clib (ApplyDataArchiveAnalyzer)  
INFO  -----------------------------------------------------
    ASCII Strings                              0.000 secs
    Apply Data Archives                        0.043 secs
    Call Convention ID                         2.029 secs
    Call-Fixup Installer                       0.000 secs
    Create Address Tables                      0.000 secs
    Create Function                            0.000 secs
    DWARF                                      0.007 secs
    Data Reference                             0.001 secs
    Decompiler Switch Analysis                 0.000 secs
    Demangler GNU                              0.001 secs
    Disassemble Entry Points                   0.002 secs
    ELF Scalar Operand References              0.000 secs
    Embedded Media                             0.000 secs
    External Entry References                  0.000 secs
    Function ID                                0.002 secs
    Function Start Pre Search                  0.001 secs
    Function Start Search                      0.002 secs
    Function Start Search After Code           0.000 secs
    Function Start Search After Data           0.001 secs
    GCC Exception Handlers                     0.002 secs
    Non-Returning Functions - Discovered       0.001 secs
    Non-Returning Functions - Known            0.001 secs
    Reference                                  0.000 secs
    Shared Return Calls                        0.000 secs
    Stack                                      0.003 secs
    Subroutine References                      0.000 secs
    X86 Function Callee Purge                  0.000 secs
    x86 Constant Reference Analyzer            0.002 secs
-----------------------------------------------------
     Total Time   2 secs
-----------------------------------------------------
 (AutoAnalysisManager)  
INFO  REPORT: Analysis succeeded for file: file:///home/ion/tools/karma-lab/allobj/MeChunk.o?MD5=d751894dd6c8c2384c27480d124bac06 (HeadlessAnalyzer)  
INFO  REPORT: Execute script: DumpDecomp.java  (HeadlessAnalyzer)  
INFO  SCRIPT: /home/ion/tools/karma-lab/gscripts/DumpDecomp.java (HeadlessAnalyzer)  
INFO  DumpDecomp.java> OVERRIDES applied: 0 (GhidraScript)  
INFO  DumpDecomp.java> VTABLE: MeChunk.o rows=5 applied=5 no-prototype=0 not-in-a-function=0 refused=0 (GhidraScript)  
INFO  DumpDecomp.java> KARMAHDR: calling conventions {__cdecl=9} (GhidraScript)  
INFO  DumpDecomp.java> KARMAHDR: __regparm -> __cdecl on 0 function(s), 0 refused (GhidraScript)  
INFO  DumpDecomp.java> DONE MeChunk.o (GhidraScript)  
INFO  ANALYZING changes made by post scripts: file:///home/ion/tools/karma-lab/allobj/MeChunk.o?MD5=d751894dd6c8c2384c27480d124bac06 (HeadlessAnalyzer)  
INFO  REPORT: Post-analysis succeeded for file: file:///home/ion/tools/karma-lab/allobj/MeChunk.o?MD5=d751894dd6c8c2384c27480d124bac06 (HeadlessAnalyzer)  
INFO  /allobj/MeChunk.o: file created (ion) (LocalFileSystem)  
INFO  REPORT: Save succeeded for: /allobj/MeChunk.o (Proj:/allobj/MeChunk.o) (HeadlessAnalyzer)  
INFO  REPORT: Import succeeded (HeadlessAnalyzer)  
INFO  IMPORTING: file:///home/ion/tools/karma-lab/allobj/MdtFixedPath.o?MD5=23aa0fcfa2649e556c6513ac36bd1581 (HeadlessAnalyzer)  
INFO  Using Loader: Executable and Linking Format (ELF) (ProgramLoader)  
INFO  Using Language/Compiler: x86:LE:32:default:gcc (ProgramLoader)  
INFO  Using Library Search Path: [., /bin, /lib, /lib64, /lib/x86_64-linux-gnu, /lib/aarch64-linux-gnu, /usr/bin, /usr/lib, /usr/X11R6/bin, /usr/X11R6/lib, /usr/java/packages/lib, /usr/lib/x86_64-linux-gnu/jni, /usr/lib/x86_64-linux-gnu, /usr/lib/jni] (ProgramLoader)  
INFO  Additional info:
Loading file:///home/ion/tools/karma-lab/allobj/MdtFixedPath.o?MD5=23aa0fcfa2649e556c6513ac36bd1581...
Skipping section [.data] with invalid size 0x0
Skipping section [.bss] with invalid size 0x0
------------------------------------------------

 (ProgramLoader)  
INFO  IMPORTING: Loaded 0 additional files (HeadlessAnalyzer)  
INFO  REPORT: Execute script: ParseKarmaHeaders.java  (HeadlessAnalyzer)  
INFO  SCRIPT: /home/ion/tools/karma-lab/gscripts/ParseKarmaHeaders.java (HeadlessAnalyzer)  
INFO  ParseKarmaHeaders.java> KARMAOPT: KD_GHIDRA_OPTS not set, analyzer options untouched (GhidraScript)  
INFO  parse /home/ion/tools/karma-lab/kd_protos10.h (CParserUtils)  
INFO  ParseKarmaHeaders.java> KARMAHDR: parsed FunctionDefinitions=2700 (GhidraScript)  
INFO  ParseKarmaHeaders.java> KARMAHDR: signatures applied -- defined=15 imported=7 failed=0 (GhidraScript)  
INFO  ANALYZING all memory and code: file:///home/ion/tools/karma-lab/allobj/MdtFixedPath.o?MD5=23aa0fcfa2649e556c6513ac36bd1581 (HeadlessAnalyzer)  
WARN  Mismatched DWARF Attribute and Form: DW_AT_macro_info->DW_FORM_data4 (DWARFAbbreviation)  
INFO  Added 68 source map entries (DWARFImporter)  
INFO  DWARF ver[2], 1 compUnits, 600 DIES, import - total elapsed: 14ms (DWARFImportSummary)  
INFO  DWARF data type import - elapsed: 9ms (DWARFImportSummary)  
INFO  DWARF func & symbol import - elapsed: 2ms (DWARFImportSummary)  
INFO  DWARF types imported: 123 (DWARFImportSummary)  
INFO  DWARF compile dirs: [/home/icculus/projects/UT2-Code/karma/Mdt/src] (DWARFImportSummary)  
INFO  DWARF producers: [GNU C 3.2.3 20030422 (Gentoo Linux 1.4 3.2.3-r4, propolice)] (DWARFImportSummary)  
INFO  DWARF source languages: [DW_LANG_C89] (DWARFImportSummary)  
INFO  DWARF compUnit: MdtFixedPath.c (DWARFImportSummary)  
ERROR DWARF un-recoverable expressions: (DWARFImportSummary)  
ERROR   DW_OP_reg12 -> 1 (DWARFImportSummary)  
ERROR   DW_OP_reg13 -> 1 (DWARFImportSummary)  
ERROR   DW_OP_reg11 -> 1 (DWARFImportSummary)  
ERROR   DW_OP_reg3 -> 2 (DWARFImportSummary)  
ERROR   DW_OP_reg1 -> 3 (DWARFImportSummary)  
ERROR   DW_OP_reg0 -> 9 (DWARFImportSummary)  
ERROR   DW_OP_reg2 -> 5 (DWARFImportSummary)  
INFO  Applied data type archive: generic_clib (ApplyDataArchiveAnalyzer)  
INFO  -----------------------------------------------------
    ASCII Strings                              0.000 secs
    Apply Data Archives                        0.064 secs
    Call Convention ID                         1.583 secs
    Call-Fixup Installer                       0.000 secs
    Create Address Tables                      0.001 secs
    Create Function                            0.000 secs
    DWARF                                      0.015 secs
    Data Reference                             0.000 secs
    Decompiler Switch Analysis                 0.000 secs
    Demangler GNU                              0.002 secs
    Disassemble Entry Points                   0.002 secs
    ELF Scalar Operand References              0.001 secs
    Embedded Media                             0.000 secs
    External Entry References                  0.000 secs
    Function ID                                0.002 secs
    Function Start Pre Search                  0.001 secs
    Function Start Search                      0.002 secs
    Function Start Search After Code           0.000 secs
    Function Start Search After Data           0.000 secs
    GCC Exception Handlers                     0.001 secs
    Non-Returning Functions - Discovered       0.001 secs
    Non-Returning Functions - Known            0.000 secs
    Reference                                  0.001 secs
    Shared Return Calls                        0.000 secs
    Stack                                      0.004 secs
    Subroutine References                      0.000 secs
    X86 Function Callee Purge                  0.000 secs
    x86 Constant Reference Analyzer            0.002 secs
-----------------------------------------------------
     Total Time   1 secs
-----------------------------------------------------
 (AutoAnalysisManager)  
INFO  REPORT: Analysis succeeded for file: file:///home/ion/tools/karma-lab/allobj/MdtFixedPath.o?MD5=23aa0fcfa2649e556c6513ac36bd1581 (HeadlessAnalyzer)  
INFO  REPORT: Execute script: DumpDecomp.java  (HeadlessAnalyzer)  
INFO  SCRIPT: /home/ion/tools/karma-lab/gscripts/DumpDecomp.java (HeadlessAnalyzer)  
INFO  DumpDecomp.java> OVERRIDES applied: 0 (GhidraScript)  
INFO  DumpDecomp.java> VTABLE: MdtFixedPath.o rows=0 applied=0 no-prototype=0 not-in-a-function=0 refused=0 (GhidraScript)  
INFO  DumpDecomp.java> KARMAHDR: calling conventions {__cdecl=7, unknown=8} (GhidraScript)  
INFO  DumpDecomp.java> KARMAHDR: __regparm -> __cdecl on 8 function(s), 0 refused (GhidraScript)  
INFO  DumpDecomp.java> DONE MdtFixedPath.o (GhidraScript)  
INFO  ANALYZING changes made by post scripts: file:///home/ion/tools/karma-lab/allobj/MdtFixedPath.o?MD5=23aa0fcfa2649e556c6513ac36bd1581 (HeadlessAnalyzer)  
INFO  REPORT: Post-analysis succeeded for file: file:///home/ion/tools/karma-lab/allobj/MdtFixedPath.o?MD5=23aa0fcfa2649e556c6513ac36bd1581 (HeadlessAnalyzer)  
INFO  /allobj/MdtFixedPath.o: file created (ion) (LocalFileSystem)  
INFO  REPORT: Save succeeded for: /allobj/MdtFixedPath.o (Proj:/allobj/MdtFixedPath.o) (HeadlessAnalyzer)  
INFO  REPORT: Import succeeded (HeadlessAnalyzer)  
INFO  IMPORTING: file:///home/ion/tools/karma-lab/allobj/keaLCPSolver.o?MD5=65e0c1a121fcaf2115325cbff84018f5 (HeadlessAnalyzer)  
INFO  Using Loader: Executable and Linking Format (ELF) (ProgramLoader)  
INFO  Using Language/Compiler: x86:LE:32:default:gcc (ProgramLoader)  
INFO  Using Library Search Path: [., /bin, /lib, /lib64, /lib/x86_64-linux-gnu, /lib/aarch64-linux-gnu, /usr/bin, /usr/lib, /usr/X11R6/bin, /usr/X11R6/lib, /usr/java/packages/lib, /usr/lib/x86_64-linux-gnu/jni, /usr/lib/x86_64-linux-gnu, /usr/lib/jni] (ProgramLoader)  
ERROR EXTERNAL Data ELF Relocation with offset: at 0001046f (External Location = _ZTV26keaMatrix_pcSparse_vanilla+0x8) (ElfRelocationHandler)  
ERROR EXTERNAL Data ELF Relocation with offset: at 00010687 (External Location = _ZTV26keaMatrix_pcSparse_vanilla+0x8) (ElfRelocationHandler)  
ERROR EXTERNAL Data ELF Relocation with offset: at 0001068d (External Location = _ZTV26keaMatrix_pcSparse_vanilla+0x8) (ElfRelocationHandler)  
ERROR EXTERNAL Data ELF Relocation with offset: at 00010cf5 (External Location = _ZTV26keaMatrix_pcSparse_vanilla+0x8) (ElfRelocationHandler)  
INFO  Additional info:
Loading file:///home/ion/tools/karma-lab/allobj/keaLCPSolver.o?MD5=65e0c1a121fcaf2115325cbff84018f5...
Skipping section [.data] with invalid size 0x0
Skipping section [.bss] with invalid size 0x0
------------------------------------------------

 (ProgramLoader)  
INFO  IMPORTING: Loaded 0 additional files (HeadlessAnalyzer)  
INFO  REPORT: Execute script: ParseKarmaHeaders.java  (HeadlessAnalyzer)  
INFO  SCRIPT: /home/ion/tools/karma-lab/gscripts/ParseKarmaHeaders.java (HeadlessAnalyzer)  
INFO  ParseKarmaHeaders.java> KARMAOPT: KD_GHIDRA_OPTS not set, analyzer options untouched (GhidraScript)  
INFO  parse /home/ion/tools/karma-lab/kd_protos10.h (CParserUtils)  
INFO  ParseKarmaHeaders.java> KARMAHDR: parsed FunctionDefinitions=2700 (GhidraScript)  
INFO  ParseKarmaHeaders.java> KARMAHDR: signatures applied -- defined=16 imported=1 failed=0 (GhidraScript)  
INFO  ANALYZING all memory and code: file:///home/ion/tools/karma-lab/allobj/keaLCPSolver.o?MD5=65e0c1a121fcaf2115325cbff84018f5 (HeadlessAnalyzer)  
WARN  Mismatched DWARF Attribute and Form: DW_AT_macro_info->DW_FORM_data4 (DWARFAbbreviation)  
INFO  Added 577 source map entries (DWARFImporter)  
INFO  DWARF ver[2], 1 compUnits, 555 DIES, import - total elapsed: 20ms (DWARFImportSummary)  
INFO  DWARF data type import - elapsed: 2ms (DWARFImportSummary)  
INFO  DWARF func & symbol import - elapsed: 13ms (DWARFImportSummary)  
INFO  DWARF types imported: 33 (DWARFImportSummary)  
INFO  DWARF compile dirs: [/home/icculus/projects/UT2-Code/karma/MdtKea/src] (DWARFImportSummary)  
INFO  DWARF producers: [GNU C++ 3.2.3 20030422 (Gentoo Linux 1.4 3.2.3-r4, propolice)] (DWARFImportSummary)  
INFO  DWARF source languages: [DW_LANG_C_plus_plus] (DWARFImportSummary)  
INFO  DWARF compUnit: keaLCPSolver.cpp (DWARFImportSummary)  
ERROR DWARF un-recoverable expressions: (DWARFImportSummary)  
ERROR   DW_OP_reg3 -> 12 (DWARFImportSummary)  
ERROR   DW_OP_reg0 -> 2 (DWARFImportSummary)  
ERROR   DW_OP_reg1 -> 6 (DWARFImportSummary)  
ERROR   DW_OP_reg2 -> 9 (DWARFImportSummary)  
ERROR   DW_OP_reg7 -> 10 (DWARFImportSummary)  
ERROR   DW_OP_reg6 -> 8 (DWARFImportSummary)  
INFO  Applied data type archive: generic_clib (ApplyDataArchiveAnalyzer)  
WARN  Unable to fully apply external demangled Address Table at 00012004: keaMatrix_pcSparse_vanilla::vtable (DemangledAddressTable)  
INFO  REPORT: Analysis succeeded for file: file:///home/ion/tools/karma-lab/allobj/keaLCPSolver.o?MD5=65e0c1a121fcaf2115325cbff84018f5 (HeadlessAnalyzer)  
INFO  REPORT: Execute script: DumpDecomp.java  (HeadlessAnalyzer)  
INFO  SCRIPT: /home/ion/tools/karma-lab/gscripts/DumpDecomp.java (HeadlessAnalyzer)  
INFO  DumpDecomp.java> OVERRIDES applied: 0 (GhidraScript)  
INFO  DumpDecomp.java> VTABLE: keaLCPSolver.o rows=11 applied=11 no-prototype=0 not-in-a-function=0 refused=0 (GhidraScript)  
INFO  DumpDecomp.java> KARMAHDR: calling conventions {__thiscall=15, unknown=2} (GhidraScript)  
INFO  DumpDecomp.java> KARMAHDR: __regparm -> __cdecl on 2 function(s), 0 refused (GhidraScript)  
INFO  DumpDecomp.java> DONE keaLCPSolver.o (GhidraScript)  
INFO  ANALYZING changes made by post scripts: file:///home/ion/tools/karma-lab/allobj/keaLCPSolver.o?MD5=65e0c1a121fcaf2115325cbff84018f5 (HeadlessAnalyzer)  
INFO  REPORT: Post-analysis succeeded for file: file:///home/ion/tools/karma-lab/allobj/keaLCPSolver.o?MD5=65e0c1a121fcaf2115325cbff84018f5 (HeadlessAnalyzer)  
INFO  /allobj/keaLCPSolver.o: file created (ion) (LocalFileSystem)  
INFO  REPORT: Save succeeded for: /allobj/keaLCPSolver.o (Proj:/allobj/keaLCPSolver.o) (HeadlessAnalyzer)  
INFO  REPORT: Import succeeded (HeadlessAnalyzer)  
INFO  IMPORTING: file:///home/ion/tools/karma-lab/allobj/MeMisc.o?MD5=667cd074cb0df517dd2db81a500632eb (HeadlessAnalyzer)  
INFO  Using Loader: Executable and Linking Format (ELF) (ProgramLoader)  
INFO  Using Language/Compiler: x86:LE:32:default:gcc (ProgramLoader)  
INFO  Using Library Search Path: [., /bin, /lib, /lib64, /lib/x86_64-linux-gnu, /lib/aarch64-linux-gnu, /usr/bin, /usr/lib, /usr/X11R6/bin, /usr/X11R6/lib, /usr/java/packages/lib, /usr/lib/x86_64-linux-gnu/jni, /usr/lib/x86_64-linux-gnu, /usr/lib/jni] (ProgramLoader)  
INFO  Additional info:
Loading file:///home/ion/tools/karma-lab/allobj/MeMisc.o?MD5=667cd074cb0df517dd2db81a500632eb...
Skipping section [.data] with invalid size 0x0
Skipping section [.bss] with invalid size 0x0
------------------------------------------------

 (ProgramLoader)  
INFO  IMPORTING: Loaded 0 additional files (HeadlessAnalyzer)  
INFO  REPORT: Execute script: ParseKarmaHeaders.java  (HeadlessAnalyzer)  
INFO  SCRIPT: /home/ion/tools/karma-lab/gscripts/ParseKarmaHeaders.java (HeadlessAnalyzer)  
INFO  ParseKarmaHeaders.java> KARMAOPT: KD_GHIDRA_OPTS not set, analyzer options untouched (GhidraScript)  
INFO  parse /home/ion/tools/karma-lab/kd_protos10.h (CParserUtils)  
INFO  ParseKarmaHeaders.java> KARMAHDR: parsed FunctionDefinitions=2700 (GhidraScript)  
INFO  ParseKarmaHeaders.java> KARMAHDR: signatures applied -- defined=1 imported=0 failed=0 (GhidraScript)  
INFO  ANALYZING all memory and code: file:///home/ion/tools/karma-lab/allobj/MeMisc.o?MD5=667cd074cb0df517dd2db81a500632eb (HeadlessAnalyzer)  
WARN  Mismatched DWARF Attribute and Form: DW_AT_macro_info->DW_FORM_data4 (DWARFAbbreviation)  
INFO  Added 31 source map entries (DWARFImporter)  
INFO  DWARF ver[2], 1 compUnits, 53 DIES, import - total elapsed: 3ms (DWARFImportSummary)  
INFO  DWARF func & symbol import - elapsed: 3ms (DWARFImportSummary)  
INFO  DWARF types imported: 7 (DWARFImportSummary)  
INFO  DWARF compile dirs: [/home/icculus/projects/UT2-Code/karma/MeGlobals/src] (DWARFImportSummary)  
INFO  DWARF producers: [GNU C 3.2.3 20030422 (Gentoo Linux 1.4 3.2.3-r4, propolice)] (DWARFImportSummary)  
INFO  DWARF source languages: [DW_LANG_C89] (DWARFImportSummary)  
INFO  DWARF compUnit: MeMisc.c (DWARFImportSummary)  
ERROR DWARF un-recoverable expressions: (DWARFImportSummary)  
ERROR   DW_OP_reg12 -> 1 (DWARFImportSummary)  
ERROR   DW_OP_reg11 -> 2 (DWARFImportSummary)  
ERROR   DW_OP_reg13 -> 2 (DWARFImportSummary)  
ERROR   DW_OP_reg0 -> 1 (DWARFImportSummary)  
ERROR   DW_OP_reg2 -> 1 (DWARFImportSummary)  
ERROR   DW_OP_reg14 -> 1 (DWARFImportSummary)  
ERROR   DW_OP_reg15 -> 1 (DWARFImportSummary)  
ERROR   DW_OP_reg16 -> 1 (DWARFImportSummary)  
INFO  Applied data type archive: generic_clib (ApplyDataArchiveAnalyzer)  
INFO  REPORT: Analysis succeeded for file: file:///home/ion/tools/karma-lab/allobj/MeMisc.o?MD5=667cd074cb0df517dd2db81a500632eb (HeadlessAnalyzer)  
INFO  REPORT: Execute script: DumpDecomp.java  (HeadlessAnalyzer)  
INFO  SCRIPT: /home/ion/tools/karma-lab/gscripts/DumpDecomp.java (HeadlessAnalyzer)  
INFO  DumpDecomp.java> OVERRIDES applied: 0 (GhidraScript)  
INFO  DumpDecomp.java> VTABLE: MeMisc.o rows=0 applied=0 no-prototype=0 not-in-a-function=0 refused=0 (GhidraScript)  
INFO  DumpDecomp.java> KARMAHDR: calling conventions {__cdecl=1} (GhidraScript)  
INFO  DumpDecomp.java> KARMAHDR: __regparm -> __cdecl on 0 function(s), 0 refused (GhidraScript)  
INFO  DumpDecomp.java> DONE MeMisc.o (GhidraScript)  
INFO  ANALYZING changes made by post scripts: file:///home/ion/tools/karma-lab/allobj/MeMisc.o?MD5=667cd074cb0df517dd2db81a500632eb (HeadlessAnalyzer)  
INFO  REPORT: Post-analysis succeeded for file: file:///home/ion/tools/karma-lab/allobj/MeMisc.o?MD5=667cd074cb0df517dd2db81a500632eb (HeadlessAnalyzer)  
INFO  /allobj/MeMisc.o: file created (ion) (LocalFileSystem)  
INFO  REPORT: Save succeeded for: /allobj/MeMisc.o (Proj:/allobj/MeMisc.o) (HeadlessAnalyzer)  
INFO  REPORT: Import succeeded (HeadlessAnalyzer)  
INFO  IMPORTING: file:///home/ion/tools/karma-lab/allobj/IxPrimitiveLineSegment.o?MD5=0fafeaaf7618f744d38f05f7a3cdcc19 (HeadlessAnalyzer)  
INFO  Using Loader: Executable and Linking Format (ELF) (ProgramLoader)  
INFO  Using Language/Compiler: x86:LE:32:default:gcc (ProgramLoader)  
INFO  Using Library Search Path: [., /bin, /lib, /lib64, /lib/x86_64-linux-gnu, /lib/aarch64-linux-gnu, /usr/bin, /usr/lib, /usr/X11R6/bin, /usr/X11R6/lib, /usr/java/packages/lib, /usr/lib/x86_64-linux-gnu/jni, /usr/lib/x86_64-linux-gnu, /usr/lib/jni] (ProgramLoader)  
INFO  Additional info:
Loading file:///home/ion/tools/karma-lab/allobj/IxPrimitiveLineSegment.o?MD5=0fafeaaf7618f744d38f05f7a3cdcc19...
Skipping section [.data] with invalid size 0x0
Skipping section [.bss] with invalid size 0x0
------------------------------------------------

 (ProgramLoader)  
INFO  IMPORTING: Loaded 0 additional files (HeadlessAnalyzer)  
INFO  REPORT: Execute script: ParseKarmaHeaders.java  (HeadlessAnalyzer)  
INFO  SCRIPT: /home/ion/tools/karma-lab/gscripts/ParseKarmaHeaders.java (HeadlessAnalyzer)  
INFO  ParseKarmaHeaders.java> KARMAOPT: KD_GHIDRA_OPTS not set, analyzer options untouched (GhidraScript)  
INFO  parse /home/ion/tools/karma-lab/kd_protos10.h (CParserUtils)  
INFO  ParseKarmaHeaders.java> KARMAHDR: parsed FunctionDefinitions=2700 (GhidraScript)  
INFO  ParseKarmaHeaders.java> KARMAHDR: signatures applied -- defined=11 imported=5 failed=0 (GhidraScript)  
INFO  ANALYZING all memory and code: file:///home/ion/tools/karma-lab/allobj/IxPrimitiveLineSegment.o?MD5=0fafeaaf7618f744d38f05f7a3cdcc19 (HeadlessAnalyzer)  
WARN  Mismatched DWARF Attribute and Form: DW_AT_macro_info->DW_FORM_data4 (DWARFAbbreviation)  
INFO  Added 304 source map entries (DWARFImporter)  
INFO  DWARF ver[2], 1 compUnits, 2193 DIES, import - total elapsed: 23ms (DWARFImportSummary)  
INFO  DWARF data type import - elapsed: 12ms (DWARFImportSummary)  
INFO  DWARF func & symbol import - elapsed: 5ms (DWARFImportSummary)  
INFO  DWARF types imported: 176 (DWARFImportSummary)  
INFO  DWARF compile dirs: [/home/icculus/projects/UT2-Code/karma/Mcd/src/primitives] (DWARFImportSummary)  
INFO  DWARF producers: [GNU C++ 3.2.3 20030422 (Gentoo Linux 1.4 3.2.3-r4, propolice)] (DWARFImportSummary)  
INFO  DWARF source languages: [DW_LANG_C_plus_plus] (DWARFImportSummary)  
INFO  DWARF compUnit: IxPrimitiveLineSegment.cpp (DWARFImportSummary)  
ERROR DWARF un-recoverable expressions: (DWARFImportSummary)  
ERROR   DW_OP_reg11 -> 1 (DWARFImportSummary)  
ERROR   DW_OP_reg13 -> 3 (DWARFImportSummary)  
ERROR   DW_OP_reg3 -> 4 (DWARFImportSummary)  
ERROR   DW_OP_reg1 -> 3 (DWARFImportSummary)  
ERROR   DW_OP_reg0 -> 3 (DWARFImportSummary)  
ERROR   DW_OP_reg18 -> 1 (DWARFImportSummary)  
ERROR   DW_OP_reg2 -> 3 (DWARFImportSummary)  
ERROR   DW_OP_reg14 -> 1 (DWARFImportSummary)  
ERROR   DW_OP_reg7 -> 4 (DWARFImportSummary)  
ERROR   DW_OP_reg16 -> 1 (DWARFImportSummary)  
ERROR   DW_OP_reg17 -> 2 (DWARFImportSummary)  
ERROR   DW_OP_reg6 -> 5 (DWARFImportSummary)  
INFO  Applied data type archive: generic_clib (ApplyDataArchiveAnalyzer)  
INFO  REPORT: Analysis succeeded for file: file:///home/ion/tools/karma-lab/allobj/IxPrimitiveLineSegment.o?MD5=0fafeaaf7618f744d38f05f7a3cdcc19 (HeadlessAnalyzer)  
INFO  REPORT: Execute script: DumpDecomp.java  (HeadlessAnalyzer)  
INFO  SCRIPT: /home/ion/tools/karma-lab/gscripts/DumpDecomp.java (HeadlessAnalyzer)  
INFO  DumpDecomp.java> OVERRIDES applied: 0 (GhidraScript)  
INFO  DumpDecomp.java> VTABLE: IxPrimitiveLineSegment.o rows=0 applied=0 no-prototype=0 not-in-a-function=0 refused=0 (GhidraScript)  
INFO  DumpDecomp.java> KARMAHDR: calling conventions {__cdecl=4, unknown=8} (GhidraScript)  
INFO  DumpDecomp.java> KARMAHDR: __regparm -> __cdecl on 8 function(s), 0 refused (GhidraScript)  
INFO  DumpDecomp.java> DONE IxPrimitiveLineSegment.o (GhidraScript)  
INFO  ANALYZING changes made by post scripts: file:///home/ion/tools/karma-lab/allobj/IxPrimitiveLineSegment.o?MD5=0fafeaaf7618f744d38f05f7a3cdcc19 (HeadlessAnalyzer)  
INFO  REPORT: Post-analysis succeeded for file: file:///home/ion/tools/karma-lab/allobj/IxPrimitiveLineSegment.o?MD5=0fafeaaf7618f744d38f05f7a3cdcc19 (HeadlessAnalyzer)  
INFO  /allobj/IxPrimitiveLineSegment.o: file created (ion) (LocalFileSystem)  
INFO  REPORT: Save succeeded for: /allobj/IxPrimitiveLineSegment.o (Proj:/allobj/IxPrimitiveLineSegment.o) (HeadlessAnalyzer)  
INFO  REPORT: Import succeeded (HeadlessAnalyzer)  
INFO  IMPORTING: file:///home/ion/tools/karma-lab/allobj/MdtPrismatic.o?MD5=b333e5acfb1d7fabf96d46d04324e235 (HeadlessAnalyzer)  
INFO  Using Loader: Executable and Linking Format (ELF) (ProgramLoader)  
INFO  Using Language/Compiler: x86:LE:32:default:gcc (ProgramLoader)  
INFO  Using Library Search Path: [., /bin, /lib, /lib64, /lib/x86_64-linux-gnu, /lib/aarch64-linux-gnu, /usr/bin, /usr/lib, /usr/X11R6/bin, /usr/X11R6/lib, /usr/java/packages/lib, /usr/lib/x86_64-linux-gnu/jni, /usr/lib/x86_64-linux-gnu, /usr/lib/jni] (ProgramLoader)  
INFO  Additional info:
Loading file:///home/ion/tools/karma-lab/allobj/MdtPrismatic.o?MD5=b333e5acfb1d7fabf96d46d04324e235...
Skipping section [.data] with invalid size 0x0
Skipping section [.bss] with invalid size 0x0
------------------------------------------------

 (ProgramLoader)  
INFO  IMPORTING: Loaded 0 additional files (HeadlessAnalyzer)  
INFO  REPORT: Execute script: ParseKarmaHeaders.java  (HeadlessAnalyzer)  
INFO  SCRIPT: /home/ion/tools/karma-lab/gscripts/ParseKarmaHeaders.java (HeadlessAnalyzer)  
INFO  ParseKarmaHeaders.java> KARMAOPT: KD_GHIDRA_OPTS not set, analyzer options untouched (GhidraScript)  
INFO  parse /home/ion/tools/karma-lab/kd_protos10.h (CParserUtils)  
INFO  ParseKarmaHeaders.java> KARMAHDR: parsed FunctionDefinitions=2700 (GhidraScript)  
INFO  ParseKarmaHeaders.java> KARMAHDR: signatures applied -- defined=26 imported=19 failed=0 (GhidraScript)  
INFO  ANALYZING all memory and code: file:///home/ion/tools/karma-lab/allobj/MdtPrismatic.o?MD5=b333e5acfb1d7fabf96d46d04324e235 (HeadlessAnalyzer)  
WARN  Mismatched DWARF Attribute and Form: DW_AT_macro_info->DW_FORM_data4 (DWARFAbbreviation)  
INFO  Added 144 source map entries (DWARFImporter)  
INFO  DWARF ver[2], 1 compUnits, 673 DIES, import - total elapsed: 21ms (DWARFImportSummary)  
INFO  DWARF data type import - elapsed: 13ms (DWARFImportSummary)  
INFO  DWARF func & symbol import - elapsed: 3ms (DWARFImportSummary)  
INFO  DWARF types imported: 128 (DWARFImportSummary)  
INFO  DWARF enums from macros - elapsed: 1ms (DWARFImportSummary)  
INFO  DWARF compile dirs: [/home/icculus/projects/UT2-Code/karma/Mdt/src] (DWARFImportSummary)  
INFO  DWARF producers: [GNU C 3.2.3 20030422 (Gentoo Linux 1.4 3.2.3-r4, propolice)] (DWARFImportSummary)  
INFO  DWARF source languages: [DW_LANG_C89] (DWARFImportSummary)  
INFO  DWARF compUnit: MdtPrismatic.c (DWARFImportSummary)  
ERROR DWARF un-recoverable expressions: (DWARFImportSummary)  
ERROR   DW_OP_reg3 -> 3 (DWARFImportSummary)  
ERROR   DW_OP_reg13 -> 2 (DWARFImportSummary)  
ERROR   DW_OP_reg11 -> 2 (DWARFImportSummary)  
ERROR   DW_OP_reg0 -> 3 (DWARFImportSummary)  
ERROR   DW_OP_reg2 -> 2 (DWARFImportSummary)  
INFO  Applied data type archive: generic_clib (ApplyDataArchiveAnalyzer)  
INFO  -----------------------------------------------------
    ASCII Strings                              0.001 secs
    Apply Data Archives                        0.076 secs
    Call Convention ID                         1.150 secs
    Call-Fixup Installer                       0.001 secs
    Create Address Tables                      0.001 secs
    Create Function                            0.000 secs
    DWARF                                      0.023 secs
    Data Reference                             0.001 secs
    Decompiler Switch Analysis                 0.000 secs
    Demangler GNU                              0.002 secs
    Disassemble Entry Points                   0.004 secs
    ELF Scalar Operand References              0.002 secs
    Embedded Media                             0.000 secs
    External Entry References                  0.000 secs
    Function ID                                0.002 secs
    Function Start Pre Search                  0.002 secs
    Function Start Search                      0.002 secs
    Function Start Search After Code           0.000 secs
    Function Start Search After Data           0.000 secs
    GCC Exception Handlers                     0.002 secs
    Non-Returning Functions - Discovered       0.000 secs
    Non-Returning Functions - Known            0.000 secs
    Reference                                  0.000 secs
    Shared Return Calls                        0.000 secs
    Stack                                      0.009 secs
    Subroutine References                      0.001 secs
    X86 Function Callee Purge                  0.000 secs
    x86 Constant Reference Analyzer            0.005 secs
-----------------------------------------------------
     Total Time   1 secs
-----------------------------------------------------
 (AutoAnalysisManager)  
INFO  REPORT: Analysis succeeded for file: file:///home/ion/tools/karma-lab/allobj/MdtPrismatic.o?MD5=b333e5acfb1d7fabf96d46d04324e235 (HeadlessAnalyzer)  
INFO  REPORT: Execute script: DumpDecomp.java  (HeadlessAnalyzer)  
INFO  SCRIPT: /home/ion/tools/karma-lab/gscripts/DumpDecomp.java (HeadlessAnalyzer)  
INFO  DumpDecomp.java> OVERRIDES applied: 0 (GhidraScript)  
INFO  DumpDecomp.java> VTABLE: MdtPrismatic.o rows=0 applied=0 no-prototype=0 not-in-a-function=0 refused=0 (GhidraScript)  
INFO  DumpDecomp.java> KARMAHDR: calling conventions {__cdecl=5, unknown=21} (GhidraScript)  
INFO  DumpDecomp.java> KARMAHDR: __regparm -> __cdecl on 21 function(s), 0 refused (GhidraScript)  
INFO  DumpDecomp.java> DONE MdtPrismatic.o (GhidraScript)  
INFO  ANALYZING changes made by post scripts: file:///home/ion/tools/karma-lab/allobj/MdtPrismatic.o?MD5=b333e5acfb1d7fabf96d46d04324e235 (HeadlessAnalyzer)  
INFO  REPORT: Post-analysis succeeded for file: file:///home/ion/tools/karma-lab/allobj/MdtPrismatic.o?MD5=b333e5acfb1d7fabf96d46d04324e235 (HeadlessAnalyzer)  
INFO  /allobj/MdtPrismatic.o: file created (ion) (LocalFileSystem)  
INFO  REPORT: Save succeeded for: /allobj/MdtPrismatic.o (Proj:/allobj/MdtPrismatic.o) (HeadlessAnalyzer)  
INFO  REPORT: Import succeeded (HeadlessAnalyzer)  
INFO  IMPORTING: file:///home/ion/tools/karma-lab/allobj/IxCylinderPlane.o?MD5=77f0d37bbe06a83b9699847f46a3e899 (HeadlessAnalyzer)  
INFO  Using Loader: Executable and Linking Format (ELF) (ProgramLoader)  
INFO  Using Language/Compiler: x86:LE:32:default:gcc (ProgramLoader)  
INFO  Using Library Search Path: [., /bin, /lib, /lib64, /lib/x86_64-linux-gnu, /lib/aarch64-linux-gnu, /usr/bin, /usr/lib, /usr/X11R6/bin, /usr/X11R6/lib, /usr/java/packages/lib, /usr/lib/x86_64-linux-gnu/jni, /usr/lib/x86_64-linux-gnu, /usr/lib/jni] (ProgramLoader)  
INFO  Additional info:
Loading file:///home/ion/tools/karma-lab/allobj/IxCylinderPlane.o?MD5=77f0d37bbe06a83b9699847f46a3e899...
Skipping section [.data] with invalid size 0x0
Skipping section [.bss] with invalid size 0x0
------------------------------------------------

 (ProgramLoader)  
INFO  IMPORTING: Loaded 0 additional files (HeadlessAnalyzer)  
INFO  REPORT: Execute script: ParseKarmaHeaders.java  (HeadlessAnalyzer)  
INFO  SCRIPT: /home/ion/tools/karma-lab/gscripts/ParseKarmaHeaders.java (HeadlessAnalyzer)  
INFO  ParseKarmaHeaders.java> KARMAOPT: KD_GHIDRA_OPTS not set, analyzer options untouched (GhidraScript)  
INFO  parse /home/ion/tools/karma-lab/kd_protos10.h (CParserUtils)  
INFO  ParseKarmaHeaders.java> KARMAHDR: parsed FunctionDefinitions=2700 (GhidraScript)  
INFO  ParseKarmaHeaders.java> KARMAHDR: signatures applied -- defined=8 imported=6 failed=0 (GhidraScript)  
INFO  ANALYZING all memory and code: file:///home/ion/tools/karma-lab/allobj/IxCylinderPlane.o?MD5=77f0d37bbe06a83b9699847f46a3e899 (HeadlessAnalyzer)  
WARN  Mismatched DWARF Attribute and Form: DW_AT_macro_info->DW_FORM_data4 (DWARFAbbreviation)  
INFO  Added 333 source map entries (DWARFImporter)  
INFO  DWARF ver[2], 1 compUnits, 3004 DIES, import - total elapsed: 22ms (DWARFImportSummary)  
INFO  DWARF data type import - elapsed: 12ms (DWARFImportSummary)  
INFO  DWARF func & symbol import - elapsed: 4ms (DWARFImportSummary)  
INFO  DWARF types imported: 173 (DWARFImportSummary)  
INFO  DWARF compile dirs: [/home/icculus/projects/UT2-Code/karma/Mcd/src/primitives] (DWARFImportSummary)  
INFO  DWARF producers: [GNU C++ 3.2.3 20030422 (Gentoo Linux 1.4 3.2.3-r4, propolice)] (DWARFImportSummary)  
INFO  DWARF source languages: [DW_LANG_C_plus_plus] (DWARFImportSummary)  
INFO  DWARF compUnit: IxCylinderPlane.cpp (DWARFImportSummary)  
ERROR DWARF un-recoverable expressions: (DWARFImportSummary)  
ERROR   DW_OP_reg12 -> 1 (DWARFImportSummary)  
ERROR   DW_OP_reg13 -> 3 (DWARFImportSummary)  
ERROR   DW_OP_reg11 -> 4 (DWARFImportSummary)  
ERROR   DW_OP_reg3 -> 2 (DWARFImportSummary)  
ERROR   DW_OP_reg0 -> 4 (DWARFImportSummary)  
ERROR   DW_OP_reg1 -> 3 (DWARFImportSummary)  
ERROR   DW_OP_reg2 -> 2 (DWARFImportSummary)  
ERROR   DW_OP_reg14 -> 1 (DWARFImportSummary)  
ERROR   DW_OP_reg7 -> 1 (DWARFImportSummary)  
ERROR   DW_OP_reg6 -> 2 (DWARFImportSummary)  
INFO  Applied data type archive: generic_clib (ApplyDataArchiveAnalyzer)  
INFO  REPORT: Analysis succeeded for file: file:///home/ion/tools/karma-lab/allobj/IxCylinderPlane.o?MD5=77f0d37bbe06a83b9699847f46a3e899 (HeadlessAnalyzer)  
INFO  REPORT: Execute script: DumpDecomp.java  (HeadlessAnalyzer)  
INFO  SCRIPT: /home/ion/tools/karma-lab/gscripts/DumpDecomp.java (HeadlessAnalyzer)  
INFO  DumpDecomp.java> OVERRIDES applied: 0 (GhidraScript)  
INFO  DumpDecomp.java> VTABLE: IxCylinderPlane.o rows=0 applied=0 no-prototype=0 not-in-a-function=0 refused=0 (GhidraScript)  
INFO  DumpDecomp.java> KARMAHDR: calling conventions {__cdecl=3, unknown=8} (GhidraScript)  
INFO  DumpDecomp.java> KARMAHDR: __regparm -> __cdecl on 8 function(s), 0 refused (GhidraScript)  
INFO  DumpDecomp.java> DONE IxCylinderPlane.o (GhidraScript)  
INFO  ANALYZING changes made by post scripts: file:///home/ion/tools/karma-lab/allobj/IxCylinderPlane.o?MD5=77f0d37bbe06a83b9699847f46a3e899 (HeadlessAnalyzer)  
INFO  REPORT: Post-analysis succeeded for file: file:///home/ion/tools/karma-lab/allobj/IxCylinderPlane.o?MD5=77f0d37bbe06a83b9699847f46a3e899 (HeadlessAnalyzer)  
INFO  /allobj/IxCylinderPlane.o: file created (ion) (LocalFileSystem)  
INFO  REPORT: Save succeeded for: /allobj/IxCylinderPlane.o (Proj:/allobj/IxCylinderPlane.o) (HeadlessAnalyzer)  
INFO  REPORT: Import succeeded (HeadlessAnalyzer)  
INFO  IMPORTING: file:///home/ion/tools/karma-lab/allobj/MeFGeometry.o?MD5=7ba1c71fb3e248238d40c1ecc5555057 (HeadlessAnalyzer)  
INFO  Using Loader: Executable and Linking Format (ELF) (ProgramLoader)  
INFO  Using Language/Compiler: x86:LE:32:default:gcc (ProgramLoader)  
INFO  Using Library Search Path: [., /bin, /lib, /lib64, /lib/x86_64-linux-gnu, /lib/aarch64-linux-gnu, /usr/bin, /usr/lib, /usr/X11R6/bin, /usr/X11R6/lib, /usr/java/packages/lib, /usr/lib/x86_64-linux-gnu/jni, /usr/lib/x86_64-linux-gnu, /usr/lib/jni] (ProgramLoader)  
ERROR EXTERNAL Data ELF Relocation with offset: at 0001019e (External Location = MeMemoryAPI+0xc) (ElfRelocationHandler)  
ERROR EXTERNAL Data ELF Relocation with offset: at 00010250 (External Location = MeMemoryAPI+0x4) (ElfRelocationHandler)  
ERROR EXTERNAL Data ELF Relocation with offset: at 00010330 (External Location = MeMemoryAPI+0xc) (ElfRelocationHandler)  
ERROR EXTERNAL Data ELF Relocation with offset: at 0001033b (External Location = MeMemoryAPI+0xc) (ElfRelocationHandler)  
ERROR EXTERNAL Data ELF Relocation with offset: at 0001034f (External Location = MeMemoryAPI+0xc) (ElfRelocationHandler)  
ERROR EXTERNAL Data ELF Relocation with offset: at 00010360 (External Location = MeMemoryAPI+0xc) (ElfRelocationHandler)  
INFO  Additional info:
Loading file:///home/ion/tools/karma-lab/allobj/MeFGeometry.o?MD5=7ba1c71fb3e248238d40c1ecc5555057...
Skipping section [.data] with invalid size 0x0
Skipping section [.bss] with invalid size 0x0
------------------------------------------------

 (ProgramLoader)  
INFO  IMPORTING: Loaded 0 additional files (HeadlessAnalyzer)  
INFO  REPORT: Execute script: ParseKarmaHeaders.java  (HeadlessAnalyzer)  
INFO  SCRIPT: /home/ion/tools/karma-lab/gscripts/ParseKarmaHeaders.java (HeadlessAnalyzer)  
INFO  ParseKarmaHeaders.java> KARMAOPT: KD_GHIDRA_OPTS not set, analyzer options untouched (GhidraScript)  
INFO  parse /home/ion/tools/karma-lab/kd_protos10.h (CParserUtils)  
INFO  ParseKarmaHeaders.java> KARMAHDR: parsed FunctionDefinitions=2700 (GhidraScript)  
INFO  ParseKarmaHeaders.java> KARMAHDR: signatures applied -- defined=26 imported=7 failed=0 (GhidraScript)  
INFO  ANALYZING all memory and code: file:///home/ion/tools/karma-lab/allobj/MeFGeometry.o?MD5=7ba1c71fb3e248238d40c1ecc5555057 (HeadlessAnalyzer)  
WARN  Mismatched DWARF Attribute and Form: DW_AT_macro_info->DW_FORM_data4 (DWARFAbbreviation)  
INFO  Added 193 source map entries (DWARFImporter)  
INFO  DWARF ver[2], 1 compUnits, 613 DIES, import - total elapsed: 13ms (DWARFImportSummary)  
INFO  DWARF data type import - elapsed: 5ms (DWARFImportSummary)  
INFO  DWARF func & symbol import - elapsed: 5ms (DWARFImportSummary)  
INFO  DWARF types imported: 95 (DWARFImportSummary)  
INFO  DWARF compile dirs: [/home/icculus/projects/UT2-Code/karma/MeAssetDB/src] (DWARFImportSummary)  
INFO  DWARF producers: [GNU C 3.2.3 20030422 (Gentoo Linux 1.4 3.2.3-r4, propolice)] (DWARFImportSummary)  
INFO  DWARF source languages: [DW_LANG_C89] (DWARFImportSummary)  
INFO  DWARF compUnit: MeFGeometry.c (DWARFImportSummary)  
ERROR DWARF un-recoverable expressions: (DWARFImportSummary)  
ERROR   DW_OP_reg12 -> 1 (DWARFImportSummary)  
ERROR   DW_OP_reg3 -> 8 (DWARFImportSummary)  
ERROR   DW_OP_reg1 -> 2 (DWARFImportSummary)  
ERROR   DW_OP_reg0 -> 24 (DWARFImportSummary)  
ERROR   DW_OP_reg2 -> 3 (DWARFImportSummary)  
ERROR   DW_OP_reg7 -> 3 (DWARFImportSummary)  
ERROR   DW_OP_reg6 -> 7 (DWARFImportSummary)  
INFO  Applied data type archive: generic_clib (ApplyDataArchiveAnalyzer)  
INFO  -----------------------------------------------------
    ASCII Strings                              0.000 secs
    Apply Data Archives                        0.068 secs
    Call Convention ID                         2.266 secs
    Call-Fixup Installer                       0.000 secs
    Create Address Tables                      0.000 secs
    Create Function                            0.000 secs
    DWARF                                      0.014 secs
    Data Reference                             0.000 secs
    Decompiler Switch Analysis                 0.001 secs
    Demangler GNU                              0.003 secs
    Disassemble Entry Points                   0.005 secs
    ELF Scalar Operand References              0.001 secs
    Embedded Media                             0.000 secs
    External Entry References                  0.000 secs
    Function ID                                0.004 secs
    Function Start Pre Search                  0.001 secs
    Function Start Search                      0.002 secs
    Function Start Search After Code           0.000 secs
    Function Start Search After Data           0.001 secs
    GCC Exception Handlers                     0.002 secs
    Non-Returning Functions - Discovered       0.001 secs
    Non-Returning Functions - Known            0.000 secs
    Reference                                  0.001 secs
    Shared Return Calls                        0.000 secs
    Stack                                      0.009 secs
    Subroutine References                      0.000 secs
    X86 Function Callee Purge                  0.000 secs
    x86 Constant Reference Analyzer            0.005 secs
-----------------------------------------------------
     Total Time   2 secs
-----------------------------------------------------
 (AutoAnalysisManager)  
INFO  REPORT: Analysis succeeded for file: file:///home/ion/tools/karma-lab/allobj/MeFGeometry.o?MD5=7ba1c71fb3e248238d40c1ecc5555057 (HeadlessAnalyzer)  
INFO  REPORT: Execute script: DumpDecomp.java  (HeadlessAnalyzer)  
INFO  SCRIPT: /home/ion/tools/karma-lab/gscripts/DumpDecomp.java (HeadlessAnalyzer)  
INFO  DumpDecomp.java> OVERRIDES applied: 0 (GhidraScript)  
INFO  DumpDecomp.java> VTABLE: MeFGeometry.o rows=10 applied=10 no-prototype=0 not-in-a-function=0 refused=0 (GhidraScript)  
INFO  DumpDecomp.java> KARMAHDR: calling conventions {__cdecl=16, unknown=11} (GhidraScript)  
INFO  DumpDecomp.java> KARMAHDR: __regparm -> __cdecl on 11 function(s), 0 refused (GhidraScript)  
INFO  DumpDecomp.java> DONE MeFGeometry.o (GhidraScript)  
INFO  ANALYZING changes made by post scripts: file:///home/ion/tools/karma-lab/allobj/MeFGeometry.o?MD5=7ba1c71fb3e248238d40c1ecc5555057 (HeadlessAnalyzer)  
INFO  REPORT: Post-analysis succeeded for file: file:///home/ion/tools/karma-lab/allobj/MeFGeometry.o?MD5=7ba1c71fb3e248238d40c1ecc5555057 (HeadlessAnalyzer)  
INFO  /allobj/MeFGeometry.o: file created (ion) (LocalFileSystem)  
INFO  REPORT: Save succeeded for: /allobj/MeFGeometry.o (Proj:/allobj/MeFGeometry.o) (HeadlessAnalyzer)  
INFO  REPORT: Import succeeded (HeadlessAnalyzer)  
INFO  IMPORTING: file:///home/ion/tools/karma-lab/allobj/IxBoxPlane.o?MD5=1667686cad2277dfea4af6cfbb747195 (HeadlessAnalyzer)  
INFO  Using Loader: Executable and Linking Format (ELF) (ProgramLoader)  
INFO  Using Language/Compiler: x86:LE:32:default:gcc (ProgramLoader)  
INFO  Using Library Search Path: [., /bin, /lib, /lib64, /lib/x86_64-linux-gnu, /lib/aarch64-linux-gnu, /usr/bin, /usr/lib, /usr/X11R6/bin, /usr/X11R6/lib, /usr/java/packages/lib, /usr/lib/x86_64-linux-gnu/jni, /usr/lib/x86_64-linux-gnu, /usr/lib/jni] (ProgramLoader)  
INFO  Additional info:
Loading file:///home/ion/tools/karma-lab/allobj/IxBoxPlane.o?MD5=1667686cad2277dfea4af6cfbb747195...
Skipping section [.data] with invalid size 0x0
Skipping section [.bss] with invalid size 0x0
------------------------------------------------

 (ProgramLoader)  
INFO  IMPORTING: Loaded 0 additional files (HeadlessAnalyzer)  
INFO  REPORT: Execute script: ParseKarmaHeaders.java  (HeadlessAnalyzer)  
INFO  SCRIPT: /home/ion/tools/karma-lab/gscripts/ParseKarmaHeaders.java (HeadlessAnalyzer)  
INFO  ParseKarmaHeaders.java> KARMAOPT: KD_GHIDRA_OPTS not set, analyzer options untouched (GhidraScript)  
INFO  parse /home/ion/tools/karma-lab/kd_protos10.h (CParserUtils)  
INFO  ParseKarmaHeaders.java> KARMAHDR: parsed FunctionDefinitions=2700 (GhidraScript)  
INFO  ParseKarmaHeaders.java> KARMAHDR: signatures applied -- defined=13 imported=10 failed=0 (GhidraScript)  
INFO  ANALYZING all memory and code: file:///home/ion/tools/karma-lab/allobj/IxBoxPlane.o?MD5=1667686cad2277dfea4af6cfbb747195 (HeadlessAnalyzer)  
WARN  Mismatched DWARF Attribute and Form: DW_AT_macro_info->DW_FORM_data4 (DWARFAbbreviation)  
INFO  Added 513 source map entries (DWARFImporter)  
INFO  DWARF ver[2], 1 compUnits, 4011 DIES, import - total elapsed: 25ms (DWARFImportSummary)  
INFO  DWARF data type import - elapsed: 13ms (DWARFImportSummary)  
INFO  DWARF func & symbol import - elapsed: 5ms (DWARFImportSummary)  
INFO  DWARF types imported: 174 (DWARFImportSummary)  
INFO  DWARF compile dirs: [/home/icculus/projects/UT2-Code/karma/Mcd/src/primitives] (DWARFImportSummary)  
INFO  DWARF producers: [GNU C++ 3.2.3 20030422 (Gentoo Linux 1.4 3.2.3-r4, propolice)] (DWARFImportSummary)  
INFO  DWARF source languages: [DW_LANG_C_plus_plus] (DWARFImportSummary)  
INFO  DWARF compUnit: IxBoxPlane.cpp (DWARFImportSummary)  
ERROR DWARF un-recoverable expressions: (DWARFImportSummary)  
ERROR   DW_OP_reg11 -> 2 (DWARFImportSummary)  
ERROR   DW_OP_reg13 -> 2 (DWARFImportSummary)  
ERROR   DW_OP_reg3 -> 2 (DWARFImportSummary)  
ERROR   DW_OP_reg0 -> 3 (DWARFImportSummary)  
ERROR   DW_OP_reg1 -> 3 (DWARFImportSummary)  
ERROR   DW_OP_reg2 -> 2 (DWARFImportSummary)  
ERROR   DW_OP_reg14 -> 1 (DWARFImportSummary)  
ERROR   DW_OP_reg7 -> 2 (DWARFImportSummary)  
ERROR   DW_OP_reg15 -> 1 (DWARFImportSummary)  
ERROR   DW_OP_reg6 -> 2 (DWARFImportSummary)  
INFO  Applied data type archive: generic_clib (ApplyDataArchiveAnalyzer)  
INFO  REPORT: Analysis succeeded for file: file:///home/ion/tools/karma-lab/allobj/IxBoxPlane.o?MD5=1667686cad2277dfea4af6cfbb747195 (HeadlessAnalyzer)  
INFO  REPORT: Execute script: DumpDecomp.java  (HeadlessAnalyzer)  
INFO  SCRIPT: /home/ion/tools/karma-lab/gscripts/DumpDecomp.java (HeadlessAnalyzer)  
INFO  DumpDecomp.java> OVERRIDES applied: 0 (GhidraScript)  
INFO  DumpDecomp.java> VTABLE: IxBoxPlane.o rows=0 applied=0 no-prototype=0 not-in-a-function=0 refused=0 (GhidraScript)  
INFO  DumpDecomp.java> KARMAHDR: calling conventions {__cdecl=3, unknown=12} (GhidraScript)  
INFO  DumpDecomp.java> KARMAHDR: __regparm -> __cdecl on 12 function(s), 0 refused (GhidraScript)  
INFO  DumpDecomp.java> DONE IxBoxPlane.o (GhidraScript)  
INFO  ANALYZING changes made by post scripts: file:///home/ion/tools/karma-lab/allobj/IxBoxPlane.o?MD5=1667686cad2277dfea4af6cfbb747195 (HeadlessAnalyzer)  
INFO  REPORT: Post-analysis succeeded for file: file:///home/ion/tools/karma-lab/allobj/IxBoxPlane.o?MD5=1667686cad2277dfea4af6cfbb747195 (HeadlessAnalyzer)  
INFO  /allobj/IxBoxPlane.o: file created (ion) (LocalFileSystem)  
INFO  REPORT: Save succeeded for: /allobj/IxBoxPlane.o (Proj:/allobj/IxBoxPlane.o) (HeadlessAnalyzer)  
INFO  REPORT: Import succeeded (HeadlessAnalyzer)  
INFO  IMPORTING: file:///home/ion/tools/karma-lab/allobj/MePoolx.o?MD5=146f682da925755f97c1b1596c774cc7 (HeadlessAnalyzer)  
INFO  Using Loader: Executable and Linking Format (ELF) (ProgramLoader)  
INFO  Using Language/Compiler: x86:LE:32:default:gcc (ProgramLoader)  
INFO  Using Library Search Path: [., /bin, /lib, /lib64, /lib/x86_64-linux-gnu, /lib/aarch64-linux-gnu, /usr/bin, /usr/lib, /usr/X11R6/bin, /usr/X11R6/lib, /usr/java/packages/lib, /usr/lib/x86_64-linux-gnu/jni, /usr/lib/x86_64-linux-gnu, /usr/lib/jni] (ProgramLoader)  
INFO  Additional info:
Loading file:///home/ion/tools/karma-lab/allobj/MePoolx.o?MD5=146f682da925755f97c1b1596c774cc7...
Skipping section [.data] with invalid size 0x0
Skipping section [.bss] with invalid size 0x0
------------------------------------------------

 (ProgramLoader)  
INFO  IMPORTING: Loaded 0 additional files (HeadlessAnalyzer)  
INFO  REPORT: Execute script: ParseKarmaHeaders.java  (HeadlessAnalyzer)  
INFO  SCRIPT: /home/ion/tools/karma-lab/gscripts/ParseKarmaHeaders.java (HeadlessAnalyzer)  
INFO  ParseKarmaHeaders.java> KARMAOPT: KD_GHIDRA_OPTS not set, analyzer options untouched (GhidraScript)  
INFO  parse /home/ion/tools/karma-lab/kd_protos10.h (CParserUtils)  
INFO  ParseKarmaHeaders.java> KARMAHDR: parsed FunctionDefinitions=2700 (GhidraScript)  
INFO  ParseKarmaHeaders.java> KARMAHDR: signatures applied -- defined=6 imported=1 failed=0 (GhidraScript)  
INFO  ANALYZING all memory and code: file:///home/ion/tools/karma-lab/allobj/MePoolx.o?MD5=146f682da925755f97c1b1596c774cc7 (HeadlessAnalyzer)  
WARN  Mismatched DWARF Attribute and Form: DW_AT_macro_info->DW_FORM_data4 (DWARFAbbreviation)  
INFO  Added 73 source map entries (DWARFImporter)  
INFO  DWARF ver[2], 1 compUnits, 145 DIES, import - total elapsed: 7ms (DWARFImportSummary)  
INFO  DWARF data type import - elapsed: 3ms (DWARFImportSummary)  
INFO  DWARF func & symbol import - elapsed: 3ms (DWARFImportSummary)  
INFO  DWARF types imported: 26 (DWARFImportSummary)  
INFO  DWARF compile dirs: [/home/icculus/projects/UT2-Code/karma/MeGlobals/src] (DWARFImportSummary)  
INFO  DWARF producers: [GNU C 3.2.3 20030422 (Gentoo Linux 1.4 3.2.3-r4, propolice)] (DWARFImportSummary)  
INFO  DWARF source languages: [DW_LANG_C89] (DWARFImportSummary)  
INFO  DWARF compUnit: MePoolx.c (DWARFImportSummary)  
ERROR DWARF un-recoverable expressions: (DWARFImportSummary)  
ERROR   DW_OP_reg3 -> 1 (DWARFImportSummary)  
ERROR   DW_OP_reg1 -> 2 (DWARFImportSummary)  
ERROR   DW_OP_reg0 -> 1 (DWARFImportSummary)  
ERROR   DW_OP_reg2 -> 5 (DWARFImportSummary)  
ERROR   DW_OP_reg6 -> 3 (DWARFImportSummary)  
INFO  Applied data type archive: generic_clib (ApplyDataArchiveAnalyzer)  
INFO  -----------------------------------------------------
    ASCII Strings                              0.000 secs
    Apply Data Archives                        0.051 secs
    Call Convention ID                         1.360 secs
    Call-Fixup Installer                       0.000 secs
    Create Address Tables                      0.000 secs
    Create Function                            0.000 secs
    DWARF                                      0.009 secs
    Data Reference                             0.001 secs
    Decompiler Switch Analysis                 0.000 secs
    Demangler GNU                              0.002 secs
    Disassemble Entry Points                   0.003 secs
    ELF Scalar Operand References              0.001 secs
    Embedded Media                             0.001 secs
    External Entry References                  0.000 secs
    Function ID                                0.002 secs
    Function Start Pre Search                  0.001 secs
    Function Start Search                      0.003 secs
    Function Start Search After Code           0.000 secs
    Function Start Search After Data           0.000 secs
    GCC Exception Handlers                     0.002 secs
    Non-Returning Functions - Discovered       0.000 secs
    Non-Returning Functions - Known            0.000 secs
    Reference                                  0.000 secs
    Shared Return Calls                        0.000 secs
    Stack                                      0.004 secs
    Subroutine References                      0.000 secs
    X86 Function Callee Purge                  0.000 secs
    x86 Constant Reference Analyzer            0.002 secs
-----------------------------------------------------
     Total Time   1 secs
-----------------------------------------------------
 (AutoAnalysisManager)  
INFO  REPORT: Analysis succeeded for file: file:///home/ion/tools/karma-lab/allobj/MePoolx.o?MD5=146f682da925755f97c1b1596c774cc7 (HeadlessAnalyzer)  
INFO  REPORT: Execute script: DumpDecomp.java  (HeadlessAnalyzer)  
INFO  SCRIPT: /home/ion/tools/karma-lab/gscripts/DumpDecomp.java (HeadlessAnalyzer)  
INFO  DumpDecomp.java> OVERRIDES applied: 0 (GhidraScript)  
INFO  DumpDecomp.java> VTABLE: MePoolx.o rows=0 applied=0 no-prototype=0 not-in-a-function=0 refused=0 (GhidraScript)  
INFO  DumpDecomp.java> KARMAHDR: calling conventions {__cdecl=6, unknown=3} (GhidraScript)  
INFO  DumpDecomp.java> KARMAHDR: __regparm -> __cdecl on 3 function(s), 0 refused (GhidraScript)  
INFO  DumpDecomp.java> DONE MePoolx.o (GhidraScript)  
INFO  ANALYZING changes made by post scripts: file:///home/ion/tools/karma-lab/allobj/MePoolx.o?MD5=146f682da925755f97c1b1596c774cc7 (HeadlessAnalyzer)  
INFO  REPORT: Post-analysis succeeded for file: file:///home/ion/tools/karma-lab/allobj/MePoolx.o?MD5=146f682da925755f97c1b1596c774cc7 (HeadlessAnalyzer)  
INFO  /allobj/MePoolx.o: file created (ion) (LocalFileSystem)  
INFO  REPORT: Save succeeded for: /allobj/MePoolx.o (Proj:/allobj/MePoolx.o) (HeadlessAnalyzer)  
INFO  REPORT: Import succeeded (HeadlessAnalyzer)  
INFO  IMPORTING: file:///home/ion/tools/karma-lab/allobj/McduDebugDraw.o?MD5=be8398fc6f9828d2eb67a3abd753a454 (HeadlessAnalyzer)  
INFO  Using Loader: Executable and Linking Format (ELF) (ProgramLoader)  
INFO  Using Language/Compiler: x86:LE:32:default:gcc (ProgramLoader)  
INFO  Using Library Search Path: [., /bin, /lib, /lib64, /lib/x86_64-linux-gnu, /lib/aarch64-linux-gnu, /usr/bin, /usr/lib, /usr/X11R6/bin, /usr/X11R6/lib, /usr/java/packages/lib, /usr/lib/x86_64-linux-gnu/jni, /usr/lib/x86_64-linux-gnu, /usr/lib/jni] (ProgramLoader)  
INFO  Additional info:
Loading file:///home/ion/tools/karma-lab/allobj/McduDebugDraw.o?MD5=be8398fc6f9828d2eb67a3abd753a454...
Skipping section [.bss] with invalid size 0x0
------------------------------------------------

 (ProgramLoader)  
INFO  IMPORTING: Loaded 0 additional files (HeadlessAnalyzer)  
INFO  REPORT: Execute script: ParseKarmaHeaders.java  (HeadlessAnalyzer)  
INFO  SCRIPT: /home/ion/tools/karma-lab/gscripts/ParseKarmaHeaders.java (HeadlessAnalyzer)  
INFO  ParseKarmaHeaders.java> KARMAOPT: KD_GHIDRA_OPTS not set, analyzer options untouched (GhidraScript)  
INFO  parse /home/ion/tools/karma-lab/kd_protos10.h (CParserUtils)  
INFO  ParseKarmaHeaders.java> KARMAHDR: parsed FunctionDefinitions=2700 (GhidraScript)  
INFO  ParseKarmaHeaders.java> KARMAHDR: signatures applied -- defined=10 imported=7 failed=0 (GhidraScript)  
INFO  ANALYZING all memory and code: file:///home/ion/tools/karma-lab/allobj/McduDebugDraw.o?MD5=be8398fc6f9828d2eb67a3abd753a454 (HeadlessAnalyzer)  
WARN  Mismatched DWARF Attribute and Form: DW_AT_macro_info->DW_FORM_data4 (DWARFAbbreviation)  
INFO  Added 115 source map entries (DWARFImporter)  
INFO  DWARF ver[2], 1 compUnits, 810 DIES, import - total elapsed: 18ms (DWARFImportSummary)  
INFO  DWARF data type import - elapsed: 11ms (DWARFImportSummary)  
INFO  DWARF func & symbol import - elapsed: 2ms (DWARFImportSummary)  
INFO  DWARF types imported: 181 (DWARFImportSummary)  
INFO  DWARF compile dirs: [/home/icculus/projects/UT2-Code/karma/Mcd/src/frame] (DWARFImportSummary)  
INFO  DWARF producers: [GNU C++ 3.2.3 20030422 (Gentoo Linux 1.4 3.2.3-r4, propolice)] (DWARFImportSummary)  
INFO  DWARF source languages: [DW_LANG_C_plus_plus] (DWARFImportSummary)  
INFO  DWARF compUnit: McduDebugDraw.cpp (DWARFImportSummary)  
ERROR DWARF un-recoverable expressions: (DWARFImportSummary)  
ERROR   DW_OP_reg0 -> 1 (DWARFImportSummary)  
ERROR   DW_OP_reg2 -> 1 (DWARFImportSummary)  
ERROR   DW_OP_reg7 -> 2 (DWARFImportSummary)  
ERROR   DW_OP_reg6 -> 3 (DWARFImportSummary)  
INFO  Applied data type archive: generic_clib (ApplyDataArchiveAnalyzer)  
INFO  REPORT: Analysis succeeded for file: file:///home/ion/tools/karma-lab/allobj/McduDebugDraw.o?MD5=be8398fc6f9828d2eb67a3abd753a454 (HeadlessAnalyzer)  
INFO  REPORT: Execute script: DumpDecomp.java  (HeadlessAnalyzer)  
INFO  SCRIPT: /home/ion/tools/karma-lab/gscripts/DumpDecomp.java (HeadlessAnalyzer)  
INFO  DumpDecomp.java> OVERRIDES applied: 0 (GhidraScript)  
INFO  DumpDecomp.java> VTABLE: McduDebugDraw.o rows=2 applied=2 no-prototype=0 not-in-a-function=0 refused=0 (GhidraScript)  
INFO  DumpDecomp.java> KARMAHDR: calling conventions {__cdecl=3, unknown=7} (GhidraScript)  
INFO  DumpDecomp.java> KARMAHDR: __regparm -> __cdecl on 7 function(s), 0 refused (GhidraScript)  
INFO  DumpDecomp.java> DONE McduDebugDraw.o (GhidraScript)  
INFO  ANALYZING changes made by post scripts: file:///home/ion/tools/karma-lab/allobj/McduDebugDraw.o?MD5=be8398fc6f9828d2eb67a3abd753a454 (HeadlessAnalyzer)  
INFO  REPORT: Post-analysis succeeded for file: file:///home/ion/tools/karma-lab/allobj/McduDebugDraw.o?MD5=be8398fc6f9828d2eb67a3abd753a454 (HeadlessAnalyzer)  
INFO  /allobj/McduDebugDraw.o: file created (ion) (LocalFileSystem)  
INFO  REPORT: Save succeeded for: /allobj/McduDebugDraw.o (Proj:/allobj/McduDebugDraw.o) (HeadlessAnalyzer)  
INFO  REPORT: Import succeeded (HeadlessAnalyzer)  
INFO  IMPORTING: file:///home/ion/tools/karma-lab/allobj/MeMessage.o?MD5=894b18bb91c628304eb0244fa68a227a (HeadlessAnalyzer)  
INFO  Using Loader: Executable and Linking Format (ELF) (ProgramLoader)  
INFO  Using Language/Compiler: x86:LE:32:default:gcc (ProgramLoader)  
INFO  Using Library Search Path: [., /bin, /lib, /lib64, /lib/x86_64-linux-gnu, /lib/aarch64-linux-gnu, /usr/bin, /usr/lib, /usr/X11R6/bin, /usr/X11R6/lib, /usr/java/packages/lib, /usr/lib/x86_64-linux-gnu/jni, /usr/lib/x86_64-linux-gnu, /usr/lib/jni] (ProgramLoader)  
INFO  Additional info:
Loading file:///home/ion/tools/karma-lab/allobj/MeMessage.o?MD5=894b18bb91c628304eb0244fa68a227a...
Skipping section [.bss] with invalid size 0x0
------------------------------------------------

 (ProgramLoader)  
INFO  IMPORTING: Loaded 0 additional files (HeadlessAnalyzer)  
INFO  REPORT: Execute script: ParseKarmaHeaders.java  (HeadlessAnalyzer)  
INFO  SCRIPT: /home/ion/tools/karma-lab/gscripts/ParseKarmaHeaders.java (HeadlessAnalyzer)  
INFO  ParseKarmaHeaders.java> KARMAOPT: KD_GHIDRA_OPTS not set, analyzer options untouched (GhidraScript)  
INFO  parse /home/ion/tools/karma-lab/kd_protos10.h (CParserUtils)  
INFO  ParseKarmaHeaders.java> KARMAHDR: parsed FunctionDefinitions=2700 (GhidraScript)  
INFO  ParseKarmaHeaders.java> KARMAHDR: signatures applied -- defined=24 imported=0 failed=0 (GhidraScript)  
INFO  ANALYZING all memory and code: file:///home/ion/tools/karma-lab/allobj/MeMessage.o?MD5=894b18bb91c628304eb0244fa68a227a (HeadlessAnalyzer)  
WARN  Mismatched DWARF Attribute and Form: DW_AT_macro_info->DW_FORM_data4 (DWARFAbbreviation)  
INFO  Added 139 source map entries (DWARFImporter)  
INFO  DWARF ver[2], 1 compUnits, 311 DIES, import - total elapsed: 10ms (DWARFImportSummary)  
INFO  DWARF data type import - elapsed: 2ms (DWARFImportSummary)  
INFO  DWARF func & symbol import - elapsed: 7ms (DWARFImportSummary)  
INFO  DWARF types imported: 28 (DWARFImportSummary)  
INFO  DWARF compile dirs: [/home/icculus/projects/UT2-Code/karma/MeGlobals/src] (DWARFImportSummary)  
INFO  DWARF producers: [GNU C 3.2.3 20030422 (Gentoo Linux 1.4 3.2.3-r4, propolice)] (DWARFImportSummary)  
INFO  DWARF source languages: [DW_LANG_C89] (DWARFImportSummary)  
INFO  DWARF compUnit: MeMessage.c (DWARFImportSummary)  
ERROR DWARF un-recoverable expressions: (DWARFImportSummary)  
ERROR   DW_OP_reg3 -> 3 (DWARFImportSummary)  
ERROR   DW_OP_reg0 -> 11 (DWARFImportSummary)  
ERROR   DW_OP_reg2 -> 10 (DWARFImportSummary)  
ERROR   DW_OP_reg6 -> 5 (DWARFImportSummary)  
INFO  Applied data type archive: generic_clib (ApplyDataArchiveAnalyzer)  
INFO  -----------------------------------------------------
    ASCII Strings                              0.000 secs
    Apply Data Archives                        0.060 secs
    Call Convention ID                         2.263 secs
    Call-Fixup Installer                       0.000 secs
    Create Address Tables                      0.001 secs
    Create Function                            0.000 secs
    DWARF                                      0.010 secs
    Data Reference                             0.000 secs
    Decompiler Switch Analysis                 0.000 secs
    Demangler GNU                              0.005 secs
    Disassemble Entry Points                   0.004 secs
    ELF Scalar Operand References              0.001 secs
    Embedded Media                             0.001 secs
    External Entry References                  0.000 secs
    Function ID                                0.003 secs
    Function Start Pre Search                  0.001 secs
    Function Start Search                      0.002 secs
    Function Start Search After Code           0.000 secs
    Function Start Search After Data           0.000 secs
    GCC Exception Handlers                     0.002 secs
    Non-Returning Functions - Discovered       0.000 secs
    Non-Returning Functions - Known            0.001 secs
    Reference                                  0.001 secs
    Shared Return Calls                        0.001 secs
    Stack                                      0.008 secs
    Subroutine References                      0.000 secs
    X86 Function Callee Purge                  0.001 secs
    x86 Constant Reference Analyzer            0.006 secs
-----------------------------------------------------
     Total Time   2 secs
-----------------------------------------------------
 (AutoAnalysisManager)  
INFO  REPORT: Analysis succeeded for file: file:///home/ion/tools/karma-lab/allobj/MeMessage.o?MD5=894b18bb91c628304eb0244fa68a227a (HeadlessAnalyzer)  
INFO  REPORT: Execute script: DumpDecomp.java  (HeadlessAnalyzer)  
INFO  SCRIPT: /home/ion/tools/karma-lab/gscripts/DumpDecomp.java (HeadlessAnalyzer)  
INFO  DumpDecomp.java> OVERRIDES applied: 0 (GhidraScript)  
INFO  DumpDecomp.java> VTABLE: MeMessage.o rows=0 applied=0 no-prototype=0 not-in-a-function=0 refused=0 (GhidraScript)  
INFO  DumpDecomp.java> KARMAHDR: calling conventions {__cdecl=16, unknown=14} (GhidraScript)  
INFO  DumpDecomp.java> KARMAHDR: __regparm -> __cdecl on 14 function(s), 0 refused (GhidraScript)  
INFO  DumpDecomp.java> DONE MeMessage.o (GhidraScript)  
INFO  ANALYZING changes made by post scripts: file:///home/ion/tools/karma-lab/allobj/MeMessage.o?MD5=894b18bb91c628304eb0244fa68a227a (HeadlessAnalyzer)  
INFO  REPORT: Post-analysis succeeded for file: file:///home/ion/tools/karma-lab/allobj/MeMessage.o?MD5=894b18bb91c628304eb0244fa68a227a (HeadlessAnalyzer)  
INFO  /allobj/MeMessage.o: file created (ion) (LocalFileSystem)  
INFO  REPORT: Save succeeded for: /allobj/MeMessage.o (Proj:/allobj/MeMessage.o) (HeadlessAnalyzer)  
INFO  REPORT: Import succeeded (HeadlessAnalyzer)  
INFO  IMPORTING: file:///home/ion/tools/karma-lab/allobj/MeXMLTree.o?MD5=9d86ad7b881c4c54d74a25f3fbdd0e4f (HeadlessAnalyzer)  
INFO  Using Loader: Executable and Linking Format (ELF) (ProgramLoader)  
INFO  Using Language/Compiler: x86:LE:32:default:gcc (ProgramLoader)  
INFO  Using Library Search Path: [., /bin, /lib, /lib64, /lib/x86_64-linux-gnu, /lib/aarch64-linux-gnu, /usr/bin, /usr/lib, /usr/X11R6/bin, /usr/X11R6/lib, /usr/java/packages/lib, /usr/lib/x86_64-linux-gnu/jni, /usr/lib/x86_64-linux-gnu, /usr/lib/jni] (ProgramLoader)  
ERROR EXTERNAL Data ELF Relocation with offset: at 0001009d (External Location = MeMemoryAPI+0xc) (ElfRelocationHandler)  
ERROR EXTERNAL Data ELF Relocation with offset: at 00010175 (External Location = MeMemoryAPI+0xc) (ElfRelocationHandler)  
ERROR EXTERNAL Data ELF Relocation with offset: at 0001019c (External Location = MeMemoryAPI+0xc) (ElfRelocationHandler)  
ERROR EXTERNAL Data ELF Relocation with offset: at 000102cd (External Location = MeMemoryAPI+0xc) (ElfRelocationHandler)  
ERROR EXTERNAL Data ELF Relocation with offset: at 000102da (External Location = MeMemoryAPI+0xc) (ElfRelocationHandler)  
ERROR EXTERNAL Data ELF Relocation with offset: at 000102e4 (External Location = MeMemoryAPI+0xc) (ElfRelocationHandler)  
ERROR EXTERNAL Data ELF Relocation with offset: at 000102f0 (External Location = MeMemoryAPI+0xc) (ElfRelocationHandler)  
ERROR EXTERNAL Data ELF Relocation with offset: at 00010311 (External Location = MeMemoryAPI+0xc) (ElfRelocationHandler)  
ERROR EXTERNAL Data ELF Relocation with offset: at 0001035c (External Location = MeMemoryAPI+0xc) (ElfRelocationHandler)  
ERROR EXTERNAL Data ELF Relocation with offset: at 00010369 (External Location = MeMemoryAPI+0xc) (ElfRelocationHandler)  
ERROR EXTERNAL Data ELF Relocation with offset: at 00010373 (External Location = MeMemoryAPI+0xc) (ElfRelocationHandler)  
ERROR EXTERNAL Data ELF Relocation with offset: at 0001037f (External Location = MeMemoryAPI+0xc) (ElfRelocationHandler)  
ERROR EXTERNAL Data ELF Relocation with offset: at 000103a0 (External Location = MeMemoryAPI+0xc) (ElfRelocationHandler)  
ERROR EXTERNAL Data ELF Relocation with offset: at 000103af (External Location = MeMemoryAPI+0xc) (ElfRelocationHandler)  
ERROR EXTERNAL Data ELF Relocation with offset: at 00010729 (External Location = MeMemoryAPI+0xc) (ElfRelocationHandler)  
INFO  Additional info:
Loading file:///home/ion/tools/karma-lab/allobj/MeXMLTree.o?MD5=9d86ad7b881c4c54d74a25f3fbdd0e4f...
Skipping section [.data] with invalid size 0x0
Skipping section [.bss] with invalid size 0x0
------------------------------------------------

 (ProgramLoader)  
INFO  IMPORTING: Loaded 0 additional files (HeadlessAnalyzer)  
INFO  REPORT: Execute script: ParseKarmaHeaders.java  (HeadlessAnalyzer)  
INFO  SCRIPT: /home/ion/tools/karma-lab/gscripts/ParseKarmaHeaders.java (HeadlessAnalyzer)  
INFO  ParseKarmaHeaders.java> KARMAOPT: KD_GHIDRA_OPTS not set, analyzer options untouched (GhidraScript)  
INFO  parse /home/ion/tools/karma-lab/kd_protos10.h (CParserUtils)  
INFO  ParseKarmaHeaders.java> KARMAHDR: parsed FunctionDefinitions=2700 (GhidraScript)  
INFO  ParseKarmaHeaders.java> KARMAHDR: signatures applied -- defined=14 imported=0 failed=0 (GhidraScript)  
INFO  ANALYZING all memory and code: file:///home/ion/tools/karma-lab/allobj/MeXMLTree.o?MD5=9d86ad7b881c4c54d74a25f3fbdd0e4f (HeadlessAnalyzer)  
WARN  Mismatched DWARF Attribute and Form: DW_AT_macro_info->DW_FORM_data4 (DWARFAbbreviation)  
INFO  Added 254 source map entries (DWARFImporter)  
INFO  DWARF ver[2], 1 compUnits, 389 DIES, import - total elapsed: 10ms (DWARFImportSummary)  
INFO  DWARF data type import - elapsed: 3ms (DWARFImportSummary)  
INFO  DWARF func & symbol import - elapsed: 5ms (DWARFImportSummary)  
INFO  DWARF types imported: 50 (DWARFImportSummary)  
INFO  DWARF compile dirs: [/home/icculus/projects/UT2-Code/karma/MeXML/src] (DWARFImportSummary)  
INFO  DWARF producers: [GNU C 3.2.3 20030422 (Gentoo Linux 1.4 3.2.3-r4, propolice)] (DWARFImportSummary)  
INFO  DWARF source languages: [DW_LANG_C89] (DWARFImportSummary)  
INFO  DWARF compUnit: MeXMLTree.c (DWARFImportSummary)  
ERROR DWARF un-recoverable expressions: (DWARFImportSummary)  
ERROR   DW_OP_reg3 -> 18 (DWARFImportSummary)  
ERROR   DW_OP_reg0 -> 17 (DWARFImportSummary)  
ERROR   DW_OP_reg2 -> 4 (DWARFImportSummary)  
ERROR   DW_OP_reg7 -> 7 (DWARFImportSummary)  
ERROR   DW_OP_reg6 -> 9 (DWARFImportSummary)  
INFO  Applied data type archive: generic_clib (ApplyDataArchiveAnalyzer)  
INFO  -----------------------------------------------------
    ASCII Strings                              0.000 secs
    Apply Data Archives                        0.041 secs
    Call Convention ID                         2.272 secs
    Call-Fixup Installer                       0.000 secs
    Create Address Tables                      0.001 secs
    Create Function                            0.001 secs
    DWARF                                      0.011 secs
    Data Reference                             0.000 secs
    Decompiler Switch Analysis                 0.000 secs
    Demangler GNU                              0.002 secs
    Disassemble Entry Points                   0.008 secs
    ELF Scalar Operand References              0.002 secs
    Embedded Media                             0.001 secs
    External Entry References                  0.000 secs
    Function ID                                0.004 secs
    Function Start Pre Search                  0.000 secs
    Function Start Search                      0.002 secs
    Function Start Search After Code           0.000 secs
    Function Start Search After Data           0.000 secs
    GCC Exception Handlers                     0.003 secs
    Non-Returning Functions - Discovered       0.001 secs
    Non-Returning Functions - Known            0.000 secs
    Reference                                  0.000 secs
    Shared Return Calls                        0.000 secs
    Stack                                      0.012 secs
    Subroutine References                      0.000 secs
    X86 Function Callee Purge                  0.001 secs
    x86 Constant Reference Analyzer            0.007 secs
-----------------------------------------------------
     Total Time   2 secs
-----------------------------------------------------
 (AutoAnalysisManager)  
INFO  REPORT: Analysis succeeded for file: file:///home/ion/tools/karma-lab/allobj/MeXMLTree.o?MD5=9d86ad7b881c4c54d74a25f3fbdd0e4f (HeadlessAnalyzer)  
INFO  REPORT: Execute script: DumpDecomp.java  (HeadlessAnalyzer)  
INFO  SCRIPT: /home/ion/tools/karma-lab/gscripts/DumpDecomp.java (HeadlessAnalyzer)  
INFO  DumpDecomp.java> OVERRIDES applied: 0 (GhidraScript)  
INFO  DumpDecomp.java> VTABLE: MeXMLTree.o rows=28 applied=28 no-prototype=0 not-in-a-function=0 refused=0 (GhidraScript)  
INFO  DumpDecomp.java> KARMAHDR: calling conventions {__cdecl=12, __regparm1=2, unknown=5} (GhidraScript)  
INFO  DumpDecomp.java> KARMAHDR: __regparm -> __cdecl on 7 function(s), 0 refused (GhidraScript)  
INFO  DumpDecomp.java> DONE MeXMLTree.o (GhidraScript)  
INFO  ANALYZING changes made by post scripts: file:///home/ion/tools/karma-lab/allobj/MeXMLTree.o?MD5=9d86ad7b881c4c54d74a25f3fbdd0e4f (HeadlessAnalyzer)  
INFO  REPORT: Post-analysis succeeded for file: file:///home/ion/tools/karma-lab/allobj/MeXMLTree.o?MD5=9d86ad7b881c4c54d74a25f3fbdd0e4f (HeadlessAnalyzer)  
INFO  /allobj/MeXMLTree.o: file created (ion) (LocalFileSystem)  
INFO  REPORT: Save succeeded for: /allobj/MeXMLTree.o (Proj:/allobj/MeXMLTree.o) (HeadlessAnalyzer)  
INFO  REPORT: Import succeeded (HeadlessAnalyzer)  
INFO  IMPORTING: file:///home/ion/tools/karma-lab/allobj/IxCylinderTriList.o?MD5=6fa88a6e83cbf2554253a54d3bc6ad9d (HeadlessAnalyzer)  
INFO  Using Loader: Executable and Linking Format (ELF) (ProgramLoader)  
INFO  Using Language/Compiler: x86:LE:32:default:gcc (ProgramLoader)  
INFO  Using Library Search Path: [., /bin, /lib, /lib64, /lib/x86_64-linux-gnu, /lib/aarch64-linux-gnu, /usr/bin, /usr/lib, /usr/X11R6/bin, /usr/X11R6/lib, /usr/java/packages/lib, /usr/lib/x86_64-linux-gnu/jni, /usr/lib/x86_64-linux-gnu, /usr/lib/jni] (ProgramLoader)  
INFO  Additional info:
Loading file:///home/ion/tools/karma-lab/allobj/IxCylinderTriList.o?MD5=6fa88a6e83cbf2554253a54d3bc6ad9d...
Skipping section [.data] with invalid size 0x0
Skipping section [.bss] with invalid size 0x0
------------------------------------------------

 (ProgramLoader)  
INFO  IMPORTING: Loaded 0 additional files (HeadlessAnalyzer)  
INFO  REPORT: Execute script: ParseKarmaHeaders.java  (HeadlessAnalyzer)  
INFO  SCRIPT: /home/ion/tools/karma-lab/gscripts/ParseKarmaHeaders.java (HeadlessAnalyzer)  
INFO  ParseKarmaHeaders.java> KARMAOPT: KD_GHIDRA_OPTS not set, analyzer options untouched (GhidraScript)  
INFO  parse /home/ion/tools/karma-lab/kd_protos10.h (CParserUtils)  
INFO  ParseKarmaHeaders.java> KARMAHDR: parsed FunctionDefinitions=2700 (GhidraScript)  
INFO  ParseKarmaHeaders.java> KARMAHDR: signatures applied -- defined=9 imported=7 failed=0 (GhidraScript)  
INFO  ANALYZING all memory and code: file:///home/ion/tools/karma-lab/allobj/IxCylinderTriList.o?MD5=6fa88a6e83cbf2554253a54d3bc6ad9d (HeadlessAnalyzer)  
WARN  Mismatched DWARF Attribute and Form: DW_AT_macro_info->DW_FORM_data4 (DWARFAbbreviation)  
INFO  Added 639 source map entries (DWARFImporter)  
INFO  DWARF ver[2], 1 compUnits, 4047 DIES, import - total elapsed: 28ms (DWARFImportSummary)  
INFO  DWARF data type import - elapsed: 13ms (DWARFImportSummary)  
INFO  DWARF func & symbol import - elapsed: 7ms (DWARFImportSummary)  
INFO  DWARF types imported: 192 (DWARFImportSummary)  
INFO  DWARF compile dirs: [/home/icculus/projects/UT2-Code/karma/Mcd/src/primitives] (DWARFImportSummary)  
INFO  DWARF producers: [GNU C++ 3.2.3 20030422 (Gentoo Linux 1.4 3.2.3-r4, propolice)] (DWARFImportSummary)  
INFO  DWARF source languages: [DW_LANG_C_plus_plus] (DWARFImportSummary)  
INFO  DWARF compUnit: IxCylinderTriList.cpp (DWARFImportSummary)  
ERROR DWARF un-recoverable expressions: (DWARFImportSummary)  
ERROR   DW_OP_reg12 -> 6 (DWARFImportSummary)  
ERROR   DW_OP_reg11 -> 8 (DWARFImportSummary)  
ERROR   DW_OP_reg1 -> 4 (DWARFImportSummary)  
ERROR   DW_OP_reg2 -> 4 (DWARFImportSummary)  
ERROR   DW_OP_reg14 -> 10 (DWARFImportSummary)  
ERROR   DW_OP_reg7 -> 5 (DWARFImportSummary)  
ERROR   DW_OP_reg15 -> 4 (DWARFImportSummary)  
ERROR   DW_OP_reg13 -> 7 (DWARFImportSummary)  
ERROR   DW_OP_reg3 -> 4 (DWARFImportSummary)  
ERROR   DW_OP_reg0 -> 1 (DWARFImportSummary)  
ERROR   DW_OP_reg18 -> 1 (DWARFImportSummary)  
ERROR   DW_OP_reg16 -> 4 (DWARFImportSummary)  
ERROR   DW_OP_reg17 -> 1 (DWARFImportSummary)  
ERROR   DW_OP_reg6 -> 3 (DWARFImportSummary)  
INFO  Applied data type archive: generic_clib (ApplyDataArchiveAnalyzer)  
INFO  -----------------------------------------------------
    ASCII Strings                              0.000 secs
    Apply Data Archives                        0.074 secs
    Call Convention ID                         0.870 secs
    Call-Fixup Installer                       0.000 secs
    Create Address Tables                      0.002 secs
    Create Function                            0.000 secs
    DWARF                                      0.033 secs
    Data Reference                             0.001 secs
    Decompiler Switch Analysis                 0.001 secs
    Demangler GNU                              0.002 secs
    Disassemble Entry Points                   0.018 secs
    ELF Scalar Operand References              0.016 secs
    Embedded Media                             0.001 secs
    External Entry References                  0.000 secs
    Function ID                                0.005 secs
    Function Start Pre Search                  0.001 secs
    Function Start Search                      0.002 secs
    Function Start Search After Code           0.000 secs
    Function Start Search After Data           0.000 secs
    GCC Exception Handlers                     0.002 secs
    Non-Returning Functions - Discovered       0.000 secs
    Non-Returning Functions - Known            0.000 secs
    Reference                                  0.000 secs
    Shared Return Calls                        0.001 secs
    Stack                                      0.053 secs
    Subroutine References                      0.000 secs
    X86 Function Callee Purge                  0.001 secs
    x86 Constant Reference Analyzer            0.023 secs
-----------------------------------------------------
     Total Time   1 secs
-----------------------------------------------------
 (AutoAnalysisManager)  
INFO  REPORT: Analysis succeeded for file: file:///home/ion/tools/karma-lab/allobj/IxCylinderTriList.o?MD5=6fa88a6e83cbf2554253a54d3bc6ad9d (HeadlessAnalyzer)  
INFO  REPORT: Execute script: DumpDecomp.java  (HeadlessAnalyzer)  
INFO  SCRIPT: /home/ion/tools/karma-lab/gscripts/DumpDecomp.java (HeadlessAnalyzer)  
INFO  DumpDecomp.java> OVERRIDES applied: 1 (GhidraScript)  
INFO  DumpDecomp.java> VTABLE: IxCylinderTriList.o rows=0 applied=0 no-prototype=0 not-in-a-function=0 refused=0 (GhidraScript)  
INFO  DumpDecomp.java> KARMAHDR: calling conventions {__cdecl=5, unknown=8} (GhidraScript)  
INFO  DumpDecomp.java> KARMAHDR: __regparm -> __cdecl on 8 function(s), 0 refused (GhidraScript)  
INFO  DumpDecomp.java> DONE IxCylinderTriList.o (GhidraScript)  
INFO  ANALYZING changes made by post scripts: file:///home/ion/tools/karma-lab/allobj/IxCylinderTriList.o?MD5=6fa88a6e83cbf2554253a54d3bc6ad9d (HeadlessAnalyzer)  
INFO  REPORT: Post-analysis succeeded for file: file:///home/ion/tools/karma-lab/allobj/IxCylinderTriList.o?MD5=6fa88a6e83cbf2554253a54d3bc6ad9d (HeadlessAnalyzer)  
INFO  /allobj/IxCylinderTriList.o: file created (ion) (LocalFileSystem)  
INFO  REPORT: Save succeeded for: /allobj/IxCylinderTriList.o (Proj:/allobj/IxCylinderTriList.o) (HeadlessAnalyzer)  
INFO  REPORT: Import succeeded (HeadlessAnalyzer)  
INFO  IMPORTING: file:///home/ion/tools/karma-lab/allobj/MeMemoryCpp.o?MD5=b52d7cfc15edf8164dabcf5daa06c4a5 (HeadlessAnalyzer)  
INFO  Using Loader: Executable and Linking Format (ELF) (ProgramLoader)  
INFO  Using Language/Compiler: x86:LE:32:default:gcc (ProgramLoader)  
INFO  Using Library Search Path: [., /bin, /lib, /lib64, /lib/x86_64-linux-gnu, /lib/aarch64-linux-gnu, /usr/bin, /usr/lib, /usr/X11R6/bin, /usr/X11R6/lib, /usr/java/packages/lib, /usr/lib/x86_64-linux-gnu/jni, /usr/lib/x86_64-linux-gnu, /usr/lib/jni] (ProgramLoader)  
INFO  Additional info:
Loading file:///home/ion/tools/karma-lab/allobj/MeMemoryCpp.o?MD5=b52d7cfc15edf8164dabcf5daa06c4a5...
Skipping section [.text] with invalid size 0x0
Skipping section [.data] with invalid size 0x0
Skipping section [.bss] with invalid size 0x0
------------------------------------------------

 (ProgramLoader)  
INFO  IMPORTING: Loaded 0 additional files (HeadlessAnalyzer)  
INFO  REPORT: Execute script: ParseKarmaHeaders.java  (HeadlessAnalyzer)  
INFO  SCRIPT: /home/ion/tools/karma-lab/gscripts/ParseKarmaHeaders.java (HeadlessAnalyzer)  
INFO  ParseKarmaHeaders.java> KARMAOPT: KD_GHIDRA_OPTS not set, analyzer options untouched (GhidraScript)  
INFO  parse /home/ion/tools/karma-lab/kd_protos10.h (CParserUtils)  
INFO  ParseKarmaHeaders.java> KARMAHDR: parsed FunctionDefinitions=2700 (GhidraScript)  
INFO  ParseKarmaHeaders.java> KARMAHDR: signatures applied -- defined=0 imported=0 failed=0 (GhidraScript)  
INFO  ANALYZING all memory and code: file:///home/ion/tools/karma-lab/allobj/MeMemoryCpp.o?MD5=b52d7cfc15edf8164dabcf5daa06c4a5 (HeadlessAnalyzer)  
WARN  Mismatched DWARF Attribute and Form: DW_AT_macro_info->DW_FORM_data4 (DWARFAbbreviation)  
INFO  Added 0 source map entries (DWARFImporter)  
INFO  DWARF ver[2], 1 compUnits, 14 DIES, import - total elapsed: 1ms (DWARFImportSummary)  
INFO  DWARF data type import - elapsed: 1ms (DWARFImportSummary)  
INFO  DWARF types imported: 6 (DWARFImportSummary)  
INFO  DWARF compile dirs: [/home/icculus/projects/UT2-Code/karma/MeGlobals/src] (DWARFImportSummary)  
INFO  DWARF producers: [GNU C++ 3.2.3 20030422 (Gentoo Linux 1.4 3.2.3-r4, propolice)] (DWARFImportSummary)  
INFO  DWARF source languages: [DW_LANG_C_plus_plus] (DWARFImportSummary)  
INFO  DWARF compUnit: MeMemoryCpp.cpp (DWARFImportSummary)  
INFO  Applied data type archive: generic_clib (ApplyDataArchiveAnalyzer)  
INFO  REPORT: Analysis succeeded for file: file:///home/ion/tools/karma-lab/allobj/MeMemoryCpp.o?MD5=b52d7cfc15edf8164dabcf5daa06c4a5 (HeadlessAnalyzer)  
INFO  REPORT: Execute script: DumpDecomp.java  (HeadlessAnalyzer)  
INFO  SCRIPT: /home/ion/tools/karma-lab/gscripts/DumpDecomp.java (HeadlessAnalyzer)  
INFO  DumpDecomp.java> OVERRIDES applied: 0 (GhidraScript)  
INFO  DumpDecomp.java> VTABLE: MeMemoryCpp.o rows=0 applied=0 no-prototype=0 not-in-a-function=0 refused=0 (GhidraScript)  
INFO  DumpDecomp.java> KARMAHDR: calling conventions {} (GhidraScript)  
INFO  DumpDecomp.java> KARMAHDR: __regparm -> __cdecl on 0 function(s), 0 refused (GhidraScript)  
INFO  DumpDecomp.java> DONE MeMemoryCpp.o (GhidraScript)  
INFO  ANALYZING changes made by post scripts: file:///home/ion/tools/karma-lab/allobj/MeMemoryCpp.o?MD5=b52d7cfc15edf8164dabcf5daa06c4a5 (HeadlessAnalyzer)  
INFO  REPORT: Post-analysis succeeded for file: file:///home/ion/tools/karma-lab/allobj/MeMemoryCpp.o?MD5=b52d7cfc15edf8164dabcf5daa06c4a5 (HeadlessAnalyzer)  
INFO  /allobj/MeMemoryCpp.o: file created (ion) (LocalFileSystem)  
INFO  REPORT: Save succeeded for: /allobj/MeMemoryCpp.o (Proj:/allobj/MeMemoryCpp.o) (HeadlessAnalyzer)  
INFO  REPORT: Import succeeded (HeadlessAnalyzer)  
INFO  IMPORTING: file:///home/ion/tools/karma-lab/allobj/MdtConeLimit.o?MD5=1f164d8e1fe61aac0cea382ea19bbd8e (HeadlessAnalyzer)  
INFO  Using Loader: Executable and Linking Format (ELF) (ProgramLoader)  
INFO  Using Language/Compiler: x86:LE:32:default:gcc (ProgramLoader)  
INFO  Using Library Search Path: [., /bin, /lib, /lib64, /lib/x86_64-linux-gnu, /lib/aarch64-linux-gnu, /usr/bin, /usr/lib, /usr/X11R6/bin, /usr/X11R6/lib, /usr/java/packages/lib, /usr/lib/x86_64-linux-gnu/jni, /usr/lib/x86_64-linux-gnu, /usr/lib/jni] (ProgramLoader)  
INFO  Additional info:
Loading file:///home/ion/tools/karma-lab/allobj/MdtConeLimit.o?MD5=1f164d8e1fe61aac0cea382ea19bbd8e...
Skipping section [.data] with invalid size 0x0
Skipping section [.bss] with invalid size 0x0
------------------------------------------------

 (ProgramLoader)  
INFO  IMPORTING: Loaded 0 additional files (HeadlessAnalyzer)  
INFO  REPORT: Execute script: ParseKarmaHeaders.java  (HeadlessAnalyzer)  
INFO  SCRIPT: /home/ion/tools/karma-lab/gscripts/ParseKarmaHeaders.java (HeadlessAnalyzer)  
INFO  ParseKarmaHeaders.java> KARMAOPT: KD_GHIDRA_OPTS not set, analyzer options untouched (GhidraScript)  
INFO  parse /home/ion/tools/karma-lab/kd_protos10.h (CParserUtils)  
INFO  ParseKarmaHeaders.java> KARMAHDR: parsed FunctionDefinitions=2700 (GhidraScript)  
INFO  ParseKarmaHeaders.java> KARMAHDR: signatures applied -- defined=17 imported=7 failed=0 (GhidraScript)  
INFO  ANALYZING all memory and code: file:///home/ion/tools/karma-lab/allobj/MdtConeLimit.o?MD5=1f164d8e1fe61aac0cea382ea19bbd8e (HeadlessAnalyzer)  
WARN  Mismatched DWARF Attribute and Form: DW_AT_macro_info->DW_FORM_data4 (DWARFAbbreviation)  
INFO  Added 57 source map entries (DWARFImporter)  
INFO  DWARF ver[2], 1 compUnits, 567 DIES, import - total elapsed: 17ms (DWARFImportSummary)  
INFO  DWARF data type import - elapsed: 11ms (DWARFImportSummary)  
INFO  DWARF func & symbol import - elapsed: 3ms (DWARFImportSummary)  
INFO  DWARF types imported: 123 (DWARFImportSummary)  
INFO  DWARF compile dirs: [/home/icculus/projects/UT2-Code/karma/Mdt/src] (DWARFImportSummary)  
INFO  DWARF producers: [GNU C 3.2.3 20030422 (Gentoo Linux 1.4 3.2.3-r4, propolice)] (DWARFImportSummary)  
INFO  DWARF source languages: [DW_LANG_C89] (DWARFImportSummary)  
INFO  DWARF compUnit: MdtConeLimit.c (DWARFImportSummary)  
ERROR DWARF un-recoverable expressions: (DWARFImportSummary)  
ERROR   DW_OP_reg11 -> 2 (DWARFImportSummary)  
ERROR   DW_OP_reg3 -> 2 (DWARFImportSummary)  
ERROR   DW_OP_reg0 -> 7 (DWARFImportSummary)  
ERROR   DW_OP_reg2 -> 3 (DWARFImportSummary)  
INFO  Applied data type archive: generic_clib (ApplyDataArchiveAnalyzer)  
INFO  -----------------------------------------------------
    ASCII Strings                              0.000 secs
    Apply Data Archives                        0.044 secs
    Call Convention ID                         2.038 secs
    Call-Fixup Installer                       0.001 secs
    Create Address Tables                      0.000 secs
    Create Function                            0.000 secs
    DWARF                                      0.018 secs
    Data Reference                             0.001 secs
    Decompiler Switch Analysis                 0.000 secs
    Demangler GNU                              0.002 secs
    Disassemble Entry Points                   0.002 secs
    ELF Scalar Operand References              0.001 secs
    Embedded Media                             0.000 secs
    External Entry References                  0.000 secs
    Function ID                                0.001 secs
    Function Start Pre Search                  0.001 secs
    Function Start Search                      0.002 secs
    Function Start Search After Code           0.000 secs
    Function Start Search After Data           0.000 secs
    GCC Exception Handlers                     0.001 secs
    Non-Returning Functions - Discovered       0.000 secs
    Non-Returning Functions - Known            0.000 secs
    Reference                                  0.000 secs
    Shared Return Calls                        0.000 secs
    Stack                                      0.003 secs
    Subroutine References                      0.000 secs
    X86 Function Callee Purge                  0.000 secs
    x86 Constant Reference Analyzer            0.002 secs
-----------------------------------------------------
     Total Time   2 secs
-----------------------------------------------------
 (AutoAnalysisManager)  
INFO  REPORT: Analysis succeeded for file: file:///home/ion/tools/karma-lab/allobj/MdtConeLimit.o?MD5=1f164d8e1fe61aac0cea382ea19bbd8e (HeadlessAnalyzer)  
INFO  REPORT: Execute script: DumpDecomp.java  (HeadlessAnalyzer)  
INFO  SCRIPT: /home/ion/tools/karma-lab/gscripts/DumpDecomp.java (HeadlessAnalyzer)  
INFO  DumpDecomp.java> OVERRIDES applied: 0 (GhidraScript)  
INFO  DumpDecomp.java> VTABLE: MdtConeLimit.o rows=0 applied=0 no-prototype=0 not-in-a-function=0 refused=0 (GhidraScript)  
INFO  DumpDecomp.java> KARMAHDR: calling conventions {__cdecl=9, unknown=8} (GhidraScript)  
INFO  DumpDecomp.java> KARMAHDR: __regparm -> __cdecl on 8 function(s), 0 refused (GhidraScript)  
INFO  DumpDecomp.java> DONE MdtConeLimit.o (GhidraScript)  
INFO  ANALYZING changes made by post scripts: file:///home/ion/tools/karma-lab/allobj/MdtConeLimit.o?MD5=1f164d8e1fe61aac0cea382ea19bbd8e (HeadlessAnalyzer)  
INFO  REPORT: Post-analysis succeeded for file: file:///home/ion/tools/karma-lab/allobj/MdtConeLimit.o?MD5=1f164d8e1fe61aac0cea382ea19bbd8e (HeadlessAnalyzer)  
INFO  /allobj/MdtConeLimit.o: file created (ion) (LocalFileSystem)  
INFO  REPORT: Save succeeded for: /allobj/MdtConeLimit.o (Proj:/allobj/MdtConeLimit.o) (HeadlessAnalyzer)  
INFO  REPORT: Import succeeded (HeadlessAnalyzer)  
INFO  IMPORTING: file:///home/ion/tools/karma-lab/allobj/McdPlane.o?MD5=b97aad8f12c60aca66aff7655eb87da8 (HeadlessAnalyzer)  
INFO  Using Loader: Executable and Linking Format (ELF) (ProgramLoader)  
INFO  Using Language/Compiler: x86:LE:32:default:gcc (ProgramLoader)  
INFO  Using Library Search Path: [., /bin, /lib, /lib64, /lib/x86_64-linux-gnu, /lib/aarch64-linux-gnu, /usr/bin, /usr/lib, /usr/X11R6/bin, /usr/X11R6/lib, /usr/java/packages/lib, /usr/lib/x86_64-linux-gnu/jni, /usr/lib/x86_64-linux-gnu, /usr/lib/jni] (ProgramLoader)  
ERROR EXTERNAL Data ELF Relocation with offset: at 0001005d (External Location = MeMemoryAPI+0x8) (ElfRelocationHandler)  
INFO  Additional info:
Loading file:///home/ion/tools/karma-lab/allobj/McdPlane.o?MD5=b97aad8f12c60aca66aff7655eb87da8...
Skipping section [.bss] with invalid size 0x0
------------------------------------------------

 (ProgramLoader)  
INFO  IMPORTING: Loaded 0 additional files (HeadlessAnalyzer)  
INFO  REPORT: Execute script: ParseKarmaHeaders.java  (HeadlessAnalyzer)  
INFO  SCRIPT: /home/ion/tools/karma-lab/gscripts/ParseKarmaHeaders.java (HeadlessAnalyzer)  
INFO  ParseKarmaHeaders.java> KARMAOPT: KD_GHIDRA_OPTS not set, analyzer options untouched (GhidraScript)  
INFO  parse /home/ion/tools/karma-lab/kd_protos10.h (CParserUtils)  
INFO  ParseKarmaHeaders.java> KARMAHDR: parsed FunctionDefinitions=2700 (GhidraScript)  
INFO  ParseKarmaHeaders.java> KARMAHDR: signatures applied -- defined=16 imported=5 failed=0 (GhidraScript)  
INFO  ANALYZING all memory and code: file:///home/ion/tools/karma-lab/allobj/McdPlane.o?MD5=b97aad8f12c60aca66aff7655eb87da8 (HeadlessAnalyzer)  
WARN  Mismatched DWARF Attribute and Form: DW_AT_macro_info->DW_FORM_data4 (DWARFAbbreviation)  
INFO  Added 136 source map entries (DWARFImporter)  
INFO  DWARF ver[2], 1 compUnits, 1384 DIES, import - total elapsed: 30ms (DWARFImportSummary)  
INFO  DWARF data type import - elapsed: 19ms (DWARFImportSummary)  
INFO  DWARF func & symbol import - elapsed: 5ms (DWARFImportSummary)  
INFO  DWARF types imported: 186 (DWARFImportSummary)  
INFO  DWARF compile dirs: [/home/icculus/projects/UT2-Code/karma/Mcd/src/primitives] (DWARFImportSummary)  
INFO  DWARF producers: [GNU C++ 3.2.3 20030422 (Gentoo Linux 1.4 3.2.3-r4, propolice)] (DWARFImportSummary)  
INFO  DWARF source languages: [DW_LANG_C_plus_plus] (DWARFImportSummary)  
INFO  DWARF compUnit: McdPlane.cpp (DWARFImportSummary)  
ERROR DWARF un-recoverable expressions: (DWARFImportSummary)  
ERROR   DW_OP_reg3 -> 3 (DWARFImportSummary)  
ERROR   DW_OP_reg1 -> 1 (DWARFImportSummary)  
ERROR   DW_OP_reg0 -> 3 (DWARFImportSummary)  
ERROR   DW_OP_reg2 -> 5 (DWARFImportSummary)  
ERROR   DW_OP_reg7 -> 1 (DWARFImportSummary)  
ERROR   DW_OP_reg6 -> 3 (DWARFImportSummary)  
INFO  Applied data type archive: generic_clib (ApplyDataArchiveAnalyzer)  
INFO  -----------------------------------------------------
    ASCII Strings                              0.001 secs
    Apply Data Archives                        0.078 secs
    Call Convention ID                         1.141 secs
    Call-Fixup Installer                       0.001 secs
    Create Address Tables                      0.000 secs
    Create Function                            0.000 secs
    DWARF                                      0.032 secs
    Data Reference                             0.000 secs
    Decompiler Switch Analysis                 0.001 secs
    Demangler GNU                              0.003 secs
    Disassemble Entry Points                   0.006 secs
    ELF Scalar Operand References              0.003 secs
    Embedded Media                             0.000 secs
    External Entry References                  0.000 secs
    Function ID                                0.003 secs
    Function Start Pre Search                  0.001 secs
    Function Start Search                      0.002 secs
    Function Start Search After Code           0.000 secs
    Function Start Search After Data           0.000 secs
    GCC Exception Handlers                     0.003 secs
    Non-Returning Functions - Discovered       0.000 secs
    Non-Returning Functions - Known            0.001 secs
    Reference                                  0.001 secs
    Shared Return Calls                        0.000 secs
    Stack                                      0.008 secs
    Subroutine References                      0.000 secs
    X86 Function Callee Purge                  0.000 secs
    x86 Constant Reference Analyzer            0.006 secs
-----------------------------------------------------
     Total Time   1 secs
-----------------------------------------------------
 (AutoAnalysisManager)  
INFO  REPORT: Analysis succeeded for file: file:///home/ion/tools/karma-lab/allobj/McdPlane.o?MD5=b97aad8f12c60aca66aff7655eb87da8 (HeadlessAnalyzer)  
INFO  REPORT: Execute script: DumpDecomp.java  (HeadlessAnalyzer)  
INFO  SCRIPT: /home/ion/tools/karma-lab/gscripts/DumpDecomp.java (HeadlessAnalyzer)  
INFO  DumpDecomp.java> OVERRIDES applied: 0 (GhidraScript)  
INFO  DumpDecomp.java> VTABLE: McdPlane.o rows=1 applied=1 no-prototype=0 not-in-a-function=0 refused=0 (GhidraScript)  
INFO  DumpDecomp.java> KARMAHDR: calling conventions {__cdecl=6, unknown=10} (GhidraScript)  
INFO  DumpDecomp.java> KARMAHDR: __regparm -> __cdecl on 10 function(s), 0 refused (GhidraScript)  
INFO  DumpDecomp.java> DONE McdPlane.o (GhidraScript)  
INFO  ANALYZING changes made by post scripts: file:///home/ion/tools/karma-lab/allobj/McdPlane.o?MD5=b97aad8f12c60aca66aff7655eb87da8 (HeadlessAnalyzer)  
INFO  REPORT: Post-analysis succeeded for file: file:///home/ion/tools/karma-lab/allobj/McdPlane.o?MD5=b97aad8f12c60aca66aff7655eb87da8 (HeadlessAnalyzer)  
INFO  /allobj/McdPlane.o: file created (ion) (LocalFileSystem)  
INFO  REPORT: Save succeeded for: /allobj/McdPlane.o (Proj:/allobj/McdPlane.o) (HeadlessAnalyzer)  
INFO  REPORT: Import succeeded (HeadlessAnalyzer)  
INFO  IMPORTING: file:///home/ion/tools/karma-lab/allobj/keaStuff.o?MD5=14405e7e3995aab9ea9ce9397997aee6 (HeadlessAnalyzer)  
INFO  Using Loader: Executable and Linking Format (ELF) (ProgramLoader)  
INFO  Using Language/Compiler: x86:LE:32:default:gcc (ProgramLoader)  
INFO  Using Library Search Path: [., /bin, /lib, /lib64, /lib/x86_64-linux-gnu, /lib/aarch64-linux-gnu, /usr/bin, /usr/lib, /usr/X11R6/bin, /usr/X11R6/lib, /usr/java/packages/lib, /usr/lib/x86_64-linux-gnu/jni, /usr/lib/x86_64-linux-gnu, /usr/lib/jni] (ProgramLoader)  
INFO  Additional info:
Loading file:///home/ion/tools/karma-lab/allobj/keaStuff.o?MD5=14405e7e3995aab9ea9ce9397997aee6...
Skipping section [.text] with invalid size 0x0
Skipping section [.data] with invalid size 0x0
Skipping section [.bss] with invalid size 0x0
------------------------------------------------

 (ProgramLoader)  
INFO  IMPORTING: Loaded 0 additional files (HeadlessAnalyzer)  
INFO  REPORT: Execute script: ParseKarmaHeaders.java  (HeadlessAnalyzer)  
INFO  SCRIPT: /home/ion/tools/karma-lab/gscripts/ParseKarmaHeaders.java (HeadlessAnalyzer)  
INFO  ParseKarmaHeaders.java> KARMAOPT: KD_GHIDRA_OPTS not set, analyzer options untouched (GhidraScript)  
INFO  parse /home/ion/tools/karma-lab/kd_protos10.h (CParserUtils)  
INFO  ParseKarmaHeaders.java> KARMAHDR: parsed FunctionDefinitions=2700 (GhidraScript)  
INFO  ParseKarmaHeaders.java> KARMAHDR: signatures applied -- defined=0 imported=0 failed=0 (GhidraScript)  
INFO  ANALYZING all memory and code: file:///home/ion/tools/karma-lab/allobj/keaStuff.o?MD5=14405e7e3995aab9ea9ce9397997aee6 (HeadlessAnalyzer)  
WARN  Mismatched DWARF Attribute and Form: DW_AT_macro_info->DW_FORM_data4 (DWARFAbbreviation)  
INFO  Added 0 source map entries (DWARFImporter)  
INFO  DWARF ver[2], 1 compUnits, 2 DIES, import - total elapsed: 1ms (DWARFImportSummary)  
INFO  DWARF data type import - elapsed: 1ms (DWARFImportSummary)  
INFO  DWARF types imported: 1 (DWARFImportSummary)  
INFO  DWARF compile dirs: [/home/icculus/projects/UT2-Code/karma/MdtKea/src] (DWARFImportSummary)  
INFO  DWARF producers: [GNU C++ 3.2.3 20030422 (Gentoo Linux 1.4 3.2.3-r4, propolice)] (DWARFImportSummary)  
INFO  DWARF source languages: [DW_LANG_C_plus_plus] (DWARFImportSummary)  
INFO  DWARF compUnit: keaStuff.cpp (DWARFImportSummary)  
INFO  Applied data type archive: generic_clib (ApplyDataArchiveAnalyzer)  
INFO  REPORT: Analysis succeeded for file: file:///home/ion/tools/karma-lab/allobj/keaStuff.o?MD5=14405e7e3995aab9ea9ce9397997aee6 (HeadlessAnalyzer)  
INFO  REPORT: Execute script: DumpDecomp.java  (HeadlessAnalyzer)  
INFO  SCRIPT: /home/ion/tools/karma-lab/gscripts/DumpDecomp.java (HeadlessAnalyzer)  
INFO  DumpDecomp.java> OVERRIDES applied: 0 (GhidraScript)  
INFO  DumpDecomp.java> VTABLE: keaStuff.o rows=0 applied=0 no-prototype=0 not-in-a-function=0 refused=0 (GhidraScript)  
INFO  DumpDecomp.java> KARMAHDR: calling conventions {} (GhidraScript)  
INFO  DumpDecomp.java> KARMAHDR: __regparm -> __cdecl on 0 function(s), 0 refused (GhidraScript)  
INFO  DumpDecomp.java> DONE keaStuff.o (GhidraScript)  
INFO  ANALYZING changes made by post scripts: file:///home/ion/tools/karma-lab/allobj/keaStuff.o?MD5=14405e7e3995aab9ea9ce9397997aee6 (HeadlessAnalyzer)  
INFO  REPORT: Post-analysis succeeded for file: file:///home/ion/tools/karma-lab/allobj/keaStuff.o?MD5=14405e7e3995aab9ea9ce9397997aee6 (HeadlessAnalyzer)  
INFO  /allobj/keaStuff.o: file created (ion) (LocalFileSystem)  
INFO  REPORT: Save succeeded for: /allobj/keaStuff.o (Proj:/allobj/keaStuff.o) (HeadlessAnalyzer)  
INFO  REPORT: Import succeeded (HeadlessAnalyzer)  
INFO  IMPORTING: file:///home/ion/tools/karma-lab/allobj/MeAssetFactoryCreateFuncs.o?MD5=b31428933ad8a62fa773f7d597d463cc (HeadlessAnalyzer)  
INFO  Using Loader: Executable and Linking Format (ELF) (ProgramLoader)  
INFO  Using Language/Compiler: x86:LE:32:default:gcc (ProgramLoader)  
INFO  Using Library Search Path: [., /bin, /lib, /lib64, /lib/x86_64-linux-gnu, /lib/aarch64-linux-gnu, /usr/bin, /usr/lib, /usr/X11R6/bin, /usr/X11R6/lib, /usr/java/packages/lib, /usr/lib/x86_64-linux-gnu/jni, /usr/lib/x86_64-linux-gnu, /usr/lib/jni] (ProgramLoader)  
ERROR EXTERNAL Data ELF Relocation with offset: at 00010456 (External Location = MeMemoryAPI+0x8) (ElfRelocationHandler)  
INFO  Additional info:
Loading file:///home/ion/tools/karma-lab/allobj/MeAssetFactoryCreateFuncs.o?MD5=b31428933ad8a62fa773f7d597d463cc...
Skipping section [.data] with invalid size 0x0
Skipping section [.bss] with invalid size 0x0
------------------------------------------------

 (ProgramLoader)  
INFO  IMPORTING: Loaded 0 additional files (HeadlessAnalyzer)  
INFO  REPORT: Execute script: ParseKarmaHeaders.java  (HeadlessAnalyzer)  
INFO  SCRIPT: /home/ion/tools/karma-lab/gscripts/ParseKarmaHeaders.java (HeadlessAnalyzer)  
INFO  ParseKarmaHeaders.java> KARMAOPT: KD_GHIDRA_OPTS not set, analyzer options untouched (GhidraScript)  
INFO  parse /home/ion/tools/karma-lab/kd_protos10.h (CParserUtils)  
INFO  ParseKarmaHeaders.java> KARMAHDR: parsed FunctionDefinitions=2700 (GhidraScript)  
INFO  ParseKarmaHeaders.java> KARMAHDR: signatures applied -- defined=105 imported=103 failed=0 (GhidraScript)  
INFO  ANALYZING all memory and code: file:///home/ion/tools/karma-lab/allobj/MeAssetFactoryCreateFuncs.o?MD5=b31428933ad8a62fa773f7d597d463cc (HeadlessAnalyzer)  
WARN  Mismatched DWARF Attribute and Form: DW_AT_macro_info->DW_FORM_data4 (DWARFAbbreviation)  
INFO  Added 498 source map entries (DWARFImporter)  
INFO  DWARF ver[2], 1 compUnits, 1483 DIES, import - total elapsed: 41ms (DWARFImportSummary)  
INFO  DWARF data type import - elapsed: 22ms (DWARFImportSummary)  
INFO  DWARF func & symbol import - elapsed: 3ms (DWARFImportSummary)  
INFO  DWARF types imported: 331 (DWARFImportSummary)  
INFO  DWARF compile dirs: [/home/icculus/projects/UT2-Code/karma/MeAssetFactory/src] (DWARFImportSummary)  
INFO  DWARF producers: [GNU C 3.2.3 20030422 (Gentoo Linux 1.4 3.2.3-r4, propolice)] (DWARFImportSummary)  
INFO  DWARF source languages: [DW_LANG_C89] (DWARFImportSummary)  
INFO  DWARF compUnit: MeAssetFactoryCreateFuncs.c (DWARFImportSummary)  
ERROR DWARF un-recoverable expressions: (DWARFImportSummary)  
ERROR   DW_OP_reg3 -> 8 (DWARFImportSummary)  
ERROR   DW_OP_reg0 -> 14 (DWARFImportSummary)  
ERROR   DW_OP_reg1 -> 2 (DWARFImportSummary)  
ERROR   DW_OP_reg14 -> 1 (DWARFImportSummary)  
ERROR   DW_OP_reg7 -> 4 (DWARFImportSummary)  
ERROR   DW_OP_reg6 -> 7 (DWARFImportSummary)  
INFO  Applied data type archive: generic_clib (ApplyDataArchiveAnalyzer)  
INFO  REPORT: Analysis succeeded for file: file:///home/ion/tools/karma-lab/allobj/MeAssetFactoryCreateFuncs.o?MD5=b31428933ad8a62fa773f7d597d463cc (HeadlessAnalyzer)  
INFO  REPORT: Execute script: DumpDecomp.java  (HeadlessAnalyzer)  
INFO  SCRIPT: /home/ion/tools/karma-lab/gscripts/DumpDecomp.java (HeadlessAnalyzer)  
INFO  DumpDecomp.java> OVERRIDES applied: 0 (GhidraScript)  
INFO  DumpDecomp.java> VTABLE: MeAssetFactoryCreateFuncs.o rows=1 applied=1 no-prototype=0 not-in-a-function=0 refused=0 (GhidraScript)  
INFO  DumpDecomp.java> KARMAHDR: calling conventions {__cdecl=2, unknown=103} (GhidraScript)  
INFO  DumpDecomp.java> KARMAHDR: __regparm -> __cdecl on 103 function(s), 0 refused (GhidraScript)  
INFO  DumpDecomp.java> DONE MeAssetFactoryCreateFuncs.o (GhidraScript)  
INFO  ANALYZING changes made by post scripts: file:///home/ion/tools/karma-lab/allobj/MeAssetFactoryCreateFuncs.o?MD5=b31428933ad8a62fa773f7d597d463cc (HeadlessAnalyzer)  
INFO  REPORT: Post-analysis succeeded for file: file:///home/ion/tools/karma-lab/allobj/MeAssetFactoryCreateFuncs.o?MD5=b31428933ad8a62fa773f7d597d463cc (HeadlessAnalyzer)  
INFO  /allobj/MeAssetFactoryCreateFuncs.o: file created (ion) (LocalFileSystem)  
INFO  REPORT: Save succeeded for: /allobj/MeAssetFactoryCreateFuncs.o (Proj:/allobj/MeAssetFactoryCreateFuncs.o) (HeadlessAnalyzer)  
INFO  REPORT: Import succeeded (HeadlessAnalyzer)  
INFO  IMPORTING: file:///home/ion/tools/karma-lab/allobj/MdtSpring.o?MD5=28953f93653562b5f65f77c4a33a520a (HeadlessAnalyzer)  
INFO  Using Loader: Executable and Linking Format (ELF) (ProgramLoader)  
INFO  Using Language/Compiler: x86:LE:32:default:gcc (ProgramLoader)  
INFO  Using Library Search Path: [., /bin, /lib, /lib64, /lib/x86_64-linux-gnu, /lib/aarch64-linux-gnu, /usr/bin, /usr/lib, /usr/X11R6/bin, /usr/X11R6/lib, /usr/java/packages/lib, /usr/lib/x86_64-linux-gnu/jni, /usr/lib/x86_64-linux-gnu, /usr/lib/jni] (ProgramLoader)  
INFO  Additional info:
Loading file:///home/ion/tools/karma-lab/allobj/MdtSpring.o?MD5=28953f93653562b5f65f77c4a33a520a...
Skipping section [.data] with invalid size 0x0
Skipping section [.bss] with invalid size 0x0
------------------------------------------------

 (ProgramLoader)  
INFO  IMPORTING: Loaded 0 additional files (HeadlessAnalyzer)  
INFO  REPORT: Execute script: ParseKarmaHeaders.java  (HeadlessAnalyzer)  
INFO  SCRIPT: /home/ion/tools/karma-lab/gscripts/ParseKarmaHeaders.java (HeadlessAnalyzer)  
INFO  ParseKarmaHeaders.java> KARMAOPT: KD_GHIDRA_OPTS not set, analyzer options untouched (GhidraScript)  
INFO  parse /home/ion/tools/karma-lab/kd_protos10.h (CParserUtils)  
INFO  ParseKarmaHeaders.java> KARMAHDR: parsed FunctionDefinitions=2700 (GhidraScript)  
INFO  ParseKarmaHeaders.java> KARMAHDR: signatures applied -- defined=32 imported=21 failed=0 (GhidraScript)  
INFO  ANALYZING all memory and code: file:///home/ion/tools/karma-lab/allobj/MdtSpring.o?MD5=28953f93653562b5f65f77c4a33a520a (HeadlessAnalyzer)  
WARN  Mismatched DWARF Attribute and Form: DW_AT_macro_info->DW_FORM_data4 (DWARFAbbreviation)  
INFO  Added 99 source map entries (DWARFImporter)  
INFO  DWARF ver[2], 1 compUnits, 634 DIES, import - total elapsed: 15ms (DWARFImportSummary)  
INFO  DWARF data type import - elapsed: 9ms (DWARFImportSummary)  
INFO  DWARF func & symbol import - elapsed: 3ms (DWARFImportSummary)  
INFO  DWARF types imported: 128 (DWARFImportSummary)  
INFO  DWARF compile dirs: [/home/icculus/projects/UT2-Code/karma/Mdt/src] (DWARFImportSummary)  
INFO  DWARF producers: [GNU C 3.2.3 20030422 (Gentoo Linux 1.4 3.2.3-r4, propolice)] (DWARFImportSummary)  
INFO  DWARF source languages: [DW_LANG_C89] (DWARFImportSummary)  
INFO  DWARF compUnit: MdtSpring.c (DWARFImportSummary)  
ERROR DWARF un-recoverable expressions: (DWARFImportSummary)  
ERROR   DW_OP_reg3 -> 2 (DWARFImportSummary)  
ERROR   DW_OP_reg0 -> 2 (DWARFImportSummary)  
ERROR   DW_OP_reg2 -> 5 (DWARFImportSummary)  
ERROR   DW_OP_reg7 -> 1 (DWARFImportSummary)  
ERROR   DW_OP_reg6 -> 3 (DWARFImportSummary)  
INFO  Applied data type archive: generic_clib (ApplyDataArchiveAnalyzer)  
INFO  -----------------------------------------------------
    ASCII Strings                              0.000 secs
    Apply Data Archives                        0.046 secs
    Call Convention ID                         2.042 secs
    Call-Fixup Installer                       0.000 secs
    Create Address Tables                      0.000 secs
    Create Function                            0.000 secs
    DWARF                                      0.016 secs
    Data Reference                             0.001 secs
    Decompiler Switch Analysis                 0.000 secs
    Demangler GNU                              0.002 secs
    Disassemble Entry Points                   0.003 secs
    ELF Scalar Operand References              0.001 secs
    Embedded Media                             0.001 secs
    External Entry References                  0.000 secs
    Function ID                                0.003 secs
    Function Start Pre Search                  0.001 secs
    Function Start Search                      0.002 secs
    Function Start Search After Code           0.000 secs
    Function Start Search After Data           0.000 secs
    GCC Exception Handlers                     0.001 secs
    Non-Returning Functions - Discovered       0.000 secs
    Non-Returning Functions - Known            0.000 secs
    Reference                                  0.000 secs
    Shared Return Calls                        0.001 secs
    Stack                                      0.006 secs
    Subroutine References                      0.000 secs
    X86 Function Callee Purge                  0.000 secs
    x86 Constant Reference Analyzer            0.004 secs
-----------------------------------------------------
     Total Time   2 secs
-----------------------------------------------------
 (AutoAnalysisManager)  
INFO  REPORT: Analysis succeeded for file: file:///home/ion/tools/karma-lab/allobj/MdtSpring.o?MD5=28953f93653562b5f65f77c4a33a520a (HeadlessAnalyzer)  
INFO  REPORT: Execute script: DumpDecomp.java  (HeadlessAnalyzer)  
INFO  SCRIPT: /home/ion/tools/karma-lab/gscripts/DumpDecomp.java (HeadlessAnalyzer)  
INFO  DumpDecomp.java> OVERRIDES applied: 0 (GhidraScript)  
INFO  DumpDecomp.java> VTABLE: MdtSpring.o rows=0 applied=0 no-prototype=0 not-in-a-function=0 refused=0 (GhidraScript)  
INFO  DumpDecomp.java> KARMAHDR: calling conventions {__cdecl=9, unknown=23} (GhidraScript)  
INFO  DumpDecomp.java> KARMAHDR: __regparm -> __cdecl on 23 function(s), 0 refused (GhidraScript)  
INFO  DumpDecomp.java> DONE MdtSpring.o (GhidraScript)  
INFO  ANALYZING changes made by post scripts: file:///home/ion/tools/karma-lab/allobj/MdtSpring.o?MD5=28953f93653562b5f65f77c4a33a520a (HeadlessAnalyzer)  
INFO  REPORT: Post-analysis succeeded for file: file:///home/ion/tools/karma-lab/allobj/MdtSpring.o?MD5=28953f93653562b5f65f77c4a33a520a (HeadlessAnalyzer)  
INFO  /allobj/MdtSpring.o: file created (ion) (LocalFileSystem)  
INFO  REPORT: Save succeeded for: /allobj/MdtSpring.o (Proj:/allobj/MdtSpring.o) (HeadlessAnalyzer)  
INFO  REPORT: Import succeeded (HeadlessAnalyzer)  
INFO  IMPORTING: file:///home/ion/tools/karma-lab/allobj/MeIDPool.o?MD5=ef3f4ec933e188e8c2310db1789611f8 (HeadlessAnalyzer)  
INFO  Using Loader: Executable and Linking Format (ELF) (ProgramLoader)  
INFO  Using Language/Compiler: x86:LE:32:default:gcc (ProgramLoader)  
INFO  Using Library Search Path: [., /bin, /lib, /lib64, /lib/x86_64-linux-gnu, /lib/aarch64-linux-gnu, /usr/bin, /usr/lib, /usr/X11R6/bin, /usr/X11R6/lib, /usr/java/packages/lib, /usr/lib/x86_64-linux-gnu/jni, /usr/lib/x86_64-linux-gnu, /usr/lib/jni] (ProgramLoader)  
ERROR EXTERNAL Data ELF Relocation with offset: at 000101fb (External Location = MeMemoryAPI+0x14) (ElfRelocationHandler)  
ERROR EXTERNAL Data ELF Relocation with offset: at 000102a8 (External Location = MeMemoryAPI+0x4) (ElfRelocationHandler)  
ERROR EXTERNAL Data ELF Relocation with offset: at 000102fc (External Location = MeMemoryAPI+0xc) (ElfRelocationHandler)  
ERROR EXTERNAL Data ELF Relocation with offset: at 0001030b (External Location = MeMemoryAPI+0x4) (ElfRelocationHandler)  
ERROR EXTERNAL Data ELF Relocation with offset: at 0001045f (External Location = MeMemoryAPI+0xc) (ElfRelocationHandler)  
ERROR EXTERNAL Data ELF Relocation with offset: at 00010468 (External Location = MeMemoryAPI+0xc) (ElfRelocationHandler)  
INFO  Additional info:
Loading file:///home/ion/tools/karma-lab/allobj/MeIDPool.o?MD5=ef3f4ec933e188e8c2310db1789611f8...
Skipping section [.data] with invalid size 0x0
Skipping section [.bss] with invalid size 0x0
------------------------------------------------

 (ProgramLoader)  
INFO  IMPORTING: Loaded 0 additional files (HeadlessAnalyzer)  
INFO  REPORT: Execute script: ParseKarmaHeaders.java  (HeadlessAnalyzer)  
INFO  SCRIPT: /home/ion/tools/karma-lab/gscripts/ParseKarmaHeaders.java (HeadlessAnalyzer)  
INFO  ParseKarmaHeaders.java> KARMAOPT: KD_GHIDRA_OPTS not set, analyzer options untouched (GhidraScript)  
INFO  parse /home/ion/tools/karma-lab/kd_protos10.h (CParserUtils)  
INFO  ParseKarmaHeaders.java> KARMAHDR: parsed FunctionDefinitions=2700 (GhidraScript)  
INFO  ParseKarmaHeaders.java> KARMAHDR: signatures applied -- defined=7 imported=0 failed=0 (GhidraScript)  
INFO  ANALYZING all memory and code: file:///home/ion/tools/karma-lab/allobj/MeIDPool.o?MD5=ef3f4ec933e188e8c2310db1789611f8 (HeadlessAnalyzer)  
WARN  Mismatched DWARF Attribute and Form: DW_AT_macro_info->DW_FORM_data4 (DWARFAbbreviation)  
INFO  Added 132 source map entries (DWARFImporter)  
INFO  DWARF ver[2], 1 compUnits, 208 DIES, import - total elapsed: 5ms (DWARFImportSummary)  
INFO  DWARF data type import - elapsed: 1ms (DWARFImportSummary)  
INFO  DWARF func & symbol import - elapsed: 2ms (DWARFImportSummary)  
INFO  DWARF types imported: 38 (DWARFImportSummary)  
INFO  DWARF compile dirs: [/home/icculus/projects/UT2-Code/karma/MeGlobals/src] (DWARFImportSummary)  
INFO  DWARF producers: [GNU C 3.2.3 20030422 (Gentoo Linux 1.4 3.2.3-r4, propolice)] (DWARFImportSummary)  
INFO  DWARF source languages: [DW_LANG_C89] (DWARFImportSummary)  
INFO  DWARF compUnit: MeIDPool.c (DWARFImportSummary)  
ERROR DWARF un-recoverable expressions: (DWARFImportSummary)  
ERROR   DW_OP_reg3 -> 7 (DWARFImportSummary)  
ERROR   DW_OP_reg0 -> 3 (DWARFImportSummary)  
ERROR   DW_OP_reg1 -> 3 (DWARFImportSummary)  
ERROR   DW_OP_reg2 -> 1 (DWARFImportSummary)  
ERROR   DW_OP_reg6 -> 4 (DWARFImportSummary)  
INFO  Applied data type archive: generic_clib (ApplyDataArchiveAnalyzer)  
INFO  -----------------------------------------------------
    ASCII Strings                              0.000 secs
    Apply Data Archives                        0.046 secs
    Call Convention ID                         1.135 secs
    Call-Fixup Installer                       0.000 secs
    Create Address Tables                      0.001 secs
    Create Function                            0.001 secs
    DWARF                                      0.006 secs
    Data Reference                             0.000 secs
    Decompiler Switch Analysis                 0.000 secs
    Demangler GNU                              0.001 secs
    Disassemble Entry Points                   0.004 secs
    ELF Scalar Operand References              0.001 secs
    Embedded Media                             0.001 secs
    External Entry References                  0.000 secs
    Function ID                                0.002 secs
    Function Start Pre Search                  0.001 secs
    Function Start Search                      0.002 secs
    Function Start Search After Code           0.000 secs
    Function Start Search After Data           0.000 secs
    GCC Exception Handlers                     0.001 secs
    Non-Returning Functions - Discovered       0.000 secs
    Non-Returning Functions - Known            0.000 secs
    Reference                                  0.001 secs
    Shared Return Calls                        0.000 secs
    Stack                                      0.006 secs
    Subroutine References                      0.000 secs
    X86 Function Callee Purge                  0.000 secs
    x86 Constant Reference Analyzer            0.004 secs
-----------------------------------------------------
     Total Time   1 secs
-----------------------------------------------------
 (AutoAnalysisManager)  
INFO  REPORT: Analysis succeeded for file: file:///home/ion/tools/karma-lab/allobj/MeIDPool.o?MD5=ef3f4ec933e188e8c2310db1789611f8 (HeadlessAnalyzer)  
INFO  REPORT: Execute script: DumpDecomp.java  (HeadlessAnalyzer)  
INFO  SCRIPT: /home/ion/tools/karma-lab/gscripts/DumpDecomp.java (HeadlessAnalyzer)  
INFO  DumpDecomp.java> OVERRIDES applied: 0 (GhidraScript)  
INFO  DumpDecomp.java> VTABLE: MeIDPool.o rows=7 applied=7 no-prototype=0 not-in-a-function=0 refused=0 (GhidraScript)  
INFO  DumpDecomp.java> KARMAHDR: calling conventions {__cdecl=5, unknown=3} (GhidraScript)  
INFO  DumpDecomp.java> KARMAHDR: __regparm -> __cdecl on 3 function(s), 0 refused (GhidraScript)  
INFO  DumpDecomp.java> DONE MeIDPool.o (GhidraScript)  
INFO  ANALYZING changes made by post scripts: file:///home/ion/tools/karma-lab/allobj/MeIDPool.o?MD5=ef3f4ec933e188e8c2310db1789611f8 (HeadlessAnalyzer)  
INFO  REPORT: Post-analysis succeeded for file: file:///home/ion/tools/karma-lab/allobj/MeIDPool.o?MD5=ef3f4ec933e188e8c2310db1789611f8 (HeadlessAnalyzer)  
INFO  /allobj/MeIDPool.o: file created (ion) (LocalFileSystem)  
INFO  REPORT: Save succeeded for: /allobj/MeIDPool.o (Proj:/allobj/MeIDPool.o) (HeadlessAnalyzer)  
INFO  REPORT: Import succeeded (HeadlessAnalyzer)  
INFO  IMPORTING: file:///home/ion/tools/karma-lab/allobj/keaMatrix.o?MD5=a5140c6526bf203d39d252cfafbd0015 (HeadlessAnalyzer)  
INFO  Using Loader: Executable and Linking Format (ELF) (ProgramLoader)  
INFO  Using Language/Compiler: x86:LE:32:default:gcc (ProgramLoader)  
INFO  Using Library Search Path: [., /bin, /lib, /lib64, /lib/x86_64-linux-gnu, /lib/aarch64-linux-gnu, /usr/bin, /usr/lib, /usr/X11R6/bin, /usr/X11R6/lib, /usr/java/packages/lib, /usr/lib/x86_64-linux-gnu/jni, /usr/lib/x86_64-linux-gnu, /usr/lib/jni] (ProgramLoader)  
WARN  EXTERNAL Data ELF Relocation with offset: at 0001004c (External Location = _ZTVN10__cxxabiv117__class_type_infoE+0x8) (ElfRelocationHandler)  
INFO  Additional info:
Loading file:///home/ion/tools/karma-lab/allobj/keaMatrix.o?MD5=a5140c6526bf203d39d252cfafbd0015...
Skipping section [.data] with invalid size 0x0
Skipping section [.bss] with invalid size 0x0
------------------------------------------------

 (ProgramLoader)  
INFO  IMPORTING: Loaded 0 additional files (HeadlessAnalyzer)  
INFO  REPORT: Execute script: ParseKarmaHeaders.java  (HeadlessAnalyzer)  
INFO  SCRIPT: /home/ion/tools/karma-lab/gscripts/ParseKarmaHeaders.java (HeadlessAnalyzer)  
INFO  ParseKarmaHeaders.java> KARMAOPT: KD_GHIDRA_OPTS not set, analyzer options untouched (GhidraScript)  
INFO  parse /home/ion/tools/karma-lab/kd_protos10.h (CParserUtils)  
INFO  ParseKarmaHeaders.java> KARMAHDR: parsed FunctionDefinitions=2700 (GhidraScript)  
INFO  ParseKarmaHeaders.java> KARMAHDR: signatures applied -- defined=2 imported=0 failed=0 (GhidraScript)  
INFO  ANALYZING all memory and code: file:///home/ion/tools/karma-lab/allobj/keaMatrix.o?MD5=a5140c6526bf203d39d252cfafbd0015 (HeadlessAnalyzer)  
WARN  Mismatched DWARF Attribute and Form: DW_AT_macro_info->DW_FORM_data4 (DWARFAbbreviation)  
INFO  Added 4 source map entries (DWARFImporter)  
INFO  DWARF ver[2], 1 compUnits, 173 DIES, import - total elapsed: 7ms (DWARFImportSummary)  
INFO  DWARF data type import - elapsed: 3ms (DWARFImportSummary)  
INFO  DWARF func & symbol import - elapsed: 3ms (DWARFImportSummary)  
INFO  DWARF types imported: 29 (DWARFImportSummary)  
INFO  DWARF compile dirs: [/home/icculus/projects/UT2-Code/karma/MdtKea/src] (DWARFImportSummary)  
INFO  DWARF producers: [GNU C++ 3.2.3 20030422 (Gentoo Linux 1.4 3.2.3-r4, propolice)] (DWARFImportSummary)  
INFO  DWARF source languages: [DW_LANG_C_plus_plus] (DWARFImportSummary)  
INFO  DWARF compUnit: keaMatrix.cpp (DWARFImportSummary)  
INFO  Applied data type archive: generic_clib (ApplyDataArchiveAnalyzer)  
WARN  Unable to fully apply external demangled Address Table at 00011004: __cxxabiv1::__class_type_info::vtable (DemangledAddressTable)  
INFO  REPORT: Analysis succeeded for file: file:///home/ion/tools/karma-lab/allobj/keaMatrix.o?MD5=a5140c6526bf203d39d252cfafbd0015 (HeadlessAnalyzer)  
INFO  REPORT: Execute script: DumpDecomp.java  (HeadlessAnalyzer)  
INFO  SCRIPT: /home/ion/tools/karma-lab/gscripts/DumpDecomp.java (HeadlessAnalyzer)  
INFO  DumpDecomp.java> OVERRIDES applied: 0 (GhidraScript)  
INFO  DumpDecomp.java> VTABLE: keaMatrix.o rows=0 applied=0 no-prototype=0 not-in-a-function=0 refused=0 (GhidraScript)  
INFO  DumpDecomp.java> KARMAHDR: calling conventions {__thiscall=2} (GhidraScript)  
INFO  DumpDecomp.java> KARMAHDR: __regparm -> __cdecl on 0 function(s), 0 refused (GhidraScript)  
INFO  DumpDecomp.java> DONE keaMatrix.o (GhidraScript)  
INFO  ANALYZING changes made by post scripts: file:///home/ion/tools/karma-lab/allobj/keaMatrix.o?MD5=a5140c6526bf203d39d252cfafbd0015 (HeadlessAnalyzer)  
INFO  REPORT: Post-analysis succeeded for file: file:///home/ion/tools/karma-lab/allobj/keaMatrix.o?MD5=a5140c6526bf203d39d252cfafbd0015 (HeadlessAnalyzer)  
INFO  /allobj/keaMatrix.o: file created (ion) (LocalFileSystem)  
INFO  REPORT: Save succeeded for: /allobj/keaMatrix.o (Proj:/allobj/keaMatrix.o) (HeadlessAnalyzer)  
INFO  REPORT: Import succeeded (HeadlessAnalyzer)  
INFO  IMPORTING: file:///home/ion/tools/karma-lab/allobj/MdtPartition.o?MD5=3723af9bb2764b29a34d32706e2a6d39 (HeadlessAnalyzer)  
INFO  Using Loader: Executable and Linking Format (ELF) (ProgramLoader)  
INFO  Using Language/Compiler: x86:LE:32:default:gcc (ProgramLoader)  
INFO  Using Library Search Path: [., /bin, /lib, /lib64, /lib/x86_64-linux-gnu, /lib/aarch64-linux-gnu, /usr/bin, /usr/lib, /usr/X11R6/bin, /usr/X11R6/lib, /usr/java/packages/lib, /usr/lib/x86_64-linux-gnu/jni, /usr/lib/x86_64-linux-gnu, /usr/lib/jni] (ProgramLoader)  
INFO  Additional info:
Loading file:///home/ion/tools/karma-lab/allobj/MdtPartition.o?MD5=3723af9bb2764b29a34d32706e2a6d39...
Skipping section [.data] with invalid size 0x0
Skipping section [.bss] with invalid size 0x0
------------------------------------------------

 (ProgramLoader)  
INFO  IMPORTING: Loaded 0 additional files (HeadlessAnalyzer)  
INFO  REPORT: Execute script: ParseKarmaHeaders.java  (HeadlessAnalyzer)  
INFO  SCRIPT: /home/ion/tools/karma-lab/gscripts/ParseKarmaHeaders.java (HeadlessAnalyzer)  
INFO  ParseKarmaHeaders.java> KARMAOPT: KD_GHIDRA_OPTS not set, analyzer options untouched (GhidraScript)  
INFO  parse /home/ion/tools/karma-lab/kd_protos10.h (CParserUtils)  
INFO  ParseKarmaHeaders.java> KARMAHDR: parsed FunctionDefinitions=2700 (GhidraScript)  
INFO  ParseKarmaHeaders.java> KARMAHDR: signatures applied -- defined=12 imported=7 failed=0 (GhidraScript)  
INFO  ANALYZING all memory and code: file:///home/ion/tools/karma-lab/allobj/MdtPartition.o?MD5=3723af9bb2764b29a34d32706e2a6d39 (HeadlessAnalyzer)  
WARN  Mismatched DWARF Attribute and Form: DW_AT_macro_info->DW_FORM_data4 (DWARFAbbreviation)  
INFO  Added 214 source map entries (DWARFImporter)  
INFO  DWARF ver[2], 1 compUnits, 649 DIES, import - total elapsed: 15ms (DWARFImportSummary)  
INFO  DWARF data type import - elapsed: 8ms (DWARFImportSummary)  
INFO  DWARF func & symbol import - elapsed: 3ms (DWARFImportSummary)  
INFO  DWARF types imported: 131 (DWARFImportSummary)  
INFO  DWARF compile dirs: [/home/icculus/projects/UT2-Code/karma/Mdt/src] (DWARFImportSummary)  
INFO  DWARF producers: [GNU C 3.2.3 20030422 (Gentoo Linux 1.4 3.2.3-r4, propolice)] (DWARFImportSummary)  
INFO  DWARF source languages: [DW_LANG_C89] (DWARFImportSummary)  
INFO  DWARF compUnit: MdtPartition.c (DWARFImportSummary)  
ERROR DWARF un-recoverable expressions: (DWARFImportSummary)  
ERROR   DW_OP_reg3 -> 4 (DWARFImportSummary)  
ERROR   DW_OP_reg0 -> 5 (DWARFImportSummary)  
ERROR   DW_OP_reg2 -> 2 (DWARFImportSummary)  
ERROR   DW_OP_reg7 -> 3 (DWARFImportSummary)  
ERROR   DW_OP_reg6 -> 1 (DWARFImportSummary)  
INFO  Applied data type archive: generic_clib (ApplyDataArchiveAnalyzer)  
INFO  -----------------------------------------------------
    ASCII Strings                              0.000 secs
    Apply Data Archives                        0.041 secs
    Call Convention ID                         0.907 secs
    Call-Fixup Installer                       0.000 secs
    Create Address Tables                      0.000 secs
    Create Function                            0.000 secs
    DWARF                                      0.016 secs
    Data Reference                             0.001 secs
    Decompiler Switch Analysis                 0.000 secs
    Demangler GNU                              0.001 secs
    Disassemble Entry Points                   0.005 secs
    ELF Scalar Operand References              0.027 secs
    Embedded Media                             0.000 secs
    External Entry References                  0.000 secs
    Function ID                                0.002 secs
    Function Start Pre Search                  0.001 secs
    Function Start Search                      0.002 secs
    Function Start Search After Code           0.000 secs
    Function Start Search After Data           0.000 secs
    GCC Exception Handlers                     0.001 secs
    Non-Returning Functions - Discovered       0.001 secs
    Non-Returning Functions - Known            0.001 secs
    Reference                                  0.000 secs
    Shared Return Calls                        0.000 secs
    Stack                                      0.009 secs
    Subroutine References                      0.000 secs
    X86 Function Callee Purge                  0.000 secs
    x86 Constant Reference Analyzer            0.006 secs
-----------------------------------------------------
     Total Time   1 secs
-----------------------------------------------------
 (AutoAnalysisManager)  
INFO  REPORT: Analysis succeeded for file: file:///home/ion/tools/karma-lab/allobj/MdtPartition.o?MD5=3723af9bb2764b29a34d32706e2a6d39 (HeadlessAnalyzer)  
INFO  REPORT: Execute script: DumpDecomp.java  (HeadlessAnalyzer)  
INFO  SCRIPT: /home/ion/tools/karma-lab/gscripts/DumpDecomp.java (HeadlessAnalyzer)  
INFO  DumpDecomp.java> OVERRIDES applied: 0 (GhidraScript)  
INFO  DumpDecomp.java> VTABLE: MdtPartition.o rows=0 applied=0 no-prototype=0 not-in-a-function=0 refused=0 (GhidraScript)  
INFO  DumpDecomp.java> KARMAHDR: calling conventions {__cdecl=4, unknown=8} (GhidraScript)  
INFO  DumpDecomp.java> KARMAHDR: __regparm -> __cdecl on 8 function(s), 0 refused (GhidraScript)  
INFO  DumpDecomp.java> DONE MdtPartition.o (GhidraScript)  
INFO  ANALYZING changes made by post scripts: file:///home/ion/tools/karma-lab/allobj/MdtPartition.o?MD5=3723af9bb2764b29a34d32706e2a6d39 (HeadlessAnalyzer)  
INFO  REPORT: Post-analysis succeeded for file: file:///home/ion/tools/karma-lab/allobj/MdtPartition.o?MD5=3723af9bb2764b29a34d32706e2a6d39 (HeadlessAnalyzer)  
INFO  /allobj/MdtPartition.o: file created (ion) (LocalFileSystem)  
INFO  REPORT: Save succeeded for: /allobj/MdtPartition.o (Proj:/allobj/MdtPartition.o) (HeadlessAnalyzer)  
INFO  REPORT: Import succeeded (HeadlessAnalyzer)  
INFO  IMPORTING: file:///home/ion/tools/karma-lab/allobj/McdConvexRegistration.o?MD5=0350008dc77b11b066486ed6f73d5e21 (HeadlessAnalyzer)  
INFO  Using Loader: Executable and Linking Format (ELF) (ProgramLoader)  
INFO  Using Language/Compiler: x86:LE:32:default:gcc (ProgramLoader)  
INFO  Using Library Search Path: [., /bin, /lib, /lib64, /lib/x86_64-linux-gnu, /lib/aarch64-linux-gnu, /usr/bin, /usr/lib, /usr/X11R6/bin, /usr/X11R6/lib, /usr/java/packages/lib, /usr/lib/x86_64-linux-gnu/jni, /usr/lib/x86_64-linux-gnu, /usr/lib/jni] (ProgramLoader)  
INFO  Additional info:
Loading file:///home/ion/tools/karma-lab/allobj/McdConvexRegistration.o?MD5=0350008dc77b11b066486ed6f73d5e21...
Skipping section [.data] with invalid size 0x0
Skipping section [.bss] with invalid size 0x0
------------------------------------------------

 (ProgramLoader)  
INFO  IMPORTING: Loaded 0 additional files (HeadlessAnalyzer)  
INFO  REPORT: Execute script: ParseKarmaHeaders.java  (HeadlessAnalyzer)  
INFO  SCRIPT: /home/ion/tools/karma-lab/gscripts/ParseKarmaHeaders.java (HeadlessAnalyzer)  
INFO  ParseKarmaHeaders.java> KARMAOPT: KD_GHIDRA_OPTS not set, analyzer options untouched (GhidraScript)  
INFO  parse /home/ion/tools/karma-lab/kd_protos10.h (CParserUtils)  
INFO  ParseKarmaHeaders.java> KARMAHDR: parsed FunctionDefinitions=2700 (GhidraScript)  
INFO  ParseKarmaHeaders.java> KARMAHDR: signatures applied -- defined=9 imported=8 failed=0 (GhidraScript)  
INFO  ANALYZING all memory and code: file:///home/ion/tools/karma-lab/allobj/McdConvexRegistration.o?MD5=0350008dc77b11b066486ed6f73d5e21 (HeadlessAnalyzer)  
WARN  Mismatched DWARF Attribute and Form: DW_AT_macro_info->DW_FORM_data4 (DWARFAbbreviation)  
INFO  Added 10 source map entries (DWARFImporter)  
INFO  DWARF ver[2], 1 compUnits, 590 DIES, import - total elapsed: 14ms (DWARFImportSummary)  
INFO  DWARF data type import - elapsed: 9ms (DWARFImportSummary)  
INFO  DWARF func & symbol import - elapsed: 1ms (DWARFImportSummary)  
INFO  DWARF types imported: 157 (DWARFImportSummary)  
INFO  DWARF compile dirs: [/home/icculus/projects/UT2-Code/karma/Mcd/src/convex] (DWARFImportSummary)  
INFO  DWARF producers: [GNU C++ 3.2.3 20030422 (Gentoo Linux 1.4 3.2.3-r4, propolice)] (DWARFImportSummary)  
INFO  DWARF source languages: [DW_LANG_C_plus_plus] (DWARFImportSummary)  
INFO  DWARF compUnit: McdConvexRegistration.cpp (DWARFImportSummary)  
ERROR DWARF un-recoverable expressions: (DWARFImportSummary)  
ERROR   DW_OP_reg3 -> 1 (DWARFImportSummary)  
INFO  Applied data type archive: generic_clib (ApplyDataArchiveAnalyzer)  
INFO  REPORT: Analysis succeeded for file: file:///home/ion/tools/karma-lab/allobj/McdConvexRegistration.o?MD5=0350008dc77b11b066486ed6f73d5e21 (HeadlessAnalyzer)  
INFO  REPORT: Execute script: DumpDecomp.java  (HeadlessAnalyzer)  
INFO  SCRIPT: /home/ion/tools/karma-lab/gscripts/DumpDecomp.java (HeadlessAnalyzer)  
WARN  Decompiling 00011010, pcode error at 00011010: Unable to disassemble EXTERNAL block location: 00011010 (DecompileCallback)  
INFO  DumpDecomp.java> OVERRIDES applied: 0 (GhidraScript)  
INFO  DumpDecomp.java> VTABLE: McdConvexRegistration.o rows=0 applied=0 no-prototype=0 not-in-a-function=0 refused=0 (GhidraScript)  
INFO  DumpDecomp.java> KARMAHDR: calling conventions {__cdecl=1, unknown=8} (GhidraScript)  
INFO  DumpDecomp.java> KARMAHDR: __regparm -> __cdecl on 8 function(s), 0 refused (GhidraScript)  
INFO  DumpDecomp.java> DONE McdConvexRegistration.o (GhidraScript)  
INFO  ANALYZING changes made by post scripts: file:///home/ion/tools/karma-lab/allobj/McdConvexRegistration.o?MD5=0350008dc77b11b066486ed6f73d5e21 (HeadlessAnalyzer)  
INFO  REPORT: Post-analysis succeeded for file: file:///home/ion/tools/karma-lab/allobj/McdConvexRegistration.o?MD5=0350008dc77b11b066486ed6f73d5e21 (HeadlessAnalyzer)  
INFO  /allobj/McdConvexRegistration.o: file created (ion) (LocalFileSystem)  
INFO  REPORT: Save succeeded for: /allobj/McdConvexRegistration.o (Proj:/allobj/McdConvexRegistration.o) (HeadlessAnalyzer)  
INFO  REPORT: Import succeeded (HeadlessAnalyzer)  
INFO  IMPORTING: file:///home/ion/tools/karma-lab/allobj/MePool.o?MD5=cd0823b517d24a00d971b165279a2d37 (HeadlessAnalyzer)  
INFO  Using Loader: Executable and Linking Format (ELF) (ProgramLoader)  
INFO  Using Language/Compiler: x86:LE:32:default:gcc (ProgramLoader)  
INFO  Using Library Search Path: [., /bin, /lib, /lib64, /lib/x86_64-linux-gnu, /lib/aarch64-linux-gnu, /usr/bin, /usr/lib, /usr/X11R6/bin, /usr/X11R6/lib, /usr/java/packages/lib, /usr/lib/x86_64-linux-gnu/jni, /usr/lib/x86_64-linux-gnu, /usr/lib/jni] (ProgramLoader)  
ERROR EXTERNAL Data ELF Relocation with offset: at 0001004d (External Location = MeMemoryAPI+0x8) (ElfRelocationHandler)  
ERROR EXTERNAL Data ELF Relocation with offset: at 00010102 (External Location = MeMemoryAPI+0x10) (ElfRelocationHandler)  
ERROR EXTERNAL Data ELF Relocation with offset: at 0001010d (External Location = MeMemoryAPI+0xc) (ElfRelocationHandler)  
ERROR EXTERNAL Data ELF Relocation with offset: at 00010129 (External Location = MeMemoryAPI+0xc) (ElfRelocationHandler)  
ERROR EXTERNAL Data ELF Relocation with offset: at 000102bf (External Location = MeMemoryAPI+0x8) (ElfRelocationHandler)  
ERROR EXTERNAL Data ELF Relocation with offset: at 000102ed (External Location = MeMemoryAPI+0xc) (ElfRelocationHandler)  
ERROR EXTERNAL Data ELF Relocation with offset: at 00010308 (External Location = MeMemoryAPI+0x10) (ElfRelocationHandler)  
INFO  Additional info:
Loading file:///home/ion/tools/karma-lab/allobj/MePool.o?MD5=cd0823b517d24a00d971b165279a2d37...
Skipping section [.bss] with invalid size 0x0
------------------------------------------------

 (ProgramLoader)  
INFO  IMPORTING: Loaded 0 additional files (HeadlessAnalyzer)  
INFO  REPORT: Execute script: ParseKarmaHeaders.java  (HeadlessAnalyzer)  
INFO  SCRIPT: /home/ion/tools/karma-lab/gscripts/ParseKarmaHeaders.java (HeadlessAnalyzer)  
INFO  ParseKarmaHeaders.java> KARMAOPT: KD_GHIDRA_OPTS not set, analyzer options untouched (GhidraScript)  
INFO  parse /home/ion/tools/karma-lab/kd_protos10.h (CParserUtils)  
INFO  ParseKarmaHeaders.java> KARMAHDR: parsed FunctionDefinitions=2700 (GhidraScript)  
INFO  ParseKarmaHeaders.java> KARMAHDR: signatures applied -- defined=2 imported=2 failed=0 (GhidraScript)  
INFO  ANALYZING all memory and code: file:///home/ion/tools/karma-lab/allobj/MePool.o?MD5=cd0823b517d24a00d971b165279a2d37 (HeadlessAnalyzer)  
WARN  Mismatched DWARF Attribute and Form: DW_AT_macro_info->DW_FORM_data4 (DWARFAbbreviation)  
INFO  Added 117 source map entries (DWARFImporter)  
INFO  DWARF ver[2], 1 compUnits, 233 DIES, import - total elapsed: 11ms (DWARFImportSummary)  
INFO  DWARF data type import - elapsed: 4ms (DWARFImportSummary)  
INFO  DWARF func & symbol import - elapsed: 5ms (DWARFImportSummary)  
INFO  DWARF types imported: 40 (DWARFImportSummary)  
INFO  DWARF compile dirs: [/home/icculus/projects/UT2-Code/karma/MeGlobals/src] (DWARFImportSummary)  
INFO  DWARF producers: [GNU C 3.2.3 20030422 (Gentoo Linux 1.4 3.2.3-r4, propolice)] (DWARFImportSummary)  
INFO  DWARF source languages: [DW_LANG_C89] (DWARFImportSummary)  
INFO  DWARF compUnit: MePool.c (DWARFImportSummary)  
ERROR DWARF un-recoverable expressions: (DWARFImportSummary)  
ERROR   DW_OP_reg3 -> 6 (DWARFImportSummary)  
ERROR   DW_OP_reg0 -> 12 (DWARFImportSummary)  
ERROR   DW_OP_reg1 -> 3 (DWARFImportSummary)  
ERROR   DW_OP_reg2 -> 8 (DWARFImportSummary)  
ERROR   DW_OP_reg7 -> 1 (DWARFImportSummary)  
INFO  Applied data type archive: generic_clib (ApplyDataArchiveAnalyzer)  
INFO  -----------------------------------------------------
    ASCII Strings                              0.001 secs
    Apply Data Archives                        0.048 secs
    Call Convention ID                         2.283 secs
    Call-Fixup Installer                       0.000 secs
    Create Address Tables                      0.000 secs
    Create Function                            0.000 secs
    DWARF                                      0.011 secs
    Data Reference                             0.001 secs
    Decompiler Switch Analysis                 0.000 secs
    Demangler GNU                              0.003 secs
    Disassemble Entry Points                   0.003 secs
    ELF Scalar Operand References              0.001 secs
    Embedded Media                             0.000 secs
    External Entry References                  0.000 secs
    Function ID                                0.003 secs
    Function Start Pre Search                  0.002 secs
    Function Start Search                      0.002 secs
    Function Start Search After Code           0.000 secs
    Function Start Search After Data           0.000 secs
    GCC Exception Handlers                     0.002 secs
    Non-Returning Functions - Discovered       0.000 secs
    Non-Returning Functions - Known            0.001 secs
    Reference                                  0.000 secs
    Shared Return Calls                        0.001 secs
    Stack                                      0.006 secs
    Subroutine References                      0.000 secs
    X86 Function Callee Purge                  0.000 secs
    x86 Constant Reference Analyzer            0.004 secs
-----------------------------------------------------
     Total Time   2 secs
-----------------------------------------------------
 (AutoAnalysisManager)  
INFO  REPORT: Analysis succeeded for file: file:///home/ion/tools/karma-lab/allobj/MePool.o?MD5=cd0823b517d24a00d971b165279a2d37 (HeadlessAnalyzer)  
INFO  REPORT: Execute script: DumpDecomp.java  (HeadlessAnalyzer)  
INFO  SCRIPT: /home/ion/tools/karma-lab/gscripts/DumpDecomp.java (HeadlessAnalyzer)  
INFO  DumpDecomp.java> OVERRIDES applied: 0 (GhidraScript)  
INFO  DumpDecomp.java> VTABLE: MePool.o rows=8 applied=8 no-prototype=0 not-in-a-function=0 refused=0 (GhidraScript)  
INFO  DumpDecomp.java> KARMAHDR: calling conventions {__cdecl=9, __regparm2=1, unknown=6} (GhidraScript)  
INFO  DumpDecomp.java> KARMAHDR: __regparm -> __cdecl on 7 function(s), 0 refused (GhidraScript)  
INFO  DumpDecomp.java> DONE MePool.o (GhidraScript)  
INFO  ANALYZING changes made by post scripts: file:///home/ion/tools/karma-lab/allobj/MePool.o?MD5=cd0823b517d24a00d971b165279a2d37 (HeadlessAnalyzer)  
INFO  REPORT: Post-analysis succeeded for file: file:///home/ion/tools/karma-lab/allobj/MePool.o?MD5=cd0823b517d24a00d971b165279a2d37 (HeadlessAnalyzer)  
INFO  /allobj/MePool.o: file created (ion) (LocalFileSystem)  
INFO  REPORT: Save succeeded for: /allobj/MePool.o (Proj:/allobj/MePool.o) (HeadlessAnalyzer)  
INFO  REPORT: Import succeeded (HeadlessAnalyzer)  
INFO  IMPORTING: file:///home/ion/tools/karma-lab/allobj/mesffnmin.o?MD5=cacf8f8bb041dccba04defc21e8c6aaf (HeadlessAnalyzer)  
INFO  Using Loader: Executable and Linking Format (ELF) (ProgramLoader)  
INFO  Using Language/Compiler: x86:LE:32:default:gcc (ProgramLoader)  
INFO  Using Library Search Path: [., /bin, /lib, /lib64, /lib/x86_64-linux-gnu, /lib/aarch64-linux-gnu, /usr/bin, /usr/lib, /usr/X11R6/bin, /usr/X11R6/lib, /usr/java/packages/lib, /usr/lib/x86_64-linux-gnu/jni, /usr/lib/x86_64-linux-gnu, /usr/lib/jni] (ProgramLoader)  
INFO  Additional info:
Loading file:///home/ion/tools/karma-lab/allobj/mesffnmin.o?MD5=cacf8f8bb041dccba04defc21e8c6aaf...
------------------------------------------------

 (ProgramLoader)  
INFO  IMPORTING: Loaded 0 additional files (HeadlessAnalyzer)  
INFO  REPORT: Execute script: ParseKarmaHeaders.java  (HeadlessAnalyzer)  
INFO  SCRIPT: /home/ion/tools/karma-lab/gscripts/ParseKarmaHeaders.java (HeadlessAnalyzer)  
INFO  ParseKarmaHeaders.java> KARMAOPT: KD_GHIDRA_OPTS not set, analyzer options untouched (GhidraScript)  
INFO  parse /home/ion/tools/karma-lab/kd_protos10.h (CParserUtils)  
INFO  ParseKarmaHeaders.java> KARMAHDR: parsed FunctionDefinitions=2700 (GhidraScript)  
INFO  ParseKarmaHeaders.java> KARMAHDR: signatures applied -- defined=0 imported=0 failed=0 (GhidraScript)  
INFO  ANALYZING all memory and code: file:///home/ion/tools/karma-lab/allobj/mesffnmin.o?MD5=cacf8f8bb041dccba04defc21e8c6aaf (HeadlessAnalyzer)  
WARN  Mismatched DWARF Attribute and Form: DW_AT_macro_info->DW_FORM_data4 (DWARFAbbreviation)  
INFO  Added 339 source map entries (DWARFImporter)  
INFO  DWARF ver[2], 1 compUnits, 641 DIES, import - total elapsed: 9ms (DWARFImportSummary)  
INFO  DWARF data type import - elapsed: 2ms (DWARFImportSummary)  
INFO  DWARF func & symbol import - elapsed: 5ms (DWARFImportSummary)  
INFO  DWARF types imported: 17 (DWARFImportSummary)  
INFO  DWARF compile dirs: [/home/icculus/projects/UT2-Code/karma/Mcd/src/util] (DWARFImportSummary)  
INFO  DWARF producers: [GNU C++ 3.2.3 20030422 (Gentoo Linux 1.4 3.2.3-r4, propolice)] (DWARFImportSummary)  
INFO  DWARF source languages: [DW_LANG_C_plus_plus] (DWARFImportSummary)  
INFO  DWARF compUnit: ../math/mesffnmin.cpp (DWARFImportSummary)  
ERROR DWARF un-recoverable expressions: (DWARFImportSummary)  
ERROR   DW_OP_reg12 -> 7 (DWARFImportSummary)  
ERROR   DW_OP_reg11 -> 4 (DWARFImportSummary)  
ERROR   DW_OP_reg1 -> 16 (DWARFImportSummary)  
ERROR   DW_OP_reg2 -> 10 (DWARFImportSummary)  
ERROR   DW_OP_reg14 -> 3 (DWARFImportSummary)  
ERROR   DW_OP_reg7 -> 3 (DWARFImportSummary)  
ERROR   DW_OP_reg15 -> 1 (DWARFImportSummary)  
ERROR   DW_OP_reg13 -> 6 (DWARFImportSummary)  
ERROR   DW_OP_reg3 -> 16 (DWARFImportSummary)  
ERROR   DW_OP_reg0 -> 2 (DWARFImportSummary)  
ERROR   DW_OP_reg18 -> 1 (DWARFImportSummary)  
ERROR   DW_OP_reg16 -> 1 (DWARFImportSummary)  
ERROR   DW_OP_reg17 -> 1 (DWARFImportSummary)  
ERROR   DW_OP_reg6 -> 5 (DWARFImportSummary)  
INFO  Applied data type archive: generic_clib (ApplyDataArchiveAnalyzer)  
INFO  -----------------------------------------------------
    ASCII Strings                              0.001 secs
    Apply Data Archives                        0.041 secs
    Call Convention ID                         0.938 secs
    Call-Fixup Installer                       0.000 secs
    Create Address Tables                      0.001 secs
    Create Function                            0.000 secs
    DWARF                                      0.010 secs
    Data Reference                             0.000 secs
    Decompiler Switch Analysis                 0.001 secs
    Demangler GNU                              0.003 secs
    Disassemble Entry Points                   0.014 secs
    ELF Scalar Operand References              0.006 secs
    Embedded Media                             0.001 secs
    External Entry References                  0.000 secs
    Function ID                                0.004 secs
    Function Start Pre Search                  0.000 secs
    Function Start Search                      0.002 secs
    Function Start Search After Code           0.000 secs
    Function Start Search After Data           0.000 secs
    GCC Exception Handlers                     0.003 secs
    Non-Returning Functions - Discovered       0.000 secs
    Non-Returning Functions - Known            0.000 secs
    Reference                                  0.001 secs
    Shared Return Calls                        0.001 secs
    Stack                                      0.061 secs
    Subroutine References                      0.000 secs
    X86 Function Callee Purge                  0.000 secs
    x86 Constant Reference Analyzer            0.022 secs
-----------------------------------------------------
     Total Time   1 secs
-----------------------------------------------------
 (AutoAnalysisManager)  
INFO  REPORT: Analysis succeeded for file: file:///home/ion/tools/karma-lab/allobj/mesffnmin.o?MD5=cacf8f8bb041dccba04defc21e8c6aaf (HeadlessAnalyzer)  
INFO  REPORT: Execute script: DumpDecomp.java  (HeadlessAnalyzer)  
INFO  SCRIPT: /home/ion/tools/karma-lab/gscripts/DumpDecomp.java (HeadlessAnalyzer)  
INFO  DumpDecomp.java> OVERRIDES applied: 0 (GhidraScript)  
INFO  DumpDecomp.java> VTABLE: mesffnmin.o rows=0 applied=0 no-prototype=0 not-in-a-function=0 refused=0 (GhidraScript)  
INFO  DumpDecomp.java> KARMAHDR: calling conventions {__cdecl=6, unknown=1} (GhidraScript)  
INFO  DumpDecomp.java> KARMAHDR: __regparm -> __cdecl on 1 function(s), 0 refused (GhidraScript)  
INFO  DumpDecomp.java> DONE mesffnmin.o (GhidraScript)  
INFO  ANALYZING changes made by post scripts: file:///home/ion/tools/karma-lab/allobj/mesffnmin.o?MD5=cacf8f8bb041dccba04defc21e8c6aaf (HeadlessAnalyzer)  
INFO  REPORT: Post-analysis succeeded for file: file:///home/ion/tools/karma-lab/allobj/mesffnmin.o?MD5=cacf8f8bb041dccba04defc21e8c6aaf (HeadlessAnalyzer)  
INFO  /allobj/mesffnmin.o: file created (ion) (LocalFileSystem)  
INFO  REPORT: Save succeeded for: /allobj/mesffnmin.o (Proj:/allobj/mesffnmin.o) (HeadlessAnalyzer)  
INFO  REPORT: Import succeeded (HeadlessAnalyzer)  
INFO  IMPORTING: file:///home/ion/tools/karma-lab/allobj/MeXMLOutput.o?MD5=c4a5fd4c337cceb1a0f922f920602306 (HeadlessAnalyzer)  
INFO  Using Loader: Executable and Linking Format (ELF) (ProgramLoader)  
INFO  Using Language/Compiler: x86:LE:32:default:gcc (ProgramLoader)  
INFO  Using Library Search Path: [., /bin, /lib, /lib64, /lib/x86_64-linux-gnu, /lib/aarch64-linux-gnu, /usr/bin, /usr/lib, /usr/X11R6/bin, /usr/X11R6/lib, /usr/java/packages/lib, /usr/lib/x86_64-linux-gnu/jni, /usr/lib/x86_64-linux-gnu, /usr/lib/jni] (ProgramLoader)  
ERROR EXTERNAL Data ELF Relocation with offset: at 0001031f (External Location = MeMemoryAPI+0xc) (ElfRelocationHandler)  
ERROR EXTERNAL Data ELF Relocation with offset: at 0001032a (External Location = MeMemoryAPI+0xc) (ElfRelocationHandler)  
ERROR EXTERNAL Data ELF Relocation with offset: at 000103e5 (External Location = MeMemoryAPI+0xc) (ElfRelocationHandler)  
INFO  Additional info:
Loading file:///home/ion/tools/karma-lab/allobj/MeXMLOutput.o?MD5=c4a5fd4c337cceb1a0f922f920602306...
Skipping section [.data] with invalid size 0x0
Skipping section [.bss] with invalid size 0x0
------------------------------------------------

 (ProgramLoader)  
INFO  IMPORTING: Loaded 0 additional files (HeadlessAnalyzer)  
INFO  REPORT: Execute script: ParseKarmaHeaders.java  (HeadlessAnalyzer)  
INFO  SCRIPT: /home/ion/tools/karma-lab/gscripts/ParseKarmaHeaders.java (HeadlessAnalyzer)  
INFO  ParseKarmaHeaders.java> KARMAOPT: KD_GHIDRA_OPTS not set, analyzer options untouched (GhidraScript)  
INFO  parse /home/ion/tools/karma-lab/kd_protos10.h (CParserUtils)  
INFO  ParseKarmaHeaders.java> KARMAHDR: parsed FunctionDefinitions=2700 (GhidraScript)  
INFO  ParseKarmaHeaders.java> KARMAHDR: signatures applied -- defined=6 imported=1 failed=0 (GhidraScript)  
INFO  ANALYZING all memory and code: file:///home/ion/tools/karma-lab/allobj/MeXMLOutput.o?MD5=c4a5fd4c337cceb1a0f922f920602306 (HeadlessAnalyzer)  
WARN  Mismatched DWARF Attribute and Form: DW_AT_macro_info->DW_FORM_data4 (DWARFAbbreviation)  
INFO  Added 102 source map entries (DWARFImporter)  
INFO  DWARF ver[2], 1 compUnits, 206 DIES, import - total elapsed: 5ms (DWARFImportSummary)  
INFO  DWARF data type import - elapsed: 2ms (DWARFImportSummary)  
INFO  DWARF func & symbol import - elapsed: 2ms (DWARFImportSummary)  
INFO  DWARF types imported: 44 (DWARFImportSummary)  
INFO  DWARF compile dirs: [/home/icculus/projects/UT2-Code/karma/MeXML/src] (DWARFImportSummary)  
INFO  DWARF producers: [GNU C 3.2.3 20030422 (Gentoo Linux 1.4 3.2.3-r4, propolice)] (DWARFImportSummary)  
INFO  DWARF source languages: [DW_LANG_C89] (DWARFImportSummary)  
INFO  DWARF compUnit: MeXMLOutput.c (DWARFImportSummary)  
ERROR DWARF un-recoverable expressions: (DWARFImportSummary)  
ERROR   DW_OP_reg3 -> 5 (DWARFImportSummary)  
ERROR   DW_OP_reg0 -> 1 (DWARFImportSummary)  
ERROR   DW_OP_reg2 -> 1 (DWARFImportSummary)  
ERROR   DW_OP_reg7 -> 2 (DWARFImportSummary)  
ERROR   DW_OP_reg6 -> 5 (DWARFImportSummary)  
INFO  Applied data type archive: generic_clib (ApplyDataArchiveAnalyzer)  
INFO  -----------------------------------------------------
    ASCII Strings                              0.000 secs
    Apply Data Archives                        0.069 secs
    Call Convention ID                         0.918 secs
    Call-Fixup Installer                       0.000 secs
    Create Address Tables                      0.000 secs
    Create Function                            0.000 secs
    DWARF                                      0.007 secs
    Data Reference                             0.001 secs
    Decompiler Switch Analysis                 0.000 secs
    Demangler GNU                              0.001 secs
    Disassemble Entry Points                   0.003 secs
    ELF Scalar Operand References              0.001 secs
    Embedded Media                             0.001 secs
    External Entry References                  0.000 secs
    Function ID                                0.002 secs
    Function Start Pre Search                  0.001 secs
    Function Start Search                      0.002 secs
    Function Start Search After Code           0.000 secs
    Function Start Search After Data           0.001 secs
    GCC Exception Handlers                     0.001 secs
    Non-Returning Functions - Discovered       0.000 secs
    Non-Returning Functions - Known            0.000 secs
    Reference                                  0.000 secs
    Shared Return Calls                        0.000 secs
    Stack                                      0.006 secs
    Subroutine References                      0.000 secs
    X86 Function Callee Purge                  0.000 secs
    x86 Constant Reference Analyzer            0.004 secs
-----------------------------------------------------
     Total Time   1 secs
-----------------------------------------------------
 (AutoAnalysisManager)  
INFO  REPORT: Analysis succeeded for file: file:///home/ion/tools/karma-lab/allobj/MeXMLOutput.o?MD5=c4a5fd4c337cceb1a0f922f920602306 (HeadlessAnalyzer)  
INFO  REPORT: Execute script: DumpDecomp.java  (HeadlessAnalyzer)  
INFO  SCRIPT: /home/ion/tools/karma-lab/gscripts/DumpDecomp.java (HeadlessAnalyzer)  
INFO  DumpDecomp.java> OVERRIDES applied: 0 (GhidraScript)  
INFO  DumpDecomp.java> VTABLE: MeXMLOutput.o rows=6 applied=6 no-prototype=0 not-in-a-function=0 refused=0 (GhidraScript)  
INFO  DumpDecomp.java> KARMAHDR: calling conventions {__cdecl=8, unknown=6} (GhidraScript)  
INFO  DumpDecomp.java> KARMAHDR: __regparm -> __cdecl on 6 function(s), 0 refused (GhidraScript)  
INFO  DumpDecomp.java> DONE MeXMLOutput.o (GhidraScript)  
INFO  ANALYZING changes made by post scripts: file:///home/ion/tools/karma-lab/allobj/MeXMLOutput.o?MD5=c4a5fd4c337cceb1a0f922f920602306 (HeadlessAnalyzer)  
INFO  REPORT: Post-analysis succeeded for file: file:///home/ion/tools/karma-lab/allobj/MeXMLOutput.o?MD5=c4a5fd4c337cceb1a0f922f920602306 (HeadlessAnalyzer)  
INFO  /allobj/MeXMLOutput.o: file created (ion) (LocalFileSystem)  
INFO  REPORT: Save succeeded for: /allobj/MeXMLOutput.o (Proj:/allobj/MeXMLOutput.o) (HeadlessAnalyzer)  
INFO  REPORT: Import succeeded (HeadlessAnalyzer)  
INFO  IMPORTING: file:///home/ion/tools/karma-lab/allobj/McdConvexMeshMassProps.o?MD5=98899f2ed3c0a812a0dab6e9056f5c1a (HeadlessAnalyzer)  
INFO  Using Loader: Executable and Linking Format (ELF) (ProgramLoader)  
INFO  Using Language/Compiler: x86:LE:32:default:gcc (ProgramLoader)  
INFO  Using Library Search Path: [., /bin, /lib, /lib64, /lib/x86_64-linux-gnu, /lib/aarch64-linux-gnu, /usr/bin, /usr/lib, /usr/X11R6/bin, /usr/X11R6/lib, /usr/java/packages/lib, /usr/lib/x86_64-linux-gnu/jni, /usr/lib/x86_64-linux-gnu, /usr/lib/jni] (ProgramLoader)  
INFO  Additional info:
Loading file:///home/ion/tools/karma-lab/allobj/McdConvexMeshMassProps.o?MD5=98899f2ed3c0a812a0dab6e9056f5c1a...
Skipping section [.data] with invalid size 0x0
Skipping section [.bss] with invalid size 0x0
------------------------------------------------

 (ProgramLoader)  
INFO  IMPORTING: Loaded 0 additional files (HeadlessAnalyzer)  
INFO  REPORT: Execute script: ParseKarmaHeaders.java  (HeadlessAnalyzer)  
INFO  SCRIPT: /home/ion/tools/karma-lab/gscripts/ParseKarmaHeaders.java (HeadlessAnalyzer)  
INFO  ParseKarmaHeaders.java> KARMAOPT: KD_GHIDRA_OPTS not set, analyzer options untouched (GhidraScript)  
INFO  parse /home/ion/tools/karma-lab/kd_protos10.h (CParserUtils)  
INFO  ParseKarmaHeaders.java> KARMAHDR: parsed FunctionDefinitions=2700 (GhidraScript)  
INFO  ParseKarmaHeaders.java> KARMAHDR: signatures applied -- defined=5 imported=4 failed=0 (GhidraScript)  
INFO  ANALYZING all memory and code: file:///home/ion/tools/karma-lab/allobj/McdConvexMeshMassProps.o?MD5=98899f2ed3c0a812a0dab6e9056f5c1a (HeadlessAnalyzer)  
WARN  Mismatched DWARF Attribute and Form: DW_AT_macro_info->DW_FORM_data4 (DWARFAbbreviation)  
INFO  Added 269 source map entries (DWARFImporter)  
INFO  DWARF ver[2], 1 compUnits, 577 DIES, import - total elapsed: 17ms (DWARFImportSummary)  
INFO  DWARF data type import - elapsed: 9ms (DWARFImportSummary)  
INFO  DWARF func & symbol import - elapsed: 3ms (DWARFImportSummary)  
INFO  DWARF types imported: 152 (DWARFImportSummary)  
INFO  DWARF compile dirs: [/home/icculus/projects/UT2-Code/karma/Mcd/src/convex] (DWARFImportSummary)  
INFO  DWARF producers: [GNU C 3.2.3 20030422 (Gentoo Linux 1.4 3.2.3-r4, propolice)] (DWARFImportSummary)  
INFO  DWARF source languages: [DW_LANG_C89] (DWARFImportSummary)  
INFO  DWARF compUnit: McdConvexMeshMassProps.c (DWARFImportSummary)  
ERROR DWARF un-recoverable expressions: (DWARFImportSummary)  
ERROR   DW_OP_reg12 -> 1 (DWARFImportSummary)  
ERROR   DW_OP_reg13 -> 2 (DWARFImportSummary)  
ERROR   DW_OP_reg11 -> 5 (DWARFImportSummary)  
ERROR   DW_OP_reg3 -> 1 (DWARFImportSummary)  
ERROR   DW_OP_reg0 -> 3 (DWARFImportSummary)  
ERROR   DW_OP_reg18 -> 1 (DWARFImportSummary)  
ERROR   DW_OP_reg14 -> 2 (DWARFImportSummary)  
ERROR   DW_OP_reg7 -> 1 (DWARFImportSummary)  
ERROR   DW_OP_reg16 -> 1 (DWARFImportSummary)  
ERROR   DW_OP_reg17 -> 1 (DWARFImportSummary)  
ERROR   DW_OP_reg6 -> 2 (DWARFImportSummary)  
INFO  Applied data type archive: generic_clib (ApplyDataArchiveAnalyzer)  
INFO  REPORT: Analysis succeeded for file: file:///home/ion/tools/karma-lab/allobj/McdConvexMeshMassProps.o?MD5=98899f2ed3c0a812a0dab6e9056f5c1a (HeadlessAnalyzer)  
INFO  REPORT: Execute script: DumpDecomp.java  (HeadlessAnalyzer)  
INFO  SCRIPT: /home/ion/tools/karma-lab/gscripts/DumpDecomp.java (HeadlessAnalyzer)  
INFO  DumpDecomp.java> OVERRIDES applied: 0 (GhidraScript)  
INFO  DumpDecomp.java> VTABLE: McdConvexMeshMassProps.o rows=0 applied=0 no-prototype=0 not-in-a-function=0 refused=0 (GhidraScript)  
INFO  DumpDecomp.java> KARMAHDR: calling conventions {__cdecl=1, unknown=5} (GhidraScript)  
INFO  DumpDecomp.java> KARMAHDR: __regparm -> __cdecl on 5 function(s), 0 refused (GhidraScript)  
INFO  DumpDecomp.java> DONE McdConvexMeshMassProps.o (GhidraScript)  
INFO  ANALYZING changes made by post scripts: file:///home/ion/tools/karma-lab/allobj/McdConvexMeshMassProps.o?MD5=98899f2ed3c0a812a0dab6e9056f5c1a (HeadlessAnalyzer)  
INFO  REPORT: Post-analysis succeeded for file: file:///home/ion/tools/karma-lab/allobj/McdConvexMeshMassProps.o?MD5=98899f2ed3c0a812a0dab6e9056f5c1a (HeadlessAnalyzer)  
INFO  /allobj/McdConvexMeshMassProps.o: file created (ion) (LocalFileSystem)  
INFO  REPORT: Save succeeded for: /allobj/McdConvexMeshMassProps.o (Proj:/allobj/McdConvexMeshMassProps.o) (HeadlessAnalyzer)  
INFO  REPORT: Import succeeded (HeadlessAnalyzer)  
INFO  IMPORTING: file:///home/ion/tools/karma-lab/allobj/McdSphere.o?MD5=0b0e4182629933f8188d7a2a27112e8d (HeadlessAnalyzer)  
INFO  Using Loader: Executable and Linking Format (ELF) (ProgramLoader)  
INFO  Using Language/Compiler: x86:LE:32:default:gcc (ProgramLoader)  
INFO  Using Library Search Path: [., /bin, /lib, /lib64, /lib/x86_64-linux-gnu, /lib/aarch64-linux-gnu, /usr/bin, /usr/lib, /usr/X11R6/bin, /usr/X11R6/lib, /usr/java/packages/lib, /usr/lib/x86_64-linux-gnu/jni, /usr/lib/x86_64-linux-gnu, /usr/lib/jni] (ProgramLoader)  
ERROR EXTERNAL Data ELF Relocation with offset: at 0001005d (External Location = MeMemoryAPI+0x8) (ElfRelocationHandler)  
INFO  Additional info:
Loading file:///home/ion/tools/karma-lab/allobj/McdSphere.o?MD5=0b0e4182629933f8188d7a2a27112e8d...
Skipping section [.data] with invalid size 0x0
Skipping section [.bss] with invalid size 0x0
------------------------------------------------

 (ProgramLoader)  
INFO  IMPORTING: Loaded 0 additional files (HeadlessAnalyzer)  
INFO  REPORT: Execute script: ParseKarmaHeaders.java  (HeadlessAnalyzer)  
INFO  SCRIPT: /home/ion/tools/karma-lab/gscripts/ParseKarmaHeaders.java (HeadlessAnalyzer)  
INFO  ParseKarmaHeaders.java> KARMAOPT: KD_GHIDRA_OPTS not set, analyzer options untouched (GhidraScript)  
INFO  parse /home/ion/tools/karma-lab/kd_protos10.h (CParserUtils)  
INFO  ParseKarmaHeaders.java> KARMAHDR: parsed FunctionDefinitions=2700 (GhidraScript)  
INFO  ParseKarmaHeaders.java> KARMAHDR: signatures applied -- defined=16 imported=5 failed=0 (GhidraScript)  
INFO  ANALYZING all memory and code: file:///home/ion/tools/karma-lab/allobj/McdSphere.o?MD5=0b0e4182629933f8188d7a2a27112e8d (HeadlessAnalyzer)  
WARN  Mismatched DWARF Attribute and Form: DW_AT_macro_info->DW_FORM_data4 (DWARFAbbreviation)  
INFO  Added 139 source map entries (DWARFImporter)  
INFO  DWARF ver[2], 1 compUnits, 1429 DIES, import - total elapsed: 21ms (DWARFImportSummary)  
INFO  DWARF data type import - elapsed: 12ms (DWARFImportSummary)  
INFO  DWARF func & symbol import - elapsed: 4ms (DWARFImportSummary)  
INFO  DWARF types imported: 194 (DWARFImportSummary)  
INFO  DWARF compile dirs: [/home/icculus/projects/UT2-Code/karma/Mcd/src/primitives] (DWARFImportSummary)  
INFO  DWARF producers: [GNU C++ 3.2.3 20030422 (Gentoo Linux 1.4 3.2.3-r4, propolice)] (DWARFImportSummary)  
INFO  DWARF source languages: [DW_LANG_C_plus_plus] (DWARFImportSummary)  
INFO  DWARF compUnit: McdSphere.cpp (DWARFImportSummary)  
ERROR DWARF un-recoverable expressions: (DWARFImportSummary)  
ERROR   DW_OP_reg12 -> 1 (DWARFImportSummary)  
ERROR   DW_OP_reg3 -> 4 (DWARFImportSummary)  
ERROR   DW_OP_reg1 -> 1 (DWARFImportSummary)  
ERROR   DW_OP_reg0 -> 10 (DWARFImportSummary)  
ERROR   DW_OP_reg2 -> 3 (DWARFImportSummary)  
ERROR   DW_OP_reg7 -> 3 (DWARFImportSummary)  
ERROR   DW_OP_reg6 -> 2 (DWARFImportSummary)  
INFO  Applied data type archive: generic_clib (ApplyDataArchiveAnalyzer)  
INFO  -----------------------------------------------------
    ASCII Strings                              0.000 secs
    Apply Data Archives                        0.041 secs
    Call Convention ID                         1.807 secs
    Call-Fixup Installer                       0.000 secs
    Create Address Tables                      0.000 secs
    Create Function                            0.000 secs
    DWARF                                      0.023 secs
    Data Reference                             0.001 secs
    Decompiler Switch Analysis                 0.000 secs
    Demangler GNU                              0.002 secs
    Disassemble Entry Points                   0.004 secs
    ELF Scalar Operand References              0.002 secs
    Embedded Media                             0.001 secs
    External Entry References                  0.000 secs
    Function ID                                0.002 secs
    Function Start Pre Search                  0.001 secs
    Function Start Search                      0.002 secs
    Function Start Search After Code           0.000 secs
    Function Start Search After Data           0.000 secs
    GCC Exception Handlers                     0.002 secs
    Non-Returning Functions - Discovered       0.000 secs
    Non-Returning Functions - Known            0.001 secs
    Reference                                  0.000 secs
    Shared Return Calls                        0.001 secs
    Stack                                      0.006 secs
    Subroutine References                      0.000 secs
    X86 Function Callee Purge                  0.000 secs
    x86 Constant Reference Analyzer            0.004 secs
-----------------------------------------------------
     Total Time   1 secs
-----------------------------------------------------
 (AutoAnalysisManager)  
INFO  REPORT: Analysis succeeded for file: file:///home/ion/tools/karma-lab/allobj/McdSphere.o?MD5=0b0e4182629933f8188d7a2a27112e8d (HeadlessAnalyzer)  
INFO  REPORT: Execute script: DumpDecomp.java  (HeadlessAnalyzer)  
INFO  SCRIPT: /home/ion/tools/karma-lab/gscripts/DumpDecomp.java (HeadlessAnalyzer)  
INFO  DumpDecomp.java> OVERRIDES applied: 0 (GhidraScript)  
INFO  DumpDecomp.java> VTABLE: McdSphere.o rows=2 applied=2 no-prototype=0 not-in-a-function=0 refused=0 (GhidraScript)  
INFO  DumpDecomp.java> KARMAHDR: calling conventions {__cdecl=8, unknown=8} (GhidraScript)  
INFO  DumpDecomp.java> KARMAHDR: __regparm -> __cdecl on 8 function(s), 0 refused (GhidraScript)  
INFO  DumpDecomp.java> DONE McdSphere.o (GhidraScript)  
INFO  ANALYZING changes made by post scripts: file:///home/ion/tools/karma-lab/allobj/McdSphere.o?MD5=0b0e4182629933f8188d7a2a27112e8d (HeadlessAnalyzer)  
INFO  REPORT: Post-analysis succeeded for file: file:///home/ion/tools/karma-lab/allobj/McdSphere.o?MD5=0b0e4182629933f8188d7a2a27112e8d (HeadlessAnalyzer)  
INFO  /allobj/McdSphere.o: file created (ion) (LocalFileSystem)  
INFO  REPORT: Save succeeded for: /allobj/McdSphere.o (Proj:/allobj/McdSphere.o) (HeadlessAnalyzer)  
INFO  REPORT: Import succeeded (HeadlessAnalyzer)  
INFO  IMPORTING: file:///home/ion/tools/karma-lab/allobj/MeFGeometryFromMesh.o?MD5=407c6c290bbc257d8b1c8a7450664e6f (HeadlessAnalyzer)  
INFO  Using Loader: Executable and Linking Format (ELF) (ProgramLoader)  
INFO  Using Language/Compiler: x86:LE:32:default:gcc (ProgramLoader)  
INFO  Using Library Search Path: [., /bin, /lib, /lib64, /lib/x86_64-linux-gnu, /lib/aarch64-linux-gnu, /usr/bin, /usr/lib, /usr/X11R6/bin, /usr/X11R6/lib, /usr/java/packages/lib, /usr/lib/x86_64-linux-gnu/jni, /usr/lib/x86_64-linux-gnu, /usr/lib/jni] (ProgramLoader)  
INFO  Additional info:
Loading file:///home/ion/tools/karma-lab/allobj/MeFGeometryFromMesh.o?MD5=407c6c290bbc257d8b1c8a7450664e6f...
Skipping section [.data] with invalid size 0x0
Skipping section [.bss] with invalid size 0x0
------------------------------------------------

 (ProgramLoader)  
INFO  IMPORTING: Loaded 0 additional files (HeadlessAnalyzer)  
INFO  REPORT: Execute script: ParseKarmaHeaders.java  (HeadlessAnalyzer)  
INFO  SCRIPT: /home/ion/tools/karma-lab/gscripts/ParseKarmaHeaders.java (HeadlessAnalyzer)  
INFO  ParseKarmaHeaders.java> KARMAOPT: KD_GHIDRA_OPTS not set, analyzer options untouched (GhidraScript)  
INFO  parse /home/ion/tools/karma-lab/kd_protos10.h (CParserUtils)  
INFO  ParseKarmaHeaders.java> KARMAHDR: parsed FunctionDefinitions=2700 (GhidraScript)  
INFO  ParseKarmaHeaders.java> KARMAHDR: signatures applied -- defined=18 imported=12 failed=0 (GhidraScript)  
INFO  ANALYZING all memory and code: file:///home/ion/tools/karma-lab/allobj/MeFGeometryFromMesh.o?MD5=407c6c290bbc257d8b1c8a7450664e6f (HeadlessAnalyzer)  
WARN  Mismatched DWARF Attribute and Form: DW_AT_macro_info->DW_FORM_data4 (DWARFAbbreviation)  
INFO  Added 892 source map entries (DWARFImporter)  
INFO  DWARF ver[2], 1 compUnits, 1319 DIES, import - total elapsed: 20ms (DWARFImportSummary)  
INFO  DWARF data type import - elapsed: 8ms (DWARFImportSummary)  
INFO  DWARF func & symbol import - elapsed: 6ms (DWARFImportSummary)  
INFO  DWARF types imported: 110 (DWARFImportSummary)  
INFO  DWARF compile dirs: [/home/icculus/projects/UT2-Code/karma/MeAssetDB/src] (DWARFImportSummary)  
INFO  DWARF producers: [GNU C 3.2.3 20030422 (Gentoo Linux 1.4 3.2.3-r4, propolice)] (DWARFImportSummary)  
INFO  DWARF source languages: [DW_LANG_C89] (DWARFImportSummary)  
INFO  DWARF compUnit: MeFGeometryFromMesh.c (DWARFImportSummary)  
ERROR DWARF un-recoverable expressions: (DWARFImportSummary)  
ERROR   DW_OP_reg12 -> 7 (DWARFImportSummary)  
ERROR   DW_OP_reg13 -> 4 (DWARFImportSummary)  
ERROR   DW_OP_reg11 -> 9 (DWARFImportSummary)  
ERROR   DW_OP_reg3 -> 5 (DWARFImportSummary)  
ERROR   DW_OP_reg1 -> 7 (DWARFImportSummary)  
ERROR   DW_OP_reg0 -> 2 (DWARFImportSummary)  
ERROR   DW_OP_reg2 -> 2 (DWARFImportSummary)  
ERROR   DW_OP_reg18 -> 2 (DWARFImportSummary)  
ERROR   DW_OP_reg14 -> 2 (DWARFImportSummary)  
ERROR   DW_OP_reg7 -> 5 (DWARFImportSummary)  
ERROR   DW_OP_reg15 -> 1 (DWARFImportSummary)  
ERROR   DW_OP_reg6 -> 4 (DWARFImportSummary)  
INFO  Applied data type archive: generic_clib (ApplyDataArchiveAnalyzer)  
INFO  REPORT: Analysis succeeded for file: file:///home/ion/tools/karma-lab/allobj/MeFGeometryFromMesh.o?MD5=407c6c290bbc257d8b1c8a7450664e6f (HeadlessAnalyzer)  
INFO  REPORT: Execute script: DumpDecomp.java  (HeadlessAnalyzer)  
INFO  SCRIPT: /home/ion/tools/karma-lab/gscripts/DumpDecomp.java (HeadlessAnalyzer)  
INFO  DumpDecomp.java> OVERRIDES applied: 0 (GhidraScript)  
INFO  DumpDecomp.java> VTABLE: MeFGeometryFromMesh.o rows=0 applied=0 no-prototype=0 not-in-a-function=0 refused=0 (GhidraScript)  
INFO  DumpDecomp.java> KARMAHDR: calling conventions {__cdecl=3, unknown=19} (GhidraScript)  
INFO  DumpDecomp.java> KARMAHDR: __regparm -> __cdecl on 19 function(s), 0 refused (GhidraScript)  
INFO  DumpDecomp.java> DONE MeFGeometryFromMesh.o (GhidraScript)  
INFO  ANALYZING changes made by post scripts: file:///home/ion/tools/karma-lab/allobj/MeFGeometryFromMesh.o?MD5=407c6c290bbc257d8b1c8a7450664e6f (HeadlessAnalyzer)  
INFO  REPORT: Post-analysis succeeded for file: file:///home/ion/tools/karma-lab/allobj/MeFGeometryFromMesh.o?MD5=407c6c290bbc257d8b1c8a7450664e6f (HeadlessAnalyzer)  
INFO  /allobj/MeFGeometryFromMesh.o: file created (ion) (LocalFileSystem)  
INFO  REPORT: Save succeeded for: /allobj/MeFGeometryFromMesh.o (Proj:/allobj/MeFGeometryFromMesh.o) (HeadlessAnalyzer)  
INFO  REPORT: Import succeeded (HeadlessAnalyzer)  
INFO  IMPORTING: file:///home/ion/tools/karma-lab/allobj/MeAssetFactory.o?MD5=681e7df4e8c62142de95b99f5c96259d (HeadlessAnalyzer)  
INFO  Using Loader: Executable and Linking Format (ELF) (ProgramLoader)  
INFO  Using Language/Compiler: x86:LE:32:default:gcc (ProgramLoader)  
INFO  Using Library Search Path: [., /bin, /lib, /lib64, /lib/x86_64-linux-gnu, /lib/aarch64-linux-gnu, /usr/bin, /usr/lib, /usr/X11R6/bin, /usr/X11R6/lib, /usr/java/packages/lib, /usr/lib/x86_64-linux-gnu/jni, /usr/lib/x86_64-linux-gnu, /usr/lib/jni] (ProgramLoader)  
ERROR EXTERNAL Data ELF Relocation with offset: at 0001007d (External Location = MeMemoryAPI+0xc) (ElfRelocationHandler)  
ERROR EXTERNAL Data ELF Relocation with offset: at 00010093 (External Location = MeMemoryAPI+0xc) (ElfRelocationHandler)  
ERROR EXTERNAL Data ELF Relocation with offset: at 000100a5 (External Location = MeMemoryAPI+0xc) (ElfRelocationHandler)  
ERROR EXTERNAL Data ELF Relocation with offset: at 00010548 (External Location = MeMemoryAPI+0xc) (ElfRelocationHandler)  
ERROR EXTERNAL Data ELF Relocation with offset: at 0001060e (External Location = MeMemoryAPI+0x10) (ElfRelocationHandler)  
ERROR EXTERNAL Data ELF Relocation with offset: at 00010707 (External Location = MeMemoryAPI+0xc) (ElfRelocationHandler)  
INFO  Additional info:
Loading file:///home/ion/tools/karma-lab/allobj/MeAssetFactory.o?MD5=681e7df4e8c62142de95b99f5c96259d...
Skipping section [.data] with invalid size 0x0
Skipping section [.bss] with invalid size 0x0
------------------------------------------------

 (ProgramLoader)  
INFO  IMPORTING: Loaded 0 additional files (HeadlessAnalyzer)  
INFO  REPORT: Execute script: ParseKarmaHeaders.java  (HeadlessAnalyzer)  
INFO  SCRIPT: /home/ion/tools/karma-lab/gscripts/ParseKarmaHeaders.java (HeadlessAnalyzer)  
INFO  ParseKarmaHeaders.java> KARMAOPT: KD_GHIDRA_OPTS not set, analyzer options untouched (GhidraScript)  
INFO  parse /home/ion/tools/karma-lab/kd_protos10.h (CParserUtils)  
INFO  ParseKarmaHeaders.java> KARMAHDR: parsed FunctionDefinitions=2700 (GhidraScript)  
INFO  ParseKarmaHeaders.java> KARMAHDR: signatures applied -- defined=66 imported=44 failed=0 (GhidraScript)  
INFO  ANALYZING all memory and code: file:///home/ion/tools/karma-lab/allobj/MeAssetFactory.o?MD5=681e7df4e8c62142de95b99f5c96259d (HeadlessAnalyzer)  
WARN  Mismatched DWARF Attribute and Form: DW_AT_macro_info->DW_FORM_data4 (DWARFAbbreviation)  
INFO  Added 205 source map entries (DWARFImporter)  
INFO  DWARF ver[2], 1 compUnits, 1416 DIES, import - total elapsed: 45ms (DWARFImportSummary)  
INFO  DWARF data type import - elapsed: 24ms (DWARFImportSummary)  
INFO  DWARF func & symbol import - elapsed: 6ms (DWARFImportSummary)  
INFO  DWARF types imported: 357 (DWARFImportSummary)  
INFO  DWARF compile dirs: [/home/icculus/projects/UT2-Code/karma/MeAssetFactory/src] (DWARFImportSummary)  
INFO  DWARF producers: [GNU C 3.2.3 20030422 (Gentoo Linux 1.4 3.2.3-r4, propolice)] (DWARFImportSummary)  
INFO  DWARF source languages: [DW_LANG_C89] (DWARFImportSummary)  
INFO  DWARF compUnit: MeAssetFactory.c (DWARFImportSummary)  
ERROR DWARF un-recoverable expressions: (DWARFImportSummary)  
ERROR   DW_OP_reg3 -> 10 (DWARFImportSummary)  
ERROR   DW_OP_reg0 -> 14 (DWARFImportSummary)  
ERROR   DW_OP_reg2 -> 15 (DWARFImportSummary)  
ERROR   DW_OP_reg7 -> 4 (DWARFImportSummary)  
ERROR   DW_OP_reg6 -> 7 (DWARFImportSummary)  
INFO  Applied data type archive: generic_clib (ApplyDataArchiveAnalyzer)  
INFO  -----------------------------------------------------
    ASCII Strings                              0.000 secs
    Apply Data Archives                        0.042 secs
    Call Convention ID                         2.294 secs
    Call-Fixup Installer                       0.000 secs
    Create Address Tables                      0.000 secs
    Create Function                            0.000 secs
    DWARF                                      0.047 secs
    Data Reference                             0.000 secs
    Decompiler Switch Analysis                 0.000 secs
    Demangler GNU                              0.003 secs
    Disassemble Entry Points                   0.008 secs
    ELF Scalar Operand References              0.002 secs
    Embedded Media                             0.000 secs
    External Entry References                  0.000 secs
    Function ID                                0.003 secs
    Function Start Pre Search                  0.001 secs
    Function Start Search                      0.002 secs
    Function Start Search After Code           0.000 secs
    Function Start Search After Data           0.001 secs
    GCC Exception Handlers                     0.002 secs
    Non-Returning Functions - Discovered       0.000 secs
    Non-Returning Functions - Known            0.000 secs
    Reference                                  0.001 secs
    Shared Return Calls                        0.001 secs
    Stack                                      0.015 secs
    Subroutine References                      0.002 secs
    X86 Function Callee Purge                  0.001 secs
    x86 Constant Reference Analyzer            0.009 secs
-----------------------------------------------------
     Total Time   2 secs
-----------------------------------------------------
 (AutoAnalysisManager)  
INFO  REPORT: Analysis succeeded for file: file:///home/ion/tools/karma-lab/allobj/MeAssetFactory.o?MD5=681e7df4e8c62142de95b99f5c96259d (HeadlessAnalyzer)  
INFO  REPORT: Execute script: DumpDecomp.java  (HeadlessAnalyzer)  
INFO  SCRIPT: /home/ion/tools/karma-lab/gscripts/DumpDecomp.java (HeadlessAnalyzer)  
INFO  DumpDecomp.java> OVERRIDES applied: 0 (GhidraScript)  
INFO  DumpDecomp.java> VTABLE: MeAssetFactory.o rows=8 applied=8 no-prototype=0 not-in-a-function=0 refused=0 (GhidraScript)  
INFO  DumpDecomp.java> KARMAHDR: calling conventions {__cdecl=16, unknown=52} (GhidraScript)  
INFO  DumpDecomp.java> KARMAHDR: __regparm -> __cdecl on 52 function(s), 0 refused (GhidraScript)  
INFO  DumpDecomp.java> DONE MeAssetFactory.o (GhidraScript)  
INFO  ANALYZING changes made by post scripts: file:///home/ion/tools/karma-lab/allobj/MeAssetFactory.o?MD5=681e7df4e8c62142de95b99f5c96259d (HeadlessAnalyzer)  
INFO  REPORT: Post-analysis succeeded for file: file:///home/ion/tools/karma-lab/allobj/MeAssetFactory.o?MD5=681e7df4e8c62142de95b99f5c96259d (HeadlessAnalyzer)  
INFO  /allobj/MeAssetFactory.o: file created (ion) (LocalFileSystem)  
INFO  REPORT: Save succeeded for: /allobj/MeAssetFactory.o (Proj:/allobj/MeAssetFactory.o) (HeadlessAnalyzer)  
INFO  REPORT: Import succeeded (HeadlessAnalyzer)  
INFO  IMPORTING: file:///home/ion/tools/karma-lab/allobj/McdModelPairManager.o?MD5=f44c3d70d90a5d10977d8be180f18442 (HeadlessAnalyzer)  
INFO  Using Loader: Executable and Linking Format (ELF) (ProgramLoader)  
INFO  Using Language/Compiler: x86:LE:32:default:gcc (ProgramLoader)  
INFO  Using Library Search Path: [., /bin, /lib, /lib64, /lib/x86_64-linux-gnu, /lib/aarch64-linux-gnu, /usr/bin, /usr/lib, /usr/X11R6/bin, /usr/X11R6/lib, /usr/java/packages/lib, /usr/lib/x86_64-linux-gnu/jni, /usr/lib/x86_64-linux-gnu, /usr/lib/jni] (ProgramLoader)  
ERROR EXTERNAL Data ELF Relocation with offset: at 0001007f (External Location = MeMemoryAPI+0xc) (ElfRelocationHandler)  
ERROR EXTERNAL Data ELF Relocation with offset: at 00010088 (External Location = MeMemoryAPI+0xc) (ElfRelocationHandler)  
ERROR EXTERNAL Data ELF Relocation with offset: at 00010143 (External Location = MeMemoryAPI+0xc) (ElfRelocationHandler)  
ERROR EXTERNAL Data ELF Relocation with offset: at 0001014c (External Location = MeMemoryAPI+0xc) (ElfRelocationHandler)  
ERROR EXTERNAL Data ELF Relocation with offset: at 00010157 (External Location = MePoolAPI+0x4) (ElfRelocationHandler)  
ERROR EXTERNAL Data ELF Relocation with offset: at 00010162 (External Location = MeMemoryAPI+0xc) (ElfRelocationHandler)  
ERROR EXTERNAL Data ELF Relocation with offset: at 0001016d (External Location = MePoolAPI+0x4) (ElfRelocationHandler)  
ERROR EXTERNAL Data ELF Relocation with offset: at 00010178 (External Location = MeMemoryAPI+0xc) (ElfRelocationHandler)  
ERROR EXTERNAL Data ELF Relocation with offset: at 00010181 (External Location = MeMemoryAPI+0xc) (ElfRelocationHandler)  
ERROR EXTERNAL Data ELF Relocation with offset: at 00010494 (External Location = MePoolAPI+0xc) (ElfRelocationHandler)  
ERROR EXTERNAL Data ELF Relocation with offset: at 000104b0 (External Location = MePoolAPI+0xc) (ElfRelocationHandler)  
ERROR EXTERNAL Data ELF Relocation with offset: at 0001063b (External Location = MePoolAPI+0x10) (ElfRelocationHandler)  
ERROR EXTERNAL Data ELF Relocation with offset: at 0001064b (External Location = MePoolAPI+0x10) (ElfRelocationHandler)  
ERROR EXTERNAL Data ELF Relocation with offset: at 000106d1 (External Location = MePoolAPI+0x10) (ElfRelocationHandler)  
ERROR EXTERNAL Data ELF Relocation with offset: at 000106de (External Location = MePoolAPI+0x10) (ElfRelocationHandler)  
ERROR EXTERNAL Data ELF Relocation with offset: at 00010741 (External Location = MePoolAPI+0x14) (ElfRelocationHandler)  
ERROR EXTERNAL Data ELF Relocation with offset: at 0001074e (External Location = MePoolAPI+0x18) (ElfRelocationHandler)  
INFO  Additional info:
Loading file:///home/ion/tools/karma-lab/allobj/McdModelPairManager.o?MD5=f44c3d70d90a5d10977d8be180f18442...
Skipping section [.data] with invalid size 0x0
Skipping section [.bss] with invalid size 0x0
------------------------------------------------

 (ProgramLoader)  
INFO  IMPORTING: Loaded 0 additional files (HeadlessAnalyzer)  
INFO  REPORT: Execute script: ParseKarmaHeaders.java  (HeadlessAnalyzer)  
INFO  SCRIPT: /home/ion/tools/karma-lab/gscripts/ParseKarmaHeaders.java (HeadlessAnalyzer)  
INFO  ParseKarmaHeaders.java> KARMAOPT: KD_GHIDRA_OPTS not set, analyzer options untouched (GhidraScript)  
INFO  parse /home/ion/tools/karma-lab/kd_protos10.h (CParserUtils)  
INFO  ParseKarmaHeaders.java> KARMAHDR: parsed FunctionDefinitions=2700 (GhidraScript)  
INFO  ParseKarmaHeaders.java> KARMAHDR: signatures applied -- defined=13 imported=2 failed=0 (GhidraScript)  
INFO  ANALYZING all memory and code: file:///home/ion/tools/karma-lab/allobj/McdModelPairManager.o?MD5=f44c3d70d90a5d10977d8be180f18442 (HeadlessAnalyzer)  
WARN  Mismatched DWARF Attribute and Form: DW_AT_macro_info->DW_FORM_data4 (DWARFAbbreviation)  
INFO  Added 253 source map entries (DWARFImporter)  
INFO  DWARF ver[2], 1 compUnits, 1085 DIES, import - total elapsed: 24ms (DWARFImportSummary)  
INFO  DWARF data type import - elapsed: 13ms (DWARFImportSummary)  
INFO  DWARF func & symbol import - elapsed: 4ms (DWARFImportSummary)  
INFO  DWARF types imported: 202 (DWARFImportSummary)  
INFO  DWARF compile dirs: [/home/icculus/projects/UT2-Code/karma/Mcd/src/frame] (DWARFImportSummary)  
INFO  DWARF producers: [GNU C++ 3.2.3 20030422 (Gentoo Linux 1.4 3.2.3-r4, propolice)] (DWARFImportSummary)  
INFO  DWARF source languages: [DW_LANG_C_plus_plus] (DWARFImportSummary)  
INFO  DWARF compUnit: McdModelPairManager.cpp (DWARFImportSummary)  
ERROR DWARF un-recoverable expressions: (DWARFImportSummary)  
ERROR   DW_OP_reg3 -> 7 (DWARFImportSummary)  
ERROR   DW_OP_reg1 -> 5 (DWARFImportSummary)  
ERROR   DW_OP_reg0 -> 15 (DWARFImportSummary)  
ERROR   DW_OP_reg2 -> 5 (DWARFImportSummary)  
ERROR   DW_OP_reg7 -> 5 (DWARFImportSummary)  
ERROR   DW_OP_reg6 -> 11 (DWARFImportSummary)  
INFO  Applied data type archive: generic_clib (ApplyDataArchiveAnalyzer)  
INFO  -----------------------------------------------------
    ASCII Strings                              0.001 secs
    Apply Data Archives                        0.049 secs
    Call Convention ID                         2.280 secs
    Call-Fixup Installer                       0.000 secs
    Create Address Tables                      0.001 secs
    Create Function                            0.000 secs
    DWARF                                      0.025 secs
    Data Reference                             0.001 secs
    Decompiler Switch Analysis                 0.000 secs
    Demangler GNU                              0.004 secs
    Disassemble Entry Points                   0.026 secs
    ELF Scalar Operand References              0.003 secs
    Embedded Media                             0.001 secs
    External Entry References                  0.000 secs
    Function ID                                0.004 secs
    Function Start Pre Search                  0.001 secs
    Function Start Search                      0.004 secs
    Function Start Search After Code           0.000 secs
    Function Start Search After Data           0.000 secs
    GCC Exception Handlers                     0.003 secs
    Non-Returning Functions - Discovered       0.001 secs
    Non-Returning Functions - Known            0.000 secs
    Reference                                  0.000 secs
    Shared Return Calls                        0.000 secs
    Stack                                      0.011 secs
    Subroutine References                      0.000 secs
    X86 Function Callee Purge                  0.000 secs
    x86 Constant Reference Analyzer            0.009 secs
-----------------------------------------------------
     Total Time   2 secs
-----------------------------------------------------
 (AutoAnalysisManager)  
INFO  REPORT: Analysis succeeded for file: file:///home/ion/tools/karma-lab/allobj/McdModelPairManager.o?MD5=f44c3d70d90a5d10977d8be180f18442 (HeadlessAnalyzer)  
INFO  REPORT: Execute script: DumpDecomp.java  (HeadlessAnalyzer)  
INFO  SCRIPT: /home/ion/tools/karma-lab/gscripts/DumpDecomp.java (HeadlessAnalyzer)  
INFO  DumpDecomp.java> OVERRIDES applied: 0 (GhidraScript)  
INFO  DumpDecomp.java> VTABLE: McdModelPairManager.o rows=24 applied=24 no-prototype=0 not-in-a-function=0 refused=0 (GhidraScript)  
INFO  DumpDecomp.java> KARMAHDR: calling conventions {__cdecl=13, unknown=3} (GhidraScript)  
INFO  DumpDecomp.java> KARMAHDR: __regparm -> __cdecl on 3 function(s), 0 refused (GhidraScript)  
INFO  DumpDecomp.java> DONE McdModelPairManager.o (GhidraScript)  
INFO  ANALYZING changes made by post scripts: file:///home/ion/tools/karma-lab/allobj/McdModelPairManager.o?MD5=f44c3d70d90a5d10977d8be180f18442 (HeadlessAnalyzer)  
INFO  REPORT: Post-analysis succeeded for file: file:///home/ion/tools/karma-lab/allobj/McdModelPairManager.o?MD5=f44c3d70d90a5d10977d8be180f18442 (HeadlessAnalyzer)  
INFO  /allobj/McdModelPairManager.o: file created (ion) (LocalFileSystem)  
INFO  REPORT: Save succeeded for: /allobj/McdModelPairManager.o (Proj:/allobj/McdModelPairManager.o) (HeadlessAnalyzer)  
INFO  REPORT: Import succeeded (HeadlessAnalyzer)  
INFO  IMPORTING: file:///home/ion/tools/karma-lab/allobj/MstModelDynamics.o?MD5=26f80dc8034ac76c276659749fbbddaa (HeadlessAnalyzer)  
INFO  Using Loader: Executable and Linking Format (ELF) (ProgramLoader)  
INFO  Using Language/Compiler: x86:LE:32:default:gcc (ProgramLoader)  
INFO  Using Library Search Path: [., /bin, /lib, /lib64, /lib/x86_64-linux-gnu, /lib/aarch64-linux-gnu, /usr/bin, /usr/lib, /usr/X11R6/bin, /usr/X11R6/lib, /usr/java/packages/lib, /usr/lib/x86_64-linux-gnu/jni, /usr/lib/x86_64-linux-gnu, /usr/lib/jni] (ProgramLoader)  
INFO  Additional info:
Loading file:///home/ion/tools/karma-lab/allobj/MstModelDynamics.o?MD5=26f80dc8034ac76c276659749fbbddaa...
Skipping section [.data] with invalid size 0x0
Skipping section [.bss] with invalid size 0x0
------------------------------------------------

 (ProgramLoader)  
INFO  IMPORTING: Loaded 0 additional files (HeadlessAnalyzer)  
INFO  REPORT: Execute script: ParseKarmaHeaders.java  (HeadlessAnalyzer)  
INFO  SCRIPT: /home/ion/tools/karma-lab/gscripts/ParseKarmaHeaders.java (HeadlessAnalyzer)  
INFO  ParseKarmaHeaders.java> KARMAOPT: KD_GHIDRA_OPTS not set, analyzer options untouched (GhidraScript)  
INFO  parse /home/ion/tools/karma-lab/kd_protos10.h (CParserUtils)  
INFO  ParseKarmaHeaders.java> KARMAHDR: parsed FunctionDefinitions=2700 (GhidraScript)  
INFO  ParseKarmaHeaders.java> KARMAHDR: signatures applied -- defined=32 imported=29 failed=0 (GhidraScript)  
INFO  ANALYZING all memory and code: file:///home/ion/tools/karma-lab/allobj/MstModelDynamics.o?MD5=26f80dc8034ac76c276659749fbbddaa (HeadlessAnalyzer)  
WARN  Mismatched DWARF Attribute and Form: DW_AT_macro_info->DW_FORM_data4 (DWARFAbbreviation)  
INFO  Added 82 source map entries (DWARFImporter)  
INFO  DWARF ver[2], 1 compUnits, 824 DIES, import - total elapsed: 25ms (DWARFImportSummary)  
INFO  DWARF data type import - elapsed: 16ms (DWARFImportSummary)  
INFO  DWARF func & symbol import - elapsed: 1ms (DWARFImportSummary)  
INFO  DWARF types imported: 244 (DWARFImportSummary)  
INFO  DWARF compile dirs: [/home/icculus/projects/UT2-Code/karma/Mst/src] (DWARFImportSummary)  
INFO  DWARF producers: [GNU C 3.2.3 20030422 (Gentoo Linux 1.4 3.2.3-r4, propolice)] (DWARFImportSummary)  
INFO  DWARF source languages: [DW_LANG_C89] (DWARFImportSummary)  
INFO  DWARF compUnit: MstModelDynamics.c (DWARFImportSummary)  
ERROR DWARF un-recoverable expressions: (DWARFImportSummary)  
ERROR   DW_OP_reg3 -> 2 (DWARFImportSummary)  
ERROR   DW_OP_reg0 -> 3 (DWARFImportSummary)  
ERROR   DW_OP_reg7 -> 3 (DWARFImportSummary)  
ERROR   DW_OP_reg6 -> 2 (DWARFImportSummary)  
INFO  Applied data type archive: generic_clib (ApplyDataArchiveAnalyzer)  
INFO  REPORT: Analysis succeeded for file: file:///home/ion/tools/karma-lab/allobj/MstModelDynamics.o?MD5=26f80dc8034ac76c276659749fbbddaa (HeadlessAnalyzer)  
INFO  REPORT: Execute script: DumpDecomp.java  (HeadlessAnalyzer)  
INFO  SCRIPT: /home/ion/tools/karma-lab/gscripts/DumpDecomp.java (HeadlessAnalyzer)  
INFO  DumpDecomp.java> OVERRIDES applied: 0 (GhidraScript)  
INFO  DumpDecomp.java> VTABLE: MstModelDynamics.o rows=0 applied=0 no-prototype=0 not-in-a-function=0 refused=0 (GhidraScript)  
INFO  DumpDecomp.java> KARMAHDR: calling conventions {__cdecl=4, unknown=29} (GhidraScript)  
INFO  DumpDecomp.java> KARMAHDR: __regparm -> __cdecl on 29 function(s), 0 refused (GhidraScript)  
INFO  DumpDecomp.java> DONE MstModelDynamics.o (GhidraScript)  
INFO  ANALYZING changes made by post scripts: file:///home/ion/tools/karma-lab/allobj/MstModelDynamics.o?MD5=26f80dc8034ac76c276659749fbbddaa (HeadlessAnalyzer)  
INFO  REPORT: Post-analysis succeeded for file: file:///home/ion/tools/karma-lab/allobj/MstModelDynamics.o?MD5=26f80dc8034ac76c276659749fbbddaa (HeadlessAnalyzer)  
INFO  /allobj/MstModelDynamics.o: file created (ion) (LocalFileSystem)  
INFO  REPORT: Save succeeded for: /allobj/MstModelDynamics.o (Proj:/allobj/MstModelDynamics.o) (HeadlessAnalyzer)  
INFO  REPORT: Import succeeded (HeadlessAnalyzer)  
INFO  IMPORTING: file:///home/ion/tools/karma-lab/allobj/MdtBcl.o?MD5=8f4325a593ce7a68c16b6874e93f8bfc (HeadlessAnalyzer)  
INFO  Using Loader: Executable and Linking Format (ELF) (ProgramLoader)  
INFO  Using Language/Compiler: x86:LE:32:default:gcc (ProgramLoader)  
INFO  Using Library Search Path: [., /bin, /lib, /lib64, /lib/x86_64-linux-gnu, /lib/aarch64-linux-gnu, /usr/bin, /usr/lib, /usr/X11R6/bin, /usr/X11R6/lib, /usr/java/packages/lib, /usr/lib/x86_64-linux-gnu/jni, /usr/lib/x86_64-linux-gnu, /usr/lib/jni] (ProgramLoader)  
INFO  Additional info:
Loading file:///home/ion/tools/karma-lab/allobj/MdtBcl.o?MD5=8f4325a593ce7a68c16b6874e93f8bfc...
Skipping section [.data] with invalid size 0x0
Skipping section [.bss] with invalid size 0x0
------------------------------------------------

 (ProgramLoader)  
INFO  IMPORTING: Loaded 0 additional files (HeadlessAnalyzer)  
INFO  REPORT: Execute script: ParseKarmaHeaders.java  (HeadlessAnalyzer)  
INFO  SCRIPT: /home/ion/tools/karma-lab/gscripts/ParseKarmaHeaders.java (HeadlessAnalyzer)  
INFO  ParseKarmaHeaders.java> KARMAOPT: KD_GHIDRA_OPTS not set, analyzer options untouched (GhidraScript)  
INFO  parse /home/ion/tools/karma-lab/kd_protos10.h (CParserUtils)  
INFO  ParseKarmaHeaders.java> KARMAHDR: parsed FunctionDefinitions=2700 (GhidraScript)  
INFO  ParseKarmaHeaders.java> KARMAHDR: signatures applied -- defined=23 imported=3 failed=0 (GhidraScript)  
INFO  ANALYZING all memory and code: file:///home/ion/tools/karma-lab/allobj/MdtBcl.o?MD5=8f4325a593ce7a68c16b6874e93f8bfc (HeadlessAnalyzer)  
WARN  Mismatched DWARF Attribute and Form: DW_AT_macro_info->DW_FORM_data4 (DWARFAbbreviation)  
INFO  Added 3678 source map entries (DWARFImporter)  
INFO  DWARF ver[2], 1 compUnits, 4364 DIES, import - total elapsed: 53ms (DWARFImportSummary)  
INFO  DWARF data type import - elapsed: 15ms (DWARFImportSummary)  
INFO  DWARF func & symbol import - elapsed: 21ms (DWARFImportSummary)  
INFO  DWARF types imported: 178 (DWARFImportSummary)  
INFO  DWARF compile dirs: [/home/icculus/projects/UT2-Code/karma/MdtBcl/src] (DWARFImportSummary)  
INFO  DWARF producers: [GNU C++ 3.2.3 20030422 (Gentoo Linux 1.4 3.2.3-r4, propolice)] (DWARFImportSummary)  
INFO  DWARF source languages: [DW_LANG_C_plus_plus] (DWARFImportSummary)  
INFO  DWARF compUnit: MdtBcl.cpp (DWARFImportSummary)  
ERROR DWARF un-recoverable expressions: (DWARFImportSummary)  
ERROR   DW_OP_reg12 -> 18 (DWARFImportSummary)  
ERROR   DW_OP_reg11 -> 11 (DWARFImportSummary)  
ERROR   DW_OP_reg1 -> 10 (DWARFImportSummary)  
ERROR   DW_OP_reg2 -> 7 (DWARFImportSummary)  
ERROR   DW_OP_reg14 -> 13 (DWARFImportSummary)  
ERROR   DW_OP_reg7 -> 52 (DWARFImportSummary)  
ERROR   DW_OP_reg15 -> 10 (DWARFImportSummary)  
ERROR   DW_OP_reg13 -> 9 (DWARFImportSummary)  
ERROR   DW_OP_reg3 -> 20 (DWARFImportSummary)  
ERROR   DW_OP_reg0 -> 14 (DWARFImportSummary)  
ERROR   DW_OP_reg18 -> 3 (DWARFImportSummary)  
ERROR   DW_OP_reg16 -> 11 (DWARFImportSummary)  
ERROR   DW_OP_reg17 -> 6 (DWARFImportSummary)  
ERROR   DW_OP_reg6 -> 10 (DWARFImportSummary)  
INFO  Applied data type archive: generic_clib (ApplyDataArchiveAnalyzer)  
INFO  -----------------------------------------------------
    ASCII Strings                              0.003 secs
    Apply Data Archives                        0.047 secs
    Call Convention ID                         2.451 secs
    Call-Fixup Installer                       0.000 secs
    Create Address Tables                      0.008 secs
    Create Function                            0.000 secs
    DWARF                                      0.056 secs
    Data Reference                             0.002 secs
    Decompiler Switch Analysis                 0.007 secs
    Demangler GNU                              0.006 secs
    Disassemble Entry Points                   0.168 secs
    ELF Scalar Operand References              0.141 secs
    Embedded Media                             0.001 secs
    External Entry References                  0.000 secs
    Function ID                                0.067 secs
    Function Start Pre Search                  0.001 secs
    Function Start Search                      0.004 secs
    Function Start Search After Code           0.001 secs
    Function Start Search After Data           0.001 secs
    GCC Exception Handlers                     0.006 secs
    Non-Returning Functions - Discovered       0.005 secs
    Non-Returning Functions - Known            0.001 secs
    Reference                                  0.002 secs
    Shared Return Calls                        0.006 secs
    Stack                                      0.448 secs
    Subroutine References                      0.001 secs
    X86 Function Callee Purge                  0.003 secs
    x86 Constant Reference Analyzer            0.239 secs
-----------------------------------------------------
     Total Time   3 secs
-----------------------------------------------------
 (AutoAnalysisManager)  
INFO  REPORT: Analysis succeeded for file: file:///home/ion/tools/karma-lab/allobj/MdtBcl.o?MD5=8f4325a593ce7a68c16b6874e93f8bfc (HeadlessAnalyzer)  
INFO  REPORT: Execute script: DumpDecomp.java  (HeadlessAnalyzer)  
INFO  SCRIPT: /home/ion/tools/karma-lab/gscripts/DumpDecomp.java (HeadlessAnalyzer)  
INFO  DumpDecomp.java> OVERRIDES applied: 0 (GhidraScript)  
INFO  DumpDecomp.java> VTABLE: MdtBcl.o rows=0 applied=0 no-prototype=0 not-in-a-function=0 refused=0 (GhidraScript)  
INFO  DumpDecomp.java> KARMAHDR: calling conventions {__cdecl=21, unknown=22} (GhidraScript)  
INFO  DumpDecomp.java> KARMAHDR: __regparm -> __cdecl on 22 function(s), 0 refused (GhidraScript)  
WARN  Decompiling 000200f0, pcode error at c9dbc5ce: Could not follow disassembly flow into non-existing memory at c9dbc5ce (DecompileCallback)  
WARN  Decompiling 00020120, pcode error at 00020121: Unable to resolve constructor at 00020121 (DecompileCallback)  
INFO  DumpDecomp.java> DONE MdtBcl.o (GhidraScript)  
INFO  ANALYZING changes made by post scripts: file:///home/ion/tools/karma-lab/allobj/MdtBcl.o?MD5=8f4325a593ce7a68c16b6874e93f8bfc (HeadlessAnalyzer)  
INFO  REPORT: Post-analysis succeeded for file: file:///home/ion/tools/karma-lab/allobj/MdtBcl.o?MD5=8f4325a593ce7a68c16b6874e93f8bfc (HeadlessAnalyzer)  
INFO  /allobj/MdtBcl.o: file created (ion) (LocalFileSystem)  
INFO  REPORT: Save succeeded for: /allobj/MdtBcl.o (Proj:/allobj/MdtBcl.o) (HeadlessAnalyzer)  
INFO  REPORT: Import succeeded (HeadlessAnalyzer)  
INFO  IMPORTING: file:///home/ion/tools/karma-lab/allobj/MdtCarWheel.o?MD5=ab1a28a124fda96e2226d4cb0b76983a (HeadlessAnalyzer)  
INFO  Using Loader: Executable and Linking Format (ELF) (ProgramLoader)  
INFO  Using Language/Compiler: x86:LE:32:default:gcc (ProgramLoader)  
INFO  Using Library Search Path: [., /bin, /lib, /lib64, /lib/x86_64-linux-gnu, /lib/aarch64-linux-gnu, /usr/bin, /usr/lib, /usr/X11R6/bin, /usr/X11R6/lib, /usr/java/packages/lib, /usr/lib/x86_64-linux-gnu/jni, /usr/lib/x86_64-linux-gnu, /usr/lib/jni] (ProgramLoader)  
INFO  Additional info:
Loading file:///home/ion/tools/karma-lab/allobj/MdtCarWheel.o?MD5=ab1a28a124fda96e2226d4cb0b76983a...
Skipping section [.data] with invalid size 0x0
Skipping section [.bss] with invalid size 0x0
------------------------------------------------

 (ProgramLoader)  
INFO  IMPORTING: Loaded 0 additional files (HeadlessAnalyzer)  
INFO  REPORT: Execute script: ParseKarmaHeaders.java  (HeadlessAnalyzer)  
INFO  SCRIPT: /home/ion/tools/karma-lab/gscripts/ParseKarmaHeaders.java (HeadlessAnalyzer)  
INFO  ParseKarmaHeaders.java> KARMAOPT: KD_GHIDRA_OPTS not set, analyzer options untouched (GhidraScript)  
INFO  parse /home/ion/tools/karma-lab/kd_protos10.h (CParserUtils)  
INFO  ParseKarmaHeaders.java> KARMAHDR: parsed FunctionDefinitions=2700 (GhidraScript)  
INFO  ParseKarmaHeaders.java> KARMAHDR: signatures applied -- defined=37 imported=10 failed=0 (GhidraScript)  
INFO  ANALYZING all memory and code: file:///home/ion/tools/karma-lab/allobj/MdtCarWheel.o?MD5=ab1a28a124fda96e2226d4cb0b76983a (HeadlessAnalyzer)  
WARN  Mismatched DWARF Attribute and Form: DW_AT_macro_info->DW_FORM_data4 (DWARFAbbreviation)  
INFO  Added 231 source map entries (DWARFImporter)  
INFO  DWARF ver[2], 1 compUnits, 789 DIES, import - total elapsed: 19ms (DWARFImportSummary)  
INFO  DWARF data type import - elapsed: 9ms (DWARFImportSummary)  
INFO  DWARF func & symbol import - elapsed: 6ms (DWARFImportSummary)  
INFO  DWARF types imported: 124 (DWARFImportSummary)  
INFO  DWARF compile dirs: [/home/icculus/projects/UT2-Code/karma/Mdt/src] (DWARFImportSummary)  
INFO  DWARF producers: [GNU C 3.2.3 20030422 (Gentoo Linux 1.4 3.2.3-r4, propolice)] (DWARFImportSummary)  
INFO  DWARF source languages: [DW_LANG_C89] (DWARFImportSummary)  
INFO  DWARF compUnit: MdtCarWheel.c (DWARFImportSummary)  
ERROR DWARF un-recoverable expressions: (DWARFImportSummary)  
ERROR   DW_OP_reg13 -> 2 (DWARFImportSummary)  
ERROR   DW_OP_reg3 -> 8 (DWARFImportSummary)  
ERROR   DW_OP_reg0 -> 21 (DWARFImportSummary)  
ERROR   DW_OP_reg2 -> 9 (DWARFImportSummary)  
INFO  Applied data type archive: generic_clib (ApplyDataArchiveAnalyzer)  
INFO  -----------------------------------------------------
    ASCII Strings                              0.000 secs
    Apply Data Archives                        0.068 secs
    Call Convention ID                         2.285 secs
    Call-Fixup Installer                       0.000 secs
    Create Address Tables                      0.001 secs
    Create Function                            0.000 secs
    DWARF                                      0.020 secs
    Data Reference                             0.001 secs
    Decompiler Switch Analysis                 0.000 secs
    Demangler GNU                              0.003 secs
    Disassemble Entry Points                   0.005 secs
    ELF Scalar Operand References              0.004 secs
    Embedded Media                             0.000 secs
    External Entry References                  0.000 secs
    Function ID                                0.003 secs
    Function Start Pre Search                  0.001 secs
    Function Start Search                      0.002 secs
    Function Start Search After Code           0.000 secs
    Function Start Search After Data           0.000 secs
    GCC Exception Handlers                     0.004 secs
    Non-Returning Functions - Discovered       0.000 secs
    Non-Returning Functions - Known            0.001 secs
    Reference                                  0.000 secs
    Shared Return Calls                        0.001 secs
    Stack                                      0.009 secs
    Subroutine References                      0.001 secs
    X86 Function Callee Purge                  0.000 secs
    x86 Constant Reference Analyzer            0.006 secs
-----------------------------------------------------
     Total Time   2 secs
-----------------------------------------------------
 (AutoAnalysisManager)  
INFO  REPORT: Analysis succeeded for file: file:///home/ion/tools/karma-lab/allobj/MdtCarWheel.o?MD5=ab1a28a124fda96e2226d4cb0b76983a (HeadlessAnalyzer)  
INFO  REPORT: Execute script: DumpDecomp.java  (HeadlessAnalyzer)  
INFO  SCRIPT: /home/ion/tools/karma-lab/gscripts/DumpDecomp.java (HeadlessAnalyzer)  
INFO  DumpDecomp.java> OVERRIDES applied: 0 (GhidraScript)  
INFO  DumpDecomp.java> VTABLE: MdtCarWheel.o rows=0 applied=0 no-prototype=0 not-in-a-function=0 refused=0 (GhidraScript)  
INFO  DumpDecomp.java> KARMAHDR: calling conventions {__cdecl=26, unknown=11} (GhidraScript)  
INFO  DumpDecomp.java> KARMAHDR: __regparm -> __cdecl on 11 function(s), 0 refused (GhidraScript)  
INFO  DumpDecomp.java> DONE MdtCarWheel.o (GhidraScript)  
INFO  ANALYZING changes made by post scripts: file:///home/ion/tools/karma-lab/allobj/MdtCarWheel.o?MD5=ab1a28a124fda96e2226d4cb0b76983a (HeadlessAnalyzer)  
INFO  REPORT: Post-analysis succeeded for file: file:///home/ion/tools/karma-lab/allobj/MdtCarWheel.o?MD5=ab1a28a124fda96e2226d4cb0b76983a (HeadlessAnalyzer)  
INFO  /allobj/MdtCarWheel.o: file created (ion) (LocalFileSystem)  
INFO  REPORT: Save succeeded for: /allobj/MdtCarWheel.o (Proj:/allobj/MdtCarWheel.o) (HeadlessAnalyzer)  
INFO  REPORT: Import succeeded (HeadlessAnalyzer)  
INFO  IMPORTING: file:///home/ion/tools/karma-lab/allobj/MeProfile_linux.o?MD5=d97a09f1c1ffe04149ed5d651683d5e4 (HeadlessAnalyzer)  
INFO  Using Loader: Executable and Linking Format (ELF) (ProgramLoader)  
INFO  Using Language/Compiler: x86:LE:32:default:gcc (ProgramLoader)  
INFO  Using Library Search Path: [., /bin, /lib, /lib64, /lib/x86_64-linux-gnu, /lib/aarch64-linux-gnu, /usr/bin, /usr/lib, /usr/X11R6/bin, /usr/X11R6/lib, /usr/java/packages/lib, /usr/lib/x86_64-linux-gnu/jni, /usr/lib/x86_64-linux-gnu, /usr/lib/jni] (ProgramLoader)  
ERROR EXTERNAL Data ELF Relocation with offset: at 0001005f (External Location = frameTime+0x4) (ElfRelocationHandler)  
ERROR EXTERNAL Data ELF Relocation with offset: at 00010065 (External Location = frameTime+0x8) (ElfRelocationHandler)  
ERROR EXTERNAL Data ELF Relocation with offset: at 0001006f (External Location = frameTime+0xc) (ElfRelocationHandler)  
ERROR EXTERNAL Data ELF Relocation with offset: at 00010079 (External Location = frameTime+0x10) (ElfRelocationHandler)  
ERROR EXTERNAL Data ELF Relocation with offset: at 00010083 (External Location = frameTime+0x14) (ElfRelocationHandler)  
ERROR EXTERNAL Data ELF Relocation with offset: at 00010146 (External Location = clockSpeed+0x4) (ElfRelocationHandler)  
INFO  Additional info:
Loading file:///home/ion/tools/karma-lab/allobj/MeProfile_linux.o?MD5=d97a09f1c1ffe04149ed5d651683d5e4...
Skipping section [.data] with invalid size 0x0
Skipping section [.bss] with invalid size 0x0
------------------------------------------------

 (ProgramLoader)  
INFO  IMPORTING: Loaded 0 additional files (HeadlessAnalyzer)  
INFO  REPORT: Execute script: ParseKarmaHeaders.java  (HeadlessAnalyzer)  
INFO  SCRIPT: /home/ion/tools/karma-lab/gscripts/ParseKarmaHeaders.java (HeadlessAnalyzer)  
INFO  ParseKarmaHeaders.java> KARMAOPT: KD_GHIDRA_OPTS not set, analyzer options untouched (GhidraScript)  
INFO  parse /home/ion/tools/karma-lab/kd_protos10.h (CParserUtils)  
INFO  ParseKarmaHeaders.java> KARMAHDR: parsed FunctionDefinitions=2700 (GhidraScript)  
INFO  ParseKarmaHeaders.java> KARMAHDR: signatures applied -- defined=6 imported=0 failed=0 (GhidraScript)  
INFO  ANALYZING all memory and code: file:///home/ion/tools/karma-lab/allobj/MeProfile_linux.o?MD5=d97a09f1c1ffe04149ed5d651683d5e4 (HeadlessAnalyzer)  
WARN  Mismatched DWARF Attribute and Form: DW_AT_macro_info->DW_FORM_data4 (DWARFAbbreviation)  
INFO  Added 46 source map entries (DWARFImporter)  
INFO  DWARF ver[2], 1 compUnits, 97 DIES, import - total elapsed: 3ms (DWARFImportSummary)  
INFO  DWARF data type import - elapsed: 1ms (DWARFImportSummary)  
INFO  DWARF func & symbol import - elapsed: 1ms (DWARFImportSummary)  
INFO  DWARF types imported: 20 (DWARFImportSummary)  
INFO  DWARF compile dirs: [/home/icculus/projects/UT2-Code/karma/MeGlobals/src] (DWARFImportSummary)  
INFO  DWARF producers: [GNU C 3.2.3 20030422 (Gentoo Linux 1.4 3.2.3-r4, propolice)] (DWARFImportSummary)  
INFO  DWARF source languages: [DW_LANG_C89] (DWARFImportSummary)  
INFO  DWARF compUnit: MeProfile_linux.c (DWARFImportSummary)  
ERROR DWARF un-recoverable expressions: (DWARFImportSummary)  
ERROR   DW_OP_reg0 -> 4 (DWARFImportSummary)  
ERROR   DW_OP_reg1 -> 1 (DWARFImportSummary)  
ERROR   DW_OP_reg2 -> 4 (DWARFImportSummary)  
INFO  Applied data type archive: generic_clib (ApplyDataArchiveAnalyzer)  
INFO  REPORT: Analysis succeeded for file: file:///home/ion/tools/karma-lab/allobj/MeProfile_linux.o?MD5=d97a09f1c1ffe04149ed5d651683d5e4 (HeadlessAnalyzer)  
INFO  REPORT: Execute script: DumpDecomp.java  (HeadlessAnalyzer)  
INFO  SCRIPT: /home/ion/tools/karma-lab/gscripts/DumpDecomp.java (HeadlessAnalyzer)  
INFO  DumpDecomp.java> OVERRIDES applied: 0 (GhidraScript)  
INFO  DumpDecomp.java> VTABLE: MeProfile_linux.o rows=0 applied=0 no-prototype=0 not-in-a-function=0 refused=0 (GhidraScript)  
INFO  DumpDecomp.java> KARMAHDR: calling conventions {__cdecl=1, unknown=6} (GhidraScript)  
INFO  DumpDecomp.java> KARMAHDR: __regparm -> __cdecl on 6 function(s), 0 refused (GhidraScript)  
INFO  DumpDecomp.java> DONE MeProfile_linux.o (GhidraScript)  
INFO  ANALYZING changes made by post scripts: file:///home/ion/tools/karma-lab/allobj/MeProfile_linux.o?MD5=d97a09f1c1ffe04149ed5d651683d5e4 (HeadlessAnalyzer)  
INFO  REPORT: Post-analysis succeeded for file: file:///home/ion/tools/karma-lab/allobj/MeProfile_linux.o?MD5=d97a09f1c1ffe04149ed5d651683d5e4 (HeadlessAnalyzer)  
INFO  /allobj/MeProfile_linux.o: file created (ion) (LocalFileSystem)  
INFO  REPORT: Save succeeded for: /allobj/MeProfile_linux.o (Proj:/allobj/MeProfile_linux.o) (HeadlessAnalyzer)  
INFO  REPORT: Import succeeded (HeadlessAnalyzer)  
INFO  IMPORTING: file:///home/ion/tools/karma-lab/allobj/MdtContact.o?MD5=d4ba234d40a683eb89a51ed5104e19b6 (HeadlessAnalyzer)  
INFO  Using Loader: Executable and Linking Format (ELF) (ProgramLoader)  
INFO  Using Language/Compiler: x86:LE:32:default:gcc (ProgramLoader)  
INFO  Using Library Search Path: [., /bin, /lib, /lib64, /lib/x86_64-linux-gnu, /lib/aarch64-linux-gnu, /usr/bin, /usr/lib, /usr/X11R6/bin, /usr/X11R6/lib, /usr/java/packages/lib, /usr/lib/x86_64-linux-gnu/jni, /usr/lib/x86_64-linux-gnu, /usr/lib/jni] (ProgramLoader)  
INFO  Additional info:
Loading file:///home/ion/tools/karma-lab/allobj/MdtContact.o?MD5=d4ba234d40a683eb89a51ed5104e19b6...
Skipping section [.data] with invalid size 0x0
Skipping section [.bss] with invalid size 0x0
------------------------------------------------

 (ProgramLoader)  
INFO  IMPORTING: Loaded 0 additional files (HeadlessAnalyzer)  
INFO  REPORT: Execute script: ParseKarmaHeaders.java  (HeadlessAnalyzer)  
INFO  SCRIPT: /home/ion/tools/karma-lab/gscripts/ParseKarmaHeaders.java (HeadlessAnalyzer)  
INFO  ParseKarmaHeaders.java> KARMAOPT: KD_GHIDRA_OPTS not set, analyzer options untouched (GhidraScript)  
INFO  parse /home/ion/tools/karma-lab/kd_protos10.h (CParserUtils)  
INFO  ParseKarmaHeaders.java> KARMAHDR: parsed FunctionDefinitions=2700 (GhidraScript)  
INFO  ParseKarmaHeaders.java> KARMAHDR: signatures applied -- defined=31 imported=11 failed=0 (GhidraScript)  
INFO  ANALYZING all memory and code: file:///home/ion/tools/karma-lab/allobj/MdtContact.o?MD5=d4ba234d40a683eb89a51ed5104e19b6 (HeadlessAnalyzer)  
WARN  Mismatched DWARF Attribute and Form: DW_AT_macro_info->DW_FORM_data4 (DWARFAbbreviation)  
INFO  Added 177 source map entries (DWARFImporter)  
INFO  DWARF ver[2], 1 compUnits, 692 DIES, import - total elapsed: 16ms (DWARFImportSummary)  
INFO  DWARF data type import - elapsed: 8ms (DWARFImportSummary)  
INFO  DWARF func & symbol import - elapsed: 4ms (DWARFImportSummary)  
INFO  DWARF types imported: 122 (DWARFImportSummary)  
INFO  DWARF compile dirs: [/home/icculus/projects/UT2-Code/karma/Mdt/src] (DWARFImportSummary)  
INFO  DWARF producers: [GNU C 3.2.3 20030422 (Gentoo Linux 1.4 3.2.3-r4, propolice)] (DWARFImportSummary)  
INFO  DWARF source languages: [DW_LANG_C89] (DWARFImportSummary)  
INFO  DWARF compUnit: MdtContact.c (DWARFImportSummary)  
ERROR DWARF un-recoverable expressions: (DWARFImportSummary)  
ERROR   DW_OP_reg12 -> 2 (DWARFImportSummary)  
ERROR   DW_OP_reg3 -> 3 (DWARFImportSummary)  
ERROR   DW_OP_reg1 -> 3 (DWARFImportSummary)  
ERROR   DW_OP_reg0 -> 18 (DWARFImportSummary)  
ERROR   DW_OP_reg2 -> 11 (DWARFImportSummary)  
ERROR   DW_OP_reg7 -> 1 (DWARFImportSummary)  
ERROR   DW_OP_reg6 -> 1 (DWARFImportSummary)  
INFO  Applied data type archive: generic_clib (ApplyDataArchiveAnalyzer)  
INFO  -----------------------------------------------------
    ASCII Strings                              0.000 secs
    Apply Data Archives                        0.074 secs
    Call Convention ID                         2.273 secs
    Call-Fixup Installer                       0.000 secs
    Create Address Tables                      0.000 secs
    Create Function                            0.000 secs
    DWARF                                      0.017 secs
    Data Reference                             0.001 secs
    Decompiler Switch Analysis                 0.000 secs
    Demangler GNU                              0.002 secs
    Disassemble Entry Points                   0.004 secs
    ELF Scalar Operand References              0.002 secs
    Embedded Media                             0.000 secs
    External Entry References                  0.000 secs
    Function ID                                0.002 secs
    Function Start Pre Search                  0.001 secs
    Function Start Search                      0.002 secs
    Function Start Search After Code           0.000 secs
    Function Start Search After Data           0.000 secs
    GCC Exception Handlers                     0.002 secs
    Non-Returning Functions - Discovered       0.001 secs
    Non-Returning Functions - Known            0.000 secs
    Reference                                  0.000 secs
    Shared Return Calls                        0.000 secs
    Stack                                      0.008 secs
    Subroutine References                      0.000 secs
    X86 Function Callee Purge                  0.000 secs
    x86 Constant Reference Analyzer            0.005 secs
-----------------------------------------------------
     Total Time   2 secs
-----------------------------------------------------
 (AutoAnalysisManager)  
INFO  REPORT: Analysis succeeded for file: file:///home/ion/tools/karma-lab/allobj/MdtContact.o?MD5=d4ba234d40a683eb89a51ed5104e19b6 (HeadlessAnalyzer)  
INFO  REPORT: Execute script: DumpDecomp.java  (HeadlessAnalyzer)  
INFO  SCRIPT: /home/ion/tools/karma-lab/gscripts/DumpDecomp.java (HeadlessAnalyzer)  
INFO  DumpDecomp.java> OVERRIDES applied: 0 (GhidraScript)  
INFO  DumpDecomp.java> VTABLE: MdtContact.o rows=0 applied=0 no-prototype=0 not-in-a-function=0 refused=0 (GhidraScript)  
INFO  DumpDecomp.java> KARMAHDR: calling conventions {__cdecl=17, unknown=14} (GhidraScript)  
INFO  DumpDecomp.java> KARMAHDR: __regparm -> __cdecl on 14 function(s), 0 refused (GhidraScript)  
INFO  DumpDecomp.java> DONE MdtContact.o (GhidraScript)  
INFO  ANALYZING changes made by post scripts: file:///home/ion/tools/karma-lab/allobj/MdtContact.o?MD5=d4ba234d40a683eb89a51ed5104e19b6 (HeadlessAnalyzer)  
INFO  REPORT: Post-analysis succeeded for file: file:///home/ion/tools/karma-lab/allobj/MdtContact.o?MD5=d4ba234d40a683eb89a51ed5104e19b6 (HeadlessAnalyzer)  
INFO  /allobj/MdtContact.o: file created (ion) (LocalFileSystem)  
INFO  REPORT: Save succeeded for: /allobj/MdtContact.o (Proj:/allobj/MdtContact.o) (HeadlessAnalyzer)  
INFO  REPORT: Import succeeded (HeadlessAnalyzer)  
INFO  IMPORTING: file:///home/ion/tools/karma-lab/allobj/MeFAssetPart.o?MD5=78401f35cbd85d5f670b4d475ea57bf9 (HeadlessAnalyzer)  
INFO  Using Loader: Executable and Linking Format (ELF) (ProgramLoader)  
INFO  Using Language/Compiler: x86:LE:32:default:gcc (ProgramLoader)  
INFO  Using Library Search Path: [., /bin, /lib, /lib64, /lib/x86_64-linux-gnu, /lib/aarch64-linux-gnu, /usr/bin, /usr/lib, /usr/X11R6/bin, /usr/X11R6/lib, /usr/java/packages/lib, /usr/lib/x86_64-linux-gnu/jni, /usr/lib/x86_64-linux-gnu, /usr/lib/jni] (ProgramLoader)  
ERROR EXTERNAL Data ELF Relocation with offset: at 00010090 (External Location = MeMemoryAPI+0x4) (ElfRelocationHandler)  
ERROR EXTERNAL Data ELF Relocation with offset: at 00010200 (External Location = MeMemoryAPI+0x4) (ElfRelocationHandler)  
ERROR EXTERNAL Data ELF Relocation with offset: at 000102ef (External Location = MeMemoryAPI+0xc) (ElfRelocationHandler)  
ERROR EXTERNAL Data ELF Relocation with offset: at 000102fa (External Location = MeMemoryAPI+0xc) (ElfRelocationHandler)  
ERROR EXTERNAL Data ELF Relocation with offset: at 00010315 (External Location = MeMemoryAPI+0xc) (ElfRelocationHandler)  
ERROR EXTERNAL Data ELF Relocation with offset: at 00010326 (External Location = MeMemoryAPI+0xc) (ElfRelocationHandler)  
ERROR EXTERNAL Data ELF Relocation with offset: at 00010336 (External Location = MeMemoryAPI+0xc) (ElfRelocationHandler)  
INFO  Additional info:
Loading file:///home/ion/tools/karma-lab/allobj/MeFAssetPart.o?MD5=78401f35cbd85d5f670b4d475ea57bf9...
Skipping section [.data] with invalid size 0x0
Skipping section [.bss] with invalid size 0x0
------------------------------------------------

 (ProgramLoader)  
INFO  IMPORTING: Loaded 0 additional files (HeadlessAnalyzer)  
INFO  REPORT: Execute script: ParseKarmaHeaders.java  (HeadlessAnalyzer)  
INFO  SCRIPT: /home/ion/tools/karma-lab/gscripts/ParseKarmaHeaders.java (HeadlessAnalyzer)  
INFO  ParseKarmaHeaders.java> KARMAOPT: KD_GHIDRA_OPTS not set, analyzer options untouched (GhidraScript)  
INFO  parse /home/ion/tools/karma-lab/kd_protos10.h (CParserUtils)  
INFO  ParseKarmaHeaders.java> KARMAHDR: parsed FunctionDefinitions=2700 (GhidraScript)  
INFO  ParseKarmaHeaders.java> KARMAHDR: signatures applied -- defined=40 imported=11 failed=0 (GhidraScript)  
INFO  ANALYZING all memory and code: file:///home/ion/tools/karma-lab/allobj/MeFAssetPart.o?MD5=78401f35cbd85d5f670b4d475ea57bf9 (HeadlessAnalyzer)  
WARN  Mismatched DWARF Attribute and Form: DW_AT_macro_info->DW_FORM_data4 (DWARFAbbreviation)  
INFO  Added 234 source map entries (DWARFImporter)  
INFO  DWARF ver[2], 1 compUnits, 702 DIES, import - total elapsed: 15ms (DWARFImportSummary)  
INFO  DWARF data type import - elapsed: 6ms (DWARFImportSummary)  
INFO  DWARF func & symbol import - elapsed: 6ms (DWARFImportSummary)  
INFO  DWARF types imported: 99 (DWARFImportSummary)  
INFO  DWARF compile dirs: [/home/icculus/projects/UT2-Code/karma/MeAssetDB/src] (DWARFImportSummary)  
INFO  DWARF producers: [GNU C 3.2.3 20030422 (Gentoo Linux 1.4 3.2.3-r4, propolice)] (DWARFImportSummary)  
INFO  DWARF source languages: [DW_LANG_C89] (DWARFImportSummary)  
INFO  DWARF compUnit: MeFAssetPart.c (DWARFImportSummary)  
ERROR DWARF un-recoverable expressions: (DWARFImportSummary)  
ERROR   DW_OP_reg12 -> 1 (DWARFImportSummary)  
ERROR   DW_OP_reg3 -> 8 (DWARFImportSummary)  
ERROR   DW_OP_reg1 -> 5 (DWARFImportSummary)  
ERROR   DW_OP_reg0 -> 29 (DWARFImportSummary)  
ERROR   DW_OP_reg2 -> 10 (DWARFImportSummary)  
ERROR   DW_OP_reg7 -> 1 (DWARFImportSummary)  
ERROR   DW_OP_reg6 -> 5 (DWARFImportSummary)  
INFO  Applied data type archive: generic_clib (ApplyDataArchiveAnalyzer)  
INFO  -----------------------------------------------------
    ASCII Strings                              0.000 secs
    Apply Data Archives                        0.044 secs
    Call Convention ID                         2.273 secs
    Call-Fixup Installer                       0.000 secs
    Create Address Tables                      0.001 secs
    Create Function                            0.000 secs
    DWARF                                      0.016 secs
    Data Reference                             0.000 secs
    Decompiler Switch Analysis                 0.000 secs
    Demangler GNU                              0.004 secs
    Disassemble Entry Points                   0.007 secs
    ELF Scalar Operand References              0.002 secs
    Embedded Media                             0.032 secs
    External Entry References                  0.000 secs
    Function ID                                0.004 secs
    Function Start Pre Search                  0.001 secs
    Function Start Search                      0.002 secs
    Function Start Search After Code           0.000 secs
    Function Start Search After Data           0.000 secs
    GCC Exception Handlers                     0.003 secs
    Non-Returning Functions - Discovered       0.001 secs
    Non-Returning Functions - Known            0.000 secs
    Reference                                  0.001 secs
    Shared Return Calls                        0.000 secs
    Stack                                      0.008 secs
    Subroutine References                      0.001 secs
    X86 Function Callee Purge                  0.001 secs
    x86 Constant Reference Analyzer            0.007 secs
-----------------------------------------------------
     Total Time   2 secs
-----------------------------------------------------
 (AutoAnalysisManager)  
INFO  REPORT: Analysis succeeded for file: file:///home/ion/tools/karma-lab/allobj/MeFAssetPart.o?MD5=78401f35cbd85d5f670b4d475ea57bf9 (HeadlessAnalyzer)  
INFO  REPORT: Execute script: DumpDecomp.java  (HeadlessAnalyzer)  
INFO  SCRIPT: /home/ion/tools/karma-lab/gscripts/DumpDecomp.java (HeadlessAnalyzer)  
INFO  DumpDecomp.java> OVERRIDES applied: 0 (GhidraScript)  
INFO  DumpDecomp.java> VTABLE: MeFAssetPart.o rows=7 applied=7 no-prototype=0 not-in-a-function=0 refused=0 (GhidraScript)  
INFO  DumpDecomp.java> KARMAHDR: calling conventions {__cdecl=25, unknown=16} (GhidraScript)  
INFO  DumpDecomp.java> KARMAHDR: __regparm -> __cdecl on 16 function(s), 0 refused (GhidraScript)  
INFO  DumpDecomp.java> DONE MeFAssetPart.o (GhidraScript)  
INFO  ANALYZING changes made by post scripts: file:///home/ion/tools/karma-lab/allobj/MeFAssetPart.o?MD5=78401f35cbd85d5f670b4d475ea57bf9 (HeadlessAnalyzer)  
INFO  REPORT: Post-analysis succeeded for file: file:///home/ion/tools/karma-lab/allobj/MeFAssetPart.o?MD5=78401f35cbd85d5f670b4d475ea57bf9 (HeadlessAnalyzer)  
INFO  /allobj/MeFAssetPart.o: file created (ion) (LocalFileSystem)  
INFO  REPORT: Save succeeded for: /allobj/MeFAssetPart.o (Proj:/allobj/MeFAssetPart.o) (HeadlessAnalyzer)  
INFO  REPORT: Import succeeded (HeadlessAnalyzer)  
INFO  IMPORTING: file:///home/ion/tools/karma-lab/allobj/IxBoxTriList.o?MD5=6aa508cdd5404cdff8e278a95a4e0cb1 (HeadlessAnalyzer)  
INFO  Using Loader: Executable and Linking Format (ELF) (ProgramLoader)  
INFO  Using Language/Compiler: x86:LE:32:default:gcc (ProgramLoader)  
INFO  Using Library Search Path: [., /bin, /lib, /lib64, /lib/x86_64-linux-gnu, /lib/aarch64-linux-gnu, /usr/bin, /usr/lib, /usr/X11R6/bin, /usr/X11R6/lib, /usr/java/packages/lib, /usr/lib/x86_64-linux-gnu/jni, /usr/lib/x86_64-linux-gnu, /usr/lib/jni] (ProgramLoader)  
INFO  Additional info:
Loading file:///home/ion/tools/karma-lab/allobj/IxBoxTriList.o?MD5=6aa508cdd5404cdff8e278a95a4e0cb1...
Skipping section [.data] with invalid size 0x0
Skipping section [.bss] with invalid size 0x0
------------------------------------------------

 (ProgramLoader)  
INFO  IMPORTING: Loaded 0 additional files (HeadlessAnalyzer)  
INFO  REPORT: Execute script: ParseKarmaHeaders.java  (HeadlessAnalyzer)  
INFO  SCRIPT: /home/ion/tools/karma-lab/gscripts/ParseKarmaHeaders.java (HeadlessAnalyzer)  
INFO  ParseKarmaHeaders.java> KARMAOPT: KD_GHIDRA_OPTS not set, analyzer options untouched (GhidraScript)  
INFO  parse /home/ion/tools/karma-lab/kd_protos10.h (CParserUtils)  
INFO  ParseKarmaHeaders.java> KARMAHDR: parsed FunctionDefinitions=2700 (GhidraScript)  
INFO  ParseKarmaHeaders.java> KARMAHDR: signatures applied -- defined=8 imported=6 failed=0 (GhidraScript)  
INFO  ANALYZING all memory and code: file:///home/ion/tools/karma-lab/allobj/IxBoxTriList.o?MD5=6aa508cdd5404cdff8e278a95a4e0cb1 (HeadlessAnalyzer)  
WARN  Mismatched DWARF Attribute and Form: DW_AT_macro_info->DW_FORM_data4 (DWARFAbbreviation)  
INFO  Added 682 source map entries (DWARFImporter)  
INFO  DWARF ver[2], 1 compUnits, 4006 DIES, import - total elapsed: 27ms (DWARFImportSummary)  
INFO  DWARF data type import - elapsed: 13ms (DWARFImportSummary)  
INFO  DWARF func & symbol import - elapsed: 6ms (DWARFImportSummary)  
INFO  DWARF types imported: 195 (DWARFImportSummary)  
INFO  DWARF compile dirs: [/home/icculus/projects/UT2-Code/karma/Mcd/src/primitives] (DWARFImportSummary)  
INFO  DWARF producers: [GNU C++ 3.2.3 20030422 (Gentoo Linux 1.4 3.2.3-r4, propolice)] (DWARFImportSummary)  
INFO  DWARF source languages: [DW_LANG_C_plus_plus] (DWARFImportSummary)  
INFO  DWARF compUnit: IxBoxTriList.cpp (DWARFImportSummary)  
ERROR DWARF un-recoverable expressions: (DWARFImportSummary)  
ERROR   DW_OP_reg12 -> 6 (DWARFImportSummary)  
ERROR   DW_OP_reg11 -> 4 (DWARFImportSummary)  
ERROR   DW_OP_reg1 -> 3 (DWARFImportSummary)  
ERROR   DW_OP_reg2 -> 1 (DWARFImportSummary)  
ERROR   DW_OP_reg14 -> 3 (DWARFImportSummary)  
ERROR   DW_OP_reg7 -> 4 (DWARFImportSummary)  
ERROR   DW_OP_reg15 -> 3 (DWARFImportSummary)  
ERROR   DW_OP_reg13 -> 2 (DWARFImportSummary)  
ERROR   DW_OP_reg3 -> 4 (DWARFImportSummary)  
ERROR   DW_OP_reg0 -> 2 (DWARFImportSummary)  
ERROR   DW_OP_reg16 -> 1 (DWARFImportSummary)  
ERROR   DW_OP_reg17 -> 1 (DWARFImportSummary)  
ERROR   DW_OP_reg6 -> 4 (DWARFImportSummary)  
INFO  Applied data type archive: generic_clib (ApplyDataArchiveAnalyzer)  
INFO  -----------------------------------------------------
    ASCII Strings                              0.000 secs
    Apply Data Archives                        0.042 secs
    Call Convention ID                         0.850 secs
    Call-Fixup Installer                       0.000 secs
    Create Address Tables                      0.001 secs
    Create Function                            0.000 secs
    DWARF                                      0.030 secs
    Data Reference                             0.001 secs
    Decompiler Switch Analysis                 0.001 secs
    Demangler GNU                              0.002 secs
    Disassemble Entry Points                   0.018 secs
    ELF Scalar Operand References              0.014 secs
    Embedded Media                             0.001 secs
    External Entry References                  0.000 secs
    Function ID                                0.006 secs
    Function Start Pre Search                  0.001 secs
    Function Start Search                      0.002 secs
    Function Start Search After Code           0.000 secs
    Function Start Search After Data           0.001 secs
    GCC Exception Handlers                     0.002 secs
    Non-Returning Functions - Discovered       0.000 secs
    Non-Returning Functions - Known            0.000 secs
    Reference                                  0.000 secs
    Shared Return Calls                        0.001 secs
    Stack                                      0.061 secs
    Subroutine References                      0.000 secs
    X86 Function Callee Purge                  0.000 secs
    x86 Constant Reference Analyzer            0.022 secs
-----------------------------------------------------
     Total Time   1 secs
-----------------------------------------------------
 (AutoAnalysisManager)  
INFO  REPORT: Analysis succeeded for file: file:///home/ion/tools/karma-lab/allobj/IxBoxTriList.o?MD5=6aa508cdd5404cdff8e278a95a4e0cb1 (HeadlessAnalyzer)  
INFO  REPORT: Execute script: DumpDecomp.java  (HeadlessAnalyzer)  
INFO  SCRIPT: /home/ion/tools/karma-lab/gscripts/DumpDecomp.java (HeadlessAnalyzer)  
INFO  DumpDecomp.java> OVERRIDES applied: 1 (GhidraScript)  
INFO  DumpDecomp.java> VTABLE: IxBoxTriList.o rows=0 applied=0 no-prototype=0 not-in-a-function=0 refused=0 (GhidraScript)  
INFO  DumpDecomp.java> KARMAHDR: calling conventions {__cdecl=6, unknown=7} (GhidraScript)  
INFO  DumpDecomp.java> KARMAHDR: __regparm -> __cdecl on 7 function(s), 0 refused (GhidraScript)  
INFO  DumpDecomp.java> DONE IxBoxTriList.o (GhidraScript)  
INFO  ANALYZING changes made by post scripts: file:///home/ion/tools/karma-lab/allobj/IxBoxTriList.o?MD5=6aa508cdd5404cdff8e278a95a4e0cb1 (HeadlessAnalyzer)  
INFO  REPORT: Post-analysis succeeded for file: file:///home/ion/tools/karma-lab/allobj/IxBoxTriList.o?MD5=6aa508cdd5404cdff8e278a95a4e0cb1 (HeadlessAnalyzer)  
INFO  /allobj/IxBoxTriList.o: file created (ion) (LocalFileSystem)  
INFO  REPORT: Save succeeded for: /allobj/IxBoxTriList.o (Proj:/allobj/IxBoxTriList.o) (HeadlessAnalyzer)  
INFO  REPORT: Import succeeded (HeadlessAnalyzer)  
INFO  IMPORTING: file:///home/ion/tools/karma-lab/allobj/MeXMLParser.o?MD5=96143f9f86648160985ccb1c5c7ae760 (HeadlessAnalyzer)  
INFO  Using Loader: Executable and Linking Format (ELF) (ProgramLoader)  
INFO  Using Language/Compiler: x86:LE:32:default:gcc (ProgramLoader)  
INFO  Using Library Search Path: [., /bin, /lib, /lib64, /lib/x86_64-linux-gnu, /lib/aarch64-linux-gnu, /usr/bin, /usr/lib, /usr/X11R6/bin, /usr/X11R6/lib, /usr/java/packages/lib, /usr/lib/x86_64-linux-gnu/jni, /usr/lib/x86_64-linux-gnu, /usr/lib/jni] (ProgramLoader)  
ERROR EXTERNAL Data ELF Relocation with offset: at 000114cc (External Location = MeMemoryAPI+0xc) (ElfRelocationHandler)  
ERROR EXTERNAL Data ELF Relocation with offset: at 000115f8 (External Location = MeMemoryAPI+0xc) (ElfRelocationHandler)  
INFO  Additional info:
Loading file:///home/ion/tools/karma-lab/allobj/MeXMLParser.o?MD5=96143f9f86648160985ccb1c5c7ae760...
Skipping section [.data] with invalid size 0x0
Skipping section [.bss] with invalid size 0x0
------------------------------------------------

 (ProgramLoader)  
INFO  IMPORTING: Loaded 0 additional files (HeadlessAnalyzer)  
INFO  REPORT: Execute script: ParseKarmaHeaders.java  (HeadlessAnalyzer)  
INFO  SCRIPT: /home/ion/tools/karma-lab/gscripts/ParseKarmaHeaders.java (HeadlessAnalyzer)  
INFO  ParseKarmaHeaders.java> KARMAOPT: KD_GHIDRA_OPTS not set, analyzer options untouched (GhidraScript)  
INFO  parse /home/ion/tools/karma-lab/kd_protos10.h (CParserUtils)  
INFO  ParseKarmaHeaders.java> KARMAHDR: parsed FunctionDefinitions=2700 (GhidraScript)  
INFO  ParseKarmaHeaders.java> KARMAHDR: signatures applied -- defined=26 imported=1 failed=0 (GhidraScript)  
INFO  ANALYZING all memory and code: file:///home/ion/tools/karma-lab/allobj/MeXMLParser.o?MD5=96143f9f86648160985ccb1c5c7ae760 (HeadlessAnalyzer)  
WARN  Mismatched DWARF Attribute and Form: DW_AT_macro_info->DW_FORM_data4 (DWARFAbbreviation)  
INFO  Added 606 source map entries (DWARFImporter)  
INFO  DWARF ver[2], 1 compUnits, 703 DIES, import - total elapsed: 41ms (DWARFImportSummary)  
INFO  DWARF data type import - elapsed: 3ms (DWARFImportSummary)  
INFO  DWARF func & symbol import - elapsed: 34ms (DWARFImportSummary)  
INFO  DWARF types imported: 64 (DWARFImportSummary)  
INFO  DWARF compile dirs: [/home/icculus/projects/UT2-Code/karma/MeXML/src] (DWARFImportSummary)  
INFO  DWARF producers: [GNU C 3.2.3 20030422 (Gentoo Linux 1.4 3.2.3-r4, propolice)] (DWARFImportSummary)  
INFO  DWARF source languages: [DW_LANG_C89] (DWARFImportSummary)  
INFO  DWARF compUnit: MeXMLParser.c (DWARFImportSummary)  
ERROR DWARF un-recoverable expressions: (DWARFImportSummary)  
ERROR   DW_OP_reg3 -> 13 (DWARFImportSummary)  
ERROR   DW_OP_reg0 -> 25 (DWARFImportSummary)  
ERROR   DW_OP_reg2 -> 6 (DWARFImportSummary)  
ERROR   DW_OP_reg7 -> 13 (DWARFImportSummary)  
ERROR   DW_OP_reg6 -> 12 (DWARFImportSummary)  
INFO  Applied data type archive: generic_clib (ApplyDataArchiveAnalyzer)  
INFO  -----------------------------------------------------
    ASCII Strings                              0.001 secs
    Apply Data Archives                        0.045 secs
    Call Convention ID                         2.284 secs
    Call-Fixup Installer                       0.000 secs
    Create Address Tables                      0.001 secs
    Create Function                            0.001 secs
    DWARF                                      0.042 secs
    Data Reference                             0.001 secs
    Decompiler Switch Analysis                 0.001 secs
    Demangler GNU                              0.003 secs
    Disassemble Entry Points                   0.018 secs
    ELF Scalar Operand References              0.008 secs
    Embedded Media                             0.001 secs
    External Entry References                  0.000 secs
    Function ID                                0.006 secs
    Function Start Pre Search                  0.000 secs
    Function Start Search                      0.002 secs
    Function Start Search After Code           0.001 secs
    Function Start Search After Data           0.000 secs
    GCC Exception Handlers                     0.004 secs
    Non-Returning Functions - Discovered       0.001 secs
    Non-Returning Functions - Known            0.000 secs
    Reference                                  0.001 secs
    Shared Return Calls                        0.001 secs
    Stack                                      0.028 secs
    Subroutine References                      0.000 secs
    X86 Function Callee Purge                  0.001 secs
    x86 Constant Reference Analyzer            0.020 secs
-----------------------------------------------------
     Total Time   2 secs
-----------------------------------------------------
 (AutoAnalysisManager)  
INFO  REPORT: Analysis succeeded for file: file:///home/ion/tools/karma-lab/allobj/MeXMLParser.o?MD5=96143f9f86648160985ccb1c5c7ae760 (HeadlessAnalyzer)  
INFO  REPORT: Execute script: DumpDecomp.java  (HeadlessAnalyzer)  
INFO  SCRIPT: /home/ion/tools/karma-lab/gscripts/DumpDecomp.java (HeadlessAnalyzer)  
INFO  DumpDecomp.java> OVERRIDES applied: 0 (GhidraScript)  
INFO  DumpDecomp.java> VTABLE: MeXMLParser.o rows=4 applied=4 no-prototype=0 not-in-a-function=0 refused=0 (GhidraScript)  
INFO  DumpDecomp.java> KARMAHDR: calling conventions {__cdecl=19, unknown=20} (GhidraScript)  
INFO  DumpDecomp.java> KARMAHDR: __regparm -> __cdecl on 20 function(s), 0 refused (GhidraScript)  
INFO  DumpDecomp.java> DONE MeXMLParser.o (GhidraScript)  
INFO  ANALYZING changes made by post scripts: file:///home/ion/tools/karma-lab/allobj/MeXMLParser.o?MD5=96143f9f86648160985ccb1c5c7ae760 (HeadlessAnalyzer)  
INFO  REPORT: Post-analysis succeeded for file: file:///home/ion/tools/karma-lab/allobj/MeXMLParser.o?MD5=96143f9f86648160985ccb1c5c7ae760 (HeadlessAnalyzer)  
INFO  /allobj/MeXMLParser.o: file created (ion) (LocalFileSystem)  
INFO  REPORT: Save succeeded for: /allobj/MeXMLParser.o (Proj:/allobj/MeXMLParser.o) (HeadlessAnalyzer)  
INFO  REPORT: Import succeeded (HeadlessAnalyzer)  
INFO  IMPORTING: file:///home/ion/tools/karma-lab/allobj/McdGeometryInstance.o?MD5=b202aa41ad0ada80d6141eff03047984 (HeadlessAnalyzer)  
INFO  Using Loader: Executable and Linking Format (ELF) (ProgramLoader)  
INFO  Using Language/Compiler: x86:LE:32:default:gcc (ProgramLoader)  
INFO  Using Library Search Path: [., /bin, /lib, /lib64, /lib/x86_64-linux-gnu, /lib/aarch64-linux-gnu, /usr/bin, /usr/lib, /usr/X11R6/bin, /usr/X11R6/lib, /usr/java/packages/lib, /usr/lib/x86_64-linux-gnu/jni, /usr/lib/x86_64-linux-gnu, /usr/lib/jni] (ProgramLoader)  
ERROR EXTERNAL Data ELF Relocation with offset: at 00010183 (External Location = MePoolAPI+0xc) (ElfRelocationHandler)  
ERROR EXTERNAL Data ELF Relocation with offset: at 00010210 (External Location = MePoolAPI+0xc) (ElfRelocationHandler)  
ERROR EXTERNAL Data ELF Relocation with offset: at 00010289 (External Location = MePoolAPI+0xc) (ElfRelocationHandler)  
ERROR EXTERNAL Data ELF Relocation with offset: at 000102f2 (External Location = MePoolAPI+0xc) (ElfRelocationHandler)  
ERROR EXTERNAL Data ELF Relocation with offset: at 000104d9 (External Location = MePoolAPI+0x10) (ElfRelocationHandler)  
ERROR EXTERNAL Data ELF Relocation with offset: at 0001076a (External Location = MePoolAPI+0x10) (ElfRelocationHandler)  
INFO  Additional info:
Loading file:///home/ion/tools/karma-lab/allobj/McdGeometryInstance.o?MD5=b202aa41ad0ada80d6141eff03047984...
Skipping section [.data] with invalid size 0x0
Skipping section [.bss] with invalid size 0x0
------------------------------------------------

 (ProgramLoader)  
INFO  IMPORTING: Loaded 0 additional files (HeadlessAnalyzer)  
INFO  REPORT: Execute script: ParseKarmaHeaders.java  (HeadlessAnalyzer)  
INFO  SCRIPT: /home/ion/tools/karma-lab/gscripts/ParseKarmaHeaders.java (HeadlessAnalyzer)  
INFO  ParseKarmaHeaders.java> KARMAOPT: KD_GHIDRA_OPTS not set, analyzer options untouched (GhidraScript)  
INFO  parse /home/ion/tools/karma-lab/kd_protos10.h (CParserUtils)  
INFO  ParseKarmaHeaders.java> KARMAHDR: parsed FunctionDefinitions=2700 (GhidraScript)  
INFO  ParseKarmaHeaders.java> KARMAHDR: signatures applied -- defined=20 imported=6 failed=0 (GhidraScript)  
INFO  ANALYZING all memory and code: file:///home/ion/tools/karma-lab/allobj/McdGeometryInstance.o?MD5=b202aa41ad0ada80d6141eff03047984 (HeadlessAnalyzer)  
WARN  Mismatched DWARF Attribute and Form: DW_AT_macro_info->DW_FORM_data4 (DWARFAbbreviation)  
INFO  Added 254 source map entries (DWARFImporter)  
INFO  DWARF ver[2], 1 compUnits, 869 DIES, import - total elapsed: 19ms (DWARFImportSummary)  
INFO  DWARF data type import - elapsed: 10ms (DWARFImportSummary)  
INFO  DWARF func & symbol import - elapsed: 4ms (DWARFImportSummary)  
INFO  DWARF types imported: 172 (DWARFImportSummary)  
INFO  DWARF compile dirs: [/home/icculus/projects/UT2-Code/karma/Mcd/src/frame] (DWARFImportSummary)  
INFO  DWARF producers: [GNU C++ 3.2.3 20030422 (Gentoo Linux 1.4 3.2.3-r4, propolice)] (DWARFImportSummary)  
INFO  DWARF source languages: [DW_LANG_C_plus_plus] (DWARFImportSummary)  
INFO  DWARF compUnit: McdGeometryInstance.cpp (DWARFImportSummary)  
ERROR DWARF un-recoverable expressions: (DWARFImportSummary)  
ERROR   DW_OP_reg3 -> 4 (DWARFImportSummary)  
ERROR   DW_OP_reg1 -> 6 (DWARFImportSummary)  
ERROR   DW_OP_reg0 -> 15 (DWARFImportSummary)  
ERROR   DW_OP_reg2 -> 5 (DWARFImportSummary)  
ERROR   DW_OP_reg7 -> 3 (DWARFImportSummary)  
ERROR   DW_OP_reg6 -> 5 (DWARFImportSummary)  
INFO  Applied data type archive: generic_clib (ApplyDataArchiveAnalyzer)  
INFO  -----------------------------------------------------
    ASCII Strings                              0.000 secs
    Apply Data Archives                        0.042 secs
    Call Convention ID                         2.267 secs
    Call-Fixup Installer                       0.000 secs
    Create Address Tables                      0.000 secs
    Create Function                            0.000 secs
    DWARF                                      0.020 secs
    Data Reference                             0.000 secs
    Decompiler Switch Analysis                 0.000 secs
    Demangler GNU                              0.002 secs
    Disassemble Entry Points                   0.006 secs
    ELF Scalar Operand References              0.003 secs
    Embedded Media                             0.000 secs
    External Entry References                  0.000 secs
    Function ID                                0.003 secs
    Function Start Pre Search                  0.001 secs
    Function Start Search                      0.002 secs
    Function Start Search After Code           0.001 secs
    Function Start Search After Data           0.000 secs
    GCC Exception Handlers                     0.002 secs
    Non-Returning Functions - Discovered       0.001 secs
    Non-Returning Functions - Known            0.000 secs
    Reference                                  0.000 secs
    Shared Return Calls                        0.000 secs
    Stack                                      0.008 secs
    Subroutine References                      0.000 secs
    X86 Function Callee Purge                  0.000 secs
    x86 Constant Reference Analyzer            0.007 secs
-----------------------------------------------------
     Total Time   2 secs
-----------------------------------------------------
 (AutoAnalysisManager)  
INFO  REPORT: Analysis succeeded for file: file:///home/ion/tools/karma-lab/allobj/McdGeometryInstance.o?MD5=b202aa41ad0ada80d6141eff03047984 (HeadlessAnalyzer)  
INFO  REPORT: Execute script: DumpDecomp.java  (HeadlessAnalyzer)  
INFO  SCRIPT: /home/ion/tools/karma-lab/gscripts/DumpDecomp.java (HeadlessAnalyzer)  
INFO  DumpDecomp.java> OVERRIDES applied: 0 (GhidraScript)  
INFO  DumpDecomp.java> VTABLE: McdGeometryInstance.o rows=6 applied=6 no-prototype=0 not-in-a-function=0 refused=0 (GhidraScript)  
INFO  DumpDecomp.java> KARMAHDR: calling conventions {__cdecl=13, __regparm2=1, unknown=7} (GhidraScript)  
INFO  DumpDecomp.java> KARMAHDR: __regparm -> __cdecl on 8 function(s), 0 refused (GhidraScript)  
INFO  DumpDecomp.java> DONE McdGeometryInstance.o (GhidraScript)  
INFO  ANALYZING changes made by post scripts: file:///home/ion/tools/karma-lab/allobj/McdGeometryInstance.o?MD5=b202aa41ad0ada80d6141eff03047984 (HeadlessAnalyzer)  
INFO  REPORT: Post-analysis succeeded for file: file:///home/ion/tools/karma-lab/allobj/McdGeometryInstance.o?MD5=b202aa41ad0ada80d6141eff03047984 (HeadlessAnalyzer)  
INFO  /allobj/McdGeometryInstance.o: file created (ion) (LocalFileSystem)  
INFO  REPORT: Save succeeded for: /allobj/McdGeometryInstance.o (Proj:/allobj/McdGeometryInstance.o) (HeadlessAnalyzer)  
INFO  REPORT: Import succeeded (HeadlessAnalyzer)  
INFO  IMPORTING: file:///home/ion/tools/karma-lab/allobj/keaPrintBasicTypes.o?MD5=a7269dab600bf1712b3a82d9797afd72 (HeadlessAnalyzer)  
INFO  Using Loader: Executable and Linking Format (ELF) (ProgramLoader)  
INFO  Using Language/Compiler: x86:LE:32:default:gcc (ProgramLoader)  
INFO  Using Library Search Path: [., /bin, /lib, /lib64, /lib/x86_64-linux-gnu, /lib/aarch64-linux-gnu, /usr/bin, /usr/lib, /usr/X11R6/bin, /usr/X11R6/lib, /usr/java/packages/lib, /usr/lib/x86_64-linux-gnu/jni, /usr/lib/x86_64-linux-gnu, /usr/lib/jni] (ProgramLoader)  
INFO  Additional info:
Loading file:///home/ion/tools/karma-lab/allobj/keaPrintBasicTypes.o?MD5=a7269dab600bf1712b3a82d9797afd72...
Skipping section [.data] with invalid size 0x0
Skipping section [.bss] with invalid size 0x0
------------------------------------------------

 (ProgramLoader)  
INFO  IMPORTING: Loaded 0 additional files (HeadlessAnalyzer)  
INFO  REPORT: Execute script: ParseKarmaHeaders.java  (HeadlessAnalyzer)  
INFO  SCRIPT: /home/ion/tools/karma-lab/gscripts/ParseKarmaHeaders.java (HeadlessAnalyzer)  
INFO  ParseKarmaHeaders.java> KARMAOPT: KD_GHIDRA_OPTS not set, analyzer options untouched (GhidraScript)  
INFO  parse /home/ion/tools/karma-lab/kd_protos10.h (CParserUtils)  
INFO  ParseKarmaHeaders.java> KARMAHDR: parsed FunctionDefinitions=2700 (GhidraScript)  
INFO  ParseKarmaHeaders.java> KARMAHDR: signatures applied -- defined=1 imported=0 failed=0 (GhidraScript)  
INFO  ANALYZING all memory and code: file:///home/ion/tools/karma-lab/allobj/keaPrintBasicTypes.o?MD5=a7269dab600bf1712b3a82d9797afd72 (HeadlessAnalyzer)  
WARN  Mismatched DWARF Attribute and Form: DW_AT_macro_info->DW_FORM_data4 (DWARFAbbreviation)  
INFO  Added 472 source map entries (DWARFImporter)  
INFO  DWARF ver[2], 1 compUnits, 422 DIES, import - total elapsed: 13ms (DWARFImportSummary)  
INFO  DWARF data type import - elapsed: 3ms (DWARFImportSummary)  
INFO  DWARF func & symbol import - elapsed: 7ms (DWARFImportSummary)  
INFO  DWARF types imported: 39 (DWARFImportSummary)  
INFO  DWARF compile dirs: [/home/icculus/projects/UT2-Code/karma/MdtKea/src] (DWARFImportSummary)  
INFO  DWARF producers: [GNU C++ 3.2.3 20030422 (Gentoo Linux 1.4 3.2.3-r4, propolice)] (DWARFImportSummary)  
INFO  DWARF source languages: [DW_LANG_C_plus_plus] (DWARFImportSummary)  
INFO  DWARF compUnit: keaPrintBasicTypes.cpp (DWARFImportSummary)  
ERROR DWARF un-recoverable expressions: (DWARFImportSummary)  
ERROR   DW_OP_reg3 -> 4 (DWARFImportSummary)  
ERROR   DW_OP_reg2 -> 1 (DWARFImportSummary)  
ERROR   DW_OP_reg7 -> 14 (DWARFImportSummary)  
ERROR   DW_OP_reg6 -> 11 (DWARFImportSummary)  
INFO  Applied data type archive: generic_clib (ApplyDataArchiveAnalyzer)  
INFO  -----------------------------------------------------
    ASCII Strings                              0.001 secs
    Apply Data Archives                        0.107 secs
    Call Convention ID                         2.279 secs
    Call-Fixup Installer                       0.000 secs
    Create Address Tables                      0.001 secs
    Create Function                            0.000 secs
    DWARF                                      0.014 secs
    Data Reference                             0.001 secs
    Decompiler Switch Analysis                 0.001 secs
    Demangler GNU                              0.003 secs
    Disassemble Entry Points                   0.013 secs
    ELF Scalar Operand References              0.009 secs
    Embedded Media                             0.001 secs
    External Entry References                  0.000 secs
    Function ID                                0.006 secs
    Function Start Pre Search                  0.000 secs
    Function Start Search                      0.002 secs
    Function Start Search After Code           0.000 secs
    Function Start Search After Data           0.001 secs
    GCC Exception Handlers                     0.004 secs
    Non-Returning Functions - Discovered       0.001 secs
    Non-Returning Functions - Known            0.000 secs
    Reference                                  0.001 secs
    Shared Return Calls                        0.002 secs
    Stack                                      0.024 secs
    Subroutine References                      0.000 secs
    X86 Function Callee Purge                  0.001 secs
    x86 Constant Reference Analyzer            0.020 secs
-----------------------------------------------------
     Total Time   2 secs
-----------------------------------------------------
 (AutoAnalysisManager)  
INFO  REPORT: Analysis succeeded for file: file:///home/ion/tools/karma-lab/allobj/keaPrintBasicTypes.o?MD5=a7269dab600bf1712b3a82d9797afd72 (HeadlessAnalyzer)  
INFO  REPORT: Execute script: DumpDecomp.java  (HeadlessAnalyzer)  
INFO  SCRIPT: /home/ion/tools/karma-lab/gscripts/DumpDecomp.java (HeadlessAnalyzer)  
INFO  DumpDecomp.java> OVERRIDES applied: 0 (GhidraScript)  
INFO  DumpDecomp.java> VTABLE: keaPrintBasicTypes.o rows=0 applied=0 no-prototype=0 not-in-a-function=0 refused=0 (GhidraScript)  
INFO  DumpDecomp.java> KARMAHDR: calling conventions {__cdecl=13, __regparm1=2, unknown=9} (GhidraScript)  
INFO  DumpDecomp.java> KARMAHDR: __regparm -> __cdecl on 11 function(s), 0 refused (GhidraScript)  
INFO  DumpDecomp.java> DONE keaPrintBasicTypes.o (GhidraScript)  
INFO  ANALYZING changes made by post scripts: file:///home/ion/tools/karma-lab/allobj/keaPrintBasicTypes.o?MD5=a7269dab600bf1712b3a82d9797afd72 (HeadlessAnalyzer)  
INFO  REPORT: Post-analysis succeeded for file: file:///home/ion/tools/karma-lab/allobj/keaPrintBasicTypes.o?MD5=a7269dab600bf1712b3a82d9797afd72 (HeadlessAnalyzer)  
INFO  /allobj/keaPrintBasicTypes.o: file created (ion) (LocalFileSystem)  
INFO  REPORT: Save succeeded for: /allobj/keaPrintBasicTypes.o (Proj:/allobj/keaPrintBasicTypes.o) (HeadlessAnalyzer)  
INFO  REPORT: Import succeeded (HeadlessAnalyzer)  
INFO  IMPORTING: file:///home/ion/tools/karma-lab/allobj/IxCylinderCylinder.o?MD5=6a3ac62e5994b6477a76162a873dcecd (HeadlessAnalyzer)  
INFO  Using Loader: Executable and Linking Format (ELF) (ProgramLoader)  
INFO  Using Language/Compiler: x86:LE:32:default:gcc (ProgramLoader)  
INFO  Using Library Search Path: [., /bin, /lib, /lib64, /lib/x86_64-linux-gnu, /lib/aarch64-linux-gnu, /usr/bin, /usr/lib, /usr/X11R6/bin, /usr/X11R6/lib, /usr/java/packages/lib, /usr/lib/x86_64-linux-gnu/jni, /usr/lib/x86_64-linux-gnu, /usr/lib/jni] (ProgramLoader)  
INFO  Additional info:
Loading file:///home/ion/tools/karma-lab/allobj/IxCylinderCylinder.o?MD5=6a3ac62e5994b6477a76162a873dcecd...
Skipping section [.bss] with invalid size 0x0
------------------------------------------------

 (ProgramLoader)  
INFO  IMPORTING: Loaded 0 additional files (HeadlessAnalyzer)  
INFO  REPORT: Execute script: ParseKarmaHeaders.java  (HeadlessAnalyzer)  
INFO  SCRIPT: /home/ion/tools/karma-lab/gscripts/ParseKarmaHeaders.java (HeadlessAnalyzer)  
INFO  ParseKarmaHeaders.java> KARMAOPT: KD_GHIDRA_OPTS not set, analyzer options untouched (GhidraScript)  
INFO  parse /home/ion/tools/karma-lab/kd_protos10.h (CParserUtils)  
INFO  ParseKarmaHeaders.java> KARMAHDR: parsed FunctionDefinitions=2700 (GhidraScript)  
INFO  ParseKarmaHeaders.java> KARMAHDR: signatures applied -- defined=10 imported=7 failed=0 (GhidraScript)  
INFO  ANALYZING all memory and code: file:///home/ion/tools/karma-lab/allobj/IxCylinderCylinder.o?MD5=6a3ac62e5994b6477a76162a873dcecd (HeadlessAnalyzer)  
WARN  Mismatched DWARF Attribute and Form: DW_AT_macro_info->DW_FORM_data4 (DWARFAbbreviation)  
INFO  Added 1543 source map entries (DWARFImporter)  
INFO  DWARF ver[2], 1 compUnits, 8907 DIES, import - total elapsed: 33ms (DWARFImportSummary)  
INFO  DWARF data type import - elapsed: 12ms (DWARFImportSummary)  
INFO  DWARF func & symbol import - elapsed: 11ms (DWARFImportSummary)  
INFO  DWARF types imported: 177 (DWARFImportSummary)  
INFO  DWARF compile dirs: [/home/icculus/projects/UT2-Code/karma/Mcd/src/primitives] (DWARFImportSummary)  
INFO  DWARF producers: [GNU C++ 3.2.3 20030422 (Gentoo Linux 1.4 3.2.3-r4, propolice)] (DWARFImportSummary)  
INFO  DWARF source languages: [DW_LANG_C_plus_plus] (DWARFImportSummary)  
INFO  DWARF compUnit: IxCylinderCylinder.cpp (DWARFImportSummary)  
ERROR DWARF un-recoverable expressions: (DWARFImportSummary)  
ERROR   DW_OP_reg12 -> 8 (DWARFImportSummary)  
ERROR   DW_OP_reg11 -> 35 (DWARFImportSummary)  
ERROR   DW_OP_reg1 -> 3 (DWARFImportSummary)  
ERROR   DW_OP_reg2 -> 6 (DWARFImportSummary)  
ERROR   DW_OP_reg14 -> 5 (DWARFImportSummary)  
ERROR   DW_OP_reg7 -> 6 (DWARFImportSummary)  
ERROR   DW_OP_reg15 -> 3 (DWARFImportSummary)  
ERROR   DW_OP_reg13 -> 6 (DWARFImportSummary)  
ERROR   DW_OP_reg3 -> 5 (DWARFImportSummary)  
ERROR   DW_OP_reg0 -> 7 (DWARFImportSummary)  
ERROR   DW_OP_reg18 -> 3 (DWARFImportSummary)  
ERROR   DW_OP_reg16 -> 3 (DWARFImportSummary)  
ERROR   DW_OP_reg17 -> 2 (DWARFImportSummary)  
ERROR   DW_OP_reg6 -> 6 (DWARFImportSummary)  
INFO  Applied data type archive: generic_clib (ApplyDataArchiveAnalyzer)  
INFO  -----------------------------------------------------
    ASCII Strings                              0.001 secs
    Apply Data Archives                        0.044 secs
    Call Convention ID                         1.432 secs
    Call-Fixup Installer                       0.000 secs
    Create Address Tables                      0.003 secs
    Create Function                            0.001 secs
    DWARF                                      0.039 secs
    Data Reference                             0.001 secs
    Decompiler Switch Analysis                 0.001 secs
    Demangler GNU                              0.005 secs
    Disassemble Entry Points                   0.033 secs
    ELF Scalar Operand References              0.032 secs
    Embedded Media                             0.000 secs
    External Entry References                  0.000 secs
    Function ID                                0.029 secs
    Function Start Pre Search                  0.001 secs
    Function Start Search                      0.003 secs
    Function Start Search After Code           0.000 secs
    Function Start Search After Data           0.000 secs
    GCC Exception Handlers                     0.002 secs
    Non-Returning Functions - Discovered       0.000 secs
    Non-Returning Functions - Known            0.001 secs
    Reference                                  0.000 secs
    Shared Return Calls                        0.001 secs
    Stack                                      0.142 secs
    Subroutine References                      0.001 secs
    X86 Function Callee Purge                  0.000 secs
    x86 Constant Reference Analyzer            0.051 secs
-----------------------------------------------------
     Total Time   1 secs
-----------------------------------------------------
 (AutoAnalysisManager)  
INFO  REPORT: Analysis succeeded for file: file:///home/ion/tools/karma-lab/allobj/IxCylinderCylinder.o?MD5=6a3ac62e5994b6477a76162a873dcecd (HeadlessAnalyzer)  
INFO  REPORT: Execute script: DumpDecomp.java  (HeadlessAnalyzer)  
INFO  SCRIPT: /home/ion/tools/karma-lab/gscripts/DumpDecomp.java (HeadlessAnalyzer)  
INFO  DumpDecomp.java> OVERRIDES applied: 0 (GhidraScript)  
INFO  DumpDecomp.java> VTABLE: IxCylinderCylinder.o rows=0 applied=0 no-prototype=0 not-in-a-function=0 refused=0 (GhidraScript)  
INFO  DumpDecomp.java> KARMAHDR: calling conventions {__cdecl=7, unknown=11} (GhidraScript)  
INFO  DumpDecomp.java> KARMAHDR: __regparm -> __cdecl on 11 function(s), 0 refused (GhidraScript)  
INFO  DumpDecomp.java> DONE IxCylinderCylinder.o (GhidraScript)  
INFO  ANALYZING changes made by post scripts: file:///home/ion/tools/karma-lab/allobj/IxCylinderCylinder.o?MD5=6a3ac62e5994b6477a76162a873dcecd (HeadlessAnalyzer)  
INFO  REPORT: Post-analysis succeeded for file: file:///home/ion/tools/karma-lab/allobj/IxCylinderCylinder.o?MD5=6a3ac62e5994b6477a76162a873dcecd (HeadlessAnalyzer)  
INFO  /allobj/IxCylinderCylinder.o: file created (ion) (LocalFileSystem)  
INFO  REPORT: Save succeeded for: /allobj/IxCylinderCylinder.o (Proj:/allobj/IxCylinderCylinder.o) (HeadlessAnalyzer)  
INFO  REPORT: Import succeeded (HeadlessAnalyzer)  
INFO  IMPORTING: file:///home/ion/tools/karma-lab/allobj/MdtUniversal.o?MD5=76aa142e05362f5246c627bb3a6a8991 (HeadlessAnalyzer)  
INFO  Using Loader: Executable and Linking Format (ELF) (ProgramLoader)  
INFO  Using Language/Compiler: x86:LE:32:default:gcc (ProgramLoader)  
INFO  Using Library Search Path: [., /bin, /lib, /lib64, /lib/x86_64-linux-gnu, /lib/aarch64-linux-gnu, /usr/bin, /usr/lib, /usr/X11R6/bin, /usr/X11R6/lib, /usr/java/packages/lib, /usr/lib/x86_64-linux-gnu/jni, /usr/lib/x86_64-linux-gnu, /usr/lib/jni] (ProgramLoader)  
INFO  Additional info:
Loading file:///home/ion/tools/karma-lab/allobj/MdtUniversal.o?MD5=76aa142e05362f5246c627bb3a6a8991...
Skipping section [.data] with invalid size 0x0
Skipping section [.bss] with invalid size 0x0
------------------------------------------------

 (ProgramLoader)  
INFO  IMPORTING: Loaded 0 additional files (HeadlessAnalyzer)  
INFO  REPORT: Execute script: ParseKarmaHeaders.java  (HeadlessAnalyzer)  
INFO  SCRIPT: /home/ion/tools/karma-lab/gscripts/ParseKarmaHeaders.java (HeadlessAnalyzer)  
INFO  ParseKarmaHeaders.java> KARMAOPT: KD_GHIDRA_OPTS not set, analyzer options untouched (GhidraScript)  
INFO  parse /home/ion/tools/karma-lab/kd_protos10.h (CParserUtils)  
INFO  ParseKarmaHeaders.java> KARMAHDR: parsed FunctionDefinitions=2700 (GhidraScript)  
INFO  ParseKarmaHeaders.java> KARMAHDR: signatures applied -- defined=11 imported=7 failed=0 (GhidraScript)  
INFO  ANALYZING all memory and code: file:///home/ion/tools/karma-lab/allobj/MdtUniversal.o?MD5=76aa142e05362f5246c627bb3a6a8991 (HeadlessAnalyzer)  
WARN  Mismatched DWARF Attribute and Form: DW_AT_macro_info->DW_FORM_data4 (DWARFAbbreviation)  
INFO  Added 22 source map entries (DWARFImporter)  
INFO  DWARF ver[2], 1 compUnits, 524 DIES, import - total elapsed: 16ms (DWARFImportSummary)  
INFO  DWARF data type import - elapsed: 11ms (DWARFImportSummary)  
INFO  DWARF func & symbol import - elapsed: 2ms (DWARFImportSummary)  
INFO  DWARF types imported: 123 (DWARFImportSummary)  
INFO  DWARF compile dirs: [/home/icculus/projects/UT2-Code/karma/Mdt/src] (DWARFImportSummary)  
INFO  DWARF producers: [GNU C 3.2.3 20030422 (Gentoo Linux 1.4 3.2.3-r4, propolice)] (DWARFImportSummary)  
INFO  DWARF source languages: [DW_LANG_C89] (DWARFImportSummary)  
INFO  DWARF compUnit: MdtUniversal.c (DWARFImportSummary)  
ERROR DWARF un-recoverable expressions: (DWARFImportSummary)  
ERROR   DW_OP_reg3 -> 2 (DWARFImportSummary)  
ERROR   DW_OP_reg0 -> 1 (DWARFImportSummary)  
ERROR   DW_OP_reg2 -> 1 (DWARFImportSummary)  
INFO  Applied data type archive: generic_clib (ApplyDataArchiveAnalyzer)  
INFO  REPORT: Analysis succeeded for file: file:///home/ion/tools/karma-lab/allobj/MdtUniversal.o?MD5=76aa142e05362f5246c627bb3a6a8991 (HeadlessAnalyzer)  
INFO  REPORT: Execute script: DumpDecomp.java  (HeadlessAnalyzer)  
INFO  SCRIPT: /home/ion/tools/karma-lab/gscripts/DumpDecomp.java (HeadlessAnalyzer)  
INFO  DumpDecomp.java> OVERRIDES applied: 0 (GhidraScript)  
INFO  DumpDecomp.java> VTABLE: MdtUniversal.o rows=0 applied=0 no-prototype=0 not-in-a-function=0 refused=0 (GhidraScript)  
INFO  DumpDecomp.java> KARMAHDR: calling conventions {__cdecl=3, unknown=8} (GhidraScript)  
INFO  DumpDecomp.java> KARMAHDR: __regparm -> __cdecl on 8 function(s), 0 refused (GhidraScript)  
INFO  DumpDecomp.java> DONE MdtUniversal.o (GhidraScript)  
INFO  ANALYZING changes made by post scripts: file:///home/ion/tools/karma-lab/allobj/MdtUniversal.o?MD5=76aa142e05362f5246c627bb3a6a8991 (HeadlessAnalyzer)  
INFO  REPORT: Post-analysis succeeded for file: file:///home/ion/tools/karma-lab/allobj/MdtUniversal.o?MD5=76aa142e05362f5246c627bb3a6a8991 (HeadlessAnalyzer)  
INFO  /allobj/MdtUniversal.o: file created (ion) (LocalFileSystem)  
INFO  REPORT: Save succeeded for: /allobj/MdtUniversal.o (Proj:/allobj/MdtUniversal.o) (HeadlessAnalyzer)  
INFO  REPORT: Import succeeded (HeadlessAnalyzer)  
INFO  IMPORTING: file:///home/ion/tools/karma-lab/allobj/keaFunctions.o?MD5=dcd38648fe77291b336be3f00b317354 (HeadlessAnalyzer)  
INFO  Using Loader: Executable and Linking Format (ELF) (ProgramLoader)  
INFO  Using Language/Compiler: x86:LE:32:default:gcc (ProgramLoader)  
INFO  Using Library Search Path: [., /bin, /lib, /lib64, /lib/x86_64-linux-gnu, /lib/aarch64-linux-gnu, /usr/bin, /usr/lib, /usr/X11R6/bin, /usr/X11R6/lib, /usr/java/packages/lib, /usr/lib/x86_64-linux-gnu/jni, /usr/lib/x86_64-linux-gnu, /usr/lib/jni] (ProgramLoader)  
INFO  Additional info:
Loading file:///home/ion/tools/karma-lab/allobj/keaFunctions.o?MD5=dcd38648fe77291b336be3f00b317354...
Skipping section [.data] with invalid size 0x0
Skipping section [.bss] with invalid size 0x0
------------------------------------------------

 (ProgramLoader)  
INFO  IMPORTING: Loaded 0 additional files (HeadlessAnalyzer)  
INFO  REPORT: Execute script: ParseKarmaHeaders.java  (HeadlessAnalyzer)  
INFO  SCRIPT: /home/ion/tools/karma-lab/gscripts/ParseKarmaHeaders.java (HeadlessAnalyzer)  
INFO  ParseKarmaHeaders.java> KARMAOPT: KD_GHIDRA_OPTS not set, analyzer options untouched (GhidraScript)  
INFO  parse /home/ion/tools/karma-lab/kd_protos10.h (CParserUtils)  
INFO  ParseKarmaHeaders.java> KARMAHDR: parsed FunctionDefinitions=2700 (GhidraScript)  
INFO  ParseKarmaHeaders.java> KARMAHDR: signatures applied -- defined=1 imported=0 failed=0 (GhidraScript)  
INFO  ANALYZING all memory and code: file:///home/ion/tools/karma-lab/allobj/keaFunctions.o?MD5=dcd38648fe77291b336be3f00b317354 (HeadlessAnalyzer)  
WARN  Mismatched DWARF Attribute and Form: DW_AT_macro_info->DW_FORM_data4 (DWARFAbbreviation)  
INFO  Added 2 source map entries (DWARFImporter)  
INFO  DWARF ver[2], 1 compUnits, 93 DIES, import - total elapsed: 3ms (DWARFImportSummary)  
INFO  DWARF data type import - elapsed: 2ms (DWARFImportSummary)  
INFO  DWARF func & symbol import - elapsed: 1ms (DWARFImportSummary)  
INFO  DWARF types imported: 21 (DWARFImportSummary)  
INFO  DWARF compile dirs: [/home/icculus/projects/UT2-Code/karma/MdtKea/src] (DWARFImportSummary)  
INFO  DWARF producers: [GNU C++ 3.2.3 20030422 (Gentoo Linux 1.4 3.2.3-r4, propolice)] (DWARFImportSummary)  
INFO  DWARF source languages: [DW_LANG_C_plus_plus] (DWARFImportSummary)  
INFO  DWARF compUnit: keaFunctions.cpp (DWARFImportSummary)  
INFO  Applied data type archive: generic_clib (ApplyDataArchiveAnalyzer)  
INFO  REPORT: Analysis succeeded for file: file:///home/ion/tools/karma-lab/allobj/keaFunctions.o?MD5=dcd38648fe77291b336be3f00b317354 (HeadlessAnalyzer)  
INFO  REPORT: Execute script: DumpDecomp.java  (HeadlessAnalyzer)  
INFO  SCRIPT: /home/ion/tools/karma-lab/gscripts/DumpDecomp.java (HeadlessAnalyzer)  
INFO  DumpDecomp.java> OVERRIDES applied: 0 (GhidraScript)  
INFO  DumpDecomp.java> VTABLE: keaFunctions.o rows=0 applied=0 no-prototype=0 not-in-a-function=0 refused=0 (GhidraScript)  
INFO  DumpDecomp.java> KARMAHDR: calling conventions {__thiscall=1} (GhidraScript)  
INFO  DumpDecomp.java> KARMAHDR: __regparm -> __cdecl on 0 function(s), 0 refused (GhidraScript)  
INFO  DumpDecomp.java> DONE keaFunctions.o (GhidraScript)  
INFO  ANALYZING changes made by post scripts: file:///home/ion/tools/karma-lab/allobj/keaFunctions.o?MD5=dcd38648fe77291b336be3f00b317354 (HeadlessAnalyzer)  
INFO  REPORT: Post-analysis succeeded for file: file:///home/ion/tools/karma-lab/allobj/keaFunctions.o?MD5=dcd38648fe77291b336be3f00b317354 (HeadlessAnalyzer)  
INFO  /allobj/keaFunctions.o: file created (ion) (LocalFileSystem)  
INFO  REPORT: Save succeeded for: /allobj/keaFunctions.o (Proj:/allobj/keaFunctions.o) (HeadlessAnalyzer)  
INFO  REPORT: Import succeeded (HeadlessAnalyzer)  
INFO  IMPORTING: file:///home/ion/tools/karma-lab/allobj/McdPolygonIntersection.o?MD5=a6ae1c5e21c68b0cbea6e7295129f2d1 (HeadlessAnalyzer)  
INFO  Using Loader: Executable and Linking Format (ELF) (ProgramLoader)  
INFO  Using Language/Compiler: x86:LE:32:default:gcc (ProgramLoader)  
INFO  Using Library Search Path: [., /bin, /lib, /lib64, /lib/x86_64-linux-gnu, /lib/aarch64-linux-gnu, /usr/bin, /usr/lib, /usr/X11R6/bin, /usr/X11R6/lib, /usr/java/packages/lib, /usr/lib/x86_64-linux-gnu/jni, /usr/lib/x86_64-linux-gnu, /usr/lib/jni] (ProgramLoader)  
INFO  Additional info:
Loading file:///home/ion/tools/karma-lab/allobj/McdPolygonIntersection.o?MD5=a6ae1c5e21c68b0cbea6e7295129f2d1...
Skipping section [.data] with invalid size 0x0
Skipping section [.bss] with invalid size 0x0
------------------------------------------------

 (ProgramLoader)  
INFO  IMPORTING: Loaded 0 additional files (HeadlessAnalyzer)  
INFO  REPORT: Execute script: ParseKarmaHeaders.java  (HeadlessAnalyzer)  
INFO  SCRIPT: /home/ion/tools/karma-lab/gscripts/ParseKarmaHeaders.java (HeadlessAnalyzer)  
INFO  ParseKarmaHeaders.java> KARMAOPT: KD_GHIDRA_OPTS not set, analyzer options untouched (GhidraScript)  
INFO  parse /home/ion/tools/karma-lab/kd_protos10.h (CParserUtils)  
INFO  ParseKarmaHeaders.java> KARMAHDR: parsed FunctionDefinitions=2700 (GhidraScript)  
INFO  ParseKarmaHeaders.java> KARMAHDR: signatures applied -- defined=3 imported=0 failed=0 (GhidraScript)  
INFO  ANALYZING all memory and code: file:///home/ion/tools/karma-lab/allobj/McdPolygonIntersection.o?MD5=a6ae1c5e21c68b0cbea6e7295129f2d1 (HeadlessAnalyzer)  
WARN  Mismatched DWARF Attribute and Form: DW_AT_macro_info->DW_FORM_data4 (DWARFAbbreviation)  
INFO  Added 292 source map entries (DWARFImporter)  
INFO  DWARF ver[2], 1 compUnits, 612 DIES, import - total elapsed: 8ms (DWARFImportSummary)  
INFO  DWARF data type import - elapsed: 2ms (DWARFImportSummary)  
INFO  DWARF func & symbol import - elapsed: 5ms (DWARFImportSummary)  
INFO  DWARF types imported: 29 (DWARFImportSummary)  
INFO  DWARF compile dirs: [/home/icculus/projects/UT2-Code/karma/Mcd/src/convex] (DWARFImportSummary)  
INFO  DWARF producers: [GNU C++ 3.2.3 20030422 (Gentoo Linux 1.4 3.2.3-r4, propolice)] (DWARFImportSummary)  
INFO  DWARF source languages: [DW_LANG_C_plus_plus] (DWARFImportSummary)  
INFO  DWARF compUnit: ../gjk/McdPolygonIntersection.cpp (DWARFImportSummary)  
ERROR DWARF un-recoverable expressions: (DWARFImportSummary)  
ERROR   DW_OP_reg12 -> 4 (DWARFImportSummary)  
ERROR   DW_OP_reg13 -> 1 (DWARFImportSummary)  
ERROR   DW_OP_reg3 -> 4 (DWARFImportSummary)  
ERROR   DW_OP_reg11 -> 7 (DWARFImportSummary)  
ERROR   DW_OP_reg1 -> 4 (DWARFImportSummary)  
ERROR   DW_OP_reg0 -> 14 (DWARFImportSummary)  
ERROR   DW_OP_reg2 -> 8 (DWARFImportSummary)  
ERROR   DW_OP_reg14 -> 2 (DWARFImportSummary)  
ERROR   DW_OP_reg7 -> 1 (DWARFImportSummary)  
ERROR   DW_OP_reg17 -> 1 (DWARFImportSummary)  
ERROR   DW_OP_reg6 -> 5 (DWARFImportSummary)  
INFO  Applied data type archive: generic_clib (ApplyDataArchiveAnalyzer)  
INFO  -----------------------------------------------------
    ASCII Strings                              0.000 secs
    Apply Data Archives                        0.072 secs
    Call Convention ID                         2.283 secs
    Call-Fixup Installer                       0.000 secs
    Create Address Tables                      0.001 secs
    Create Function                            0.001 secs
    DWARF                                      0.008 secs
    Data Reference                             0.000 secs
    Decompiler Switch Analysis                 0.000 secs
    Demangler GNU                              0.002 secs
    Disassemble Entry Points                   0.009 secs
    ELF Scalar Operand References              0.005 secs
    Embedded Media                             0.000 secs
    External Entry References                  0.000 secs
    Function ID                                0.004 secs
    Function Start Pre Search                  0.000 secs
    Function Start Search                      0.002 secs
    Function Start Search After Code           0.000 secs
    Function Start Search After Data           0.000 secs
    GCC Exception Handlers                     0.002 secs
    Non-Returning Functions - Discovered       0.000 secs
    Non-Returning Functions - Known            0.001 secs
    Reference                                  0.001 secs
    Shared Return Calls                        0.000 secs
    Stack                                      0.020 secs
    Subroutine References                      0.001 secs
    X86 Function Callee Purge                  0.000 secs
    x86 Constant Reference Analyzer            0.011 secs
-----------------------------------------------------
     Total Time   2 secs
-----------------------------------------------------
 (AutoAnalysisManager)  
INFO  REPORT: Analysis succeeded for file: file:///home/ion/tools/karma-lab/allobj/McdPolygonIntersection.o?MD5=a6ae1c5e21c68b0cbea6e7295129f2d1 (HeadlessAnalyzer)  
INFO  REPORT: Execute script: DumpDecomp.java  (HeadlessAnalyzer)  
INFO  SCRIPT: /home/ion/tools/karma-lab/gscripts/DumpDecomp.java (HeadlessAnalyzer)  
INFO  DumpDecomp.java> OVERRIDES applied: 0 (GhidraScript)  
INFO  DumpDecomp.java> VTABLE: McdPolygonIntersection.o rows=0 applied=0 no-prototype=0 not-in-a-function=0 refused=0 (GhidraScript)  
INFO  DumpDecomp.java> KARMAHDR: calling conventions {__cdecl=10, unknown=3} (GhidraScript)  
INFO  DumpDecomp.java> KARMAHDR: __regparm -> __cdecl on 3 function(s), 0 refused (GhidraScript)  
INFO  DumpDecomp.java> DONE McdPolygonIntersection.o (GhidraScript)  
INFO  ANALYZING changes made by post scripts: file:///home/ion/tools/karma-lab/allobj/McdPolygonIntersection.o?MD5=a6ae1c5e21c68b0cbea6e7295129f2d1 (HeadlessAnalyzer)  
INFO  REPORT: Post-analysis succeeded for file: file:///home/ion/tools/karma-lab/allobj/McdPolygonIntersection.o?MD5=a6ae1c5e21c68b0cbea6e7295129f2d1 (HeadlessAnalyzer)  
INFO  /allobj/McdPolygonIntersection.o: file created (ion) (LocalFileSystem)  
INFO  REPORT: Save succeeded for: /allobj/McdPolygonIntersection.o (Proj:/allobj/McdPolygonIntersection.o) (HeadlessAnalyzer)  
INFO  REPORT: Import succeeded (HeadlessAnalyzer)  
INFO  IMPORTING: file:///home/ion/tools/karma-lab/allobj/MeHash.o?MD5=27ae90b3bdff9f9d2c6e95bdbe043714 (HeadlessAnalyzer)  
INFO  Using Loader: Executable and Linking Format (ELF) (ProgramLoader)  
INFO  Using Language/Compiler: x86:LE:32:default:gcc (ProgramLoader)  
INFO  Using Library Search Path: [., /bin, /lib, /lib64, /lib/x86_64-linux-gnu, /lib/aarch64-linux-gnu, /usr/bin, /usr/lib, /usr/X11R6/bin, /usr/X11R6/lib, /usr/java/packages/lib, /usr/lib/x86_64-linux-gnu/jni, /usr/lib/x86_64-linux-gnu, /usr/lib/jni] (ProgramLoader)  
ERROR EXTERNAL Data ELF Relocation with offset: at 0001019a (External Location = MeMemoryAPI+0xc) (ElfRelocationHandler)  
ERROR EXTERNAL Data ELF Relocation with offset: at 000103c4 (External Location = MeMemoryAPI+0xc) (ElfRelocationHandler)  
ERROR EXTERNAL Data ELF Relocation with offset: at 00010418 (External Location = MeMemoryAPI+0xc) (ElfRelocationHandler)  
ERROR EXTERNAL Data ELF Relocation with offset: at 00010456 (External Location = MeMemoryAPI+0xc) (ElfRelocationHandler)  
ERROR EXTERNAL Data ELF Relocation with offset: at 0001048b (External Location = MeMemoryAPI+0xc) (ElfRelocationHandler)  
ERROR EXTERNAL Data ELF Relocation with offset: at 00010496 (External Location = MeMemoryAPI+0xc) (ElfRelocationHandler)  
ERROR EXTERNAL Data ELF Relocation with offset: at 00010564 (External Location = MeMemoryAPI+0xc) (ElfRelocationHandler)  
ERROR EXTERNAL Data ELF Relocation with offset: at 000105b8 (External Location = MeMemoryAPI+0xc) (ElfRelocationHandler)  
ERROR EXTERNAL Data ELF Relocation with offset: at 000105f6 (External Location = MeMemoryAPI+0xc) (ElfRelocationHandler)  
INFO  Additional info:
Loading file:///home/ion/tools/karma-lab/allobj/MeHash.o?MD5=27ae90b3bdff9f9d2c6e95bdbe043714...
Skipping section [.data] with invalid size 0x0
Skipping section [.bss] with invalid size 0x0
------------------------------------------------

 (ProgramLoader)  
INFO  IMPORTING: Loaded 0 additional files (HeadlessAnalyzer)  
INFO  REPORT: Execute script: ParseKarmaHeaders.java  (HeadlessAnalyzer)  
INFO  SCRIPT: /home/ion/tools/karma-lab/gscripts/ParseKarmaHeaders.java (HeadlessAnalyzer)  
INFO  ParseKarmaHeaders.java> KARMAOPT: KD_GHIDRA_OPTS not set, analyzer options untouched (GhidraScript)  
INFO  parse /home/ion/tools/karma-lab/kd_protos10.h (CParserUtils)  
INFO  ParseKarmaHeaders.java> KARMAHDR: parsed FunctionDefinitions=2700 (GhidraScript)  
INFO  ParseKarmaHeaders.java> KARMAHDR: signatures applied -- defined=17 imported=0 failed=0 (GhidraScript)  
INFO  ANALYZING all memory and code: file:///home/ion/tools/karma-lab/allobj/MeHash.o?MD5=27ae90b3bdff9f9d2c6e95bdbe043714 (HeadlessAnalyzer)  
WARN  Mismatched DWARF Attribute and Form: DW_AT_macro_info->DW_FORM_data4 (DWARFAbbreviation)  
INFO  Added 210 source map entries (DWARFImporter)  
INFO  DWARF ver[2], 1 compUnits, 231 DIES, import - total elapsed: 8ms (DWARFImportSummary)  
INFO  DWARF data type import - elapsed: 3ms (DWARFImportSummary)  
INFO  DWARF func & symbol import - elapsed: 4ms (DWARFImportSummary)  
INFO  DWARF types imported: 34 (DWARFImportSummary)  
INFO  DWARF compile dirs: [/home/icculus/projects/UT2-Code/karma/MeGlobals/src] (DWARFImportSummary)  
INFO  DWARF producers: [GNU C 3.2.3 20030422 (Gentoo Linux 1.4 3.2.3-r4, propolice)] (DWARFImportSummary)  
INFO  DWARF source languages: [DW_LANG_C89] (DWARFImportSummary)  
INFO  DWARF compUnit: MeHash.c (DWARFImportSummary)  
ERROR DWARF un-recoverable expressions: (DWARFImportSummary)  
ERROR   DW_OP_reg3 -> 6 (DWARFImportSummary)  
ERROR   DW_OP_reg1 -> 1 (DWARFImportSummary)  
ERROR   DW_OP_reg0 -> 12 (DWARFImportSummary)  
ERROR   DW_OP_reg2 -> 7 (DWARFImportSummary)  
ERROR   DW_OP_reg7 -> 6 (DWARFImportSummary)  
ERROR   DW_OP_reg6 -> 5 (DWARFImportSummary)  
INFO  Applied data type archive: generic_clib (ApplyDataArchiveAnalyzer)  
INFO  -----------------------------------------------------
    ASCII Strings                              0.000 secs
    Apply Data Archives                        0.042 secs
    Call Convention ID                         2.265 secs
    Call-Fixup Installer                       0.000 secs
    Create Address Tables                      0.000 secs
    Create Function                            0.000 secs
    DWARF                                      0.036 secs
    Data Reference                             0.001 secs
    Decompiler Switch Analysis                 0.001 secs
    Demangler GNU                              0.003 secs
    Disassemble Entry Points                   0.006 secs
    ELF Scalar Operand References              0.001 secs
    Embedded Media                             0.001 secs
    External Entry References                  0.000 secs
    Function ID                                0.003 secs
    Function Start Pre Search                  0.001 secs
    Function Start Search                      0.002 secs
    Function Start Search After Code           0.000 secs
    Function Start Search After Data           0.000 secs
    GCC Exception Handlers                     0.002 secs
    Non-Returning Functions - Discovered       0.000 secs
    Non-Returning Functions - Known            0.001 secs
    Reference                                  0.001 secs
    Shared Return Calls                        0.000 secs
    Stack                                      0.011 secs
    Subroutine References                      0.000 secs
    X86 Function Callee Purge                  0.000 secs
    x86 Constant Reference Analyzer            0.008 secs
-----------------------------------------------------
     Total Time   2 secs
-----------------------------------------------------
 (AutoAnalysisManager)  
INFO  REPORT: Analysis succeeded for file: file:///home/ion/tools/karma-lab/allobj/MeHash.o?MD5=27ae90b3bdff9f9d2c6e95bdbe043714 (HeadlessAnalyzer)  
INFO  REPORT: Execute script: DumpDecomp.java  (HeadlessAnalyzer)  
INFO  SCRIPT: /home/ion/tools/karma-lab/gscripts/DumpDecomp.java (HeadlessAnalyzer)  
INFO  DumpDecomp.java> OVERRIDES applied: 0 (GhidraScript)  
INFO  DumpDecomp.java> VTABLE: MeHash.o rows=14 applied=14 no-prototype=0 not-in-a-function=0 refused=0 (GhidraScript)  
INFO  DumpDecomp.java> KARMAHDR: calling conventions {__cdecl=15, unknown=3} (GhidraScript)  
INFO  DumpDecomp.java> KARMAHDR: __regparm -> __cdecl on 3 function(s), 0 refused (GhidraScript)  
INFO  DumpDecomp.java> DONE MeHash.o (GhidraScript)  
INFO  ANALYZING changes made by post scripts: file:///home/ion/tools/karma-lab/allobj/MeHash.o?MD5=27ae90b3bdff9f9d2c6e95bdbe043714 (HeadlessAnalyzer)  
INFO  REPORT: Post-analysis succeeded for file: file:///home/ion/tools/karma-lab/allobj/MeHash.o?MD5=27ae90b3bdff9f9d2c6e95bdbe043714 (HeadlessAnalyzer)  
INFO  /allobj/MeHash.o: file created (ion) (LocalFileSystem)  
INFO  REPORT: Save succeeded for: /allobj/MeHash.o (Proj:/allobj/MeHash.o) (HeadlessAnalyzer)  
INFO  REPORT: Import succeeded (HeadlessAnalyzer)  
INFO  IMPORTING: file:///home/ion/tools/karma-lab/allobj/keaDebug.o?MD5=2f87d2318abab604e2f2992b6cb7fccc (HeadlessAnalyzer)  
INFO  Using Loader: Executable and Linking Format (ELF) (ProgramLoader)  
INFO  Using Language/Compiler: x86:LE:32:default:gcc (ProgramLoader)  
INFO  Using Library Search Path: [., /bin, /lib, /lib64, /lib/x86_64-linux-gnu, /lib/aarch64-linux-gnu, /usr/bin, /usr/lib, /usr/X11R6/bin, /usr/X11R6/lib, /usr/java/packages/lib, /usr/lib/x86_64-linux-gnu/jni, /usr/lib/x86_64-linux-gnu, /usr/lib/jni] (ProgramLoader)  
INFO  Additional info:
Loading file:///home/ion/tools/karma-lab/allobj/keaDebug.o?MD5=2f87d2318abab604e2f2992b6cb7fccc...
Skipping section [.data] with invalid size 0x0
Skipping section [.bss] with invalid size 0x0
------------------------------------------------

 (ProgramLoader)  
INFO  IMPORTING: Loaded 0 additional files (HeadlessAnalyzer)  
INFO  REPORT: Execute script: ParseKarmaHeaders.java  (HeadlessAnalyzer)  
INFO  SCRIPT: /home/ion/tools/karma-lab/gscripts/ParseKarmaHeaders.java (HeadlessAnalyzer)  
INFO  ParseKarmaHeaders.java> KARMAOPT: KD_GHIDRA_OPTS not set, analyzer options untouched (GhidraScript)  
INFO  parse /home/ion/tools/karma-lab/kd_protos10.h (CParserUtils)  
INFO  ParseKarmaHeaders.java> KARMAHDR: parsed FunctionDefinitions=2700 (GhidraScript)  
INFO  ParseKarmaHeaders.java> KARMAHDR: signatures applied -- defined=2 imported=1 failed=0 (GhidraScript)  
INFO  ANALYZING all memory and code: file:///home/ion/tools/karma-lab/allobj/keaDebug.o?MD5=2f87d2318abab604e2f2992b6cb7fccc (HeadlessAnalyzer)  
WARN  Mismatched DWARF Attribute and Form: DW_AT_macro_info->DW_FORM_data4 (DWARFAbbreviation)  
INFO  Added 719 source map entries (DWARFImporter)  
INFO  DWARF ver[2], 1 compUnits, 684 DIES, import - total elapsed: 14ms (DWARFImportSummary)  
INFO  DWARF data type import - elapsed: 3ms (DWARFImportSummary)  
INFO  DWARF func & symbol import - elapsed: 8ms (DWARFImportSummary)  
INFO  DWARF types imported: 63 (DWARFImportSummary)  
INFO  DWARF compile dirs: [/home/icculus/projects/UT2-Code/karma/MdtKea/src] (DWARFImportSummary)  
INFO  DWARF producers: [GNU C++ 3.2.3 20030422 (Gentoo Linux 1.4 3.2.3-r4, propolice)] (DWARFImportSummary)  
INFO  DWARF source languages: [DW_LANG_C_plus_plus] (DWARFImportSummary)  
INFO  DWARF compUnit: keaDebug.cpp (DWARFImportSummary)  
ERROR DWARF un-recoverable expressions: (DWARFImportSummary)  
ERROR   DW_OP_reg12 -> 4 (DWARFImportSummary)  
ERROR   DW_OP_reg3 -> 21 (DWARFImportSummary)  
ERROR   DW_OP_reg0 -> 4 (DWARFImportSummary)  
ERROR   DW_OP_reg7 -> 11 (DWARFImportSummary)  
ERROR   DW_OP_reg6 -> 22 (DWARFImportSummary)  
INFO  Applied data type archive: generic_clib (ApplyDataArchiveAnalyzer)  
INFO  -----------------------------------------------------
    ASCII Strings                              0.001 secs
    Apply Data Archives                        0.045 secs
    Call Convention ID                         2.307 secs
    Call-Fixup Installer                       0.000 secs
    Create Address Tables                      0.001 secs
    Create Function                            0.000 secs
    DWARF                                      0.015 secs
    Data Reference                             0.002 secs
    Decompiler Switch Analysis                 0.001 secs
    Demangler GNU                              0.008 secs
    Disassemble Entry Points                   0.019 secs
    ELF Scalar Operand References              0.013 secs
    Embedded Media                             0.001 secs
    External Entry References                  0.000 secs
    Function ID                                0.009 secs
    Function Start Pre Search                  0.001 secs
    Function Start Search                      0.002 secs
    Function Start Search After Code           0.001 secs
    Function Start Search After Data           0.000 secs
    GCC Exception Handlers                     0.005 secs
    Non-Returning Functions - Discovered       0.002 secs
    Non-Returning Functions - Known            0.000 secs
    Reference                                  0.004 secs
    Shared Return Calls                        0.001 secs
    Stack                                      0.046 secs
    Subroutine References                      0.001 secs
    X86 Function Callee Purge                  0.001 secs
    x86 Constant Reference Analyzer            0.033 secs
-----------------------------------------------------
     Total Time   2 secs
-----------------------------------------------------
 (AutoAnalysisManager)  
INFO  REPORT: Analysis succeeded for file: file:///home/ion/tools/karma-lab/allobj/keaDebug.o?MD5=2f87d2318abab604e2f2992b6cb7fccc (HeadlessAnalyzer)  
INFO  REPORT: Execute script: DumpDecomp.java  (HeadlessAnalyzer)  
INFO  SCRIPT: /home/ion/tools/karma-lab/gscripts/DumpDecomp.java (HeadlessAnalyzer)  
INFO  DumpDecomp.java> OVERRIDES applied: 0 (GhidraScript)  
INFO  DumpDecomp.java> VTABLE: keaDebug.o rows=0 applied=0 no-prototype=0 not-in-a-function=0 refused=0 (GhidraScript)  
INFO  DumpDecomp.java> KARMAHDR: calling conventions {__cdecl=18, unknown=24} (GhidraScript)  
INFO  DumpDecomp.java> KARMAHDR: __regparm -> __cdecl on 24 function(s), 0 refused (GhidraScript)  
INFO  DumpDecomp.java> DONE keaDebug.o (GhidraScript)  
INFO  ANALYZING changes made by post scripts: file:///home/ion/tools/karma-lab/allobj/keaDebug.o?MD5=2f87d2318abab604e2f2992b6cb7fccc (HeadlessAnalyzer)  
INFO  REPORT: Post-analysis succeeded for file: file:///home/ion/tools/karma-lab/allobj/keaDebug.o?MD5=2f87d2318abab604e2f2992b6cb7fccc (HeadlessAnalyzer)  
INFO  /allobj/keaDebug.o: file created (ion) (LocalFileSystem)  
INFO  REPORT: Save succeeded for: /allobj/keaDebug.o (Proj:/allobj/keaDebug.o) (HeadlessAnalyzer)  
INFO  REPORT: Import succeeded (HeadlessAnalyzer)  
INFO  IMPORTING: file:///home/ion/tools/karma-lab/allobj/MdtSkeletal.o?MD5=4db4ba0c45025fcc4682df9f70e0b543 (HeadlessAnalyzer)  
INFO  Using Loader: Executable and Linking Format (ELF) (ProgramLoader)  
INFO  Using Language/Compiler: x86:LE:32:default:gcc (ProgramLoader)  
INFO  Using Library Search Path: [., /bin, /lib, /lib64, /lib/x86_64-linux-gnu, /lib/aarch64-linux-gnu, /usr/bin, /usr/lib, /usr/X11R6/bin, /usr/X11R6/lib, /usr/java/packages/lib, /usr/lib/x86_64-linux-gnu/jni, /usr/lib/x86_64-linux-gnu, /usr/lib/jni] (ProgramLoader)  
INFO  Additional info:
Loading file:///home/ion/tools/karma-lab/allobj/MdtSkeletal.o?MD5=4db4ba0c45025fcc4682df9f70e0b543...
Skipping section [.data] with invalid size 0x0
Skipping section [.bss] with invalid size 0x0
------------------------------------------------

 (ProgramLoader)  
INFO  IMPORTING: Loaded 0 additional files (HeadlessAnalyzer)  
INFO  REPORT: Execute script: ParseKarmaHeaders.java  (HeadlessAnalyzer)  
INFO  SCRIPT: /home/ion/tools/karma-lab/gscripts/ParseKarmaHeaders.java (HeadlessAnalyzer)  
INFO  ParseKarmaHeaders.java> KARMAOPT: KD_GHIDRA_OPTS not set, analyzer options untouched (GhidraScript)  
INFO  parse /home/ion/tools/karma-lab/kd_protos10.h (CParserUtils)  
INFO  ParseKarmaHeaders.java> KARMAHDR: parsed FunctionDefinitions=2700 (GhidraScript)  
INFO  ParseKarmaHeaders.java> KARMAHDR: signatures applied -- defined=30 imported=7 failed=0 (GhidraScript)  
INFO  ANALYZING all memory and code: file:///home/ion/tools/karma-lab/allobj/MdtSkeletal.o?MD5=4db4ba0c45025fcc4682df9f70e0b543 (HeadlessAnalyzer)  
WARN  Mismatched DWARF Attribute and Form: DW_AT_macro_info->DW_FORM_data4 (DWARFAbbreviation)  
INFO  Added 272 source map entries (DWARFImporter)  
INFO  DWARF ver[2], 1 compUnits, 933 DIES, import - total elapsed: 18ms (DWARFImportSummary)  
INFO  DWARF data type import - elapsed: 9ms (DWARFImportSummary)  
INFO  DWARF func & symbol import - elapsed: 5ms (DWARFImportSummary)  
INFO  DWARF types imported: 128 (DWARFImportSummary)  
INFO  DWARF compile dirs: [/home/icculus/projects/UT2-Code/karma/Mdt/src] (DWARFImportSummary)  
INFO  DWARF producers: [GNU C 3.2.3 20030422 (Gentoo Linux 1.4 3.2.3-r4, propolice)] (DWARFImportSummary)  
INFO  DWARF source languages: [DW_LANG_C89] (DWARFImportSummary)  
INFO  DWARF compUnit: MdtSkeletal.c (DWARFImportSummary)  
ERROR DWARF un-recoverable expressions: (DWARFImportSummary)  
ERROR   DW_OP_reg12 -> 6 (DWARFImportSummary)  
ERROR   DW_OP_reg13 -> 1 (DWARFImportSummary)  
ERROR   DW_OP_reg11 -> 3 (DWARFImportSummary)  
ERROR   DW_OP_reg3 -> 2 (DWARFImportSummary)  
ERROR   DW_OP_reg1 -> 1 (DWARFImportSummary)  
ERROR   DW_OP_reg0 -> 19 (DWARFImportSummary)  
ERROR   DW_OP_reg18 -> 1 (DWARFImportSummary)  
ERROR   DW_OP_reg2 -> 7 (DWARFImportSummary)  
ERROR   DW_OP_reg14 -> 3 (DWARFImportSummary)  
ERROR   DW_OP_reg15 -> 1 (DWARFImportSummary)  
ERROR   DW_OP_reg16 -> 3 (DWARFImportSummary)  
ERROR   DW_OP_reg6 -> 1 (DWARFImportSummary)  
INFO  Applied data type archive: generic_clib (ApplyDataArchiveAnalyzer)  
INFO  -----------------------------------------------------
    ASCII Strings                              0.000 secs
    Apply Data Archives                        0.040 secs
    Call Convention ID                         2.298 secs
    Call-Fixup Installer                       0.000 secs
    Create Address Tables                      0.001 secs
    Create Function                            0.000 secs
    DWARF                                      0.019 secs
    Data Reference                             0.000 secs
    Decompiler Switch Analysis                 0.000 secs
    Demangler GNU                              0.003 secs
    Disassemble Entry Points                   0.030 secs
    ELF Scalar Operand References              0.002 secs
    Embedded Media                             0.001 secs
    External Entry References                  0.000 secs
    Function ID                                0.003 secs
    Function Start Pre Search                  0.000 secs
    Function Start Search                      0.002 secs
    Function Start Search After Code           0.000 secs
    Function Start Search After Data           0.000 secs
    GCC Exception Handlers                     0.003 secs
    Non-Returning Functions - Discovered       0.000 secs
    Non-Returning Functions - Known            0.001 secs
    Reference                                  0.001 secs
    Shared Return Calls                        0.001 secs
    Stack                                      0.008 secs
    Subroutine References                      0.000 secs
    X86 Function Callee Purge                  0.001 secs
    x86 Constant Reference Analyzer            0.006 secs
-----------------------------------------------------
     Total Time   2 secs
-----------------------------------------------------
 (AutoAnalysisManager)  
INFO  REPORT: Analysis succeeded for file: file:///home/ion/tools/karma-lab/allobj/MdtSkeletal.o?MD5=4db4ba0c45025fcc4682df9f70e0b543 (HeadlessAnalyzer)  
INFO  REPORT: Execute script: DumpDecomp.java  (HeadlessAnalyzer)  
INFO  SCRIPT: /home/ion/tools/karma-lab/gscripts/DumpDecomp.java (HeadlessAnalyzer)  
INFO  DumpDecomp.java> OVERRIDES applied: 0 (GhidraScript)  
INFO  DumpDecomp.java> VTABLE: MdtSkeletal.o rows=0 applied=0 no-prototype=0 not-in-a-function=0 refused=0 (GhidraScript)  
INFO  DumpDecomp.java> KARMAHDR: calling conventions {__cdecl=23, unknown=8} (GhidraScript)  
INFO  DumpDecomp.java> KARMAHDR: __regparm -> __cdecl on 8 function(s), 0 refused (GhidraScript)  
INFO  DumpDecomp.java> DONE MdtSkeletal.o (GhidraScript)  
INFO  ANALYZING changes made by post scripts: file:///home/ion/tools/karma-lab/allobj/MdtSkeletal.o?MD5=4db4ba0c45025fcc4682df9f70e0b543 (HeadlessAnalyzer)  
INFO  REPORT: Post-analysis succeeded for file: file:///home/ion/tools/karma-lab/allobj/MdtSkeletal.o?MD5=4db4ba0c45025fcc4682df9f70e0b543 (HeadlessAnalyzer)  
INFO  /allobj/MdtSkeletal.o: file created (ion) (LocalFileSystem)  
INFO  REPORT: Save succeeded for: /allobj/MdtSkeletal.o (Proj:/allobj/MdtSkeletal.o) (HeadlessAnalyzer)  
INFO  REPORT: Import succeeded (HeadlessAnalyzer)  
INFO  IMPORTING: file:///home/ion/tools/karma-lab/allobj/McdAggregate.o?MD5=62928c5dcc4b7935b71ad849a13a203d (HeadlessAnalyzer)  
INFO  Using Loader: Executable and Linking Format (ELF) (ProgramLoader)  
INFO  Using Language/Compiler: x86:LE:32:default:gcc (ProgramLoader)  
INFO  Using Library Search Path: [., /bin, /lib, /lib64, /lib/x86_64-linux-gnu, /lib/aarch64-linux-gnu, /usr/bin, /usr/lib, /usr/X11R6/bin, /usr/X11R6/lib, /usr/java/packages/lib, /usr/lib/x86_64-linux-gnu/jni, /usr/lib/x86_64-linux-gnu, /usr/lib/jni] (ProgramLoader)  
ERROR EXTERNAL Data ELF Relocation with offset: at 00010062 (External Location = MeMemoryAPI+0x8) (ElfRelocationHandler)  
ERROR EXTERNAL Data ELF Relocation with offset: at 0001035e (External Location = MeMemoryAPI+0xc) (ElfRelocationHandler)  
INFO  Additional info:
Loading file:///home/ion/tools/karma-lab/allobj/McdAggregate.o?MD5=62928c5dcc4b7935b71ad849a13a203d...
Skipping section [.data] with invalid size 0x0
Skipping section [.bss] with invalid size 0x0
------------------------------------------------

 (ProgramLoader)  
INFO  IMPORTING: Loaded 0 additional files (HeadlessAnalyzer)  
INFO  REPORT: Execute script: ParseKarmaHeaders.java  (HeadlessAnalyzer)  
INFO  SCRIPT: /home/ion/tools/karma-lab/gscripts/ParseKarmaHeaders.java (HeadlessAnalyzer)  
INFO  ParseKarmaHeaders.java> KARMAOPT: KD_GHIDRA_OPTS not set, analyzer options untouched (GhidraScript)  
INFO  parse /home/ion/tools/karma-lab/kd_protos10.h (CParserUtils)  
INFO  ParseKarmaHeaders.java> KARMAHDR: parsed FunctionDefinitions=2700 (GhidraScript)  
INFO  ParseKarmaHeaders.java> KARMAHDR: signatures applied -- defined=39 imported=20 failed=0 (GhidraScript)  
INFO  ANALYZING all memory and code: file:///home/ion/tools/karma-lab/allobj/McdAggregate.o?MD5=62928c5dcc4b7935b71ad849a13a203d (HeadlessAnalyzer)  
WARN  Mismatched DWARF Attribute and Form: DW_AT_macro_info->DW_FORM_data4 (DWARFAbbreviation)  
INFO  Added 864 source map entries (DWARFImporter)  
INFO  DWARF ver[2], 1 compUnits, 1458 DIES, import - total elapsed: 24ms (DWARFImportSummary)  
INFO  DWARF data type import - elapsed: 11ms (DWARFImportSummary)  
INFO  DWARF func & symbol import - elapsed: 6ms (DWARFImportSummary)  
INFO  DWARF types imported: 183 (DWARFImportSummary)  
INFO  DWARF compile dirs: [/home/icculus/projects/UT2-Code/karma/Mcd/src/frame] (DWARFImportSummary)  
INFO  DWARF producers: [GNU C++ 3.2.3 20030422 (Gentoo Linux 1.4 3.2.3-r4, propolice)] (DWARFImportSummary)  
INFO  DWARF source languages: [DW_LANG_C_plus_plus] (DWARFImportSummary)  
INFO  DWARF compUnit: McdAggregate.cpp (DWARFImportSummary)  
ERROR DWARF un-recoverable expressions: (DWARFImportSummary)  
ERROR   DW_OP_reg12 -> 1 (DWARFImportSummary)  
ERROR   DW_OP_reg3 -> 11 (DWARFImportSummary)  
ERROR   DW_OP_reg1 -> 6 (DWARFImportSummary)  
ERROR   DW_OP_reg0 -> 13 (DWARFImportSummary)  
ERROR   DW_OP_reg2 -> 3 (DWARFImportSummary)  
ERROR   DW_OP_reg7 -> 6 (DWARFImportSummary)  
ERROR   DW_OP_reg16 -> 1 (DWARFImportSummary)  
ERROR   DW_OP_reg6 -> 12 (DWARFImportSummary)  
INFO  Applied data type archive: generic_clib (ApplyDataArchiveAnalyzer)  
INFO  -----------------------------------------------------
    ASCII Strings                              0.001 secs
    Apply Data Archives                        0.041 secs
    Call Convention ID                         2.287 secs
    Call-Fixup Installer                       0.000 secs
    Create Address Tables                      0.001 secs
    Create Function                            0.000 secs
    DWARF                                      0.027 secs
    Data Reference                             0.001 secs
    Decompiler Switch Analysis                 0.000 secs
    Demangler GNU                              0.003 secs
    Disassemble Entry Points                   0.017 secs
    ELF Scalar Operand References              0.016 secs
    Embedded Media                             0.001 secs
    External Entry References                  0.000 secs
    Function ID                                0.007 secs
    Function Start Pre Search                  0.001 secs
    Function Start Search                      0.003 secs
    Function Start Search After Code           0.000 secs
    Function Start Search After Data           0.001 secs
    GCC Exception Handlers                     0.004 secs
    Non-Returning Functions - Discovered       0.001 secs
    Non-Returning Functions - Known            0.000 secs
    Reference                                  0.000 secs
    Shared Return Calls                        0.000 secs
    Stack                                      0.074 secs
    Subroutine References                      0.001 secs
    X86 Function Callee Purge                  0.000 secs
    x86 Constant Reference Analyzer            0.020 secs
-----------------------------------------------------
     Total Time   2 secs
-----------------------------------------------------
 (AutoAnalysisManager)  
INFO  REPORT: Analysis succeeded for file: file:///home/ion/tools/karma-lab/allobj/McdAggregate.o?MD5=62928c5dcc4b7935b71ad849a13a203d (HeadlessAnalyzer)  
INFO  REPORT: Execute script: DumpDecomp.java  (HeadlessAnalyzer)  
INFO  SCRIPT: /home/ion/tools/karma-lab/gscripts/DumpDecomp.java (HeadlessAnalyzer)  
INFO  DumpDecomp.java> OVERRIDES applied: 0 (GhidraScript)  
INFO  DumpDecomp.java> VTABLE: McdAggregate.o rows=3 applied=3 no-prototype=0 not-in-a-function=0 refused=0 (GhidraScript)  
INFO  DumpDecomp.java> KARMAHDR: calling conventions {__cdecl=15, unknown=27} (GhidraScript)  
INFO  DumpDecomp.java> KARMAHDR: __regparm -> __cdecl on 27 function(s), 0 refused (GhidraScript)  
INFO  DumpDecomp.java> DONE McdAggregate.o (GhidraScript)  
INFO  ANALYZING changes made by post scripts: file:///home/ion/tools/karma-lab/allobj/McdAggregate.o?MD5=62928c5dcc4b7935b71ad849a13a203d (HeadlessAnalyzer)  
INFO  REPORT: Post-analysis succeeded for file: file:///home/ion/tools/karma-lab/allobj/McdAggregate.o?MD5=62928c5dcc4b7935b71ad849a13a203d (HeadlessAnalyzer)  
INFO  /allobj/McdAggregate.o: file created (ion) (LocalFileSystem)  
INFO  REPORT: Save succeeded for: /allobj/McdAggregate.o (Proj:/allobj/McdAggregate.o) (HeadlessAnalyzer)  
INFO  REPORT: Import succeeded (HeadlessAnalyzer)  
INFO  IMPORTING: file:///home/ion/tools/karma-lab/allobj/CxSmallSort.o?MD5=75a302deddd0571065c79438bc5247ef (HeadlessAnalyzer)  
INFO  Using Loader: Executable and Linking Format (ELF) (ProgramLoader)  
INFO  Using Language/Compiler: x86:LE:32:default:gcc (ProgramLoader)  
INFO  Using Library Search Path: [., /bin, /lib, /lib64, /lib/x86_64-linux-gnu, /lib/aarch64-linux-gnu, /usr/bin, /usr/lib, /usr/X11R6/bin, /usr/X11R6/lib, /usr/java/packages/lib, /usr/lib/x86_64-linux-gnu/jni, /usr/lib/x86_64-linux-gnu, /usr/lib/jni] (ProgramLoader)  
ERROR EXTERNAL Data ELF Relocation with offset: at 00010346 (External Location = MeMemoryAPI+0xc) (ElfRelocationHandler)  
ERROR EXTERNAL Data ELF Relocation with offset: at 00010376 (External Location = MeMemoryAPI+0xc) (ElfRelocationHandler)  
ERROR EXTERNAL Data ELF Relocation with offset: at 000103a9 (External Location = MeMemoryAPI+0xc) (ElfRelocationHandler)  
ERROR EXTERNAL Data ELF Relocation with offset: at 000103d0 (External Location = MeMemoryAPI+0xc) (ElfRelocationHandler)  
ERROR EXTERNAL Data ELF Relocation with offset: at 000103db (External Location = MeMemoryAPI+0xc) (ElfRelocationHandler)  
ERROR EXTERNAL Data ELF Relocation with offset: at 000103e6 (External Location = MeMemoryAPI+0xc) (ElfRelocationHandler)  
ERROR EXTERNAL Data ELF Relocation with offset: at 00010400 (External Location = MeMemoryAPI+0xc) (ElfRelocationHandler)  
WARN  EXTERNAL Data ELF Relocation with offset: at 00011f3c (External Location = _ZTVN10__cxxabiv117__class_type_infoE+0x8) (ElfRelocationHandler)  
INFO  Additional info:
Loading file:///home/ion/tools/karma-lab/allobj/CxSmallSort.o?MD5=75a302deddd0571065c79438bc5247ef...
Skipping section [.data] with invalid size 0x0
Skipping section [.bss] with invalid size 0x0
------------------------------------------------

 (ProgramLoader)  
INFO  IMPORTING: Loaded 0 additional files (HeadlessAnalyzer)  
INFO  REPORT: Execute script: ParseKarmaHeaders.java  (HeadlessAnalyzer)  
INFO  SCRIPT: /home/ion/tools/karma-lab/gscripts/ParseKarmaHeaders.java (HeadlessAnalyzer)  
INFO  ParseKarmaHeaders.java> KARMAOPT: KD_GHIDRA_OPTS not set, analyzer options untouched (GhidraScript)  
INFO  parse /home/ion/tools/karma-lab/kd_protos10.h (CParserUtils)  
INFO  ParseKarmaHeaders.java> KARMAHDR: parsed FunctionDefinitions=2700 (GhidraScript)  
INFO  ParseKarmaHeaders.java> KARMAHDR: signatures applied -- defined=31 imported=8 failed=0 (GhidraScript)  
INFO  ANALYZING all memory and code: file:///home/ion/tools/karma-lab/allobj/CxSmallSort.o?MD5=75a302deddd0571065c79438bc5247ef (HeadlessAnalyzer)  
WARN  Mismatched DWARF Attribute and Form: DW_AT_macro_info->DW_FORM_data4 (DWARFAbbreviation)  
INFO  Added 996 source map entries (DWARFImporter)  
INFO  DWARF ver[2], 1 compUnits, 2425 DIES, import - total elapsed: 64ms (DWARFImportSummary)  
INFO  DWARF data type import - elapsed: 15ms (DWARFImportSummary)  
INFO  DWARF func & symbol import - elapsed: 14ms (DWARFImportSummary)  
INFO  DWARF types imported: 224 (DWARFImportSummary)  
INFO  DWARF compile dirs: [/home/icculus/projects/UT2-Code/karma/Mcd/src/util] (DWARFImportSummary)  
INFO  DWARF producers: [GNU C++ 3.2.3 20030422 (Gentoo Linux 1.4 3.2.3-r4, propolice)] (DWARFImportSummary)  
INFO  DWARF source languages: [DW_LANG_C_plus_plus] (DWARFImportSummary)  
INFO  DWARF compUnit: ../space/CxSmallSort.cpp (DWARFImportSummary)  
ERROR DWARF un-recoverable expressions: (DWARFImportSummary)  
ERROR   DW_OP_reg3 -> 17 (DWARFImportSummary)  
ERROR   DW_OP_reg1 -> 10 (DWARFImportSummary)  
ERROR   DW_OP_reg0 -> 30 (DWARFImportSummary)  
ERROR   DW_OP_reg2 -> 16 (DWARFImportSummary)  
ERROR   DW_OP_reg7 -> 9 (DWARFImportSummary)  
ERROR   DW_OP_reg6 -> 8 (DWARFImportSummary)  
ERROR Error creating LSDA @ 00010000  Address Overflow in subtract: 08778b0c - 0x72f3137e (FrameDescriptionEntry) ghidra.program.model.address.AddressOutOfBoundsException: Address Overflow in subtract: 08778b0c - 0x72f3137e
	at ghidra.program.model.address.AbstractAddressSpace.add(AbstractAddressSpace.java:424)
	at ghidra.program.model.address.GenericAddressSpace.add(GenericAddressSpace.java:21)
	at ghidra.program.model.address.GenericAddress.add(GenericAddress.java:184)
	at ghidra.app.plugin.exceptionhandlers.gcc.structures.gccexcepttable.LSDACallSiteRecord.create(LSDACallSiteRecord.java:92)
	at ghidra.app.plugin.exceptionhandlers.gcc.structures.gccexcepttable.LSDACallSiteTable.create(LSDACallSiteTable.java:93)
	at ghidra.app.plugin.exceptionhandlers.gcc.structures.gccexcepttable.LSDATable.create(LSDATable.java:93)
	at ghidra.app.plugin.exceptionhandlers.gcc.structures.ehFrame.FrameDescriptionEntry.createLsda(FrameDescriptionEntry.java:664)
	at ghidra.app.plugin.exceptionhandlers.gcc.structures.ehFrame.FrameDescriptionEntry.createAugmentationInfo(FrameDescriptionEntry.java:579)
	at ghidra.app.plugin.exceptionhandlers.gcc.structures.ehFrame.FrameDescriptionEntry.create(FrameDescriptionEntry.java:508)
	at ghidra.app.plugin.exceptionhandlers.gcc.sections.EhFrameSection.analyzeSection(EhFrameSection.java:119)
	at ghidra.app.plugin.exceptionhandlers.gcc.sections.EhFrameSection.analyze(EhFrameSection.java:71)
	at ghidra.app.plugin.exceptionhandlers.gcc.GccExceptionAnalyzer.handleStandardSections(GccExceptionAnalyzer.java:175)
	at ghidra.app.plugin.exceptionhandlers.gcc.GccExceptionAnalyzer.added(GccExceptionAnalyzer.java:142)
	at ghidra.app.plugin.core.analysis.AnalysisScheduler.runAnalyzer(AnalysisScheduler.java:186)
	at ghidra.app.plugin.core.analysis.AnalysisTask.applyTo(AnalysisTask.java:37)
	at ghidra.app.plugin.core.analysis.AnalysisTask.applyTo(AnalysisTask.java:24)
	at ghidra.app.plugin.core.analysis.AutoAnalysisManager$AnalysisTaskWrapper.run(AutoAnalysisManager.java:660)
	at ghidra.app.plugin.core.analysis.AutoAnalysisManager.startAnalysis(AutoAnalysisManager.java:760)
	at ghidra.app.plugin.core.analysis.AutoAnalysisManager.startAnalysis(AutoAnalysisManager.java:639)
	at ghidra.app.plugin.core.analysis.AutoAnalysisManager.startAnalysis(AutoAnalysisManager.java:604)
	at ghidra.app.util.headless.HeadlessAnalyzer.analyzeProgram(HeadlessAnalyzer.java:1044)
	at ghidra.app.util.headless.HeadlessAnalyzer.processFileWithImport(HeadlessAnalyzer.java:1583)
	at ghidra.app.util.headless.HeadlessAnalyzer.processWithLoader(HeadlessAnalyzer.java:1743)
	at ghidra.app.util.headless.HeadlessAnalyzer.processWithImport(HeadlessAnalyzer.java:1684)
	at ghidra.app.util.headless.HeadlessAnalyzer.processFS(HeadlessAnalyzer.java:1716)
	at ghidra.app.util.headless.HeadlessAnalyzer.processWithImport(HeadlessAnalyzer.java:1678)
	at ghidra.app.util.headless.HeadlessAnalyzer.processWithImport(HeadlessAnalyzer.java:1768)
	at ghidra.app.util.headless.HeadlessAnalyzer.processLocal(HeadlessAnalyzer.java:452)
	at ghidra.app.util.headless.AnalyzeHeadless.launch(AnalyzeHeadless.java:199)
	at ghidra.GhidraLauncher.launch(GhidraLauncher.java:81)
	at ghidra.Ghidra.main(Ghidra.java:54)
 
ERROR Error creating LSDA @ 00010000  Address Overflow in subtract: 08778c9c - 0x72f3137e (FrameDescriptionEntry) ghidra.program.model.address.AddressOutOfBoundsException: Address Overflow in subtract: 08778c9c - 0x72f3137e
	at ghidra.program.model.address.AbstractAddressSpace.add(AbstractAddressSpace.java:424)
	at ghidra.program.model.address.GenericAddressSpace.add(GenericAddressSpace.java:21)
	at ghidra.program.model.address.GenericAddress.add(GenericAddress.java:184)
	at ghidra.app.plugin.exceptionhandlers.gcc.structures.gccexcepttable.LSDACallSiteRecord.create(LSDACallSiteRecord.java:92)
	at ghidra.app.plugin.exceptionhandlers.gcc.structures.gccexcepttable.LSDACallSiteTable.create(LSDACallSiteTable.java:93)
	at ghidra.app.plugin.exceptionhandlers.gcc.structures.gccexcepttable.LSDATable.create(LSDATable.java:93)
	at ghidra.app.plugin.exceptionhandlers.gcc.structures.ehFrame.FrameDescriptionEntry.createLsda(FrameDescriptionEntry.java:664)
	at ghidra.app.plugin.exceptionhandlers.gcc.structures.ehFrame.FrameDescriptionEntry.createAugmentationInfo(FrameDescriptionEntry.java:579)
	at ghidra.app.plugin.exceptionhandlers.gcc.structures.ehFrame.FrameDescriptionEntry.create(FrameDescriptionEntry.java:508)
	at ghidra.app.plugin.exceptionhandlers.gcc.sections.EhFrameSection.analyzeSection(EhFrameSection.java:119)
	at ghidra.app.plugin.exceptionhandlers.gcc.sections.EhFrameSection.analyze(EhFrameSection.java:71)
	at ghidra.app.plugin.exceptionhandlers.gcc.GccExceptionAnalyzer.handleStandardSections(GccExceptionAnalyzer.java:175)
	at ghidra.app.plugin.exceptionhandlers.gcc.GccExceptionAnalyzer.added(GccExceptionAnalyzer.java:142)
	at ghidra.app.plugin.core.analysis.AnalysisScheduler.runAnalyzer(AnalysisScheduler.java:186)
	at ghidra.app.plugin.core.analysis.AnalysisTask.applyTo(AnalysisTask.java:37)
	at ghidra.app.plugin.core.analysis.AnalysisTask.applyTo(AnalysisTask.java:24)
	at ghidra.app.plugin.core.analysis.AutoAnalysisManager$AnalysisTaskWrapper.run(AutoAnalysisManager.java:660)
	at ghidra.app.plugin.core.analysis.AutoAnalysisManager.startAnalysis(AutoAnalysisManager.java:760)
	at ghidra.app.plugin.core.analysis.AutoAnalysisManager.startAnalysis(AutoAnalysisManager.java:639)
	at ghidra.app.plugin.core.analysis.AutoAnalysisManager.startAnalysis(AutoAnalysisManager.java:604)
	at ghidra.app.util.headless.HeadlessAnalyzer.analyzeProgram(HeadlessAnalyzer.java:1044)
	at ghidra.app.util.headless.HeadlessAnalyzer.processFileWithImport(HeadlessAnalyzer.java:1583)
	at ghidra.app.util.headless.HeadlessAnalyzer.processWithLoader(HeadlessAnalyzer.java:1743)
	at ghidra.app.util.headless.HeadlessAnalyzer.processWithImport(HeadlessAnalyzer.java:1684)
	at ghidra.app.util.headless.HeadlessAnalyzer.processFS(HeadlessAnalyzer.java:1716)
	at ghidra.app.util.headless.HeadlessAnalyzer.processWithImport(HeadlessAnalyzer.java:1678)
	at ghidra.app.util.headless.HeadlessAnalyzer.processWithImport(HeadlessAnalyzer.java:1768)
	at ghidra.app.util.headless.HeadlessAnalyzer.processLocal(HeadlessAnalyzer.java:452)
	at ghidra.app.util.headless.AnalyzeHeadless.launch(AnalyzeHeadless.java:199)
	at ghidra.GhidraLauncher.launch(GhidraLauncher.java:81)
	at ghidra.Ghidra.main(Ghidra.java:54)
 
ERROR Error creating LSDA @ 00010000  Address Overflow in subtract: 08778e2c - 0x72f3137e (FrameDescriptionEntry) ghidra.program.model.address.AddressOutOfBoundsException: Address Overflow in subtract: 08778e2c - 0x72f3137e
	at ghidra.program.model.address.AbstractAddressSpace.add(AbstractAddressSpace.java:424)
	at ghidra.program.model.address.GenericAddressSpace.add(GenericAddressSpace.java:21)
	at ghidra.program.model.address.GenericAddress.add(GenericAddress.java:184)
	at ghidra.app.plugin.exceptionhandlers.gcc.structures.gccexcepttable.LSDACallSiteRecord.create(LSDACallSiteRecord.java:92)
	at ghidra.app.plugin.exceptionhandlers.gcc.structures.gccexcepttable.LSDACallSiteTable.create(LSDACallSiteTable.java:93)
	at ghidra.app.plugin.exceptionhandlers.gcc.structures.gccexcepttable.LSDATable.create(LSDATable.java:93)
	at ghidra.app.plugin.exceptionhandlers.gcc.structures.ehFrame.FrameDescriptionEntry.createLsda(FrameDescriptionEntry.java:664)
	at ghidra.app.plugin.exceptionhandlers.gcc.structures.ehFrame.FrameDescriptionEntry.createAugmentationInfo(FrameDescriptionEntry.java:579)
	at ghidra.app.plugin.exceptionhandlers.gcc.structures.ehFrame.FrameDescriptionEntry.create(FrameDescriptionEntry.java:508)
	at ghidra.app.plugin.exceptionhandlers.gcc.sections.EhFrameSection.analyzeSection(EhFrameSection.java:119)
	at ghidra.app.plugin.exceptionhandlers.gcc.sections.EhFrameSection.analyze(EhFrameSection.java:71)
	at ghidra.app.plugin.exceptionhandlers.gcc.GccExceptionAnalyzer.handleStandardSections(GccExceptionAnalyzer.java:175)
	at ghidra.app.plugin.exceptionhandlers.gcc.GccExceptionAnalyzer.added(GccExceptionAnalyzer.java:142)
	at ghidra.app.plugin.core.analysis.AnalysisScheduler.runAnalyzer(AnalysisScheduler.java:186)
	at ghidra.app.plugin.core.analysis.AnalysisTask.applyTo(AnalysisTask.java:37)
	at ghidra.app.plugin.core.analysis.AnalysisTask.applyTo(AnalysisTask.java:24)
	at ghidra.app.plugin.core.analysis.AutoAnalysisManager$AnalysisTaskWrapper.run(AutoAnalysisManager.java:660)
	at ghidra.app.plugin.core.analysis.AutoAnalysisManager.startAnalysis(AutoAnalysisManager.java:760)
	at ghidra.app.plugin.core.analysis.AutoAnalysisManager.startAnalysis(AutoAnalysisManager.java:639)
	at ghidra.app.plugin.core.analysis.AutoAnalysisManager.startAnalysis(AutoAnalysisManager.java:604)
	at ghidra.app.util.headless.HeadlessAnalyzer.analyzeProgram(HeadlessAnalyzer.java:1044)
	at ghidra.app.util.headless.HeadlessAnalyzer.processFileWithImport(HeadlessAnalyzer.java:1583)
	at ghidra.app.util.headless.HeadlessAnalyzer.processWithLoader(HeadlessAnalyzer.java:1743)
	at ghidra.app.util.headless.HeadlessAnalyzer.processWithImport(HeadlessAnalyzer.java:1684)
	at ghidra.app.util.headless.HeadlessAnalyzer.processFS(HeadlessAnalyzer.java:1716)
	at ghidra.app.util.headless.HeadlessAnalyzer.processWithImport(HeadlessAnalyzer.java:1678)
	at ghidra.app.util.headless.HeadlessAnalyzer.processWithImport(HeadlessAnalyzer.java:1768)
	at ghidra.app.util.headless.HeadlessAnalyzer.processLocal(HeadlessAnalyzer.java:452)
	at ghidra.app.util.headless.AnalyzeHeadless.launch(AnalyzeHeadless.java:199)
	at ghidra.GhidraLauncher.launch(GhidraLauncher.java:81)
	at ghidra.Ghidra.main(Ghidra.java:54)
 
ERROR Error creating LSDA @ 00010000  Address Overflow in subtract: 08778e5c - 0x72f3137e (FrameDescriptionEntry) ghidra.program.model.address.AddressOutOfBoundsException: Address Overflow in subtract: 08778e5c - 0x72f3137e
	at ghidra.program.model.address.AbstractAddressSpace.add(AbstractAddressSpace.java:424)
	at ghidra.program.model.address.GenericAddressSpace.add(GenericAddressSpace.java:21)
	at ghidra.program.model.address.GenericAddress.add(GenericAddress.java:184)
	at ghidra.app.plugin.exceptionhandlers.gcc.structures.gccexcepttable.LSDACallSiteRecord.create(LSDACallSiteRecord.java:92)
	at ghidra.app.plugin.exceptionhandlers.gcc.structures.gccexcepttable.LSDACallSiteTable.create(LSDACallSiteTable.java:93)
	at ghidra.app.plugin.exceptionhandlers.gcc.structures.gccexcepttable.LSDATable.create(LSDATable.java:93)
	at ghidra.app.plugin.exceptionhandlers.gcc.structures.ehFrame.FrameDescriptionEntry.createLsda(FrameDescriptionEntry.java:664)
	at ghidra.app.plugin.exceptionhandlers.gcc.structures.ehFrame.FrameDescriptionEntry.createAugmentationInfo(FrameDescriptionEntry.java:579)
	at ghidra.app.plugin.exceptionhandlers.gcc.structures.ehFrame.FrameDescriptionEntry.create(FrameDescriptionEntry.java:508)
	at ghidra.app.plugin.exceptionhandlers.gcc.sections.EhFrameSection.analyzeSection(EhFrameSection.java:119)
	at ghidra.app.plugin.exceptionhandlers.gcc.sections.EhFrameSection.analyze(EhFrameSection.java:71)
	at ghidra.app.plugin.exceptionhandlers.gcc.GccExceptionAnalyzer.handleStandardSections(GccExceptionAnalyzer.java:175)
	at ghidra.app.plugin.exceptionhandlers.gcc.GccExceptionAnalyzer.added(GccExceptionAnalyzer.java:142)
	at ghidra.app.plugin.core.analysis.AnalysisScheduler.runAnalyzer(AnalysisScheduler.java:186)
	at ghidra.app.plugin.core.analysis.AnalysisTask.applyTo(AnalysisTask.java:37)
	at ghidra.app.plugin.core.analysis.AnalysisTask.applyTo(AnalysisTask.java:24)
	at ghidra.app.plugin.core.analysis.AutoAnalysisManager$AnalysisTaskWrapper.run(AutoAnalysisManager.java:660)
	at ghidra.app.plugin.core.analysis.AutoAnalysisManager.startAnalysis(AutoAnalysisManager.java:760)
	at ghidra.app.plugin.core.analysis.AutoAnalysisManager.startAnalysis(AutoAnalysisManager.java:639)
	at ghidra.app.plugin.core.analysis.AutoAnalysisManager.startAnalysis(AutoAnalysisManager.java:604)
	at ghidra.app.util.headless.HeadlessAnalyzer.analyzeProgram(HeadlessAnalyzer.java:1044)
	at ghidra.app.util.headless.HeadlessAnalyzer.processFileWithImport(HeadlessAnalyzer.java:1583)
	at ghidra.app.util.headless.HeadlessAnalyzer.processWithLoader(HeadlessAnalyzer.java:1743)
	at ghidra.app.util.headless.HeadlessAnalyzer.processWithImport(HeadlessAnalyzer.java:1684)
	at ghidra.app.util.headless.HeadlessAnalyzer.processFS(HeadlessAnalyzer.java:1716)
	at ghidra.app.util.headless.HeadlessAnalyzer.processWithImport(HeadlessAnalyzer.java:1678)
	at ghidra.app.util.headless.HeadlessAnalyzer.processWithImport(HeadlessAnalyzer.java:1768)
	at ghidra.app.util.headless.HeadlessAnalyzer.processLocal(HeadlessAnalyzer.java:452)
	at ghidra.app.util.headless.AnalyzeHeadless.launch(AnalyzeHeadless.java:199)
	at ghidra.GhidraLauncher.launch(GhidraLauncher.java:81)
	at ghidra.Ghidra.main(Ghidra.java:54)
 
ERROR Error creating LSDA @ 00010000  Address Overflow in subtract: 08778e8c - 0x72f3137e (FrameDescriptionEntry) ghidra.program.model.address.AddressOutOfBoundsException: Address Overflow in subtract: 08778e8c - 0x72f3137e
	at ghidra.program.model.address.AbstractAddressSpace.add(AbstractAddressSpace.java:424)
	at ghidra.program.model.address.GenericAddressSpace.add(GenericAddressSpace.java:21)
	at ghidra.program.model.address.GenericAddress.add(GenericAddress.java:184)
	at ghidra.app.plugin.exceptionhandlers.gcc.structures.gccexcepttable.LSDACallSiteRecord.create(LSDACallSiteRecord.java:92)
	at ghidra.app.plugin.exceptionhandlers.gcc.structures.gccexcepttable.LSDACallSiteTable.create(LSDACallSiteTable.java:93)
	at ghidra.app.plugin.exceptionhandlers.gcc.structures.gccexcepttable.LSDATable.create(LSDATable.java:93)
	at ghidra.app.plugin.exceptionhandlers.gcc.structures.ehFrame.FrameDescriptionEntry.createLsda(FrameDescriptionEntry.java:664)
	at ghidra.app.plugin.exceptionhandlers.gcc.structures.ehFrame.FrameDescriptionEntry.createAugmentationInfo(FrameDescriptionEntry.java:579)
	at ghidra.app.plugin.exceptionhandlers.gcc.structures.ehFrame.FrameDescriptionEntry.create(FrameDescriptionEntry.java:508)
	at ghidra.app.plugin.exceptionhandlers.gcc.sections.EhFrameSection.analyzeSection(EhFrameSection.java:119)
	at ghidra.app.plugin.exceptionhandlers.gcc.sections.EhFrameSection.analyze(EhFrameSection.java:71)
	at ghidra.app.plugin.exceptionhandlers.gcc.GccExceptionAnalyzer.handleStandardSections(GccExceptionAnalyzer.java:175)
	at ghidra.app.plugin.exceptionhandlers.gcc.GccExceptionAnalyzer.added(GccExceptionAnalyzer.java:142)
	at ghidra.app.plugin.core.analysis.AnalysisScheduler.runAnalyzer(AnalysisScheduler.java:186)
	at ghidra.app.plugin.core.analysis.AnalysisTask.applyTo(AnalysisTask.java:37)
	at ghidra.app.plugin.core.analysis.AnalysisTask.applyTo(AnalysisTask.java:24)
	at ghidra.app.plugin.core.analysis.AutoAnalysisManager$AnalysisTaskWrapper.run(AutoAnalysisManager.java:660)
	at ghidra.app.plugin.core.analysis.AutoAnalysisManager.startAnalysis(AutoAnalysisManager.java:760)
	at ghidra.app.plugin.core.analysis.AutoAnalysisManager.startAnalysis(AutoAnalysisManager.java:639)
	at ghidra.app.plugin.core.analysis.AutoAnalysisManager.startAnalysis(AutoAnalysisManager.java:604)
	at ghidra.app.util.headless.HeadlessAnalyzer.analyzeProgram(HeadlessAnalyzer.java:1044)
	at ghidra.app.util.headless.HeadlessAnalyzer.processFileWithImport(HeadlessAnalyzer.java:1583)
	at ghidra.app.util.headless.HeadlessAnalyzer.processWithLoader(HeadlessAnalyzer.java:1743)
	at ghidra.app.util.headless.HeadlessAnalyzer.processWithImport(HeadlessAnalyzer.java:1684)
	at ghidra.app.util.headless.HeadlessAnalyzer.processFS(HeadlessAnalyzer.java:1716)
	at ghidra.app.util.headless.HeadlessAnalyzer.processWithImport(HeadlessAnalyzer.java:1678)
	at ghidra.app.util.headless.HeadlessAnalyzer.processWithImport(HeadlessAnalyzer.java:1768)
	at ghidra.app.util.headless.HeadlessAnalyzer.processLocal(HeadlessAnalyzer.java:452)
	at ghidra.app.util.headless.AnalyzeHeadless.launch(AnalyzeHeadless.java:199)
	at ghidra.GhidraLauncher.launch(GhidraLauncher.java:81)
	at ghidra.Ghidra.main(Ghidra.java:54)
 
ERROR Error creating LSDA @ 00010000  Address Overflow in subtract: 08778ecc - 0x72f3137e (FrameDescriptionEntry) ghidra.program.model.address.AddressOutOfBoundsException: Address Overflow in subtract: 08778ecc - 0x72f3137e
	at ghidra.program.model.address.AbstractAddressSpace.add(AbstractAddressSpace.java:424)
	at ghidra.program.model.address.GenericAddressSpace.add(GenericAddressSpace.java:21)
	at ghidra.program.model.address.GenericAddress.add(GenericAddress.java:184)
	at ghidra.app.plugin.exceptionhandlers.gcc.structures.gccexcepttable.LSDACallSiteRecord.create(LSDACallSiteRecord.java:92)
	at ghidra.app.plugin.exceptionhandlers.gcc.structures.gccexcepttable.LSDACallSiteTable.create(LSDACallSiteTable.java:93)
	at ghidra.app.plugin.exceptionhandlers.gcc.structures.gccexcepttable.LSDATable.create(LSDATable.java:93)
	at ghidra.app.plugin.exceptionhandlers.gcc.structures.ehFrame.FrameDescriptionEntry.createLsda(FrameDescriptionEntry.java:664)
	at ghidra.app.plugin.exceptionhandlers.gcc.structures.ehFrame.FrameDescriptionEntry.createAugmentationInfo(FrameDescriptionEntry.java:579)
	at ghidra.app.plugin.exceptionhandlers.gcc.structures.ehFrame.FrameDescriptionEntry.create(FrameDescriptionEntry.java:508)
	at ghidra.app.plugin.exceptionhandlers.gcc.sections.EhFrameSection.analyzeSection(EhFrameSection.java:119)
	at ghidra.app.plugin.exceptionhandlers.gcc.sections.EhFrameSection.analyze(EhFrameSection.java:71)
	at ghidra.app.plugin.exceptionhandlers.gcc.GccExceptionAnalyzer.handleStandardSections(GccExceptionAnalyzer.java:175)
	at ghidra.app.plugin.exceptionhandlers.gcc.GccExceptionAnalyzer.added(GccExceptionAnalyzer.java:142)
	at ghidra.app.plugin.core.analysis.AnalysisScheduler.runAnalyzer(AnalysisScheduler.java:186)
	at ghidra.app.plugin.core.analysis.AnalysisTask.applyTo(AnalysisTask.java:37)
	at ghidra.app.plugin.core.analysis.AnalysisTask.applyTo(AnalysisTask.java:24)
	at ghidra.app.plugin.core.analysis.AutoAnalysisManager$AnalysisTaskWrapper.run(AutoAnalysisManager.java:660)
	at ghidra.app.plugin.core.analysis.AutoAnalysisManager.startAnalysis(AutoAnalysisManager.java:760)
	at ghidra.app.plugin.core.analysis.AutoAnalysisManager.startAnalysis(AutoAnalysisManager.java:639)
	at ghidra.app.plugin.core.analysis.AutoAnalysisManager.startAnalysis(AutoAnalysisManager.java:604)
	at ghidra.app.util.headless.HeadlessAnalyzer.analyzeProgram(HeadlessAnalyzer.java:1044)
	at ghidra.app.util.headless.HeadlessAnalyzer.processFileWithImport(HeadlessAnalyzer.java:1583)
	at ghidra.app.util.headless.HeadlessAnalyzer.processWithLoader(HeadlessAnalyzer.java:1743)
	at ghidra.app.util.headless.HeadlessAnalyzer.processWithImport(HeadlessAnalyzer.java:1684)
	at ghidra.app.util.headless.HeadlessAnalyzer.processFS(HeadlessAnalyzer.java:1716)
	at ghidra.app.util.headless.HeadlessAnalyzer.processWithImport(HeadlessAnalyzer.java:1678)
	at ghidra.app.util.headless.HeadlessAnalyzer.processWithImport(HeadlessAnalyzer.java:1768)
	at ghidra.app.util.headless.HeadlessAnalyzer.processLocal(HeadlessAnalyzer.java:452)
	at ghidra.app.util.headless.AnalyzeHeadless.launch(AnalyzeHeadless.java:199)
	at ghidra.GhidraLauncher.launch(GhidraLauncher.java:81)
	at ghidra.Ghidra.main(Ghidra.java:54)
 
ERROR Can't create LSDA data @ 00021f28. The address is not in the program's initialized memory!  CIE @ 00011f54 FDE @ 0001204c (FrameDescriptionEntry)  
ERROR Error creating LSDA @ 00010000  Address Overflow in subtract: 0877926c - 0x72f3137e (FrameDescriptionEntry) ghidra.program.model.address.AddressOutOfBoundsException: Address Overflow in subtract: 0877926c - 0x72f3137e
	at ghidra.program.model.address.AbstractAddressSpace.add(AbstractAddressSpace.java:424)
	at ghidra.program.model.address.GenericAddressSpace.add(GenericAddressSpace.java:21)
	at ghidra.program.model.address.GenericAddress.add(GenericAddress.java:184)
	at ghidra.app.plugin.exceptionhandlers.gcc.structures.gccexcepttable.LSDACallSiteRecord.create(LSDACallSiteRecord.java:92)
	at ghidra.app.plugin.exceptionhandlers.gcc.structures.gccexcepttable.LSDACallSiteTable.create(LSDACallSiteTable.java:93)
	at ghidra.app.plugin.exceptionhandlers.gcc.structures.gccexcepttable.LSDATable.create(LSDATable.java:93)
	at ghidra.app.plugin.exceptionhandlers.gcc.structures.ehFrame.FrameDescriptionEntry.createLsda(FrameDescriptionEntry.java:664)
	at ghidra.app.plugin.exceptionhandlers.gcc.structures.ehFrame.FrameDescriptionEntry.createAugmentationInfo(FrameDescriptionEntry.java:579)
	at ghidra.app.plugin.exceptionhandlers.gcc.structures.ehFrame.FrameDescriptionEntry.create(FrameDescriptionEntry.java:508)
	at ghidra.app.plugin.exceptionhandlers.gcc.sections.EhFrameSection.analyzeSection(EhFrameSection.java:119)
	at ghidra.app.plugin.exceptionhandlers.gcc.sections.EhFrameSection.analyze(EhFrameSection.java:71)
	at ghidra.app.plugin.exceptionhandlers.gcc.GccExceptionAnalyzer.handleStandardSections(GccExceptionAnalyzer.java:175)
	at ghidra.app.plugin.exceptionhandlers.gcc.GccExceptionAnalyzer.added(GccExceptionAnalyzer.java:142)
	at ghidra.app.plugin.core.analysis.AnalysisScheduler.runAnalyzer(AnalysisScheduler.java:186)
	at ghidra.app.plugin.core.analysis.AnalysisTask.applyTo(AnalysisTask.java:37)
	at ghidra.app.plugin.core.analysis.AnalysisTask.applyTo(AnalysisTask.java:24)
	at ghidra.app.plugin.core.analysis.AutoAnalysisManager$AnalysisTaskWrapper.run(AutoAnalysisManager.java:660)
	at ghidra.app.plugin.core.analysis.AutoAnalysisManager.startAnalysis(AutoAnalysisManager.java:760)
	at ghidra.app.plugin.core.analysis.AutoAnalysisManager.startAnalysis(AutoAnalysisManager.java:639)
	at ghidra.app.plugin.core.analysis.AutoAnalysisManager.startAnalysis(AutoAnalysisManager.java:604)
	at ghidra.app.util.headless.HeadlessAnalyzer.analyzeProgram(HeadlessAnalyzer.java:1044)
	at ghidra.app.util.headless.HeadlessAnalyzer.processFileWithImport(HeadlessAnalyzer.java:1583)
	at ghidra.app.util.headless.HeadlessAnalyzer.processWithLoader(HeadlessAnalyzer.java:1743)
	at ghidra.app.util.headless.HeadlessAnalyzer.processWithImport(HeadlessAnalyzer.java:1684)
	at ghidra.app.util.headless.HeadlessAnalyzer.processFS(HeadlessAnalyzer.java:1716)
	at ghidra.app.util.headless.HeadlessAnalyzer.processWithImport(HeadlessAnalyzer.java:1678)
	at ghidra.app.util.headless.HeadlessAnalyzer.processWithImport(HeadlessAnalyzer.java:1768)
	at ghidra.app.util.headless.HeadlessAnalyzer.processLocal(HeadlessAnalyzer.java:452)
	at ghidra.app.util.headless.AnalyzeHeadless.launch(AnalyzeHeadless.java:199)
	at ghidra.GhidraLauncher.launch(GhidraLauncher.java:81)
	at ghidra.Ghidra.main(Ghidra.java:54)
 
ERROR Error creating LSDA @ 00010000  Address Overflow in subtract: 0877964c - 0x72f3137e (FrameDescriptionEntry) ghidra.program.model.address.AddressOutOfBoundsException: Address Overflow in subtract: 0877964c - 0x72f3137e
	at ghidra.program.model.address.AbstractAddressSpace.add(AbstractAddressSpace.java:424)
	at ghidra.program.model.address.GenericAddressSpace.add(GenericAddressSpace.java:21)
	at ghidra.program.model.address.GenericAddress.add(GenericAddress.java:184)
	at ghidra.app.plugin.exceptionhandlers.gcc.structures.gccexcepttable.LSDACallSiteRecord.create(LSDACallSiteRecord.java:92)
	at ghidra.app.plugin.exceptionhandlers.gcc.structures.gccexcepttable.LSDACallSiteTable.create(LSDACallSiteTable.java:93)
	at ghidra.app.plugin.exceptionhandlers.gcc.structures.gccexcepttable.LSDATable.create(LSDATable.java:93)
	at ghidra.app.plugin.exceptionhandlers.gcc.structures.ehFrame.FrameDescriptionEntry.createLsda(FrameDescriptionEntry.java:664)
	at ghidra.app.plugin.exceptionhandlers.gcc.structures.ehFrame.FrameDescriptionEntry.createAugmentationInfo(FrameDescriptionEntry.java:579)
	at ghidra.app.plugin.exceptionhandlers.gcc.structures.ehFrame.FrameDescriptionEntry.create(FrameDescriptionEntry.java:508)
	at ghidra.app.plugin.exceptionhandlers.gcc.sections.EhFrameSection.analyzeSection(EhFrameSection.java:119)
	at ghidra.app.plugin.exceptionhandlers.gcc.sections.EhFrameSection.analyze(EhFrameSection.java:71)
	at ghidra.app.plugin.exceptionhandlers.gcc.GccExceptionAnalyzer.handleStandardSections(GccExceptionAnalyzer.java:175)
	at ghidra.app.plugin.exceptionhandlers.gcc.GccExceptionAnalyzer.added(GccExceptionAnalyzer.java:142)
	at ghidra.app.plugin.core.analysis.AnalysisScheduler.runAnalyzer(AnalysisScheduler.java:186)
	at ghidra.app.plugin.core.analysis.AnalysisTask.applyTo(AnalysisTask.java:37)
	at ghidra.app.plugin.core.analysis.AnalysisTask.applyTo(AnalysisTask.java:24)
	at ghidra.app.plugin.core.analysis.AutoAnalysisManager$AnalysisTaskWrapper.run(AutoAnalysisManager.java:660)
	at ghidra.app.plugin.core.analysis.AutoAnalysisManager.startAnalysis(AutoAnalysisManager.java:760)
	at ghidra.app.plugin.core.analysis.AutoAnalysisManager.startAnalysis(AutoAnalysisManager.java:639)
	at ghidra.app.plugin.core.analysis.AutoAnalysisManager.startAnalysis(AutoAnalysisManager.java:604)
	at ghidra.app.util.headless.HeadlessAnalyzer.analyzeProgram(HeadlessAnalyzer.java:1044)
	at ghidra.app.util.headless.HeadlessAnalyzer.processFileWithImport(HeadlessAnalyzer.java:1583)
	at ghidra.app.util.headless.HeadlessAnalyzer.processWithLoader(HeadlessAnalyzer.java:1743)
	at ghidra.app.util.headless.HeadlessAnalyzer.processWithImport(HeadlessAnalyzer.java:1684)
	at ghidra.app.util.headless.HeadlessAnalyzer.processFS(HeadlessAnalyzer.java:1716)
	at ghidra.app.util.headless.HeadlessAnalyzer.processWithImport(HeadlessAnalyzer.java:1678)
	at ghidra.app.util.headless.HeadlessAnalyzer.processWithImport(HeadlessAnalyzer.java:1768)
	at ghidra.app.util.headless.HeadlessAnalyzer.processLocal(HeadlessAnalyzer.java:452)
	at ghidra.app.util.headless.AnalyzeHeadless.launch(AnalyzeHeadless.java:199)
	at ghidra.GhidraLauncher.launch(GhidraLauncher.java:81)
	at ghidra.Ghidra.main(Ghidra.java:54)
 
ERROR Error creating LSDA @ 00010000  Address Overflow in subtract: 08779afc - 0x72f3137e (FrameDescriptionEntry) ghidra.program.model.address.AddressOutOfBoundsException: Address Overflow in subtract: 08779afc - 0x72f3137e
	at ghidra.program.model.address.AbstractAddressSpace.add(AbstractAddressSpace.java:424)
	at ghidra.program.model.address.GenericAddressSpace.add(GenericAddressSpace.java:21)
	at ghidra.program.model.address.GenericAddress.add(GenericAddress.java:184)
	at ghidra.app.plugin.exceptionhandlers.gcc.structures.gccexcepttable.LSDACallSiteRecord.create(LSDACallSiteRecord.java:92)
	at ghidra.app.plugin.exceptionhandlers.gcc.structures.gccexcepttable.LSDACallSiteTable.create(LSDACallSiteTable.java:93)
	at ghidra.app.plugin.exceptionhandlers.gcc.structures.gccexcepttable.LSDATable.create(LSDATable.java:93)
	at ghidra.app.plugin.exceptionhandlers.gcc.structures.ehFrame.FrameDescriptionEntry.createLsda(FrameDescriptionEntry.java:664)
	at ghidra.app.plugin.exceptionhandlers.gcc.structures.ehFrame.FrameDescriptionEntry.createAugmentationInfo(FrameDescriptionEntry.java:579)
	at ghidra.app.plugin.exceptionhandlers.gcc.structures.ehFrame.FrameDescriptionEntry.create(FrameDescriptionEntry.java:508)
	at ghidra.app.plugin.exceptionhandlers.gcc.sections.EhFrameSection.analyzeSection(EhFrameSection.java:119)
	at ghidra.app.plugin.exceptionhandlers.gcc.sections.EhFrameSection.analyze(EhFrameSection.java:71)
	at ghidra.app.plugin.exceptionhandlers.gcc.GccExceptionAnalyzer.handleStandardSections(GccExceptionAnalyzer.java:175)
	at ghidra.app.plugin.exceptionhandlers.gcc.GccExceptionAnalyzer.added(GccExceptionAnalyzer.java:142)
	at ghidra.app.plugin.core.analysis.AnalysisScheduler.runAnalyzer(AnalysisScheduler.java:186)
	at ghidra.app.plugin.core.analysis.AnalysisTask.applyTo(AnalysisTask.java:37)
	at ghidra.app.plugin.core.analysis.AnalysisTask.applyTo(AnalysisTask.java:24)
	at ghidra.app.plugin.core.analysis.AutoAnalysisManager$AnalysisTaskWrapper.run(AutoAnalysisManager.java:660)
	at ghidra.app.plugin.core.analysis.AutoAnalysisManager.startAnalysis(AutoAnalysisManager.java:760)
	at ghidra.app.plugin.core.analysis.AutoAnalysisManager.startAnalysis(AutoAnalysisManager.java:639)
	at ghidra.app.plugin.core.analysis.AutoAnalysisManager.startAnalysis(AutoAnalysisManager.java:604)
	at ghidra.app.util.headless.HeadlessAnalyzer.analyzeProgram(HeadlessAnalyzer.java:1044)
	at ghidra.app.util.headless.HeadlessAnalyzer.processFileWithImport(HeadlessAnalyzer.java:1583)
	at ghidra.app.util.headless.HeadlessAnalyzer.processWithLoader(HeadlessAnalyzer.java:1743)
	at ghidra.app.util.headless.HeadlessAnalyzer.processWithImport(HeadlessAnalyzer.java:1684)
	at ghidra.app.util.headless.HeadlessAnalyzer.processFS(HeadlessAnalyzer.java:1716)
	at ghidra.app.util.headless.HeadlessAnalyzer.processWithImport(HeadlessAnalyzer.java:1678)
	at ghidra.app.util.headless.HeadlessAnalyzer.processWithImport(HeadlessAnalyzer.java:1768)
	at ghidra.app.util.headless.HeadlessAnalyzer.processLocal(HeadlessAnalyzer.java:452)
	at ghidra.app.util.headless.AnalyzeHeadless.launch(AnalyzeHeadless.java:199)
	at ghidra.GhidraLauncher.launch(GhidraLauncher.java:81)
	at ghidra.Ghidra.main(Ghidra.java:54)
 
ERROR Error creating LSDA @ 00010000  Address Overflow in subtract: 08779c6c - 0x72f3137e (FrameDescriptionEntry) ghidra.program.model.address.AddressOutOfBoundsException: Address Overflow in subtract: 08779c6c - 0x72f3137e
	at ghidra.program.model.address.AbstractAddressSpace.add(AbstractAddressSpace.java:424)
	at ghidra.program.model.address.GenericAddressSpace.add(GenericAddressSpace.java:21)
	at ghidra.program.model.address.GenericAddress.add(GenericAddress.java:184)
	at ghidra.app.plugin.exceptionhandlers.gcc.structures.gccexcepttable.LSDACallSiteRecord.create(LSDACallSiteRecord.java:92)
	at ghidra.app.plugin.exceptionhandlers.gcc.structures.gccexcepttable.LSDACallSiteTable.create(LSDACallSiteTable.java:93)
	at ghidra.app.plugin.exceptionhandlers.gcc.structures.gccexcepttable.LSDATable.create(LSDATable.java:93)
	at ghidra.app.plugin.exceptionhandlers.gcc.structures.ehFrame.FrameDescriptionEntry.createLsda(FrameDescriptionEntry.java:664)
	at ghidra.app.plugin.exceptionhandlers.gcc.structures.ehFrame.FrameDescriptionEntry.createAugmentationInfo(FrameDescriptionEntry.java:579)
	at ghidra.app.plugin.exceptionhandlers.gcc.structures.ehFrame.FrameDescriptionEntry.create(FrameDescriptionEntry.java:508)
	at ghidra.app.plugin.exceptionhandlers.gcc.sections.EhFrameSection.analyzeSection(EhFrameSection.java:119)
	at ghidra.app.plugin.exceptionhandlers.gcc.sections.EhFrameSection.analyze(EhFrameSection.java:71)
	at ghidra.app.plugin.exceptionhandlers.gcc.GccExceptionAnalyzer.handleStandardSections(GccExceptionAnalyzer.java:175)
	at ghidra.app.plugin.exceptionhandlers.gcc.GccExceptionAnalyzer.added(GccExceptionAnalyzer.java:142)
	at ghidra.app.plugin.core.analysis.AnalysisScheduler.runAnalyzer(AnalysisScheduler.java:186)
	at ghidra.app.plugin.core.analysis.AnalysisTask.applyTo(AnalysisTask.java:37)
	at ghidra.app.plugin.core.analysis.AnalysisTask.applyTo(AnalysisTask.java:24)
	at ghidra.app.plugin.core.analysis.AutoAnalysisManager$AnalysisTaskWrapper.run(AutoAnalysisManager.java:660)
	at ghidra.app.plugin.core.analysis.AutoAnalysisManager.startAnalysis(AutoAnalysisManager.java:760)
	at ghidra.app.plugin.core.analysis.AutoAnalysisManager.startAnalysis(AutoAnalysisManager.java:639)
	at ghidra.app.plugin.core.analysis.AutoAnalysisManager.startAnalysis(AutoAnalysisManager.java:604)
	at ghidra.app.util.headless.HeadlessAnalyzer.analyzeProgram(HeadlessAnalyzer.java:1044)
	at ghidra.app.util.headless.HeadlessAnalyzer.processFileWithImport(HeadlessAnalyzer.java:1583)
	at ghidra.app.util.headless.HeadlessAnalyzer.processWithLoader(HeadlessAnalyzer.java:1743)
	at ghidra.app.util.headless.HeadlessAnalyzer.processWithImport(HeadlessAnalyzer.java:1684)
	at ghidra.app.util.headless.HeadlessAnalyzer.processFS(HeadlessAnalyzer.java:1716)
	at ghidra.app.util.headless.HeadlessAnalyzer.processWithImport(HeadlessAnalyzer.java:1678)
	at ghidra.app.util.headless.HeadlessAnalyzer.processWithImport(HeadlessAnalyzer.java:1768)
	at ghidra.app.util.headless.HeadlessAnalyzer.processLocal(HeadlessAnalyzer.java:452)
	at ghidra.app.util.headless.AnalyzeHeadless.launch(AnalyzeHeadless.java:199)
	at ghidra.GhidraLauncher.launch(GhidraLauncher.java:81)
	at ghidra.Ghidra.main(Ghidra.java:54)
 
ERROR Error creating LSDA @ 00010000  Address Overflow in subtract: 08779c8c - 0x72f3137e (FrameDescriptionEntry) ghidra.program.model.address.AddressOutOfBoundsException: Address Overflow in subtract: 08779c8c - 0x72f3137e
	at ghidra.program.model.address.AbstractAddressSpace.add(AbstractAddressSpace.java:424)
	at ghidra.program.model.address.GenericAddressSpace.add(GenericAddressSpace.java:21)
	at ghidra.program.model.address.GenericAddress.add(GenericAddress.java:184)
	at ghidra.app.plugin.exceptionhandlers.gcc.structures.gccexcepttable.LSDACallSiteRecord.create(LSDACallSiteRecord.java:92)
	at ghidra.app.plugin.exceptionhandlers.gcc.structures.gccexcepttable.LSDACallSiteTable.create(LSDACallSiteTable.java:93)
	at ghidra.app.plugin.exceptionhandlers.gcc.structures.gccexcepttable.LSDATable.create(LSDATable.java:93)
	at ghidra.app.plugin.exceptionhandlers.gcc.structures.ehFrame.FrameDescriptionEntry.createLsda(FrameDescriptionEntry.java:664)
	at ghidra.app.plugin.exceptionhandlers.gcc.structures.ehFrame.FrameDescriptionEntry.createAugmentationInfo(FrameDescriptionEntry.java:579)
	at ghidra.app.plugin.exceptionhandlers.gcc.structures.ehFrame.FrameDescriptionEntry.create(FrameDescriptionEntry.java:508)
	at ghidra.app.plugin.exceptionhandlers.gcc.sections.EhFrameSection.analyzeSection(EhFrameSection.java:119)
	at ghidra.app.plugin.exceptionhandlers.gcc.sections.EhFrameSection.analyze(EhFrameSection.java:71)
	at ghidra.app.plugin.exceptionhandlers.gcc.GccExceptionAnalyzer.handleStandardSections(GccExceptionAnalyzer.java:175)
	at ghidra.app.plugin.exceptionhandlers.gcc.GccExceptionAnalyzer.added(GccExceptionAnalyzer.java:142)
	at ghidra.app.plugin.core.analysis.AnalysisScheduler.runAnalyzer(AnalysisScheduler.java:186)
	at ghidra.app.plugin.core.analysis.AnalysisTask.applyTo(AnalysisTask.java:37)
	at ghidra.app.plugin.core.analysis.AnalysisTask.applyTo(AnalysisTask.java:24)
	at ghidra.app.plugin.core.analysis.AutoAnalysisManager$AnalysisTaskWrapper.run(AutoAnalysisManager.java:660)
	at ghidra.app.plugin.core.analysis.AutoAnalysisManager.startAnalysis(AutoAnalysisManager.java:760)
	at ghidra.app.plugin.core.analysis.AutoAnalysisManager.startAnalysis(AutoAnalysisManager.java:639)
	at ghidra.app.plugin.core.analysis.AutoAnalysisManager.startAnalysis(AutoAnalysisManager.java:604)
	at ghidra.app.util.headless.HeadlessAnalyzer.analyzeProgram(HeadlessAnalyzer.java:1044)
	at ghidra.app.util.headless.HeadlessAnalyzer.processFileWithImport(HeadlessAnalyzer.java:1583)
	at ghidra.app.util.headless.HeadlessAnalyzer.processWithLoader(HeadlessAnalyzer.java:1743)
	at ghidra.app.util.headless.HeadlessAnalyzer.processWithImport(HeadlessAnalyzer.java:1684)
	at ghidra.app.util.headless.HeadlessAnalyzer.processFS(HeadlessAnalyzer.java:1716)
	at ghidra.app.util.headless.HeadlessAnalyzer.processWithImport(HeadlessAnalyzer.java:1678)
	at ghidra.app.util.headless.HeadlessAnalyzer.processWithImport(HeadlessAnalyzer.java:1768)
	at ghidra.app.util.headless.HeadlessAnalyzer.processLocal(HeadlessAnalyzer.java:452)
	at ghidra.app.util.headless.AnalyzeHeadless.launch(AnalyzeHeadless.java:199)
	at ghidra.GhidraLauncher.launch(GhidraLauncher.java:81)
	at ghidra.Ghidra.main(Ghidra.java:54)
 
ERROR Error creating LSDA @ 00010000  Address Overflow in subtract: 08779cac - 0x72f3137e (FrameDescriptionEntry) ghidra.program.model.address.AddressOutOfBoundsException: Address Overflow in subtract: 08779cac - 0x72f3137e
	at ghidra.program.model.address.AbstractAddressSpace.add(AbstractAddressSpace.java:424)
	at ghidra.program.model.address.GenericAddressSpace.add(GenericAddressSpace.java:21)
	at ghidra.program.model.address.GenericAddress.add(GenericAddress.java:184)
	at ghidra.app.plugin.exceptionhandlers.gcc.structures.gccexcepttable.LSDACallSiteRecord.create(LSDACallSiteRecord.java:92)
	at ghidra.app.plugin.exceptionhandlers.gcc.structures.gccexcepttable.LSDACallSiteTable.create(LSDACallSiteTable.java:93)
	at ghidra.app.plugin.exceptionhandlers.gcc.structures.gccexcepttable.LSDATable.create(LSDATable.java:93)
	at ghidra.app.plugin.exceptionhandlers.gcc.structures.ehFrame.FrameDescriptionEntry.createLsda(FrameDescriptionEntry.java:664)
	at ghidra.app.plugin.exceptionhandlers.gcc.structures.ehFrame.FrameDescriptionEntry.createAugmentationInfo(FrameDescriptionEntry.java:579)
	at ghidra.app.plugin.exceptionhandlers.gcc.structures.ehFrame.FrameDescriptionEntry.create(FrameDescriptionEntry.java:508)
	at ghidra.app.plugin.exceptionhandlers.gcc.sections.EhFrameSection.analyzeSection(EhFrameSection.java:119)
	at ghidra.app.plugin.exceptionhandlers.gcc.sections.EhFrameSection.analyze(EhFrameSection.java:71)
	at ghidra.app.plugin.exceptionhandlers.gcc.GccExceptionAnalyzer.handleStandardSections(GccExceptionAnalyzer.java:175)
	at ghidra.app.plugin.exceptionhandlers.gcc.GccExceptionAnalyzer.added(GccExceptionAnalyzer.java:142)
	at ghidra.app.plugin.core.analysis.AnalysisScheduler.runAnalyzer(AnalysisScheduler.java:186)
	at ghidra.app.plugin.core.analysis.AnalysisTask.applyTo(AnalysisTask.java:37)
	at ghidra.app.plugin.core.analysis.AnalysisTask.applyTo(AnalysisTask.java:24)
	at ghidra.app.plugin.core.analysis.AutoAnalysisManager$AnalysisTaskWrapper.run(AutoAnalysisManager.java:660)
	at ghidra.app.plugin.core.analysis.AutoAnalysisManager.startAnalysis(AutoAnalysisManager.java:760)
	at ghidra.app.plugin.core.analysis.AutoAnalysisManager.startAnalysis(AutoAnalysisManager.java:639)
	at ghidra.app.plugin.core.analysis.AutoAnalysisManager.startAnalysis(AutoAnalysisManager.java:604)
	at ghidra.app.util.headless.HeadlessAnalyzer.analyzeProgram(HeadlessAnalyzer.java:1044)
	at ghidra.app.util.headless.HeadlessAnalyzer.processFileWithImport(HeadlessAnalyzer.java:1583)
	at ghidra.app.util.headless.HeadlessAnalyzer.processWithLoader(HeadlessAnalyzer.java:1743)
	at ghidra.app.util.headless.HeadlessAnalyzer.processWithImport(HeadlessAnalyzer.java:1684)
	at ghidra.app.util.headless.HeadlessAnalyzer.processFS(HeadlessAnalyzer.java:1716)
	at ghidra.app.util.headless.HeadlessAnalyzer.processWithImport(HeadlessAnalyzer.java:1678)
	at ghidra.app.util.headless.HeadlessAnalyzer.processWithImport(HeadlessAnalyzer.java:1768)
	at ghidra.app.util.headless.HeadlessAnalyzer.processLocal(HeadlessAnalyzer.java:452)
	at ghidra.app.util.headless.AnalyzeHeadless.launch(AnalyzeHeadless.java:199)
	at ghidra.GhidraLauncher.launch(GhidraLauncher.java:81)
	at ghidra.Ghidra.main(Ghidra.java:54)
 
ERROR Error creating LSDA @ 00010000  Address Overflow in subtract: 08779e9c - 0x72f3137e (FrameDescriptionEntry) ghidra.program.model.address.AddressOutOfBoundsException: Address Overflow in subtract: 08779e9c - 0x72f3137e
	at ghidra.program.model.address.AbstractAddressSpace.add(AbstractAddressSpace.java:424)
	at ghidra.program.model.address.GenericAddressSpace.add(GenericAddressSpace.java:21)
	at ghidra.program.model.address.GenericAddress.add(GenericAddress.java:184)
	at ghidra.app.plugin.exceptionhandlers.gcc.structures.gccexcepttable.LSDACallSiteRecord.create(LSDACallSiteRecord.java:92)
	at ghidra.app.plugin.exceptionhandlers.gcc.structures.gccexcepttable.LSDACallSiteTable.create(LSDACallSiteTable.java:93)
	at ghidra.app.plugin.exceptionhandlers.gcc.structures.gccexcepttable.LSDATable.create(LSDATable.java:93)
	at ghidra.app.plugin.exceptionhandlers.gcc.structures.ehFrame.FrameDescriptionEntry.createLsda(FrameDescriptionEntry.java:664)
	at ghidra.app.plugin.exceptionhandlers.gcc.structures.ehFrame.FrameDescriptionEntry.createAugmentationInfo(FrameDescriptionEntry.java:579)
	at ghidra.app.plugin.exceptionhandlers.gcc.structures.ehFrame.FrameDescriptionEntry.create(FrameDescriptionEntry.java:508)
	at ghidra.app.plugin.exceptionhandlers.gcc.sections.EhFrameSection.analyzeSection(EhFrameSection.java:119)
	at ghidra.app.plugin.exceptionhandlers.gcc.sections.EhFrameSection.analyze(EhFrameSection.java:71)
	at ghidra.app.plugin.exceptionhandlers.gcc.GccExceptionAnalyzer.handleStandardSections(GccExceptionAnalyzer.java:175)
	at ghidra.app.plugin.exceptionhandlers.gcc.GccExceptionAnalyzer.added(GccExceptionAnalyzer.java:142)
	at ghidra.app.plugin.core.analysis.AnalysisScheduler.runAnalyzer(AnalysisScheduler.java:186)
	at ghidra.app.plugin.core.analysis.AnalysisTask.applyTo(AnalysisTask.java:37)
	at ghidra.app.plugin.core.analysis.AnalysisTask.applyTo(AnalysisTask.java:24)
	at ghidra.app.plugin.core.analysis.AutoAnalysisManager$AnalysisTaskWrapper.run(AutoAnalysisManager.java:660)
	at ghidra.app.plugin.core.analysis.AutoAnalysisManager.startAnalysis(AutoAnalysisManager.java:760)
	at ghidra.app.plugin.core.analysis.AutoAnalysisManager.startAnalysis(AutoAnalysisManager.java:639)
	at ghidra.app.plugin.core.analysis.AutoAnalysisManager.startAnalysis(AutoAnalysisManager.java:604)
	at ghidra.app.util.headless.HeadlessAnalyzer.analyzeProgram(HeadlessAnalyzer.java:1044)
	at ghidra.app.util.headless.HeadlessAnalyzer.processFileWithImport(HeadlessAnalyzer.java:1583)
	at ghidra.app.util.headless.HeadlessAnalyzer.processWithLoader(HeadlessAnalyzer.java:1743)
	at ghidra.app.util.headless.HeadlessAnalyzer.processWithImport(HeadlessAnalyzer.java:1684)
	at ghidra.app.util.headless.HeadlessAnalyzer.processFS(HeadlessAnalyzer.java:1716)
	at ghidra.app.util.headless.HeadlessAnalyzer.processWithImport(HeadlessAnalyzer.java:1678)
	at ghidra.app.util.headless.HeadlessAnalyzer.processWithImport(HeadlessAnalyzer.java:1768)
	at ghidra.app.util.headless.HeadlessAnalyzer.processLocal(HeadlessAnalyzer.java:452)
	at ghidra.app.util.headless.AnalyzeHeadless.launch(AnalyzeHeadless.java:199)
	at ghidra.GhidraLauncher.launch(GhidraLauncher.java:81)
	at ghidra.Ghidra.main(Ghidra.java:54)
 
ERROR Error creating LSDA @ 00010000  Address Overflow in subtract: 0877a07c - 0x72f3137e (FrameDescriptionEntry) ghidra.program.model.address.AddressOutOfBoundsException: Address Overflow in subtract: 0877a07c - 0x72f3137e
	at ghidra.program.model.address.AbstractAddressSpace.add(AbstractAddressSpace.java:424)
	at ghidra.program.model.address.GenericAddressSpace.add(GenericAddressSpace.java:21)
	at ghidra.program.model.address.GenericAddress.add(GenericAddress.java:184)
	at ghidra.app.plugin.exceptionhandlers.gcc.structures.gccexcepttable.LSDACallSiteRecord.create(LSDACallSiteRecord.java:92)
	at ghidra.app.plugin.exceptionhandlers.gcc.structures.gccexcepttable.LSDACallSiteTable.create(LSDACallSiteTable.java:93)
	at ghidra.app.plugin.exceptionhandlers.gcc.structures.gccexcepttable.LSDATable.create(LSDATable.java:93)
	at ghidra.app.plugin.exceptionhandlers.gcc.structures.ehFrame.FrameDescriptionEntry.createLsda(FrameDescriptionEntry.java:664)
	at ghidra.app.plugin.exceptionhandlers.gcc.structures.ehFrame.FrameDescriptionEntry.createAugmentationInfo(FrameDescriptionEntry.java:579)
	at ghidra.app.plugin.exceptionhandlers.gcc.structures.ehFrame.FrameDescriptionEntry.create(FrameDescriptionEntry.java:508)
	at ghidra.app.plugin.exceptionhandlers.gcc.sections.EhFrameSection.analyzeSection(EhFrameSection.java:119)
	at ghidra.app.plugin.exceptionhandlers.gcc.sections.EhFrameSection.analyze(EhFrameSection.java:71)
	at ghidra.app.plugin.exceptionhandlers.gcc.GccExceptionAnalyzer.handleStandardSections(GccExceptionAnalyzer.java:175)
	at ghidra.app.plugin.exceptionhandlers.gcc.GccExceptionAnalyzer.added(GccExceptionAnalyzer.java:142)
	at ghidra.app.plugin.core.analysis.AnalysisScheduler.runAnalyzer(AnalysisScheduler.java:186)
	at ghidra.app.plugin.core.analysis.AnalysisTask.applyTo(AnalysisTask.java:37)
	at ghidra.app.plugin.core.analysis.AnalysisTask.applyTo(AnalysisTask.java:24)
	at ghidra.app.plugin.core.analysis.AutoAnalysisManager$AnalysisTaskWrapper.run(AutoAnalysisManager.java:660)
	at ghidra.app.plugin.core.analysis.AutoAnalysisManager.startAnalysis(AutoAnalysisManager.java:760)
	at ghidra.app.plugin.core.analysis.AutoAnalysisManager.startAnalysis(AutoAnalysisManager.java:639)
	at ghidra.app.plugin.core.analysis.AutoAnalysisManager.startAnalysis(AutoAnalysisManager.java:604)
	at ghidra.app.util.headless.HeadlessAnalyzer.analyzeProgram(HeadlessAnalyzer.java:1044)
	at ghidra.app.util.headless.HeadlessAnalyzer.processFileWithImport(HeadlessAnalyzer.java:1583)
	at ghidra.app.util.headless.HeadlessAnalyzer.processWithLoader(HeadlessAnalyzer.java:1743)
	at ghidra.app.util.headless.HeadlessAnalyzer.processWithImport(HeadlessAnalyzer.java:1684)
	at ghidra.app.util.headless.HeadlessAnalyzer.processFS(HeadlessAnalyzer.java:1716)
	at ghidra.app.util.headless.HeadlessAnalyzer.processWithImport(HeadlessAnalyzer.java:1678)
	at ghidra.app.util.headless.HeadlessAnalyzer.processWithImport(HeadlessAnalyzer.java:1768)
	at ghidra.app.util.headless.HeadlessAnalyzer.processLocal(HeadlessAnalyzer.java:452)
	at ghidra.app.util.headless.AnalyzeHeadless.launch(AnalyzeHeadless.java:199)
	at ghidra.GhidraLauncher.launch(GhidraLauncher.java:81)
	at ghidra.Ghidra.main(Ghidra.java:54)
 
ERROR Error creating LSDA @ 00010000  Address Overflow in subtract: 0877a26c - 0x72f3137e (FrameDescriptionEntry) ghidra.program.model.address.AddressOutOfBoundsException: Address Overflow in subtract: 0877a26c - 0x72f3137e
	at ghidra.program.model.address.AbstractAddressSpace.add(AbstractAddressSpace.java:424)
	at ghidra.program.model.address.GenericAddressSpace.add(GenericAddressSpace.java:21)
	at ghidra.program.model.address.GenericAddress.add(GenericAddress.java:184)
	at ghidra.app.plugin.exceptionhandlers.gcc.structures.gccexcepttable.LSDACallSiteRecord.create(LSDACallSiteRecord.java:92)
	at ghidra.app.plugin.exceptionhandlers.gcc.structures.gccexcepttable.LSDACallSiteTable.create(LSDACallSiteTable.java:93)
	at ghidra.app.plugin.exceptionhandlers.gcc.structures.gccexcepttable.LSDATable.create(LSDATable.java:93)
	at ghidra.app.plugin.exceptionhandlers.gcc.structures.ehFrame.FrameDescriptionEntry.createLsda(FrameDescriptionEntry.java:664)
	at ghidra.app.plugin.exceptionhandlers.gcc.structures.ehFrame.FrameDescriptionEntry.createAugmentationInfo(FrameDescriptionEntry.java:579)
	at ghidra.app.plugin.exceptionhandlers.gcc.structures.ehFrame.FrameDescriptionEntry.create(FrameDescriptionEntry.java:508)
	at ghidra.app.plugin.exceptionhandlers.gcc.sections.EhFrameSection.analyzeSection(EhFrameSection.java:119)
	at ghidra.app.plugin.exceptionhandlers.gcc.sections.EhFrameSection.analyze(EhFrameSection.java:71)
	at ghidra.app.plugin.exceptionhandlers.gcc.GccExceptionAnalyzer.handleStandardSections(GccExceptionAnalyzer.java:175)
	at ghidra.app.plugin.exceptionhandlers.gcc.GccExceptionAnalyzer.added(GccExceptionAnalyzer.java:142)
	at ghidra.app.plugin.core.analysis.AnalysisScheduler.runAnalyzer(AnalysisScheduler.java:186)
	at ghidra.app.plugin.core.analysis.AnalysisTask.applyTo(AnalysisTask.java:37)
	at ghidra.app.plugin.core.analysis.AnalysisTask.applyTo(AnalysisTask.java:24)
	at ghidra.app.plugin.core.analysis.AutoAnalysisManager$AnalysisTaskWrapper.run(AutoAnalysisManager.java:660)
	at ghidra.app.plugin.core.analysis.AutoAnalysisManager.startAnalysis(AutoAnalysisManager.java:760)
	at ghidra.app.plugin.core.analysis.AutoAnalysisManager.startAnalysis(AutoAnalysisManager.java:639)
	at ghidra.app.plugin.core.analysis.AutoAnalysisManager.startAnalysis(AutoAnalysisManager.java:604)
	at ghidra.app.util.headless.HeadlessAnalyzer.analyzeProgram(HeadlessAnalyzer.java:1044)
	at ghidra.app.util.headless.HeadlessAnalyzer.processFileWithImport(HeadlessAnalyzer.java:1583)
	at ghidra.app.util.headless.HeadlessAnalyzer.processWithLoader(HeadlessAnalyzer.java:1743)
	at ghidra.app.util.headless.HeadlessAnalyzer.processWithImport(HeadlessAnalyzer.java:1684)
	at ghidra.app.util.headless.HeadlessAnalyzer.processFS(HeadlessAnalyzer.java:1716)
	at ghidra.app.util.headless.HeadlessAnalyzer.processWithImport(HeadlessAnalyzer.java:1678)
	at ghidra.app.util.headless.HeadlessAnalyzer.processWithImport(HeadlessAnalyzer.java:1768)
	at ghidra.app.util.headless.HeadlessAnalyzer.processLocal(HeadlessAnalyzer.java:452)
	at ghidra.app.util.headless.AnalyzeHeadless.launch(AnalyzeHeadless.java:199)
	at ghidra.GhidraLauncher.launch(GhidraLauncher.java:81)
	at ghidra.Ghidra.main(Ghidra.java:54)
 
ERROR Error creating LSDA @ 00010000  Address Overflow in subtract: 0877a46c - 0x72f3137e (FrameDescriptionEntry) ghidra.program.model.address.AddressOutOfBoundsException: Address Overflow in subtract: 0877a46c - 0x72f3137e
	at ghidra.program.model.address.AbstractAddressSpace.add(AbstractAddressSpace.java:424)
	at ghidra.program.model.address.GenericAddressSpace.add(GenericAddressSpace.java:21)
	at ghidra.program.model.address.GenericAddress.add(GenericAddress.java:184)
	at ghidra.app.plugin.exceptionhandlers.gcc.structures.gccexcepttable.LSDACallSiteRecord.create(LSDACallSiteRecord.java:92)
	at ghidra.app.plugin.exceptionhandlers.gcc.structures.gccexcepttable.LSDACallSiteTable.create(LSDACallSiteTable.java:93)
	at ghidra.app.plugin.exceptionhandlers.gcc.structures.gccexcepttable.LSDATable.create(LSDATable.java:93)
	at ghidra.app.plugin.exceptionhandlers.gcc.structures.ehFrame.FrameDescriptionEntry.createLsda(FrameDescriptionEntry.java:664)
	at ghidra.app.plugin.exceptionhandlers.gcc.structures.ehFrame.FrameDescriptionEntry.createAugmentationInfo(FrameDescriptionEntry.java:579)
	at ghidra.app.plugin.exceptionhandlers.gcc.structures.ehFrame.FrameDescriptionEntry.create(FrameDescriptionEntry.java:508)
	at ghidra.app.plugin.exceptionhandlers.gcc.sections.EhFrameSection.analyzeSection(EhFrameSection.java:119)
	at ghidra.app.plugin.exceptionhandlers.gcc.sections.EhFrameSection.analyze(EhFrameSection.java:71)
	at ghidra.app.plugin.exceptionhandlers.gcc.GccExceptionAnalyzer.handleStandardSections(GccExceptionAnalyzer.java:175)
	at ghidra.app.plugin.exceptionhandlers.gcc.GccExceptionAnalyzer.added(GccExceptionAnalyzer.java:142)
	at ghidra.app.plugin.core.analysis.AnalysisScheduler.runAnalyzer(AnalysisScheduler.java:186)
	at ghidra.app.plugin.core.analysis.AnalysisTask.applyTo(AnalysisTask.java:37)
	at ghidra.app.plugin.core.analysis.AnalysisTask.applyTo(AnalysisTask.java:24)
	at ghidra.app.plugin.core.analysis.AutoAnalysisManager$AnalysisTaskWrapper.run(AutoAnalysisManager.java:660)
	at ghidra.app.plugin.core.analysis.AutoAnalysisManager.startAnalysis(AutoAnalysisManager.java:760)
	at ghidra.app.plugin.core.analysis.AutoAnalysisManager.startAnalysis(AutoAnalysisManager.java:639)
	at ghidra.app.plugin.core.analysis.AutoAnalysisManager.startAnalysis(AutoAnalysisManager.java:604)
	at ghidra.app.util.headless.HeadlessAnalyzer.analyzeProgram(HeadlessAnalyzer.java:1044)
	at ghidra.app.util.headless.HeadlessAnalyzer.processFileWithImport(HeadlessAnalyzer.java:1583)
	at ghidra.app.util.headless.HeadlessAnalyzer.processWithLoader(HeadlessAnalyzer.java:1743)
	at ghidra.app.util.headless.HeadlessAnalyzer.processWithImport(HeadlessAnalyzer.java:1684)
	at ghidra.app.util.headless.HeadlessAnalyzer.processFS(HeadlessAnalyzer.java:1716)
	at ghidra.app.util.headless.HeadlessAnalyzer.processWithImport(HeadlessAnalyzer.java:1678)
	at ghidra.app.util.headless.HeadlessAnalyzer.processWithImport(HeadlessAnalyzer.java:1768)
	at ghidra.app.util.headless.HeadlessAnalyzer.processLocal(HeadlessAnalyzer.java:452)
	at ghidra.app.util.headless.AnalyzeHeadless.launch(AnalyzeHeadless.java:199)
	at ghidra.GhidraLauncher.launch(GhidraLauncher.java:81)
	at ghidra.Ghidra.main(Ghidra.java:54)
 
ERROR Error creating LSDA @ 00010000  Address Overflow in subtract: 0877a5cc - 0x72f3137e (FrameDescriptionEntry) ghidra.program.model.address.AddressOutOfBoundsException: Address Overflow in subtract: 0877a5cc - 0x72f3137e
	at ghidra.program.model.address.AbstractAddressSpace.add(AbstractAddressSpace.java:424)
	at ghidra.program.model.address.GenericAddressSpace.add(GenericAddressSpace.java:21)
	at ghidra.program.model.address.GenericAddress.add(GenericAddress.java:184)
	at ghidra.app.plugin.exceptionhandlers.gcc.structures.gccexcepttable.LSDACallSiteRecord.create(LSDACallSiteRecord.java:92)
	at ghidra.app.plugin.exceptionhandlers.gcc.structures.gccexcepttable.LSDACallSiteTable.create(LSDACallSiteTable.java:93)
	at ghidra.app.plugin.exceptionhandlers.gcc.structures.gccexcepttable.LSDATable.create(LSDATable.java:93)
	at ghidra.app.plugin.exceptionhandlers.gcc.structures.ehFrame.FrameDescriptionEntry.createLsda(FrameDescriptionEntry.java:664)
	at ghidra.app.plugin.exceptionhandlers.gcc.structures.ehFrame.FrameDescriptionEntry.createAugmentationInfo(FrameDescriptionEntry.java:579)
	at ghidra.app.plugin.exceptionhandlers.gcc.structures.ehFrame.FrameDescriptionEntry.create(FrameDescriptionEntry.java:508)
	at ghidra.app.plugin.exceptionhandlers.gcc.sections.EhFrameSection.analyzeSection(EhFrameSection.java:119)
	at ghidra.app.plugin.exceptionhandlers.gcc.sections.EhFrameSection.analyze(EhFrameSection.java:71)
	at ghidra.app.plugin.exceptionhandlers.gcc.GccExceptionAnalyzer.handleStandardSections(GccExceptionAnalyzer.java:175)
	at ghidra.app.plugin.exceptionhandlers.gcc.GccExceptionAnalyzer.added(GccExceptionAnalyzer.java:142)
	at ghidra.app.plugin.core.analysis.AnalysisScheduler.runAnalyzer(AnalysisScheduler.java:186)
	at ghidra.app.plugin.core.analysis.AnalysisTask.applyTo(AnalysisTask.java:37)
	at ghidra.app.plugin.core.analysis.AnalysisTask.applyTo(AnalysisTask.java:24)
	at ghidra.app.plugin.core.analysis.AutoAnalysisManager$AnalysisTaskWrapper.run(AutoAnalysisManager.java:660)
	at ghidra.app.plugin.core.analysis.AutoAnalysisManager.startAnalysis(AutoAnalysisManager.java:760)
	at ghidra.app.plugin.core.analysis.AutoAnalysisManager.startAnalysis(AutoAnalysisManager.java:639)
	at ghidra.app.plugin.core.analysis.AutoAnalysisManager.startAnalysis(AutoAnalysisManager.java:604)
	at ghidra.app.util.headless.HeadlessAnalyzer.analyzeProgram(HeadlessAnalyzer.java:1044)
	at ghidra.app.util.headless.HeadlessAnalyzer.processFileWithImport(HeadlessAnalyzer.java:1583)
	at ghidra.app.util.headless.HeadlessAnalyzer.processWithLoader(HeadlessAnalyzer.java:1743)
	at ghidra.app.util.headless.HeadlessAnalyzer.processWithImport(HeadlessAnalyzer.java:1684)
	at ghidra.app.util.headless.HeadlessAnalyzer.processFS(HeadlessAnalyzer.java:1716)
	at ghidra.app.util.headless.HeadlessAnalyzer.processWithImport(HeadlessAnalyzer.java:1678)
	at ghidra.app.util.headless.HeadlessAnalyzer.processWithImport(HeadlessAnalyzer.java:1768)
	at ghidra.app.util.headless.HeadlessAnalyzer.processLocal(HeadlessAnalyzer.java:452)
	at ghidra.app.util.headless.AnalyzeHeadless.launch(AnalyzeHeadless.java:199)
	at ghidra.GhidraLauncher.launch(GhidraLauncher.java:81)
	at ghidra.Ghidra.main(Ghidra.java:54)
 
ERROR Error creating LSDA @ 00010000  Address Overflow in subtract: 0877a67c - 0x72f3137e (FrameDescriptionEntry) ghidra.program.model.address.AddressOutOfBoundsException: Address Overflow in subtract: 0877a67c - 0x72f3137e
	at ghidra.program.model.address.AbstractAddressSpace.add(AbstractAddressSpace.java:424)
	at ghidra.program.model.address.GenericAddressSpace.add(GenericAddressSpace.java:21)
	at ghidra.program.model.address.GenericAddress.add(GenericAddress.java:184)
	at ghidra.app.plugin.exceptionhandlers.gcc.structures.gccexcepttable.LSDACallSiteRecord.create(LSDACallSiteRecord.java:92)
	at ghidra.app.plugin.exceptionhandlers.gcc.structures.gccexcepttable.LSDACallSiteTable.create(LSDACallSiteTable.java:93)
	at ghidra.app.plugin.exceptionhandlers.gcc.structures.gccexcepttable.LSDATable.create(LSDATable.java:93)
	at ghidra.app.plugin.exceptionhandlers.gcc.structures.ehFrame.FrameDescriptionEntry.createLsda(FrameDescriptionEntry.java:664)
	at ghidra.app.plugin.exceptionhandlers.gcc.structures.ehFrame.FrameDescriptionEntry.createAugmentationInfo(FrameDescriptionEntry.java:579)
	at ghidra.app.plugin.exceptionhandlers.gcc.structures.ehFrame.FrameDescriptionEntry.create(FrameDescriptionEntry.java:508)
	at ghidra.app.plugin.exceptionhandlers.gcc.sections.EhFrameSection.analyzeSection(EhFrameSection.java:119)
	at ghidra.app.plugin.exceptionhandlers.gcc.sections.EhFrameSection.analyze(EhFrameSection.java:71)
	at ghidra.app.plugin.exceptionhandlers.gcc.GccExceptionAnalyzer.handleStandardSections(GccExceptionAnalyzer.java:175)
	at ghidra.app.plugin.exceptionhandlers.gcc.GccExceptionAnalyzer.added(GccExceptionAnalyzer.java:142)
	at ghidra.app.plugin.core.analysis.AnalysisScheduler.runAnalyzer(AnalysisScheduler.java:186)
	at ghidra.app.plugin.core.analysis.AnalysisTask.applyTo(AnalysisTask.java:37)
	at ghidra.app.plugin.core.analysis.AnalysisTask.applyTo(AnalysisTask.java:24)
	at ghidra.app.plugin.core.analysis.AutoAnalysisManager$AnalysisTaskWrapper.run(AutoAnalysisManager.java:660)
	at ghidra.app.plugin.core.analysis.AutoAnalysisManager.startAnalysis(AutoAnalysisManager.java:760)
	at ghidra.app.plugin.core.analysis.AutoAnalysisManager.startAnalysis(AutoAnalysisManager.java:639)
	at ghidra.app.plugin.core.analysis.AutoAnalysisManager.startAnalysis(AutoAnalysisManager.java:604)
	at ghidra.app.util.headless.HeadlessAnalyzer.analyzeProgram(HeadlessAnalyzer.java:1044)
	at ghidra.app.util.headless.HeadlessAnalyzer.processFileWithImport(HeadlessAnalyzer.java:1583)
	at ghidra.app.util.headless.HeadlessAnalyzer.processWithLoader(HeadlessAnalyzer.java:1743)
	at ghidra.app.util.headless.HeadlessAnalyzer.processWithImport(HeadlessAnalyzer.java:1684)
	at ghidra.app.util.headless.HeadlessAnalyzer.processFS(HeadlessAnalyzer.java:1716)
	at ghidra.app.util.headless.HeadlessAnalyzer.processWithImport(HeadlessAnalyzer.java:1678)
	at ghidra.app.util.headless.HeadlessAnalyzer.processWithImport(HeadlessAnalyzer.java:1768)
	at ghidra.app.util.headless.HeadlessAnalyzer.processLocal(HeadlessAnalyzer.java:452)
	at ghidra.app.util.headless.AnalyzeHeadless.launch(AnalyzeHeadless.java:199)
	at ghidra.GhidraLauncher.launch(GhidraLauncher.java:81)
	at ghidra.Ghidra.main(Ghidra.java:54)
 
ERROR Error creating LSDA @ 00010000  Address Overflow in subtract: 0877a6fc - 0x72f3137e (FrameDescriptionEntry) ghidra.program.model.address.AddressOutOfBoundsException: Address Overflow in subtract: 0877a6fc - 0x72f3137e
	at ghidra.program.model.address.AbstractAddressSpace.add(AbstractAddressSpace.java:424)
	at ghidra.program.model.address.GenericAddressSpace.add(GenericAddressSpace.java:21)
	at ghidra.program.model.address.GenericAddress.add(GenericAddress.java:184)
	at ghidra.app.plugin.exceptionhandlers.gcc.structures.gccexcepttable.LSDACallSiteRecord.create(LSDACallSiteRecord.java:92)
	at ghidra.app.plugin.exceptionhandlers.gcc.structures.gccexcepttable.LSDACallSiteTable.create(LSDACallSiteTable.java:93)
	at ghidra.app.plugin.exceptionhandlers.gcc.structures.gccexcepttable.LSDATable.create(LSDATable.java:93)
	at ghidra.app.plugin.exceptionhandlers.gcc.structures.ehFrame.FrameDescriptionEntry.createLsda(FrameDescriptionEntry.java:664)
	at ghidra.app.plugin.exceptionhandlers.gcc.structures.ehFrame.FrameDescriptionEntry.createAugmentationInfo(FrameDescriptionEntry.java:579)
	at ghidra.app.plugin.exceptionhandlers.gcc.structures.ehFrame.FrameDescriptionEntry.create(FrameDescriptionEntry.java:508)
	at ghidra.app.plugin.exceptionhandlers.gcc.sections.EhFrameSection.analyzeSection(EhFrameSection.java:119)
	at ghidra.app.plugin.exceptionhandlers.gcc.sections.EhFrameSection.analyze(EhFrameSection.java:71)
	at ghidra.app.plugin.exceptionhandlers.gcc.GccExceptionAnalyzer.handleStandardSections(GccExceptionAnalyzer.java:175)
	at ghidra.app.plugin.exceptionhandlers.gcc.GccExceptionAnalyzer.added(GccExceptionAnalyzer.java:142)
	at ghidra.app.plugin.core.analysis.AnalysisScheduler.runAnalyzer(AnalysisScheduler.java:186)
	at ghidra.app.plugin.core.analysis.AnalysisTask.applyTo(AnalysisTask.java:37)
	at ghidra.app.plugin.core.analysis.AnalysisTask.applyTo(AnalysisTask.java:24)
	at ghidra.app.plugin.core.analysis.AutoAnalysisManager$AnalysisTaskWrapper.run(AutoAnalysisManager.java:660)
	at ghidra.app.plugin.core.analysis.AutoAnalysisManager.startAnalysis(AutoAnalysisManager.java:760)
	at ghidra.app.plugin.core.analysis.AutoAnalysisManager.startAnalysis(AutoAnalysisManager.java:639)
	at ghidra.app.plugin.core.analysis.AutoAnalysisManager.startAnalysis(AutoAnalysisManager.java:604)
	at ghidra.app.util.headless.HeadlessAnalyzer.analyzeProgram(HeadlessAnalyzer.java:1044)
	at ghidra.app.util.headless.HeadlessAnalyzer.processFileWithImport(HeadlessAnalyzer.java:1583)
	at ghidra.app.util.headless.HeadlessAnalyzer.processWithLoader(HeadlessAnalyzer.java:1743)
	at ghidra.app.util.headless.HeadlessAnalyzer.processWithImport(HeadlessAnalyzer.java:1684)
	at ghidra.app.util.headless.HeadlessAnalyzer.processFS(HeadlessAnalyzer.java:1716)
	at ghidra.app.util.headless.HeadlessAnalyzer.processWithImport(HeadlessAnalyzer.java:1678)
	at ghidra.app.util.headless.HeadlessAnalyzer.processWithImport(HeadlessAnalyzer.java:1768)
	at ghidra.app.util.headless.HeadlessAnalyzer.processLocal(HeadlessAnalyzer.java:452)
	at ghidra.app.util.headless.AnalyzeHeadless.launch(AnalyzeHeadless.java:199)
	at ghidra.GhidraLauncher.launch(GhidraLauncher.java:81)
	at ghidra.Ghidra.main(Ghidra.java:54)
 
ERROR Error creating LSDA @ 00010000  Address Overflow in subtract: 0877a78c - 0x72f3137e (FrameDescriptionEntry) ghidra.program.model.address.AddressOutOfBoundsException: Address Overflow in subtract: 0877a78c - 0x72f3137e
	at ghidra.program.model.address.AbstractAddressSpace.add(AbstractAddressSpace.java:424)
	at ghidra.program.model.address.GenericAddressSpace.add(GenericAddressSpace.java:21)
	at ghidra.program.model.address.GenericAddress.add(GenericAddress.java:184)
	at ghidra.app.plugin.exceptionhandlers.gcc.structures.gccexcepttable.LSDACallSiteRecord.create(LSDACallSiteRecord.java:92)
	at ghidra.app.plugin.exceptionhandlers.gcc.structures.gccexcepttable.LSDACallSiteTable.create(LSDACallSiteTable.java:93)
	at ghidra.app.plugin.exceptionhandlers.gcc.structures.gccexcepttable.LSDATable.create(LSDATable.java:93)
	at ghidra.app.plugin.exceptionhandlers.gcc.structures.ehFrame.FrameDescriptionEntry.createLsda(FrameDescriptionEntry.java:664)
	at ghidra.app.plugin.exceptionhandlers.gcc.structures.ehFrame.FrameDescriptionEntry.createAugmentationInfo(FrameDescriptionEntry.java:579)
	at ghidra.app.plugin.exceptionhandlers.gcc.structures.ehFrame.FrameDescriptionEntry.create(FrameDescriptionEntry.java:508)
	at ghidra.app.plugin.exceptionhandlers.gcc.sections.EhFrameSection.analyzeSection(EhFrameSection.java:119)
	at ghidra.app.plugin.exceptionhandlers.gcc.sections.EhFrameSection.analyze(EhFrameSection.java:71)
	at ghidra.app.plugin.exceptionhandlers.gcc.GccExceptionAnalyzer.handleStandardSections(GccExceptionAnalyzer.java:175)
	at ghidra.app.plugin.exceptionhandlers.gcc.GccExceptionAnalyzer.added(GccExceptionAnalyzer.java:142)
	at ghidra.app.plugin.core.analysis.AnalysisScheduler.runAnalyzer(AnalysisScheduler.java:186)
	at ghidra.app.plugin.core.analysis.AnalysisTask.applyTo(AnalysisTask.java:37)
	at ghidra.app.plugin.core.analysis.AnalysisTask.applyTo(AnalysisTask.java:24)
	at ghidra.app.plugin.core.analysis.AutoAnalysisManager$AnalysisTaskWrapper.run(AutoAnalysisManager.java:660)
	at ghidra.app.plugin.core.analysis.AutoAnalysisManager.startAnalysis(AutoAnalysisManager.java:760)
	at ghidra.app.plugin.core.analysis.AutoAnalysisManager.startAnalysis(AutoAnalysisManager.java:639)
	at ghidra.app.plugin.core.analysis.AutoAnalysisManager.startAnalysis(AutoAnalysisManager.java:604)
	at ghidra.app.util.headless.HeadlessAnalyzer.analyzeProgram(HeadlessAnalyzer.java:1044)
	at ghidra.app.util.headless.HeadlessAnalyzer.processFileWithImport(HeadlessAnalyzer.java:1583)
	at ghidra.app.util.headless.HeadlessAnalyzer.processWithLoader(HeadlessAnalyzer.java:1743)
	at ghidra.app.util.headless.HeadlessAnalyzer.processWithImport(HeadlessAnalyzer.java:1684)
	at ghidra.app.util.headless.HeadlessAnalyzer.processFS(HeadlessAnalyzer.java:1716)
	at ghidra.app.util.headless.HeadlessAnalyzer.processWithImport(HeadlessAnalyzer.java:1678)
	at ghidra.app.util.headless.HeadlessAnalyzer.processWithImport(HeadlessAnalyzer.java:1768)
	at ghidra.app.util.headless.HeadlessAnalyzer.processLocal(HeadlessAnalyzer.java:452)
	at ghidra.app.util.headless.AnalyzeHeadless.launch(AnalyzeHeadless.java:199)
	at ghidra.GhidraLauncher.launch(GhidraLauncher.java:81)
	at ghidra.Ghidra.main(Ghidra.java:54)
 
INFO  Applied data type archive: generic_clib (ApplyDataArchiveAnalyzer)  
WARN  Unable to fully apply external demangled Address Table at 0001302c: __cxxabiv1::__class_type_info::vtable (DemangledAddressTable)  
INFO  REPORT: Analysis succeeded for file: file:///home/ion/tools/karma-lab/allobj/CxSmallSort.o?MD5=75a302deddd0571065c79438bc5247ef (HeadlessAnalyzer)  
INFO  REPORT: Execute script: DumpDecomp.java  (HeadlessAnalyzer)  
INFO  SCRIPT: /home/ion/tools/karma-lab/gscripts/DumpDecomp.java (HeadlessAnalyzer)  
INFO  DumpDecomp.java> OVERRIDES applied: 0 (GhidraScript)  
INFO  DumpDecomp.java> VTABLE: CxSmallSort.o rows=13 applied=12 no-prototype=0 not-in-a-function=1 refused=0 (GhidraScript)  
INFO  DumpDecomp.java> KARMAHDR: calling conventions {__cdecl=1, __thiscall=27, unknown=10} (GhidraScript)  
INFO  DumpDecomp.java> KARMAHDR: __regparm -> __cdecl on 10 function(s), 0 refused (GhidraScript)  
INFO  DumpDecomp.java> DONE CxSmallSort.o (GhidraScript)  
INFO  ANALYZING changes made by post scripts: file:///home/ion/tools/karma-lab/allobj/CxSmallSort.o?MD5=75a302deddd0571065c79438bc5247ef (HeadlessAnalyzer)  
INFO  REPORT: Post-analysis succeeded for file: file:///home/ion/tools/karma-lab/allobj/CxSmallSort.o?MD5=75a302deddd0571065c79438bc5247ef (HeadlessAnalyzer)  
INFO  /allobj/CxSmallSort.o: file created (ion) (LocalFileSystem)  
INFO  REPORT: Save succeeded for: /allobj/CxSmallSort.o (Proj:/allobj/CxSmallSort.o) (HeadlessAnalyzer)  
INFO  REPORT: Import succeeded (HeadlessAnalyzer)  
INFO  IMPORTING: file:///home/ion/tools/karma-lab/allobj/McdPrimitivesRegisterTypes.o?MD5=83be6cd92dec055c32bc352391ed89f7 (HeadlessAnalyzer)  
INFO  Using Loader: Executable and Linking Format (ELF) (ProgramLoader)  
INFO  Using Language/Compiler: x86:LE:32:default:gcc (ProgramLoader)  
INFO  Using Library Search Path: [., /bin, /lib, /lib64, /lib/x86_64-linux-gnu, /lib/aarch64-linux-gnu, /usr/bin, /usr/lib, /usr/X11R6/bin, /usr/X11R6/lib, /usr/java/packages/lib, /usr/lib/x86_64-linux-gnu/jni, /usr/lib/x86_64-linux-gnu, /usr/lib/jni] (ProgramLoader)  
INFO  Additional info:
Loading file:///home/ion/tools/karma-lab/allobj/McdPrimitivesRegisterTypes.o?MD5=83be6cd92dec055c32bc352391ed89f7...
Skipping section [.data] with invalid size 0x0
Skipping section [.bss] with invalid size 0x0
------------------------------------------------

 (ProgramLoader)  
INFO  IMPORTING: Loaded 0 additional files (HeadlessAnalyzer)  
INFO  REPORT: Execute script: ParseKarmaHeaders.java  (HeadlessAnalyzer)  
INFO  SCRIPT: /home/ion/tools/karma-lab/gscripts/ParseKarmaHeaders.java (HeadlessAnalyzer)  
INFO  ParseKarmaHeaders.java> KARMAOPT: KD_GHIDRA_OPTS not set, analyzer options untouched (GhidraScript)  
INFO  parse /home/ion/tools/karma-lab/kd_protos10.h (CParserUtils)  
INFO  ParseKarmaHeaders.java> KARMAHDR: parsed FunctionDefinitions=2700 (GhidraScript)  
INFO  ParseKarmaHeaders.java> KARMAHDR: signatures applied -- defined=5 imported=4 failed=0 (GhidraScript)  
INFO  ANALYZING all memory and code: file:///home/ion/tools/karma-lab/allobj/McdPrimitivesRegisterTypes.o?MD5=83be6cd92dec055c32bc352391ed89f7 (HeadlessAnalyzer)  
WARN  Mismatched DWARF Attribute and Form: DW_AT_macro_info->DW_FORM_data4 (DWARFAbbreviation)  
INFO  Added 5 source map entries (DWARFImporter)  
INFO  DWARF ver[2], 1 compUnits, 590 DIES, import - total elapsed: 14ms (DWARFImportSummary)  
INFO  DWARF data type import - elapsed: 9ms (DWARFImportSummary)  
INFO  DWARF func & symbol import - elapsed: 1ms (DWARFImportSummary)  
INFO  DWARF types imported: 157 (DWARFImportSummary)  
INFO  DWARF compile dirs: [/home/icculus/projects/UT2-Code/karma/Mcd/src/primitives] (DWARFImportSummary)  
INFO  DWARF producers: [GNU C++ 3.2.3 20030422 (Gentoo Linux 1.4 3.2.3-r4, propolice)] (DWARFImportSummary)  
INFO  DWARF source languages: [DW_LANG_C_plus_plus] (DWARFImportSummary)  
INFO  DWARF compUnit: McdPrimitivesRegisterTypes.cpp (DWARFImportSummary)  
ERROR DWARF un-recoverable expressions: (DWARFImportSummary)  
ERROR   DW_OP_reg3 -> 1 (DWARFImportSummary)  
INFO  Applied data type archive: generic_clib (ApplyDataArchiveAnalyzer)  
INFO  REPORT: Analysis succeeded for file: file:///home/ion/tools/karma-lab/allobj/McdPrimitivesRegisterTypes.o?MD5=83be6cd92dec055c32bc352391ed89f7 (HeadlessAnalyzer)  
INFO  REPORT: Execute script: DumpDecomp.java  (HeadlessAnalyzer)  
INFO  SCRIPT: /home/ion/tools/karma-lab/gscripts/DumpDecomp.java (HeadlessAnalyzer)  
WARN  Decompiling 00011008, pcode error at 00011008: Unable to disassemble EXTERNAL block location: 00011008 (DecompileCallback)  
INFO  DumpDecomp.java> OVERRIDES applied: 0 (GhidraScript)  
INFO  DumpDecomp.java> VTABLE: McdPrimitivesRegisterTypes.o rows=0 applied=0 no-prototype=0 not-in-a-function=0 refused=0 (GhidraScript)  
INFO  DumpDecomp.java> KARMAHDR: calling conventions {__cdecl=1, unknown=4} (GhidraScript)  
INFO  DumpDecomp.java> KARMAHDR: __regparm -> __cdecl on 4 function(s), 0 refused (GhidraScript)  
INFO  DumpDecomp.java> DONE McdPrimitivesRegisterTypes.o (GhidraScript)  
INFO  ANALYZING changes made by post scripts: file:///home/ion/tools/karma-lab/allobj/McdPrimitivesRegisterTypes.o?MD5=83be6cd92dec055c32bc352391ed89f7 (HeadlessAnalyzer)  
INFO  REPORT: Post-analysis succeeded for file: file:///home/ion/tools/karma-lab/allobj/McdPrimitivesRegisterTypes.o?MD5=83be6cd92dec055c32bc352391ed89f7 (HeadlessAnalyzer)  
INFO  /allobj/McdPrimitivesRegisterTypes.o: file created (ion) (LocalFileSystem)  
INFO  REPORT: Save succeeded for: /allobj/McdPrimitivesRegisterTypes.o (Proj:/allobj/McdPrimitivesRegisterTypes.o) (HeadlessAnalyzer)  
INFO  REPORT: Import succeeded (HeadlessAnalyzer)  
INFO  IMPORTING: file:///home/ion/tools/karma-lab/allobj/MdtLinear1.o?MD5=83aba27a77a9a1d0f82bd5c7d5c766c7 (HeadlessAnalyzer)  
INFO  Using Loader: Executable and Linking Format (ELF) (ProgramLoader)  
INFO  Using Language/Compiler: x86:LE:32:default:gcc (ProgramLoader)  
INFO  Using Library Search Path: [., /bin, /lib, /lib64, /lib/x86_64-linux-gnu, /lib/aarch64-linux-gnu, /usr/bin, /usr/lib, /usr/X11R6/bin, /usr/X11R6/lib, /usr/java/packages/lib, /usr/lib/x86_64-linux-gnu/jni, /usr/lib/x86_64-linux-gnu, /usr/lib/jni] (ProgramLoader)  
INFO  Additional info:
Loading file:///home/ion/tools/karma-lab/allobj/MdtLinear1.o?MD5=83aba27a77a9a1d0f82bd5c7d5c766c7...
Skipping section [.data] with invalid size 0x0
Skipping section [.bss] with invalid size 0x0
------------------------------------------------

 (ProgramLoader)  
INFO  IMPORTING: Loaded 0 additional files (HeadlessAnalyzer)  
INFO  REPORT: Execute script: ParseKarmaHeaders.java  (HeadlessAnalyzer)  
INFO  SCRIPT: /home/ion/tools/karma-lab/gscripts/ParseKarmaHeaders.java (HeadlessAnalyzer)  
INFO  ParseKarmaHeaders.java> KARMAOPT: KD_GHIDRA_OPTS not set, analyzer options untouched (GhidraScript)  
INFO  parse /home/ion/tools/karma-lab/kd_protos10.h (CParserUtils)  
INFO  ParseKarmaHeaders.java> KARMAHDR: parsed FunctionDefinitions=2700 (GhidraScript)  
INFO  ParseKarmaHeaders.java> KARMAHDR: signatures applied -- defined=17 imported=11 failed=0 (GhidraScript)  
INFO  ANALYZING all memory and code: file:///home/ion/tools/karma-lab/allobj/MdtLinear1.o?MD5=83aba27a77a9a1d0f82bd5c7d5c766c7 (HeadlessAnalyzer)  
WARN  Mismatched DWARF Attribute and Form: DW_AT_macro_info->DW_FORM_data4 (DWARFAbbreviation)  
INFO  Added 69 source map entries (DWARFImporter)  
INFO  DWARF ver[2], 1 compUnits, 578 DIES, import - total elapsed: 17ms (DWARFImportSummary)  
INFO  DWARF data type import - elapsed: 11ms (DWARFImportSummary)  
INFO  DWARF func & symbol import - elapsed: 2ms (DWARFImportSummary)  
INFO  DWARF types imported: 123 (DWARFImportSummary)  
INFO  DWARF compile dirs: [/home/icculus/projects/UT2-Code/karma/Mdt/src] (DWARFImportSummary)  
INFO  DWARF producers: [GNU C 3.2.3 20030422 (Gentoo Linux 1.4 3.2.3-r4, propolice)] (DWARFImportSummary)  
INFO  DWARF source languages: [DW_LANG_C89] (DWARFImportSummary)  
INFO  DWARF compUnit: MdtLinear1.c (DWARFImportSummary)  
ERROR DWARF un-recoverable expressions: (DWARFImportSummary)  
ERROR   DW_OP_reg3 -> 3 (DWARFImportSummary)  
ERROR   DW_OP_reg0 -> 1 (DWARFImportSummary)  
ERROR   DW_OP_reg2 -> 2 (DWARFImportSummary)  
ERROR   DW_OP_reg7 -> 1 (DWARFImportSummary)  
INFO  Applied data type archive: generic_clib (ApplyDataArchiveAnalyzer)  
INFO  -----------------------------------------------------
    ASCII Strings                              0.001 secs
    Apply Data Archives                        0.051 secs
    Call Convention ID                         1.167 secs
    Call-Fixup Installer                       0.000 secs
    Create Address Tables                      0.000 secs
    Create Function                            0.000 secs
    DWARF                                      0.019 secs
    Data Reference                             0.001 secs
    Decompiler Switch Analysis                 0.001 secs
    Demangler GNU                              0.001 secs
    Disassemble Entry Points                   0.003 secs
    ELF Scalar Operand References              0.002 secs
    Embedded Media                             0.001 secs
    External Entry References                  0.000 secs
    Function ID                                0.003 secs
    Function Start Pre Search                  0.002 secs
    Function Start Search                      0.002 secs
    Function Start Search After Code           0.000 secs
    Function Start Search After Data           0.001 secs
    GCC Exception Handlers                     0.001 secs
    Non-Returning Functions - Discovered       0.000 secs
    Non-Returning Functions - Known            0.000 secs
    Reference                                  0.000 secs
    Shared Return Calls                        0.000 secs
    Stack                                      0.005 secs
    Subroutine References                      0.000 secs
    X86 Function Callee Purge                  0.000 secs
    x86 Constant Reference Analyzer            0.003 secs
-----------------------------------------------------
     Total Time   1 secs
-----------------------------------------------------
 (AutoAnalysisManager)  
INFO  REPORT: Analysis succeeded for file: file:///home/ion/tools/karma-lab/allobj/MdtLinear1.o?MD5=83aba27a77a9a1d0f82bd5c7d5c766c7 (HeadlessAnalyzer)  
INFO  REPORT: Execute script: DumpDecomp.java  (HeadlessAnalyzer)  
INFO  SCRIPT: /home/ion/tools/karma-lab/gscripts/DumpDecomp.java (HeadlessAnalyzer)  
INFO  DumpDecomp.java> OVERRIDES applied: 0 (GhidraScript)  
INFO  DumpDecomp.java> VTABLE: MdtLinear1.o rows=0 applied=0 no-prototype=0 not-in-a-function=0 refused=0 (GhidraScript)  
INFO  DumpDecomp.java> KARMAHDR: calling conventions {__cdecl=5, unknown=12} (GhidraScript)  
INFO  DumpDecomp.java> KARMAHDR: __regparm -> __cdecl on 12 function(s), 0 refused (GhidraScript)  
INFO  DumpDecomp.java> DONE MdtLinear1.o (GhidraScript)  
INFO  ANALYZING changes made by post scripts: file:///home/ion/tools/karma-lab/allobj/MdtLinear1.o?MD5=83aba27a77a9a1d0f82bd5c7d5c766c7 (HeadlessAnalyzer)  
INFO  REPORT: Post-analysis succeeded for file: file:///home/ion/tools/karma-lab/allobj/MdtLinear1.o?MD5=83aba27a77a9a1d0f82bd5c7d5c766c7 (HeadlessAnalyzer)  
INFO  /allobj/MdtLinear1.o: file created (ion) (LocalFileSystem)  
INFO  REPORT: Save succeeded for: /allobj/MdtLinear1.o (Proj:/allobj/MdtLinear1.o) (HeadlessAnalyzer)  
INFO  REPORT: Import succeeded (HeadlessAnalyzer)  
INFO  IMPORTING: file:///home/ion/tools/karma-lab/allobj/IxSphereSphere.o?MD5=fc37c354da434252d8ee64c040811202 (HeadlessAnalyzer)  
INFO  Using Loader: Executable and Linking Format (ELF) (ProgramLoader)  
INFO  Using Language/Compiler: x86:LE:32:default:gcc (ProgramLoader)  
INFO  Using Library Search Path: [., /bin, /lib, /lib64, /lib/x86_64-linux-gnu, /lib/aarch64-linux-gnu, /usr/bin, /usr/lib, /usr/X11R6/bin, /usr/X11R6/lib, /usr/java/packages/lib, /usr/lib/x86_64-linux-gnu/jni, /usr/lib/x86_64-linux-gnu, /usr/lib/jni] (ProgramLoader)  
INFO  Additional info:
Loading file:///home/ion/tools/karma-lab/allobj/IxSphereSphere.o?MD5=fc37c354da434252d8ee64c040811202...
Skipping section [.data] with invalid size 0x0
Skipping section [.bss] with invalid size 0x0
------------------------------------------------

 (ProgramLoader)  
INFO  IMPORTING: Loaded 0 additional files (HeadlessAnalyzer)  
INFO  REPORT: Execute script: ParseKarmaHeaders.java  (HeadlessAnalyzer)  
INFO  SCRIPT: /home/ion/tools/karma-lab/gscripts/ParseKarmaHeaders.java (HeadlessAnalyzer)  
INFO  ParseKarmaHeaders.java> KARMAOPT: KD_GHIDRA_OPTS not set, analyzer options untouched (GhidraScript)  
INFO  parse /home/ion/tools/karma-lab/kd_protos10.h (CParserUtils)  
INFO  ParseKarmaHeaders.java> KARMAHDR: parsed FunctionDefinitions=2700 (GhidraScript)  
INFO  ParseKarmaHeaders.java> KARMAHDR: signatures applied -- defined=9 imported=6 failed=0 (GhidraScript)  
INFO  ANALYZING all memory and code: file:///home/ion/tools/karma-lab/allobj/IxSphereSphere.o?MD5=fc37c354da434252d8ee64c040811202 (HeadlessAnalyzer)  
WARN  Mismatched DWARF Attribute and Form: DW_AT_macro_info->DW_FORM_data4 (DWARFAbbreviation)  
INFO  Added 151 source map entries (DWARFImporter)  
INFO  DWARF ver[2], 1 compUnits, 1576 DIES, import - total elapsed: 18ms (DWARFImportSummary)  
INFO  DWARF data type import - elapsed: 10ms (DWARFImportSummary)  
INFO  DWARF func & symbol import - elapsed: 3ms (DWARFImportSummary)  
INFO  DWARF types imported: 170 (DWARFImportSummary)  
INFO  DWARF compile dirs: [/home/icculus/projects/UT2-Code/karma/Mcd/src/primitives] (DWARFImportSummary)  
INFO  DWARF producers: [GNU C++ 3.2.3 20030422 (Gentoo Linux 1.4 3.2.3-r4, propolice)] (DWARFImportSummary)  
INFO  DWARF source languages: [DW_LANG_C_plus_plus] (DWARFImportSummary)  
INFO  DWARF compUnit: IxSphereSphere.cpp (DWARFImportSummary)  
ERROR DWARF un-recoverable expressions: (DWARFImportSummary)  
ERROR   DW_OP_reg12 -> 1 (DWARFImportSummary)  
ERROR   DW_OP_reg11 -> 1 (DWARFImportSummary)  
ERROR   DW_OP_reg13 -> 2 (DWARFImportSummary)  
ERROR   DW_OP_reg3 -> 4 (DWARFImportSummary)  
ERROR   DW_OP_reg0 -> 1 (DWARFImportSummary)  
ERROR   DW_OP_reg7 -> 2 (DWARFImportSummary)  
ERROR   DW_OP_reg15 -> 1 (DWARFImportSummary)  
ERROR   DW_OP_reg16 -> 2 (DWARFImportSummary)  
ERROR   DW_OP_reg17 -> 1 (DWARFImportSummary)  
ERROR   DW_OP_reg6 -> 2 (DWARFImportSummary)  
INFO  Applied data type archive: generic_clib (ApplyDataArchiveAnalyzer)  
INFO  REPORT: Analysis succeeded for file: file:///home/ion/tools/karma-lab/allobj/IxSphereSphere.o?MD5=fc37c354da434252d8ee64c040811202 (HeadlessAnalyzer)  
INFO  REPORT: Execute script: DumpDecomp.java  (HeadlessAnalyzer)  
INFO  SCRIPT: /home/ion/tools/karma-lab/gscripts/DumpDecomp.java (HeadlessAnalyzer)  
INFO  DumpDecomp.java> OVERRIDES applied: 0 (GhidraScript)  
INFO  DumpDecomp.java> VTABLE: IxSphereSphere.o rows=0 applied=0 no-prototype=0 not-in-a-function=0 refused=0 (GhidraScript)  
INFO  DumpDecomp.java> KARMAHDR: calling conventions {__cdecl=1, unknown=8} (GhidraScript)  
INFO  DumpDecomp.java> KARMAHDR: __regparm -> __cdecl on 8 function(s), 0 refused (GhidraScript)  
INFO  DumpDecomp.java> DONE IxSphereSphere.o (GhidraScript)  
INFO  ANALYZING changes made by post scripts: file:///home/ion/tools/karma-lab/allobj/IxSphereSphere.o?MD5=fc37c354da434252d8ee64c040811202 (HeadlessAnalyzer)  
INFO  REPORT: Post-analysis succeeded for file: file:///home/ion/tools/karma-lab/allobj/IxSphereSphere.o?MD5=fc37c354da434252d8ee64c040811202 (HeadlessAnalyzer)  
INFO  /allobj/IxSphereSphere.o: file created (ion) (LocalFileSystem)  
INFO  REPORT: Save succeeded for: /allobj/IxSphereSphere.o (Proj:/allobj/IxSphereSphere.o) (HeadlessAnalyzer)  
INFO  REPORT: Import succeeded (HeadlessAnalyzer)  
INFO  IMPORTING: file:///home/ion/tools/karma-lab/allobj/MdtWorld.o?MD5=cbaf5e65aae2b632df6cb8104f6a3315 (HeadlessAnalyzer)  
INFO  Using Loader: Executable and Linking Format (ELF) (ProgramLoader)  
INFO  Using Language/Compiler: x86:LE:32:default:gcc (ProgramLoader)  
INFO  Using Library Search Path: [., /bin, /lib, /lib64, /lib/x86_64-linux-gnu, /lib/aarch64-linux-gnu, /usr/bin, /usr/lib, /usr/X11R6/bin, /usr/X11R6/lib, /usr/java/packages/lib, /usr/lib/x86_64-linux-gnu/jni, /usr/lib/x86_64-linux-gnu, /usr/lib/jni] (ProgramLoader)  
ERROR EXTERNAL Data ELF Relocation with offset: at 00010981 (External Location = MePoolAPI+0x4) (ElfRelocationHandler)  
ERROR EXTERNAL Data ELF Relocation with offset: at 0001099e (External Location = MePoolAPI+0x4) (ElfRelocationHandler)  
ERROR EXTERNAL Data ELF Relocation with offset: at 000109c3 (External Location = MeMemoryAPI+0xc) (ElfRelocationHandler)  
ERROR EXTERNAL Data ELF Relocation with offset: at 00010ae2 (External Location = MePoolAPI+0x14) (ElfRelocationHandler)  
INFO  Additional info:
Loading file:///home/ion/tools/karma-lab/allobj/MdtWorld.o?MD5=cbaf5e65aae2b632df6cb8104f6a3315...
Skipping section [.data] with invalid size 0x0
Skipping section [.bss] with invalid size 0x0
------------------------------------------------

 (ProgramLoader)  
INFO  IMPORTING: Loaded 0 additional files (HeadlessAnalyzer)  
INFO  REPORT: Execute script: ParseKarmaHeaders.java  (HeadlessAnalyzer)  
INFO  SCRIPT: /home/ion/tools/karma-lab/gscripts/ParseKarmaHeaders.java (HeadlessAnalyzer)  
INFO  ParseKarmaHeaders.java> KARMAOPT: KD_GHIDRA_OPTS not set, analyzer options untouched (GhidraScript)  
INFO  parse /home/ion/tools/karma-lab/kd_protos10.h (CParserUtils)  
INFO  ParseKarmaHeaders.java> KARMAHDR: parsed FunctionDefinitions=2700 (GhidraScript)  
INFO  ParseKarmaHeaders.java> KARMAHDR: signatures applied -- defined=87 imported=34 failed=0 (GhidraScript)  
INFO  ANALYZING all memory and code: file:///home/ion/tools/karma-lab/allobj/MdtWorld.o?MD5=cbaf5e65aae2b632df6cb8104f6a3315 (HeadlessAnalyzer)  
WARN  Mismatched DWARF Attribute and Form: DW_AT_macro_info->DW_FORM_data4 (DWARFAbbreviation)  
INFO  Added 533 source map entries (DWARFImporter)  
INFO  DWARF ver[2], 1 compUnits, 1050 DIES, import - total elapsed: 26ms (DWARFImportSummary)  
INFO  DWARF data type import - elapsed: 10ms (DWARFImportSummary)  
INFO  DWARF func & symbol import - elapsed: 10ms (DWARFImportSummary)  
INFO  DWARF types imported: 162 (DWARFImportSummary)  
INFO  DWARF compile dirs: [/home/icculus/projects/UT2-Code/karma/Mdt/src] (DWARFImportSummary)  
INFO  DWARF producers: [GNU C 3.2.3 20030422 (Gentoo Linux 1.4 3.2.3-r4, propolice)] (DWARFImportSummary)  
INFO  DWARF source languages: [DW_LANG_C89] (DWARFImportSummary)  
INFO  DWARF compUnit: MdtWorld.c (DWARFImportSummary)  
ERROR DWARF un-recoverable expressions: (DWARFImportSummary)  
ERROR   DW_OP_reg12 -> 1 (DWARFImportSummary)  
ERROR   DW_OP_reg11 -> 1 (DWARFImportSummary)  
ERROR   DW_OP_reg3 -> 13 (DWARFImportSummary)  
ERROR   DW_OP_reg1 -> 6 (DWARFImportSummary)  
ERROR   DW_OP_reg0 -> 44 (DWARFImportSummary)  
ERROR   DW_OP_reg2 -> 22 (DWARFImportSummary)  
ERROR   DW_OP_reg7 -> 2 (DWARFImportSummary)  
ERROR   DW_OP_reg6 -> 6 (DWARFImportSummary)  
INFO  Applied data type archive: generic_clib (ApplyDataArchiveAnalyzer)  
INFO  -----------------------------------------------------
    ASCII Strings                              0.000 secs
    Apply Data Archives                        0.042 secs
    Call Convention ID                         2.313 secs
    Call-Fixup Installer                       0.001 secs
    Create Address Tables                      0.000 secs
    Create Function                            0.000 secs
    DWARF                                      0.027 secs
    Data Reference                             0.001 secs
    Decompiler Switch Analysis                 0.000 secs
    Demangler GNU                              0.006 secs
    Disassemble Entry Points                   0.014 secs
    ELF Scalar Operand References              0.008 secs
    Embedded Media                             0.001 secs
    External Entry References                  0.001 secs
    Function ID                                0.008 secs
    Function Start Pre Search                  0.001 secs
    Function Start Search                      0.003 secs
    Function Start Search After Code           0.001 secs
    Function Start Search After Data           0.000 secs
    GCC Exception Handlers                     0.006 secs
    Non-Returning Functions - Discovered       0.000 secs
    Non-Returning Functions - Known            0.000 secs
    Reference                                  0.001 secs
    Shared Return Calls                        0.001 secs
    Stack                                      0.027 secs
    Subroutine References                      0.000 secs
    X86 Function Callee Purge                  0.000 secs
    x86 Constant Reference Analyzer            0.016 secs
-----------------------------------------------------
     Total Time   2 secs
-----------------------------------------------------
 (AutoAnalysisManager)  
INFO  REPORT: Analysis succeeded for file: file:///home/ion/tools/karma-lab/allobj/MdtWorld.o?MD5=cbaf5e65aae2b632df6cb8104f6a3315 (HeadlessAnalyzer)  
INFO  REPORT: Execute script: DumpDecomp.java  (HeadlessAnalyzer)  
INFO  SCRIPT: /home/ion/tools/karma-lab/gscripts/DumpDecomp.java (HeadlessAnalyzer)  
INFO  DumpDecomp.java> OVERRIDES applied: 0 (GhidraScript)  
INFO  DumpDecomp.java> VTABLE: MdtWorld.o rows=9 applied=9 no-prototype=0 not-in-a-function=0 refused=0 (GhidraScript)  
INFO  DumpDecomp.java> KARMAHDR: calling conventions {__cdecl=45, unknown=44} (GhidraScript)  
INFO  DumpDecomp.java> KARMAHDR: __regparm -> __cdecl on 44 function(s), 0 refused (GhidraScript)  
INFO  DumpDecomp.java> DONE MdtWorld.o (GhidraScript)  
INFO  ANALYZING changes made by post scripts: file:///home/ion/tools/karma-lab/allobj/MdtWorld.o?MD5=cbaf5e65aae2b632df6cb8104f6a3315 (HeadlessAnalyzer)  
INFO  REPORT: Post-analysis succeeded for file: file:///home/ion/tools/karma-lab/allobj/MdtWorld.o?MD5=cbaf5e65aae2b632df6cb8104f6a3315 (HeadlessAnalyzer)  
INFO  /allobj/MdtWorld.o: file created (ion) (LocalFileSystem)  
INFO  REPORT: Save succeeded for: /allobj/MdtWorld.o (Proj:/allobj/MdtWorld.o) (HeadlessAnalyzer)  
INFO  REPORT: Import succeeded (HeadlessAnalyzer)  
INFO  IMPORTING: file:///home/ion/tools/karma-lab/allobj/McdSphyl.o?MD5=559012818e4d3dfc064e1c3b4470e3fe (HeadlessAnalyzer)  
INFO  Using Loader: Executable and Linking Format (ELF) (ProgramLoader)  
INFO  Using Language/Compiler: x86:LE:32:default:gcc (ProgramLoader)  
INFO  Using Library Search Path: [., /bin, /lib, /lib64, /lib/x86_64-linux-gnu, /lib/aarch64-linux-gnu, /usr/bin, /usr/lib, /usr/X11R6/bin, /usr/X11R6/lib, /usr/java/packages/lib, /usr/lib/x86_64-linux-gnu/jni, /usr/lib/x86_64-linux-gnu, /usr/lib/jni] (ProgramLoader)  
ERROR EXTERNAL Data ELF Relocation with offset: at 0001005d (External Location = MeMemoryAPI+0x8) (ElfRelocationHandler)  
INFO  Additional info:
Loading file:///home/ion/tools/karma-lab/allobj/McdSphyl.o?MD5=559012818e4d3dfc064e1c3b4470e3fe...
Skipping section [.data] with invalid size 0x0
Skipping section [.bss] with invalid size 0x0
------------------------------------------------

 (ProgramLoader)  
INFO  IMPORTING: Loaded 0 additional files (HeadlessAnalyzer)  
INFO  REPORT: Execute script: ParseKarmaHeaders.java  (HeadlessAnalyzer)  
INFO  SCRIPT: /home/ion/tools/karma-lab/gscripts/ParseKarmaHeaders.java (HeadlessAnalyzer)  
INFO  ParseKarmaHeaders.java> KARMAOPT: KD_GHIDRA_OPTS not set, analyzer options untouched (GhidraScript)  
INFO  parse /home/ion/tools/karma-lab/kd_protos10.h (CParserUtils)  
INFO  ParseKarmaHeaders.java> KARMAHDR: parsed FunctionDefinitions=2700 (GhidraScript)  
INFO  ParseKarmaHeaders.java> KARMAHDR: signatures applied -- defined=18 imported=5 failed=0 (GhidraScript)  
INFO  ANALYZING all memory and code: file:///home/ion/tools/karma-lab/allobj/McdSphyl.o?MD5=559012818e4d3dfc064e1c3b4470e3fe (HeadlessAnalyzer)  
WARN  Mismatched DWARF Attribute and Form: DW_AT_macro_info->DW_FORM_data4 (DWARFAbbreviation)  
INFO  Added 163 source map entries (DWARFImporter)  
INFO  DWARF ver[2], 1 compUnits, 886 DIES, import - total elapsed: 26ms (DWARFImportSummary)  
INFO  DWARF data type import - elapsed: 15ms (DWARFImportSummary)  
INFO  DWARF func & symbol import - elapsed: 5ms (DWARFImportSummary)  
INFO  DWARF types imported: 175 (DWARFImportSummary)  
INFO  DWARF compile dirs: [/home/icculus/projects/UT2-Code/karma/Mcd/src/primitives] (DWARFImportSummary)  
INFO  DWARF producers: [GNU C++ 3.2.3 20030422 (Gentoo Linux 1.4 3.2.3-r4, propolice)] (DWARFImportSummary)  
INFO  DWARF source languages: [DW_LANG_C_plus_plus] (DWARFImportSummary)  
INFO  DWARF compUnit: McdSphyl.cpp (DWARFImportSummary)  
ERROR DWARF un-recoverable expressions: (DWARFImportSummary)  
ERROR   DW_OP_reg12 -> 1 (DWARFImportSummary)  
ERROR   DW_OP_reg11 -> 2 (DWARFImportSummary)  
ERROR   DW_OP_reg3 -> 3 (DWARFImportSummary)  
ERROR   DW_OP_reg1 -> 2 (DWARFImportSummary)  
ERROR   DW_OP_reg0 -> 8 (DWARFImportSummary)  
ERROR   DW_OP_reg2 -> 3 (DWARFImportSummary)  
ERROR   DW_OP_reg14 -> 1 (DWARFImportSummary)  
ERROR   DW_OP_reg7 -> 2 (DWARFImportSummary)  
ERROR   DW_OP_reg15 -> 1 (DWARFImportSummary)  
ERROR   DW_OP_reg6 -> 2 (DWARFImportSummary)  
INFO  Applied data type archive: generic_clib (ApplyDataArchiveAnalyzer)  
INFO  -----------------------------------------------------
    ASCII Strings                              0.001 secs
    Apply Data Archives                        0.050 secs
    Call Convention ID                         1.822 secs
    Call-Fixup Installer                       0.000 secs
    Create Address Tables                      0.000 secs
    Create Function                            0.000 secs
    DWARF                                      0.027 secs
    Data Reference                             0.001 secs
    Decompiler Switch Analysis                 0.000 secs
    Demangler GNU                              0.002 secs
    Disassemble Entry Points                   0.005 secs
    ELF Scalar Operand References              0.002 secs
    Embedded Media                             0.001 secs
    External Entry References                  0.000 secs
    Function ID                                0.003 secs
    Function Start Pre Search                  0.001 secs
    Function Start Search                      0.002 secs
    Function Start Search After Code           0.000 secs
    Function Start Search After Data           0.001 secs
    GCC Exception Handlers                     0.003 secs
    Non-Returning Functions - Discovered       0.000 secs
    Non-Returning Functions - Known            0.000 secs
    Reference                                  0.000 secs
    Shared Return Calls                        0.001 secs
    Stack                                      0.008 secs
    Subroutine References                      0.000 secs
    X86 Function Callee Purge                  0.000 secs
    x86 Constant Reference Analyzer            0.005 secs
-----------------------------------------------------
     Total Time   1 secs
-----------------------------------------------------
 (AutoAnalysisManager)  
INFO  REPORT: Analysis succeeded for file: file:///home/ion/tools/karma-lab/allobj/McdSphyl.o?MD5=559012818e4d3dfc064e1c3b4470e3fe (HeadlessAnalyzer)  
INFO  REPORT: Execute script: DumpDecomp.java  (HeadlessAnalyzer)  
INFO  SCRIPT: /home/ion/tools/karma-lab/gscripts/DumpDecomp.java (HeadlessAnalyzer)  
INFO  DumpDecomp.java> OVERRIDES applied: 0 (GhidraScript)  
INFO  DumpDecomp.java> VTABLE: McdSphyl.o rows=1 applied=1 no-prototype=0 not-in-a-function=0 refused=0 (GhidraScript)  
INFO  DumpDecomp.java> KARMAHDR: calling conventions {__cdecl=8, unknown=10} (GhidraScript)  
INFO  DumpDecomp.java> KARMAHDR: __regparm -> __cdecl on 10 function(s), 0 refused (GhidraScript)  
INFO  DumpDecomp.java> DONE McdSphyl.o (GhidraScript)  
INFO  ANALYZING changes made by post scripts: file:///home/ion/tools/karma-lab/allobj/McdSphyl.o?MD5=559012818e4d3dfc064e1c3b4470e3fe (HeadlessAnalyzer)  
INFO  REPORT: Post-analysis succeeded for file: file:///home/ion/tools/karma-lab/allobj/McdSphyl.o?MD5=559012818e4d3dfc064e1c3b4470e3fe (HeadlessAnalyzer)  
INFO  /allobj/McdSphyl.o: file created (ion) (LocalFileSystem)  
INFO  REPORT: Save succeeded for: /allobj/McdSphyl.o (Proj:/allobj/McdSphyl.o) (HeadlessAnalyzer)  
INFO  REPORT: Import succeeded (HeadlessAnalyzer)  
INFO  IMPORTING: file:///home/ion/tools/karma-lab/allobj/MeBounding.o?MD5=bf6f93784f308b22918b1401874e67e3 (HeadlessAnalyzer)  
INFO  Using Loader: Executable and Linking Format (ELF) (ProgramLoader)  
INFO  Using Language/Compiler: x86:LE:32:default:gcc (ProgramLoader)  
INFO  Using Library Search Path: [., /bin, /lib, /lib64, /lib/x86_64-linux-gnu, /lib/aarch64-linux-gnu, /usr/bin, /usr/lib, /usr/X11R6/bin, /usr/X11R6/lib, /usr/java/packages/lib, /usr/lib/x86_64-linux-gnu/jni, /usr/lib/x86_64-linux-gnu, /usr/lib/jni] (ProgramLoader)  
INFO  Additional info:
Loading file:///home/ion/tools/karma-lab/allobj/MeBounding.o?MD5=bf6f93784f308b22918b1401874e67e3...
Skipping section [.data] with invalid size 0x0
Skipping section [.bss] with invalid size 0x0
------------------------------------------------

 (ProgramLoader)  
INFO  IMPORTING: Loaded 0 additional files (HeadlessAnalyzer)  
INFO  REPORT: Execute script: ParseKarmaHeaders.java  (HeadlessAnalyzer)  
INFO  SCRIPT: /home/ion/tools/karma-lab/gscripts/ParseKarmaHeaders.java (HeadlessAnalyzer)  
INFO  ParseKarmaHeaders.java> KARMAOPT: KD_GHIDRA_OPTS not set, analyzer options untouched (GhidraScript)  
INFO  parse /home/ion/tools/karma-lab/kd_protos10.h (CParserUtils)  
INFO  ParseKarmaHeaders.java> KARMAHDR: parsed FunctionDefinitions=2700 (GhidraScript)  
INFO  ParseKarmaHeaders.java> KARMAHDR: signatures applied -- defined=1 imported=0 failed=0 (GhidraScript)  
INFO  ANALYZING all memory and code: file:///home/ion/tools/karma-lab/allobj/MeBounding.o?MD5=bf6f93784f308b22918b1401874e67e3 (HeadlessAnalyzer)  
WARN  Mismatched DWARF Attribute and Form: DW_AT_macro_info->DW_FORM_data4 (DWARFAbbreviation)  
INFO  Added 148 source map entries (DWARFImporter)  
INFO  DWARF ver[2], 1 compUnits, 189 DIES, import - total elapsed: 4ms (DWARFImportSummary)  
INFO  DWARF data type import - elapsed: 1ms (DWARFImportSummary)  
INFO  DWARF func & symbol import - elapsed: 2ms (DWARFImportSummary)  
INFO  DWARF types imported: 23 (DWARFImportSummary)  
INFO  DWARF compile dirs: [/home/icculus/projects/UT2-Code/karma/MeGlobals/src] (DWARFImportSummary)  
INFO  DWARF producers: [GNU C 3.2.3 20030422 (Gentoo Linux 1.4 3.2.3-r4, propolice)] (DWARFImportSummary)  
INFO  DWARF source languages: [DW_LANG_C89] (DWARFImportSummary)  
INFO  DWARF compUnit: MeBounding.c (DWARFImportSummary)  
ERROR DWARF un-recoverable expressions: (DWARFImportSummary)  
ERROR   DW_OP_reg12 -> 1 (DWARFImportSummary)  
ERROR   DW_OP_reg11 -> 1 (DWARFImportSummary)  
ERROR   DW_OP_reg3 -> 1 (DWARFImportSummary)  
ERROR   DW_OP_reg1 -> 1 (DWARFImportSummary)  
ERROR   DW_OP_reg0 -> 1 (DWARFImportSummary)  
ERROR   DW_OP_reg16 -> 1 (DWARFImportSummary)  
ERROR   DW_OP_reg17 -> 1 (DWARFImportSummary)  
ERROR   DW_OP_reg6 -> 1 (DWARFImportSummary)  
INFO  Applied data type archive: generic_clib (ApplyDataArchiveAnalyzer)  
INFO  REPORT: Analysis succeeded for file: file:///home/ion/tools/karma-lab/allobj/MeBounding.o?MD5=bf6f93784f308b22918b1401874e67e3 (HeadlessAnalyzer)  
INFO  REPORT: Execute script: DumpDecomp.java  (HeadlessAnalyzer)  
INFO  SCRIPT: /home/ion/tools/karma-lab/gscripts/DumpDecomp.java (HeadlessAnalyzer)  
INFO  DumpDecomp.java> OVERRIDES applied: 0 (GhidraScript)  
INFO  DumpDecomp.java> VTABLE: MeBounding.o rows=0 applied=0 no-prototype=0 not-in-a-function=0 refused=0 (GhidraScript)  
INFO  DumpDecomp.java> KARMAHDR: calling conventions {__cdecl=1} (GhidraScript)  
INFO  DumpDecomp.java> KARMAHDR: __regparm -> __cdecl on 0 function(s), 0 refused (GhidraScript)  
INFO  DumpDecomp.java> DONE MeBounding.o (GhidraScript)  
INFO  ANALYZING changes made by post scripts: file:///home/ion/tools/karma-lab/allobj/MeBounding.o?MD5=bf6f93784f308b22918b1401874e67e3 (HeadlessAnalyzer)  
INFO  REPORT: Post-analysis succeeded for file: file:///home/ion/tools/karma-lab/allobj/MeBounding.o?MD5=bf6f93784f308b22918b1401874e67e3 (HeadlessAnalyzer)  
INFO  /allobj/MeBounding.o: file created (ion) (LocalFileSystem)  
INFO  REPORT: Save succeeded for: /allobj/MeBounding.o (Proj:/allobj/MeBounding.o) (HeadlessAnalyzer)  
INFO  REPORT: Import succeeded (HeadlessAnalyzer)  
INFO  IMPORTING: file:///home/ion/tools/karma-lab/allobj/MdtAngular3.o?MD5=5967de942e4606a3a7a2297c130fc4d4 (HeadlessAnalyzer)  
INFO  Using Loader: Executable and Linking Format (ELF) (ProgramLoader)  
INFO  Using Language/Compiler: x86:LE:32:default:gcc (ProgramLoader)  
INFO  Using Library Search Path: [., /bin, /lib, /lib64, /lib/x86_64-linux-gnu, /lib/aarch64-linux-gnu, /usr/bin, /usr/lib, /usr/X11R6/bin, /usr/X11R6/lib, /usr/java/packages/lib, /usr/lib/x86_64-linux-gnu/jni, /usr/lib/x86_64-linux-gnu, /usr/lib/jni] (ProgramLoader)  
INFO  Additional info:
Loading file:///home/ion/tools/karma-lab/allobj/MdtAngular3.o?MD5=5967de942e4606a3a7a2297c130fc4d4...
Skipping section [.data] with invalid size 0x0
Skipping section [.bss] with invalid size 0x0
------------------------------------------------

 (ProgramLoader)  
INFO  IMPORTING: Loaded 0 additional files (HeadlessAnalyzer)  
INFO  REPORT: Execute script: ParseKarmaHeaders.java  (HeadlessAnalyzer)  
INFO  SCRIPT: /home/ion/tools/karma-lab/gscripts/ParseKarmaHeaders.java (HeadlessAnalyzer)  
INFO  ParseKarmaHeaders.java> KARMAOPT: KD_GHIDRA_OPTS not set, analyzer options untouched (GhidraScript)  
INFO  parse /home/ion/tools/karma-lab/kd_protos10.h (CParserUtils)  
INFO  ParseKarmaHeaders.java> KARMAHDR: parsed FunctionDefinitions=2700 (GhidraScript)  
INFO  ParseKarmaHeaders.java> KARMAHDR: signatures applied -- defined=20 imported=9 failed=0 (GhidraScript)  
INFO  ANALYZING all memory and code: file:///home/ion/tools/karma-lab/allobj/MdtAngular3.o?MD5=5967de942e4606a3a7a2297c130fc4d4 (HeadlessAnalyzer)  
WARN  Mismatched DWARF Attribute and Form: DW_AT_macro_info->DW_FORM_data4 (DWARFAbbreviation)  
INFO  Added 81 source map entries (DWARFImporter)  
INFO  DWARF ver[2], 1 compUnits, 576 DIES, import - total elapsed: 14ms (DWARFImportSummary)  
INFO  DWARF data type import - elapsed: 8ms (DWARFImportSummary)  
INFO  DWARF func & symbol import - elapsed: 3ms (DWARFImportSummary)  
INFO  DWARF types imported: 123 (DWARFImportSummary)  
INFO  DWARF compile dirs: [/home/icculus/projects/UT2-Code/karma/Mdt/src] (DWARFImportSummary)  
INFO  DWARF producers: [GNU C 3.2.3 20030422 (Gentoo Linux 1.4 3.2.3-r4, propolice)] (DWARFImportSummary)  
INFO  DWARF source languages: [DW_LANG_C89] (DWARFImportSummary)  
INFO  DWARF compUnit: MdtAngular3.c (DWARFImportSummary)  
ERROR DWARF un-recoverable expressions: (DWARFImportSummary)  
ERROR   DW_OP_reg3 -> 2 (DWARFImportSummary)  
ERROR   DW_OP_reg0 -> 8 (DWARFImportSummary)  
ERROR   DW_OP_reg2 -> 4 (DWARFImportSummary)  
ERROR   DW_OP_reg6 -> 1 (DWARFImportSummary)  
INFO  Applied data type archive: generic_clib (ApplyDataArchiveAnalyzer)  
INFO  -----------------------------------------------------
    ASCII Strings                              0.000 secs
    Apply Data Archives                        0.043 secs
    Call Convention ID                         2.262 secs
    Call-Fixup Installer                       0.000 secs
    Create Address Tables                      0.000 secs
    Create Function                            0.000 secs
    DWARF                                      0.015 secs
    Data Reference                             0.000 secs
    Decompiler Switch Analysis                 0.001 secs
    Demangler GNU                              0.002 secs
    Disassemble Entry Points                   0.002 secs
    ELF Scalar Operand References              0.001 secs
    Embedded Media                             0.001 secs
    External Entry References                  0.000 secs
    Function ID                                0.002 secs
    Function Start Pre Search                  0.001 secs
    Function Start Search                      0.002 secs
    Function Start Search After Code           0.001 secs
    Function Start Search After Data           0.000 secs
    GCC Exception Handlers                     0.001 secs
    Non-Returning Functions - Discovered       0.000 secs
    Non-Returning Functions - Known            0.000 secs
    Reference                                  0.000 secs
    Shared Return Calls                        0.000 secs
    Stack                                      0.003 secs
    Subroutine References                      0.000 secs
    X86 Function Callee Purge                  0.000 secs
    x86 Constant Reference Analyzer            0.002 secs
-----------------------------------------------------
     Total Time   2 secs
-----------------------------------------------------
 (AutoAnalysisManager)  
INFO  REPORT: Analysis succeeded for file: file:///home/ion/tools/karma-lab/allobj/MdtAngular3.o?MD5=5967de942e4606a3a7a2297c130fc4d4 (HeadlessAnalyzer)  
INFO  REPORT: Execute script: DumpDecomp.java  (HeadlessAnalyzer)  
INFO  SCRIPT: /home/ion/tools/karma-lab/gscripts/DumpDecomp.java (HeadlessAnalyzer)  
INFO  DumpDecomp.java> OVERRIDES applied: 0 (GhidraScript)  
INFO  DumpDecomp.java> VTABLE: MdtAngular3.o rows=0 applied=0 no-prototype=0 not-in-a-function=0 refused=0 (GhidraScript)  
INFO  DumpDecomp.java> KARMAHDR: calling conventions {__cdecl=10, unknown=10} (GhidraScript)  
INFO  DumpDecomp.java> KARMAHDR: __regparm -> __cdecl on 10 function(s), 0 refused (GhidraScript)  
INFO  DumpDecomp.java> DONE MdtAngular3.o (GhidraScript)  
INFO  ANALYZING changes made by post scripts: file:///home/ion/tools/karma-lab/allobj/MdtAngular3.o?MD5=5967de942e4606a3a7a2297c130fc4d4 (HeadlessAnalyzer)  
INFO  REPORT: Post-analysis succeeded for file: file:///home/ion/tools/karma-lab/allobj/MdtAngular3.o?MD5=5967de942e4606a3a7a2297c130fc4d4 (HeadlessAnalyzer)  
INFO  /allobj/MdtAngular3.o: file created (ion) (LocalFileSystem)  
INFO  REPORT: Save succeeded for: /allobj/MdtAngular3.o (Proj:/allobj/MdtAngular3.o) (HeadlessAnalyzer)  
INFO  REPORT: Import succeeded (HeadlessAnalyzer)  
INFO  IMPORTING: file:///home/ion/tools/karma-lab/allobj/McdInteractions.o?MD5=0dfeb3b4b91b9d87b0a4ceb816e6464a (HeadlessAnalyzer)  
INFO  Using Loader: Executable and Linking Format (ELF) (ProgramLoader)  
INFO  Using Language/Compiler: x86:LE:32:default:gcc (ProgramLoader)  
INFO  Using Library Search Path: [., /bin, /lib, /lib64, /lib/x86_64-linux-gnu, /lib/aarch64-linux-gnu, /usr/bin, /usr/lib, /usr/X11R6/bin, /usr/X11R6/lib, /usr/java/packages/lib, /usr/lib/x86_64-linux-gnu/jni, /usr/lib/x86_64-linux-gnu, /usr/lib/jni] (ProgramLoader)  
INFO  Additional info:
Loading file:///home/ion/tools/karma-lab/allobj/McdInteractions.o?MD5=0dfeb3b4b91b9d87b0a4ceb816e6464a...
Skipping section [.data] with invalid size 0x0
Skipping section [.bss] with invalid size 0x0
------------------------------------------------

 (ProgramLoader)  
INFO  IMPORTING: Loaded 0 additional files (HeadlessAnalyzer)  
INFO  REPORT: Execute script: ParseKarmaHeaders.java  (HeadlessAnalyzer)  
INFO  SCRIPT: /home/ion/tools/karma-lab/gscripts/ParseKarmaHeaders.java (HeadlessAnalyzer)  
INFO  ParseKarmaHeaders.java> KARMAOPT: KD_GHIDRA_OPTS not set, analyzer options untouched (GhidraScript)  
INFO  parse /home/ion/tools/karma-lab/kd_protos10.h (CParserUtils)  
INFO  ParseKarmaHeaders.java> KARMAHDR: parsed FunctionDefinitions=2700 (GhidraScript)  
INFO  ParseKarmaHeaders.java> KARMAHDR: signatures applied -- defined=24 imported=14 failed=0 (GhidraScript)  
INFO  ANALYZING all memory and code: file:///home/ion/tools/karma-lab/allobj/McdInteractions.o?MD5=0dfeb3b4b91b9d87b0a4ceb816e6464a (HeadlessAnalyzer)  
WARN  Mismatched DWARF Attribute and Form: DW_AT_macro_info->DW_FORM_data4 (DWARFAbbreviation)  
INFO  Added 176 source map entries (DWARFImporter)  
INFO  DWARF ver[2], 1 compUnits, 788 DIES, import - total elapsed: 49ms (DWARFImportSummary)  
INFO  DWARF data type import - elapsed: 37ms (DWARFImportSummary)  
INFO  DWARF func & symbol import - elapsed: 7ms (DWARFImportSummary)  
INFO  DWARF types imported: 168 (DWARFImportSummary)  
INFO  DWARF compile dirs: [/home/icculus/projects/UT2-Code/karma/Mcd/src/frame] (DWARFImportSummary)  
INFO  DWARF producers: [GNU C++ 3.2.3 20030422 (Gentoo Linux 1.4 3.2.3-r4, propolice)] (DWARFImportSummary)  
INFO  DWARF source languages: [DW_LANG_C_plus_plus] (DWARFImportSummary)  
INFO  DWARF compUnit: McdInteractions.cpp (DWARFImportSummary)  
ERROR DWARF un-recoverable expressions: (DWARFImportSummary)  
ERROR   DW_OP_reg3 -> 9 (DWARFImportSummary)  
ERROR   DW_OP_reg1 -> 1 (DWARFImportSummary)  
ERROR   DW_OP_reg0 -> 7 (DWARFImportSummary)  
ERROR   DW_OP_reg2 -> 3 (DWARFImportSummary)  
ERROR   DW_OP_reg7 -> 6 (DWARFImportSummary)  
ERROR   DW_OP_reg6 -> 9 (DWARFImportSummary)  
INFO  Applied data type archive: generic_clib (ApplyDataArchiveAnalyzer)  
INFO  -----------------------------------------------------
    ASCII Strings                              0.000 secs
    Apply Data Archives                        0.054 secs
    Call Convention ID                         2.046 secs
    Call-Fixup Installer                       0.000 secs
    Create Address Tables                      0.001 secs
    Create Function                            0.000 secs
    DWARF                                      0.051 secs
    Data Reference                             0.001 secs
    Decompiler Switch Analysis                 0.001 secs
    Demangler GNU                              0.004 secs
    Disassemble Entry Points                   0.007 secs
    ELF Scalar Operand References              0.003 secs
    Embedded Media                             0.001 secs
    External Entry References                  0.000 secs
    Function ID                                0.003 secs
    Function Start Pre Search                  0.001 secs
    Function Start Search                      0.003 secs
    Function Start Search After Code           0.000 secs
    Function Start Search After Data           0.000 secs
    GCC Exception Handlers                     0.005 secs
    Non-Returning Functions - Discovered       0.001 secs
    Non-Returning Functions - Known            0.000 secs
    Reference                                  0.000 secs
    Shared Return Calls                        0.000 secs
    Stack                                      0.010 secs
    Subroutine References                      0.000 secs
    X86 Function Callee Purge                  0.000 secs
    x86 Constant Reference Analyzer            0.008 secs
-----------------------------------------------------
     Total Time   2 secs
-----------------------------------------------------
 (AutoAnalysisManager)  
INFO  REPORT: Analysis succeeded for file: file:///home/ion/tools/karma-lab/allobj/McdInteractions.o?MD5=0dfeb3b4b91b9d87b0a4ceb816e6464a (HeadlessAnalyzer)  
INFO  REPORT: Execute script: DumpDecomp.java  (HeadlessAnalyzer)  
INFO  SCRIPT: /home/ion/tools/karma-lab/gscripts/DumpDecomp.java (HeadlessAnalyzer)  
INFO  DumpDecomp.java> OVERRIDES applied: 0 (GhidraScript)  
INFO  DumpDecomp.java> VTABLE: McdInteractions.o rows=0 applied=0 no-prototype=0 not-in-a-function=0 refused=0 (GhidraScript)  
INFO  DumpDecomp.java> KARMAHDR: calling conventions {__cdecl=12, unknown=14} (GhidraScript)  
INFO  DumpDecomp.java> KARMAHDR: __regparm -> __cdecl on 14 function(s), 0 refused (GhidraScript)  
INFO  DumpDecomp.java> DONE McdInteractions.o (GhidraScript)  
INFO  ANALYZING changes made by post scripts: file:///home/ion/tools/karma-lab/allobj/McdInteractions.o?MD5=0dfeb3b4b91b9d87b0a4ceb816e6464a (HeadlessAnalyzer)  
INFO  REPORT: Post-analysis succeeded for file: file:///home/ion/tools/karma-lab/allobj/McdInteractions.o?MD5=0dfeb3b4b91b9d87b0a4ceb816e6464a (HeadlessAnalyzer)  
INFO  /allobj/McdInteractions.o: file created (ion) (LocalFileSystem)  
INFO  REPORT: Save succeeded for: /allobj/McdInteractions.o (Proj:/allobj/McdInteractions.o) (HeadlessAnalyzer)  
INFO  REPORT: Import succeeded (HeadlessAnalyzer)  
INFO  IMPORTING: file:///home/ion/tools/karma-lab/allobj/MstBridge.o?MD5=414eb66ee760f2c4bbd882bef319726c (HeadlessAnalyzer)  
INFO  Using Loader: Executable and Linking Format (ELF) (ProgramLoader)  
INFO  Using Language/Compiler: x86:LE:32:default:gcc (ProgramLoader)  
INFO  Using Library Search Path: [., /bin, /lib, /lib64, /lib/x86_64-linux-gnu, /lib/aarch64-linux-gnu, /usr/bin, /usr/lib, /usr/X11R6/bin, /usr/X11R6/lib, /usr/java/packages/lib, /usr/lib/x86_64-linux-gnu/jni, /usr/lib/x86_64-linux-gnu, /usr/lib/jni] (ProgramLoader)  
ERROR EXTERNAL Data ELF Relocation with offset: at 00010234 (External Location = MeMemoryAPI+0xc) (ElfRelocationHandler)  
ERROR EXTERNAL Data ELF Relocation with offset: at 0001023f (External Location = MeMemoryAPI+0xc) (ElfRelocationHandler)  
ERROR EXTERNAL Data ELF Relocation with offset: at 00010248 (External Location = MeMemoryAPI+0xc) (ElfRelocationHandler)  
ERROR EXTERNAL Data ELF Relocation with offset: at 00010694 (External Location = MeMemoryAPI+0xc) (ElfRelocationHandler)  
INFO  Additional info:
Loading file:///home/ion/tools/karma-lab/allobj/MstBridge.o?MD5=414eb66ee760f2c4bbd882bef319726c...
Skipping section [.data] with invalid size 0x0
Skipping section [.bss] with invalid size 0x0
------------------------------------------------

 (ProgramLoader)  
INFO  IMPORTING: Loaded 0 additional files (HeadlessAnalyzer)  
INFO  REPORT: Execute script: ParseKarmaHeaders.java  (HeadlessAnalyzer)  
INFO  SCRIPT: /home/ion/tools/karma-lab/gscripts/ParseKarmaHeaders.java (HeadlessAnalyzer)  
INFO  ParseKarmaHeaders.java> KARMAOPT: KD_GHIDRA_OPTS not set, analyzer options untouched (GhidraScript)  
INFO  parse /home/ion/tools/karma-lab/kd_protos10.h (CParserUtils)  
INFO  ParseKarmaHeaders.java> KARMAHDR: parsed FunctionDefinitions=2700 (GhidraScript)  
INFO  ParseKarmaHeaders.java> KARMAHDR: signatures applied -- defined=26 imported=12 failed=0 (GhidraScript)  
INFO  ANALYZING all memory and code: file:///home/ion/tools/karma-lab/allobj/MstBridge.o?MD5=414eb66ee760f2c4bbd882bef319726c (HeadlessAnalyzer)  
WARN  Mismatched DWARF Attribute and Form: DW_AT_macro_info->DW_FORM_data4 (DWARFAbbreviation)  
INFO  Added 268 source map entries (DWARFImporter)  
INFO  DWARF ver[2], 1 compUnits, 1209 DIES, import - total elapsed: 61ms (DWARFImportSummary)  
INFO  DWARF data type import - elapsed: 47ms (DWARFImportSummary)  
INFO  DWARF func & symbol import - elapsed: 5ms (DWARFImportSummary)  
INFO  DWARF types imported: 281 (DWARFImportSummary)  
INFO  DWARF compile dirs: [/home/icculus/projects/UT2-Code/karma/Mst/src] (DWARFImportSummary)  
INFO  DWARF producers: [GNU C 3.2.3 20030422 (Gentoo Linux 1.4 3.2.3-r4, propolice)] (DWARFImportSummary)  
INFO  DWARF source languages: [DW_LANG_C89] (DWARFImportSummary)  
INFO  DWARF compUnit: MstBridge.c (DWARFImportSummary)  
ERROR DWARF un-recoverable expressions: (DWARFImportSummary)  
ERROR   DW_OP_reg3 -> 13 (DWARFImportSummary)  
ERROR   DW_OP_reg1 -> 7 (DWARFImportSummary)  
ERROR   DW_OP_reg0 -> 8 (DWARFImportSummary)  
ERROR   DW_OP_reg2 -> 4 (DWARFImportSummary)  
ERROR   DW_OP_reg7 -> 9 (DWARFImportSummary)  
ERROR   DW_OP_reg6 -> 4 (DWARFImportSummary)  
INFO  Applied data type archive: generic_clib (ApplyDataArchiveAnalyzer)  
INFO  -----------------------------------------------------
    ASCII Strings                              0.001 secs
    Apply Data Archives                        0.043 secs
    Call Convention ID                         2.278 secs
    Call-Fixup Installer                       0.000 secs
    Create Address Tables                      0.000 secs
    Create Function                            0.000 secs
    DWARF                                      0.063 secs
    Data Reference                             0.001 secs
    Decompiler Switch Analysis                 0.000 secs
    Demangler GNU                              0.002 secs
    Disassemble Entry Points                   0.006 secs
    ELF Scalar Operand References              0.002 secs
    Embedded Media                             0.000 secs
    External Entry References                  0.000 secs
    Function ID                                0.003 secs
    Function Start Pre Search                  0.001 secs
    Function Start Search                      0.003 secs
    Function Start Search After Code           0.000 secs
    Function Start Search After Data           0.000 secs
    GCC Exception Handlers                     0.001 secs
    Non-Returning Functions - Discovered       0.000 secs
    Non-Returning Functions - Known            0.000 secs
    Reference                                  0.000 secs
    Shared Return Calls                        0.001 secs
    Stack                                      0.009 secs
    Subroutine References                      0.001 secs
    X86 Function Callee Purge                  0.000 secs
    x86 Constant Reference Analyzer            0.006 secs
-----------------------------------------------------
     Total Time   2 secs
-----------------------------------------------------
 (AutoAnalysisManager)  
INFO  REPORT: Analysis succeeded for file: file:///home/ion/tools/karma-lab/allobj/MstBridge.o?MD5=414eb66ee760f2c4bbd882bef319726c (HeadlessAnalyzer)  
INFO  REPORT: Execute script: DumpDecomp.java  (HeadlessAnalyzer)  
INFO  SCRIPT: /home/ion/tools/karma-lab/gscripts/DumpDecomp.java (HeadlessAnalyzer)  
INFO  DumpDecomp.java> OVERRIDES applied: 0 (GhidraScript)  
INFO  DumpDecomp.java> VTABLE: MstBridge.o rows=8 applied=8 no-prototype=0 not-in-a-function=0 refused=0 (GhidraScript)  
INFO  DumpDecomp.java> KARMAHDR: calling conventions {__cdecl=14, unknown=12} (GhidraScript)  
INFO  DumpDecomp.java> KARMAHDR: __regparm -> __cdecl on 12 function(s), 0 refused (GhidraScript)  
INFO  DumpDecomp.java> DONE MstBridge.o (GhidraScript)  
INFO  ANALYZING changes made by post scripts: file:///home/ion/tools/karma-lab/allobj/MstBridge.o?MD5=414eb66ee760f2c4bbd882bef319726c (HeadlessAnalyzer)  
INFO  REPORT: Post-analysis succeeded for file: file:///home/ion/tools/karma-lab/allobj/MstBridge.o?MD5=414eb66ee760f2c4bbd882bef319726c (HeadlessAnalyzer)  
INFO  /allobj/MstBridge.o: file created (ion) (LocalFileSystem)  
INFO  REPORT: Save succeeded for: /allobj/MstBridge.o (Proj:/allobj/MstBridge.o) (HeadlessAnalyzer)  
INFO  REPORT: Import succeeded (HeadlessAnalyzer)  
INFO  IMPORTING: file:///home/ion/tools/karma-lab/allobj/version.o?MD5=d133ba219c3ccc9e8fb94a59aabf8557 (HeadlessAnalyzer)  
INFO  Using Loader: Executable and Linking Format (ELF) (ProgramLoader)  
INFO  Using Language/Compiler: x86:LE:32:default:gcc (ProgramLoader)  
INFO  Using Library Search Path: [., /bin, /lib, /lib64, /lib/x86_64-linux-gnu, /lib/aarch64-linux-gnu, /usr/bin, /usr/lib, /usr/X11R6/bin, /usr/X11R6/lib, /usr/java/packages/lib, /usr/lib/x86_64-linux-gnu/jni, /usr/lib/x86_64-linux-gnu, /usr/lib/jni] (ProgramLoader)  
INFO  Additional info:
Loading file:///home/ion/tools/karma-lab/allobj/version.o?MD5=d133ba219c3ccc9e8fb94a59aabf8557...
Skipping section [.text] with invalid size 0x0
Skipping section [.bss] with invalid size 0x0
------------------------------------------------

 (ProgramLoader)  
INFO  IMPORTING: Loaded 0 additional files (HeadlessAnalyzer)  
INFO  REPORT: Execute script: ParseKarmaHeaders.java  (HeadlessAnalyzer)  
INFO  SCRIPT: /home/ion/tools/karma-lab/gscripts/ParseKarmaHeaders.java (HeadlessAnalyzer)  
INFO  ParseKarmaHeaders.java> KARMAOPT: KD_GHIDRA_OPTS not set, analyzer options untouched (GhidraScript)  
INFO  parse /home/ion/tools/karma-lab/kd_protos10.h (CParserUtils)  
INFO  ParseKarmaHeaders.java> KARMAHDR: parsed FunctionDefinitions=2700 (GhidraScript)  
INFO  ParseKarmaHeaders.java> KARMAHDR: signatures applied -- defined=0 imported=0 failed=0 (GhidraScript)  
INFO  ANALYZING all memory and code: file:///home/ion/tools/karma-lab/allobj/version.o?MD5=d133ba219c3ccc9e8fb94a59aabf8557 (HeadlessAnalyzer)  
WARN  Mismatched DWARF Attribute and Form: DW_AT_macro_info->DW_FORM_data4 (DWARFAbbreviation)  
INFO  Added 0 source map entries (DWARFImporter)  
INFO  DWARF ver[2], 1 compUnits, 8 DIES, import - total elapsed: 1ms (DWARFImportSummary)  
INFO  DWARF data type import - elapsed: 1ms (DWARFImportSummary)  
INFO  DWARF types imported: 2 (DWARFImportSummary)  
INFO  DWARF compile dirs: [/home/icculus/projects/UT2-Code/karma/Mst/src] (DWARFImportSummary)  
INFO  DWARF producers: [GNU C 3.2.3 20030422 (Gentoo Linux 1.4 3.2.3-r4, propolice)] (DWARFImportSummary)  
INFO  DWARF source languages: [DW_LANG_C89] (DWARFImportSummary)  
INFO  DWARF compUnit: version.c (DWARFImportSummary)  
INFO  Applied data type archive: generic_clib (ApplyDataArchiveAnalyzer)  
INFO  REPORT: Analysis succeeded for file: file:///home/ion/tools/karma-lab/allobj/version.o?MD5=d133ba219c3ccc9e8fb94a59aabf8557 (HeadlessAnalyzer)  
INFO  REPORT: Execute script: DumpDecomp.java  (HeadlessAnalyzer)  
INFO  SCRIPT: /home/ion/tools/karma-lab/gscripts/DumpDecomp.java (HeadlessAnalyzer)  
INFO  DumpDecomp.java> OVERRIDES applied: 0 (GhidraScript)  
INFO  DumpDecomp.java> VTABLE: version.o rows=0 applied=0 no-prototype=0 not-in-a-function=0 refused=0 (GhidraScript)  
INFO  DumpDecomp.java> KARMAHDR: calling conventions {} (GhidraScript)  
INFO  DumpDecomp.java> KARMAHDR: __regparm -> __cdecl on 0 function(s), 0 refused (GhidraScript)  
INFO  DumpDecomp.java> DONE version.o (GhidraScript)  
INFO  ANALYZING changes made by post scripts: file:///home/ion/tools/karma-lab/allobj/version.o?MD5=d133ba219c3ccc9e8fb94a59aabf8557 (HeadlessAnalyzer)  
INFO  REPORT: Post-analysis succeeded for file: file:///home/ion/tools/karma-lab/allobj/version.o?MD5=d133ba219c3ccc9e8fb94a59aabf8557 (HeadlessAnalyzer)  
INFO  /allobj/version.o: file created (ion) (LocalFileSystem)  
INFO  REPORT: Save succeeded for: /allobj/version.o (Proj:/allobj/version.o) (HeadlessAnalyzer)  
INFO  REPORT: Import succeeded (HeadlessAnalyzer)  
INFO  IMPORTING: file:///home/ion/tools/karma-lab/allobj/IxConvexLineSegment.o?MD5=4e2791f062b85c71b3d3d1447184daf1 (HeadlessAnalyzer)  
INFO  Using Loader: Executable and Linking Format (ELF) (ProgramLoader)  
INFO  Using Language/Compiler: x86:LE:32:default:gcc (ProgramLoader)  
INFO  Using Library Search Path: [., /bin, /lib, /lib64, /lib/x86_64-linux-gnu, /lib/aarch64-linux-gnu, /usr/bin, /usr/lib, /usr/X11R6/bin, /usr/X11R6/lib, /usr/java/packages/lib, /usr/lib/x86_64-linux-gnu/jni, /usr/lib/x86_64-linux-gnu, /usr/lib/jni] (ProgramLoader)  
INFO  Additional info:
Loading file:///home/ion/tools/karma-lab/allobj/IxConvexLineSegment.o?MD5=4e2791f062b85c71b3d3d1447184daf1...
Skipping section [.data] with invalid size 0x0
Skipping section [.bss] with invalid size 0x0
------------------------------------------------

 (ProgramLoader)  
INFO  IMPORTING: Loaded 0 additional files (HeadlessAnalyzer)  
INFO  REPORT: Execute script: ParseKarmaHeaders.java  (HeadlessAnalyzer)  
INFO  SCRIPT: /home/ion/tools/karma-lab/gscripts/ParseKarmaHeaders.java (HeadlessAnalyzer)  
INFO  ParseKarmaHeaders.java> KARMAOPT: KD_GHIDRA_OPTS not set, analyzer options untouched (GhidraScript)  
INFO  parse /home/ion/tools/karma-lab/kd_protos10.h (CParserUtils)  
INFO  ParseKarmaHeaders.java> KARMAHDR: parsed FunctionDefinitions=2700 (GhidraScript)  
INFO  ParseKarmaHeaders.java> KARMAHDR: signatures applied -- defined=7 imported=5 failed=0 (GhidraScript)  
INFO  ANALYZING all memory and code: file:///home/ion/tools/karma-lab/allobj/IxConvexLineSegment.o?MD5=4e2791f062b85c71b3d3d1447184daf1 (HeadlessAnalyzer)  
WARN  Mismatched DWARF Attribute and Form: DW_AT_macro_info->DW_FORM_data4 (DWARFAbbreviation)  
INFO  Added 109 source map entries (DWARFImporter)  
INFO  DWARF ver[2], 1 compUnits, 1607 DIES, import - total elapsed: 17ms (DWARFImportSummary)  
INFO  DWARF data type import - elapsed: 11ms (DWARFImportSummary)  
INFO  DWARF func & symbol import - elapsed: 2ms (DWARFImportSummary)  
INFO  DWARF types imported: 179 (DWARFImportSummary)  
INFO  DWARF compile dirs: [/home/icculus/projects/UT2-Code/karma/Mcd/src/convex] (DWARFImportSummary)  
INFO  DWARF producers: [GNU C++ 3.2.3 20030422 (Gentoo Linux 1.4 3.2.3-r4, propolice)] (DWARFImportSummary)  
INFO  DWARF source languages: [DW_LANG_C_plus_plus] (DWARFImportSummary)  
INFO  DWARF compUnit: IxConvexLineSegment.cpp (DWARFImportSummary)  
ERROR DWARF un-recoverable expressions: (DWARFImportSummary)  
ERROR   DW_OP_reg11 -> 1 (DWARFImportSummary)  
ERROR   DW_OP_reg3 -> 2 (DWARFImportSummary)  
ERROR   DW_OP_reg0 -> 1 (DWARFImportSummary)  
ERROR   DW_OP_reg18 -> 1 (DWARFImportSummary)  
ERROR   DW_OP_reg2 -> 1 (DWARFImportSummary)  
ERROR   DW_OP_reg7 -> 1 (DWARFImportSummary)  
ERROR   DW_OP_reg15 -> 1 (DWARFImportSummary)  
ERROR   DW_OP_reg16 -> 1 (DWARFImportSummary)  
ERROR   DW_OP_reg17 -> 1 (DWARFImportSummary)  
ERROR   DW_OP_reg6 -> 1 (DWARFImportSummary)  
INFO  Applied data type archive: generic_clib (ApplyDataArchiveAnalyzer)  
INFO  REPORT: Analysis succeeded for file: file:///home/ion/tools/karma-lab/allobj/IxConvexLineSegment.o?MD5=4e2791f062b85c71b3d3d1447184daf1 (HeadlessAnalyzer)  
INFO  REPORT: Execute script: DumpDecomp.java  (HeadlessAnalyzer)  
INFO  SCRIPT: /home/ion/tools/karma-lab/gscripts/DumpDecomp.java (HeadlessAnalyzer)  
INFO  DumpDecomp.java> OVERRIDES applied: 0 (GhidraScript)  
INFO  DumpDecomp.java> VTABLE: IxConvexLineSegment.o rows=0 applied=0 no-prototype=0 not-in-a-function=0 refused=0 (GhidraScript)  
INFO  DumpDecomp.java> KARMAHDR: calling conventions {unknown=7} (GhidraScript)  
INFO  DumpDecomp.java> KARMAHDR: __regparm -> __cdecl on 7 function(s), 0 refused (GhidraScript)  
INFO  DumpDecomp.java> DONE IxConvexLineSegment.o (GhidraScript)  
INFO  ANALYZING changes made by post scripts: file:///home/ion/tools/karma-lab/allobj/IxConvexLineSegment.o?MD5=4e2791f062b85c71b3d3d1447184daf1 (HeadlessAnalyzer)  
INFO  REPORT: Post-analysis succeeded for file: file:///home/ion/tools/karma-lab/allobj/IxConvexLineSegment.o?MD5=4e2791f062b85c71b3d3d1447184daf1 (HeadlessAnalyzer)  
INFO  /allobj/IxConvexLineSegment.o: file created (ion) (LocalFileSystem)  
INFO  REPORT: Save succeeded for: /allobj/IxConvexLineSegment.o (Proj:/allobj/IxConvexLineSegment.o) (HeadlessAnalyzer)  
INFO  REPORT: Import succeeded (HeadlessAnalyzer)  
INFO  IMPORTING: file:///home/ion/tools/karma-lab/allobj/MeAssetDBXMLOutput_1_0.o?MD5=45f14c58041c82bf9ece45bdc548de66 (HeadlessAnalyzer)  
INFO  Using Loader: Executable and Linking Format (ELF) (ProgramLoader)  
INFO  Using Language/Compiler: x86:LE:32:default:gcc (ProgramLoader)  
INFO  Using Library Search Path: [., /bin, /lib, /lib64, /lib/x86_64-linux-gnu, /lib/aarch64-linux-gnu, /usr/bin, /usr/lib, /usr/X11R6/bin, /usr/X11R6/lib, /usr/java/packages/lib, /usr/lib/x86_64-linux-gnu/jni, /usr/lib/x86_64-linux-gnu, /usr/lib/jni] (ProgramLoader)  
INFO  Additional info:
Loading file:///home/ion/tools/karma-lab/allobj/MeAssetDBXMLOutput_1_0.o?MD5=45f14c58041c82bf9ece45bdc548de66...
Skipping section [.data] with invalid size 0x0
Skipping section [.bss] with invalid size 0x0
------------------------------------------------

 (ProgramLoader)  
INFO  IMPORTING: Loaded 0 additional files (HeadlessAnalyzer)  
INFO  REPORT: Execute script: ParseKarmaHeaders.java  (HeadlessAnalyzer)  
INFO  SCRIPT: /home/ion/tools/karma-lab/gscripts/ParseKarmaHeaders.java (HeadlessAnalyzer)  
INFO  ParseKarmaHeaders.java> KARMAOPT: KD_GHIDRA_OPTS not set, analyzer options untouched (GhidraScript)  
INFO  parse /home/ion/tools/karma-lab/kd_protos10.h (CParserUtils)  
INFO  ParseKarmaHeaders.java> KARMAHDR: parsed FunctionDefinitions=2700 (GhidraScript)  
INFO  ParseKarmaHeaders.java> KARMAHDR: signatures applied -- defined=60 imported=59 failed=0 (GhidraScript)  
INFO  ANALYZING all memory and code: file:///home/ion/tools/karma-lab/allobj/MeAssetDBXMLOutput_1_0.o?MD5=45f14c58041c82bf9ece45bdc548de66 (HeadlessAnalyzer)  
WARN  Mismatched DWARF Attribute and Form: DW_AT_macro_info->DW_FORM_data4 (DWARFAbbreviation)  
INFO  Added 598 source map entries (DWARFImporter)  
INFO  DWARF ver[2], 1 compUnits, 712 DIES, import - total elapsed: 15ms (DWARFImportSummary)  
INFO  DWARF data type import - elapsed: 6ms (DWARFImportSummary)  
INFO  DWARF func & symbol import - elapsed: 5ms (DWARFImportSummary)  
INFO  DWARF types imported: 103 (DWARFImportSummary)  
INFO  DWARF compile dirs: [/home/icculus/projects/UT2-Code/karma/MeAssetDBXMLIO/src] (DWARFImportSummary)  
INFO  DWARF producers: [GNU C 3.2.3 20030422 (Gentoo Linux 1.4 3.2.3-r4, propolice)] (DWARFImportSummary)  
INFO  DWARF source languages: [DW_LANG_C89] (DWARFImportSummary)  
INFO  DWARF compUnit: MeAssetDBXMLOutput_1_0.c (DWARFImportSummary)  
ERROR DWARF un-recoverable expressions: (DWARFImportSummary)  
ERROR   DW_OP_reg3 -> 16 (DWARFImportSummary)  
ERROR   DW_OP_reg0 -> 4 (DWARFImportSummary)  
ERROR   DW_OP_reg2 -> 1 (DWARFImportSummary)  
ERROR   DW_OP_reg7 -> 13 (DWARFImportSummary)  
ERROR   DW_OP_reg6 -> 15 (DWARFImportSummary)  
INFO  Applied data type archive: generic_clib (ApplyDataArchiveAnalyzer)  
INFO  -----------------------------------------------------
    ASCII Strings                              0.001 secs
    Apply Data Archives                        0.042 secs
    Call Convention ID                         2.050 secs
    Call-Fixup Installer                       0.000 secs
    Create Address Tables                      0.002 secs
    Create Function                            0.000 secs
    DWARF                                      0.016 secs
    Data Reference                             0.001 secs
    Decompiler Switch Analysis                 0.252 secs
    Demangler GNU                              0.003 secs
    Disassemble Entry Points                   0.024 secs
    ELF Scalar Operand References              0.046 secs
    Embedded Media                             0.001 secs
    External Entry References                  0.000 secs
    Function ID                                0.008 secs
    Function Start Pre Search                  0.000 secs
    Function Start Search                      0.003 secs
    Function Start Search After Code           0.000 secs
    Function Start Search After Data           0.001 secs
    GCC Exception Handlers                     0.002 secs
    Non-Returning Functions - Discovered       0.003 secs
    Non-Returning Functions - Known            0.001 secs
    Reference                                  0.005 secs
    Shared Return Calls                        0.001 secs
    Stack                                      0.048 secs
    Subroutine References                      0.002 secs
    X86 Function Callee Purge                  0.000 secs
    x86 Constant Reference Analyzer            0.034 secs
-----------------------------------------------------
     Total Time   2 secs
-----------------------------------------------------
 (AutoAnalysisManager)  
INFO  REPORT: Analysis succeeded for file: file:///home/ion/tools/karma-lab/allobj/MeAssetDBXMLOutput_1_0.o?MD5=45f14c58041c82bf9ece45bdc548de66 (HeadlessAnalyzer)  
INFO  REPORT: Execute script: DumpDecomp.java  (HeadlessAnalyzer)  
INFO  SCRIPT: /home/ion/tools/karma-lab/gscripts/DumpDecomp.java (HeadlessAnalyzer)  
INFO  DumpDecomp.java> OVERRIDES applied: 0 (GhidraScript)  
INFO  DumpDecomp.java> VTABLE: MeAssetDBXMLOutput_1_0.o rows=0 applied=0 no-prototype=0 not-in-a-function=0 refused=0 (GhidraScript)  
INFO  DumpDecomp.java> KARMAHDR: calling conventions {__cdecl=10, unknown=62} (GhidraScript)  
INFO  DumpDecomp.java> KARMAHDR: __regparm -> __cdecl on 62 function(s), 0 refused (GhidraScript)  
INFO  DumpDecomp.java> DONE MeAssetDBXMLOutput_1_0.o (GhidraScript)  
INFO  ANALYZING changes made by post scripts: file:///home/ion/tools/karma-lab/allobj/MeAssetDBXMLOutput_1_0.o?MD5=45f14c58041c82bf9ece45bdc548de66 (HeadlessAnalyzer)  
INFO  REPORT: Post-analysis succeeded for file: file:///home/ion/tools/karma-lab/allobj/MeAssetDBXMLOutput_1_0.o?MD5=45f14c58041c82bf9ece45bdc548de66 (HeadlessAnalyzer)  
INFO  /allobj/MeAssetDBXMLOutput_1_0.o: file created (ion) (LocalFileSystem)  
INFO  REPORT: Save succeeded for: /allobj/MeAssetDBXMLOutput_1_0.o (Proj:/allobj/MeAssetDBXMLOutput_1_0.o) (HeadlessAnalyzer)  
INFO  REPORT: Import succeeded (HeadlessAnalyzer)  
INFO  IMPORTING: file:///home/ion/tools/karma-lab/allobj/IxConvexPrimitives.o?MD5=c86163d11356b2219a58698cd8621446 (HeadlessAnalyzer)  
INFO  Using Loader: Executable and Linking Format (ELF) (ProgramLoader)  
INFO  Using Language/Compiler: x86:LE:32:default:gcc (ProgramLoader)  
INFO  Using Library Search Path: [., /bin, /lib, /lib64, /lib/x86_64-linux-gnu, /lib/aarch64-linux-gnu, /usr/bin, /usr/lib, /usr/X11R6/bin, /usr/X11R6/lib, /usr/java/packages/lib, /usr/lib/x86_64-linux-gnu/jni, /usr/lib/x86_64-linux-gnu, /usr/lib/jni] (ProgramLoader)  
INFO  Additional info:
Loading file:///home/ion/tools/karma-lab/allobj/IxConvexPrimitives.o?MD5=c86163d11356b2219a58698cd8621446...
Skipping section [.data] with invalid size 0x0
Skipping section [.bss] with invalid size 0x0
------------------------------------------------

 (ProgramLoader)  
INFO  IMPORTING: Loaded 0 additional files (HeadlessAnalyzer)  
INFO  REPORT: Execute script: ParseKarmaHeaders.java  (HeadlessAnalyzer)  
INFO  SCRIPT: /home/ion/tools/karma-lab/gscripts/ParseKarmaHeaders.java (HeadlessAnalyzer)  
INFO  ParseKarmaHeaders.java> KARMAOPT: KD_GHIDRA_OPTS not set, analyzer options untouched (GhidraScript)  
INFO  parse /home/ion/tools/karma-lab/kd_protos10.h (CParserUtils)  
INFO  ParseKarmaHeaders.java> KARMAHDR: parsed FunctionDefinitions=2700 (GhidraScript)  
INFO  ParseKarmaHeaders.java> KARMAHDR: signatures applied -- defined=3 imported=3 failed=0 (GhidraScript)  
INFO  ANALYZING all memory and code: file:///home/ion/tools/karma-lab/allobj/IxConvexPrimitives.o?MD5=c86163d11356b2219a58698cd8621446 (HeadlessAnalyzer)  
WARN  Mismatched DWARF Attribute and Form: DW_AT_macro_info->DW_FORM_data4 (DWARFAbbreviation)  
INFO  Added 101 source map entries (DWARFImporter)  
INFO  DWARF ver[2], 1 compUnits, 839 DIES, import - total elapsed: 17ms (DWARFImportSummary)  
INFO  DWARF data type import - elapsed: 11ms (DWARFImportSummary)  
INFO  DWARF func & symbol import - elapsed: 2ms (DWARFImportSummary)  
INFO  DWARF types imported: 171 (DWARFImportSummary)  
INFO  DWARF compile dirs: [/home/icculus/projects/UT2-Code/karma/Mcd/src/convex] (DWARFImportSummary)  
INFO  DWARF producers: [GNU C++ 3.2.3 20030422 (Gentoo Linux 1.4 3.2.3-r4, propolice)] (DWARFImportSummary)  
INFO  DWARF source languages: [DW_LANG_C_plus_plus] (DWARFImportSummary)  
INFO  DWARF compUnit: IxConvexPrimitives.cpp (DWARFImportSummary)  
ERROR DWARF un-recoverable expressions: (DWARFImportSummary)  
ERROR   DW_OP_reg11 -> 2 (DWARFImportSummary)  
ERROR   DW_OP_reg3 -> 1 (DWARFImportSummary)  
ERROR   DW_OP_reg14 -> 1 (DWARFImportSummary)  
ERROR   DW_OP_reg7 -> 1 (DWARFImportSummary)  
ERROR   DW_OP_reg6 -> 1 (DWARFImportSummary)  
INFO  Applied data type archive: generic_clib (ApplyDataArchiveAnalyzer)  
INFO  REPORT: Analysis succeeded for file: file:///home/ion/tools/karma-lab/allobj/IxConvexPrimitives.o?MD5=c86163d11356b2219a58698cd8621446 (HeadlessAnalyzer)  
INFO  REPORT: Execute script: DumpDecomp.java  (HeadlessAnalyzer)  
INFO  SCRIPT: /home/ion/tools/karma-lab/gscripts/DumpDecomp.java (HeadlessAnalyzer)  
INFO  DumpDecomp.java> OVERRIDES applied: 0 (GhidraScript)  
INFO  DumpDecomp.java> VTABLE: IxConvexPrimitives.o rows=0 applied=0 no-prototype=0 not-in-a-function=0 refused=0 (GhidraScript)  
INFO  DumpDecomp.java> KARMAHDR: calling conventions {__cdecl=1, unknown=6} (GhidraScript)  
INFO  DumpDecomp.java> KARMAHDR: __regparm -> __cdecl on 6 function(s), 0 refused (GhidraScript)  
INFO  DumpDecomp.java> DONE IxConvexPrimitives.o (GhidraScript)  
INFO  ANALYZING changes made by post scripts: file:///home/ion/tools/karma-lab/allobj/IxConvexPrimitives.o?MD5=c86163d11356b2219a58698cd8621446 (HeadlessAnalyzer)  
INFO  REPORT: Post-analysis succeeded for file: file:///home/ion/tools/karma-lab/allobj/IxConvexPrimitives.o?MD5=c86163d11356b2219a58698cd8621446 (HeadlessAnalyzer)  
INFO  /allobj/IxConvexPrimitives.o: file created (ion) (LocalFileSystem)  
INFO  REPORT: Save succeeded for: /allobj/IxConvexPrimitives.o (Proj:/allobj/IxConvexPrimitives.o) (HeadlessAnalyzer)  
INFO  REPORT: Import succeeded (HeadlessAnalyzer)  
INFO  IMPORTING: file:///home/ion/tools/karma-lab/allobj/Polynomial.o?MD5=69e2894348d913415edc181fbd42b9c1 (HeadlessAnalyzer)  
INFO  Using Loader: Executable and Linking Format (ELF) (ProgramLoader)  
INFO  Using Language/Compiler: x86:LE:32:default:gcc (ProgramLoader)  
INFO  Using Library Search Path: [., /bin, /lib, /lib64, /lib/x86_64-linux-gnu, /lib/aarch64-linux-gnu, /usr/bin, /usr/lib, /usr/X11R6/bin, /usr/X11R6/lib, /usr/java/packages/lib, /usr/lib/x86_64-linux-gnu/jni, /usr/lib/x86_64-linux-gnu, /usr/lib/jni] (ProgramLoader)  
INFO  Additional info:
Loading file:///home/ion/tools/karma-lab/allobj/Polynomial.o?MD5=69e2894348d913415edc181fbd42b9c1...
Skipping section [.data] with invalid size 0x0
Skipping section [.bss] with invalid size 0x0
------------------------------------------------

 (ProgramLoader)  
INFO  IMPORTING: Loaded 0 additional files (HeadlessAnalyzer)  
INFO  REPORT: Execute script: ParseKarmaHeaders.java  (HeadlessAnalyzer)  
INFO  SCRIPT: /home/ion/tools/karma-lab/gscripts/ParseKarmaHeaders.java (HeadlessAnalyzer)  
INFO  ParseKarmaHeaders.java> KARMAOPT: KD_GHIDRA_OPTS not set, analyzer options untouched (GhidraScript)  
INFO  parse /home/ion/tools/karma-lab/kd_protos10.h (CParserUtils)  
INFO  ParseKarmaHeaders.java> KARMAHDR: parsed FunctionDefinitions=2700 (GhidraScript)  
INFO  ParseKarmaHeaders.java> KARMAHDR: signatures applied -- defined=0 imported=0 failed=0 (GhidraScript)  
INFO  ANALYZING all memory and code: file:///home/ion/tools/karma-lab/allobj/Polynomial.o?MD5=69e2894348d913415edc181fbd42b9c1 (HeadlessAnalyzer)  
WARN  Mismatched DWARF Attribute and Form: DW_AT_macro_info->DW_FORM_data4 (DWARFAbbreviation)  
INFO  Added 106 source map entries (DWARFImporter)  
INFO  DWARF ver[2], 1 compUnits, 235 DIES, import - total elapsed: 30ms (DWARFImportSummary)  
INFO  DWARF data type import - elapsed: 2ms (DWARFImportSummary)  
INFO  DWARF func & symbol import - elapsed: 2ms (DWARFImportSummary)  
INFO  DWARF types imported: 27 (DWARFImportSummary)  
INFO  DWARF compile dirs: [/home/icculus/projects/UT2-Code/karma/Mcd/src/primitives] (DWARFImportSummary)  
INFO  DWARF producers: [GNU C++ 3.2.3 20030422 (Gentoo Linux 1.4 3.2.3-r4, propolice)] (DWARFImportSummary)  
INFO  DWARF source languages: [DW_LANG_C_plus_plus] (DWARFImportSummary)  
INFO  DWARF compUnit: Polynomial.cpp (DWARFImportSummary)  
ERROR DWARF un-recoverable expressions: (DWARFImportSummary)  
ERROR   DW_OP_reg12 -> 3 (DWARFImportSummary)  
ERROR   DW_OP_reg13 -> 3 (DWARFImportSummary)  
ERROR   DW_OP_reg11 -> 2 (DWARFImportSummary)  
ERROR   DW_OP_reg3 -> 2 (DWARFImportSummary)  
ERROR   DW_OP_reg1 -> 2 (DWARFImportSummary)  
ERROR   DW_OP_reg14 -> 1 (DWARFImportSummary)  
ERROR   DW_OP_reg7 -> 2 (DWARFImportSummary)  
ERROR   DW_OP_reg15 -> 2 (DWARFImportSummary)  
ERROR   DW_OP_reg16 -> 2 (DWARFImportSummary)  
ERROR   DW_OP_reg17 -> 2 (DWARFImportSummary)  
ERROR   DW_OP_reg6 -> 1 (DWARFImportSummary)  
INFO  Applied data type archive: generic_clib (ApplyDataArchiveAnalyzer)  
INFO  REPORT: Analysis succeeded for file: file:///home/ion/tools/karma-lab/allobj/Polynomial.o?MD5=69e2894348d913415edc181fbd42b9c1 (HeadlessAnalyzer)  
INFO  REPORT: Execute script: DumpDecomp.java  (HeadlessAnalyzer)  
INFO  SCRIPT: /home/ion/tools/karma-lab/gscripts/DumpDecomp.java (HeadlessAnalyzer)  
INFO  DumpDecomp.java> OVERRIDES applied: 0 (GhidraScript)  
INFO  DumpDecomp.java> VTABLE: Polynomial.o rows=0 applied=0 no-prototype=0 not-in-a-function=0 refused=0 (GhidraScript)  
INFO  DumpDecomp.java> KARMAHDR: calling conventions {__cdecl=2} (GhidraScript)  
INFO  DumpDecomp.java> KARMAHDR: __regparm -> __cdecl on 0 function(s), 0 refused (GhidraScript)  
INFO  DumpDecomp.java> DONE Polynomial.o (GhidraScript)  
INFO  ANALYZING changes made by post scripts: file:///home/ion/tools/karma-lab/allobj/Polynomial.o?MD5=69e2894348d913415edc181fbd42b9c1 (HeadlessAnalyzer)  
INFO  REPORT: Post-analysis succeeded for file: file:///home/ion/tools/karma-lab/allobj/Polynomial.o?MD5=69e2894348d913415edc181fbd42b9c1 (HeadlessAnalyzer)  
INFO  /allobj/Polynomial.o: file created (ion) (LocalFileSystem)  
INFO  REPORT: Save succeeded for: /allobj/Polynomial.o (Proj:/allobj/Polynomial.o) (HeadlessAnalyzer)  
INFO  REPORT: Import succeeded (HeadlessAnalyzer)  
INFO  IMPORTING: file:///home/ion/tools/karma-lab/allobj/GeomUtils.o?MD5=c8a979b0bece0b79183a450044c31c93 (HeadlessAnalyzer)  
INFO  Using Loader: Executable and Linking Format (ELF) (ProgramLoader)  
INFO  Using Language/Compiler: x86:LE:32:default:gcc (ProgramLoader)  
INFO  Using Library Search Path: [., /bin, /lib, /lib64, /lib/x86_64-linux-gnu, /lib/aarch64-linux-gnu, /usr/bin, /usr/lib, /usr/X11R6/bin, /usr/X11R6/lib, /usr/java/packages/lib, /usr/lib/x86_64-linux-gnu/jni, /usr/lib/x86_64-linux-gnu, /usr/lib/jni] (ProgramLoader)  
INFO  Additional info:
Loading file:///home/ion/tools/karma-lab/allobj/GeomUtils.o?MD5=c8a979b0bece0b79183a450044c31c93...
Skipping section [.data] with invalid size 0x0
Skipping section [.bss] with invalid size 0x0
------------------------------------------------

 (ProgramLoader)  
INFO  IMPORTING: Loaded 0 additional files (HeadlessAnalyzer)  
INFO  REPORT: Execute script: ParseKarmaHeaders.java  (HeadlessAnalyzer)  
INFO  SCRIPT: /home/ion/tools/karma-lab/gscripts/ParseKarmaHeaders.java (HeadlessAnalyzer)  
INFO  ParseKarmaHeaders.java> KARMAOPT: KD_GHIDRA_OPTS not set, analyzer options untouched (GhidraScript)  
INFO  parse /home/ion/tools/karma-lab/kd_protos10.h (CParserUtils)  
INFO  ParseKarmaHeaders.java> KARMAHDR: parsed FunctionDefinitions=2700 (GhidraScript)  
INFO  ParseKarmaHeaders.java> KARMAHDR: signatures applied -- defined=0 imported=0 failed=0 (GhidraScript)  
INFO  ANALYZING all memory and code: file:///home/ion/tools/karma-lab/allobj/GeomUtils.o?MD5=c8a979b0bece0b79183a450044c31c93 (HeadlessAnalyzer)  
WARN  Mismatched DWARF Attribute and Form: DW_AT_macro_info->DW_FORM_data4 (DWARFAbbreviation)  
INFO  Added 223 source map entries (DWARFImporter)  
INFO  DWARF ver[2], 1 compUnits, 382 DIES, import - total elapsed: 6ms (DWARFImportSummary)  
INFO  DWARF data type import - elapsed: 1ms (DWARFImportSummary)  
INFO  DWARF func & symbol import - elapsed: 3ms (DWARFImportSummary)  
INFO  DWARF types imported: 23 (DWARFImportSummary)  
INFO  DWARF compile dirs: [/home/icculus/projects/UT2-Code/karma/Mcd/src/util] (DWARFImportSummary)  
INFO  DWARF producers: [GNU C++ 3.2.3 20030422 (Gentoo Linux 1.4 3.2.3-r4, propolice)] (DWARFImportSummary)  
INFO  DWARF source languages: [DW_LANG_C_plus_plus] (DWARFImportSummary)  
INFO  DWARF compUnit: ../math/GeomUtils.cpp (DWARFImportSummary)  
ERROR DWARF un-recoverable expressions: (DWARFImportSummary)  
ERROR   DW_OP_reg12 -> 5 (DWARFImportSummary)  
ERROR   DW_OP_reg11 -> 8 (DWARFImportSummary)  
ERROR   DW_OP_reg13 -> 4 (DWARFImportSummary)  
ERROR   DW_OP_reg3 -> 3 (DWARFImportSummary)  
ERROR   DW_OP_reg1 -> 3 (DWARFImportSummary)  
ERROR   DW_OP_reg0 -> 3 (DWARFImportSummary)  
ERROR   DW_OP_reg18 -> 1 (DWARFImportSummary)  
ERROR   DW_OP_reg2 -> 3 (DWARFImportSummary)  
ERROR   DW_OP_reg14 -> 3 (DWARFImportSummary)  
ERROR   DW_OP_reg7 -> 1 (DWARFImportSummary)  
ERROR   DW_OP_reg16 -> 1 (DWARFImportSummary)  
ERROR   DW_OP_reg6 -> 3 (DWARFImportSummary)  
INFO  Applied data type archive: generic_clib (ApplyDataArchiveAnalyzer)  
INFO  REPORT: Analysis succeeded for file: file:///home/ion/tools/karma-lab/allobj/GeomUtils.o?MD5=c8a979b0bece0b79183a450044c31c93 (HeadlessAnalyzer)  
INFO  REPORT: Execute script: DumpDecomp.java  (HeadlessAnalyzer)  
INFO  SCRIPT: /home/ion/tools/karma-lab/gscripts/DumpDecomp.java (HeadlessAnalyzer)  
INFO  DumpDecomp.java> OVERRIDES applied: 0 (GhidraScript)  
INFO  DumpDecomp.java> VTABLE: GeomUtils.o rows=0 applied=0 no-prototype=0 not-in-a-function=0 refused=0 (GhidraScript)  
INFO  DumpDecomp.java> KARMAHDR: calling conventions {__cdecl=3} (GhidraScript)  
INFO  DumpDecomp.java> KARMAHDR: __regparm -> __cdecl on 0 function(s), 0 refused (GhidraScript)  
INFO  DumpDecomp.java> DONE GeomUtils.o (GhidraScript)  
INFO  ANALYZING changes made by post scripts: file:///home/ion/tools/karma-lab/allobj/GeomUtils.o?MD5=c8a979b0bece0b79183a450044c31c93 (HeadlessAnalyzer)  
INFO  REPORT: Post-analysis succeeded for file: file:///home/ion/tools/karma-lab/allobj/GeomUtils.o?MD5=c8a979b0bece0b79183a450044c31c93 (HeadlessAnalyzer)  
INFO  /allobj/GeomUtils.o: file created (ion) (LocalFileSystem)  
INFO  REPORT: Save succeeded for: /allobj/GeomUtils.o (Proj:/allobj/GeomUtils.o) (HeadlessAnalyzer)  
INFO  REPORT: Import succeeded (HeadlessAnalyzer)  
INFO  IMPORTING: file:///home/ion/tools/karma-lab/allobj/McdGeometry.o?MD5=5b021cd679e940e1f28a899330daf867 (HeadlessAnalyzer)  
INFO  Using Loader: Executable and Linking Format (ELF) (ProgramLoader)  
INFO  Using Language/Compiler: x86:LE:32:default:gcc (ProgramLoader)  
INFO  Using Library Search Path: [., /bin, /lib, /lib64, /lib/x86_64-linux-gnu, /lib/aarch64-linux-gnu, /usr/bin, /usr/lib, /usr/X11R6/bin, /usr/X11R6/lib, /usr/java/packages/lib, /usr/lib/x86_64-linux-gnu/jni, /usr/lib/x86_64-linux-gnu, /usr/lib/jni] (ProgramLoader)  
ERROR EXTERNAL Data ELF Relocation with offset: at 000100a5 (External Location = MeMemoryAPI+0x10) (ElfRelocationHandler)  
INFO  Additional info:
Loading file:///home/ion/tools/karma-lab/allobj/McdGeometry.o?MD5=5b021cd679e940e1f28a899330daf867...
Skipping section [.data] with invalid size 0x0
Skipping section [.bss] with invalid size 0x0
------------------------------------------------

 (ProgramLoader)  
INFO  IMPORTING: Loaded 0 additional files (HeadlessAnalyzer)  
INFO  REPORT: Execute script: ParseKarmaHeaders.java  (HeadlessAnalyzer)  
INFO  SCRIPT: /home/ion/tools/karma-lab/gscripts/ParseKarmaHeaders.java (HeadlessAnalyzer)  
INFO  ParseKarmaHeaders.java> KARMAOPT: KD_GHIDRA_OPTS not set, analyzer options untouched (GhidraScript)  
INFO  parse /home/ion/tools/karma-lab/kd_protos10.h (CParserUtils)  
INFO  ParseKarmaHeaders.java> KARMAHDR: parsed FunctionDefinitions=2700 (GhidraScript)  
INFO  ParseKarmaHeaders.java> KARMAHDR: signatures applied -- defined=20 imported=4 failed=0 (GhidraScript)  
INFO  ANALYZING all memory and code: file:///home/ion/tools/karma-lab/allobj/McdGeometry.o?MD5=5b021cd679e940e1f28a899330daf867 (HeadlessAnalyzer)  
WARN  Mismatched DWARF Attribute and Form: DW_AT_macro_info->DW_FORM_data4 (DWARFAbbreviation)  
INFO  Added 104 source map entries (DWARFImporter)  
INFO  DWARF ver[2], 1 compUnits, 740 DIES, import - total elapsed: 19ms (DWARFImportSummary)  
INFO  DWARF data type import - elapsed: 10ms (DWARFImportSummary)  
INFO  DWARF func & symbol import - elapsed: 4ms (DWARFImportSummary)  
INFO  DWARF types imported: 171 (DWARFImportSummary)  
INFO  DWARF compile dirs: [/home/icculus/projects/UT2-Code/karma/Mcd/src/frame] (DWARFImportSummary)  
INFO  DWARF producers: [GNU C++ 3.2.3 20030422 (Gentoo Linux 1.4 3.2.3-r4, propolice)] (DWARFImportSummary)  
INFO  DWARF source languages: [DW_LANG_C_plus_plus] (DWARFImportSummary)  
INFO  DWARF compUnit: McdGeometry.cpp (DWARFImportSummary)  
ERROR DWARF un-recoverable expressions: (DWARFImportSummary)  
ERROR   DW_OP_reg3 -> 3 (DWARFImportSummary)  
ERROR   DW_OP_reg0 -> 11 (DWARFImportSummary)  
ERROR   DW_OP_reg1 -> 3 (DWARFImportSummary)  
ERROR   DW_OP_reg2 -> 5 (DWARFImportSummary)  
INFO  Applied data type archive: generic_clib (ApplyDataArchiveAnalyzer)  
INFO  -----------------------------------------------------
    ASCII Strings                              0.000 secs
    Apply Data Archives                        0.067 secs
    Call Convention ID                         2.270 secs
    Call-Fixup Installer                       0.000 secs
    Create Address Tables                      0.000 secs
    Create Function                            0.000 secs
    DWARF                                      0.020 secs
    Data Reference                             0.001 secs
    Decompiler Switch Analysis                 0.000 secs
    Demangler GNU                              0.003 secs
    Disassemble Entry Points                   0.003 secs
    ELF Scalar Operand References              0.001 secs
    Embedded Media                             0.001 secs
    External Entry References                  0.000 secs
    Function ID                                0.002 secs
    Function Start Pre Search                  0.001 secs
    Function Start Search                      0.002 secs
    Function Start Search After Code           0.001 secs
    Function Start Search After Data           0.000 secs
    GCC Exception Handlers                     0.004 secs
    Non-Returning Functions - Discovered       0.000 secs
    Non-Returning Functions - Known            0.000 secs
    Reference                                  0.000 secs
    Shared Return Calls                        0.000 secs
    Stack                                      0.004 secs
    Subroutine References                      0.000 secs
    X86 Function Callee Purge                  0.001 secs
    x86 Constant Reference Analyzer            0.003 secs
-----------------------------------------------------
     Total Time   2 secs
-----------------------------------------------------
 (AutoAnalysisManager)  
INFO  REPORT: Analysis succeeded for file: file:///home/ion/tools/karma-lab/allobj/McdGeometry.o?MD5=5b021cd679e940e1f28a899330daf867 (HeadlessAnalyzer)  
INFO  REPORT: Execute script: DumpDecomp.java  (HeadlessAnalyzer)  
INFO  SCRIPT: /home/ion/tools/karma-lab/gscripts/DumpDecomp.java (HeadlessAnalyzer)  
INFO  DumpDecomp.java> OVERRIDES applied: 0 (GhidraScript)  
INFO  DumpDecomp.java> VTABLE: McdGeometry.o rows=1 applied=1 no-prototype=0 not-in-a-function=0 refused=0 (GhidraScript)  
INFO  DumpDecomp.java> KARMAHDR: calling conventions {__cdecl=15, __regparm1=1, unknown=4} (GhidraScript)  
INFO  DumpDecomp.java> KARMAHDR: __regparm -> __cdecl on 5 function(s), 0 refused (GhidraScript)  
INFO  DumpDecomp.java> DONE McdGeometry.o (GhidraScript)  
INFO  ANALYZING changes made by post scripts: file:///home/ion/tools/karma-lab/allobj/McdGeometry.o?MD5=5b021cd679e940e1f28a899330daf867 (HeadlessAnalyzer)  
INFO  REPORT: Post-analysis succeeded for file: file:///home/ion/tools/karma-lab/allobj/McdGeometry.o?MD5=5b021cd679e940e1f28a899330daf867 (HeadlessAnalyzer)  
INFO  /allobj/McdGeometry.o: file created (ion) (LocalFileSystem)  
INFO  REPORT: Save succeeded for: /allobj/McdGeometry.o (Proj:/allobj/McdGeometry.o) (HeadlessAnalyzer)  
INFO  REPORT: Import succeeded (HeadlessAnalyzer)  
INFO  IMPORTING: file:///home/ion/tools/karma-lab/allobj/keaMatrix_tester.o?MD5=62181e8fbaa7d0f4b5c1e956f01f28a4 (HeadlessAnalyzer)  
INFO  Using Loader: Executable and Linking Format (ELF) (ProgramLoader)  
INFO  Using Language/Compiler: x86:LE:32:default:gcc (ProgramLoader)  
INFO  Using Library Search Path: [., /bin, /lib, /lib64, /lib/x86_64-linux-gnu, /lib/aarch64-linux-gnu, /usr/bin, /usr/lib, /usr/X11R6/bin, /usr/X11R6/lib, /usr/java/packages/lib, /usr/lib/x86_64-linux-gnu/jni, /usr/lib/x86_64-linux-gnu, /usr/lib/jni] (ProgramLoader)  
WARN  EXTERNAL Data ELF Relocation with offset: at 00010cc0 (External Location = _ZTVN10__cxxabiv120__si_class_type_infoE+0x8) (ElfRelocationHandler)  
INFO  Additional info:
Loading file:///home/ion/tools/karma-lab/allobj/keaMatrix_tester.o?MD5=62181e8fbaa7d0f4b5c1e956f01f28a4...
Skipping section [.data] with invalid size 0x0
Skipping section [.bss] with invalid size 0x0
------------------------------------------------

 (ProgramLoader)  
INFO  IMPORTING: Loaded 0 additional files (HeadlessAnalyzer)  
INFO  REPORT: Execute script: ParseKarmaHeaders.java  (HeadlessAnalyzer)  
INFO  SCRIPT: /home/ion/tools/karma-lab/gscripts/ParseKarmaHeaders.java (HeadlessAnalyzer)  
INFO  ParseKarmaHeaders.java> KARMAOPT: KD_GHIDRA_OPTS not set, analyzer options untouched (GhidraScript)  
INFO  parse /home/ion/tools/karma-lab/kd_protos10.h (CParserUtils)  
INFO  ParseKarmaHeaders.java> KARMAHDR: parsed FunctionDefinitions=2700 (GhidraScript)  
INFO  ParseKarmaHeaders.java> KARMAHDR: signatures applied -- defined=11 imported=1 failed=0 (GhidraScript)  
INFO  ANALYZING all memory and code: file:///home/ion/tools/karma-lab/allobj/keaMatrix_tester.o?MD5=62181e8fbaa7d0f4b5c1e956f01f28a4 (HeadlessAnalyzer)  
WARN  Mismatched DWARF Attribute and Form: DW_AT_macro_info->DW_FORM_data4 (DWARFAbbreviation)  
INFO  Added 247 source map entries (DWARFImporter)  
INFO  DWARF ver[2], 1 compUnits, 292 DIES, import - total elapsed: 8ms (DWARFImportSummary)  
INFO  DWARF data type import - elapsed: 2ms (DWARFImportSummary)  
INFO  DWARF func & symbol import - elapsed: 5ms (DWARFImportSummary)  
INFO  DWARF types imported: 29 (DWARFImportSummary)  
INFO  DWARF compile dirs: [/home/icculus/projects/UT2-Code/karma/MdtKea/src] (DWARFImportSummary)  
INFO  DWARF producers: [GNU C++ 3.2.3 20030422 (Gentoo Linux 1.4 3.2.3-r4, propolice)] (DWARFImportSummary)  
INFO  DWARF source languages: [DW_LANG_C_plus_plus] (DWARFImportSummary)  
INFO  DWARF compUnit: keaMatrix_tester.cpp (DWARFImportSummary)  
ERROR DWARF un-recoverable expressions: (DWARFImportSummary)  
ERROR   DW_OP_reg3 -> 11 (DWARFImportSummary)  
ERROR   DW_OP_reg1 -> 1 (DWARFImportSummary)  
ERROR   DW_OP_reg2 -> 2 (DWARFImportSummary)  
ERROR   DW_OP_reg7 -> 6 (DWARFImportSummary)  
ERROR   DW_OP_reg6 -> 7 (DWARFImportSummary)  
INFO  Applied data type archive: generic_clib (ApplyDataArchiveAnalyzer)  
WARN  Unable to fully apply external demangled Address Table at 0001100c: __cxxabiv1::__si_class_type_info::vtable (DemangledAddressTable)  
WARN  Unable to fully apply external demangled Address Table at 00011010: keaMatrix::typeinfo (DemangledAddressTable)  
INFO  REPORT: Analysis succeeded for file: file:///home/ion/tools/karma-lab/allobj/keaMatrix_tester.o?MD5=62181e8fbaa7d0f4b5c1e956f01f28a4 (HeadlessAnalyzer)  
INFO  REPORT: Execute script: DumpDecomp.java  (HeadlessAnalyzer)  
INFO  SCRIPT: /home/ion/tools/karma-lab/gscripts/DumpDecomp.java (HeadlessAnalyzer)  
INFO  DumpDecomp.java> OVERRIDES applied: 0 (GhidraScript)  
INFO  DumpDecomp.java> VTABLE: keaMatrix_tester.o rows=0 applied=0 no-prototype=0 not-in-a-function=0 refused=0 (GhidraScript)  
INFO  DumpDecomp.java> KARMAHDR: calling conventions {__cdecl=1, __thiscall=9, unknown=5} (GhidraScript)  
INFO  DumpDecomp.java> KARMAHDR: __regparm -> __cdecl on 5 function(s), 0 refused (GhidraScript)  
INFO  DumpDecomp.java> DONE keaMatrix_tester.o (GhidraScript)  
INFO  ANALYZING changes made by post scripts: file:///home/ion/tools/karma-lab/allobj/keaMatrix_tester.o?MD5=62181e8fbaa7d0f4b5c1e956f01f28a4 (HeadlessAnalyzer)  
INFO  REPORT: Post-analysis succeeded for file: file:///home/ion/tools/karma-lab/allobj/keaMatrix_tester.o?MD5=62181e8fbaa7d0f4b5c1e956f01f28a4 (HeadlessAnalyzer)  
INFO  /allobj/keaMatrix_tester.o: file created (ion) (LocalFileSystem)  
INFO  REPORT: Save succeeded for: /allobj/keaMatrix_tester.o (Proj:/allobj/keaMatrix_tester.o) (HeadlessAnalyzer)  
INFO  REPORT: Import succeeded (HeadlessAnalyzer)  
INFO  IMPORTING: file:///home/ion/tools/karma-lab/allobj/MdtContactParams.o?MD5=1a7732d1d622307f3d11a78f73640b8a (HeadlessAnalyzer)  
INFO  Using Loader: Executable and Linking Format (ELF) (ProgramLoader)  
INFO  Using Language/Compiler: x86:LE:32:default:gcc (ProgramLoader)  
INFO  Using Library Search Path: [., /bin, /lib, /lib64, /lib/x86_64-linux-gnu, /lib/aarch64-linux-gnu, /usr/bin, /usr/lib, /usr/X11R6/bin, /usr/X11R6/lib, /usr/java/packages/lib, /usr/lib/x86_64-linux-gnu/jni, /usr/lib/x86_64-linux-gnu, /usr/lib/jni] (ProgramLoader)  
INFO  Additional info:
Loading file:///home/ion/tools/karma-lab/allobj/MdtContactParams.o?MD5=1a7732d1d622307f3d11a78f73640b8a...
Skipping section [.data] with invalid size 0x0
Skipping section [.bss] with invalid size 0x0
------------------------------------------------

 (ProgramLoader)  
INFO  IMPORTING: Loaded 0 additional files (HeadlessAnalyzer)  
INFO  REPORT: Execute script: ParseKarmaHeaders.java  (HeadlessAnalyzer)  
INFO  SCRIPT: /home/ion/tools/karma-lab/gscripts/ParseKarmaHeaders.java (HeadlessAnalyzer)  
INFO  ParseKarmaHeaders.java> KARMAOPT: KD_GHIDRA_OPTS not set, analyzer options untouched (GhidraScript)  
INFO  parse /home/ion/tools/karma-lab/kd_protos10.h (CParserUtils)  
INFO  ParseKarmaHeaders.java> KARMAHDR: parsed FunctionDefinitions=2700 (GhidraScript)  
INFO  ParseKarmaHeaders.java> KARMAHDR: signatures applied -- defined=36 imported=1 failed=0 (GhidraScript)  
INFO  ANALYZING all memory and code: file:///home/ion/tools/karma-lab/allobj/MdtContactParams.o?MD5=1a7732d1d622307f3d11a78f73640b8a (HeadlessAnalyzer)  
WARN  Mismatched DWARF Attribute and Form: DW_AT_macro_info->DW_FORM_data4 (DWARFAbbreviation)  
INFO  Added 249 source map entries (DWARFImporter)  
INFO  DWARF ver[2], 1 compUnits, 283 DIES, import - total elapsed: 8ms (DWARFImportSummary)  
INFO  DWARF data type import - elapsed: 1ms (DWARFImportSummary)  
INFO  DWARF func & symbol import - elapsed: 6ms (DWARFImportSummary)  
INFO  DWARF types imported: 12 (DWARFImportSummary)  
INFO  DWARF compile dirs: [/home/icculus/projects/UT2-Code/karma/Mdt/src] (DWARFImportSummary)  
INFO  DWARF producers: [GNU C 3.2.3 20030422 (Gentoo Linux 1.4 3.2.3-r4, propolice)] (DWARFImportSummary)  
INFO  DWARF source languages: [DW_LANG_C89] (DWARFImportSummary)  
INFO  DWARF compUnit: MdtContactParams.c (DWARFImportSummary)  
ERROR DWARF un-recoverable expressions: (DWARFImportSummary)  
ERROR   DW_OP_reg11 -> 9 (DWARFImportSummary)  
ERROR   DW_OP_reg3 -> 11 (DWARFImportSummary)  
ERROR   DW_OP_reg0 -> 24 (DWARFImportSummary)  
ERROR   DW_OP_reg2 -> 8 (DWARFImportSummary)  
ERROR   DW_OP_reg6 -> 1 (DWARFImportSummary)  
INFO  Applied data type archive: generic_clib (ApplyDataArchiveAnalyzer)  
INFO  -----------------------------------------------------
    ASCII Strings                              0.001 secs
    Apply Data Archives                        0.042 secs
    Call Convention ID                         2.284 secs
    Call-Fixup Installer                       0.001 secs
    Create Address Tables                      0.000 secs
    Create Function                            0.000 secs
    DWARF                                      0.010 secs
    Data Reference                             0.040 secs
    Decompiler Switch Analysis                 0.000 secs
    Demangler GNU                              0.003 secs
    Disassemble Entry Points                   0.006 secs
    ELF Scalar Operand References              0.002 secs
    Embedded Media                             0.000 secs
    External Entry References                  0.000 secs
    Function ID                                0.004 secs
    Function Start Pre Search                  0.001 secs
    Function Start Search                      0.002 secs
    Function Start Search After Code           0.001 secs
    Function Start Search After Data           0.000 secs
    GCC Exception Handlers                     0.004 secs
    Non-Returning Functions - Discovered       0.000 secs
    Non-Returning Functions - Known            0.001 secs
    Reference                                  0.000 secs
    Shared Return Calls                        0.000 secs
    Stack                                      0.009 secs
    Subroutine References                      0.001 secs
    X86 Function Callee Purge                  0.000 secs
    x86 Constant Reference Analyzer            0.008 secs
-----------------------------------------------------
     Total Time   2 secs
-----------------------------------------------------
 (AutoAnalysisManager)  
INFO  REPORT: Analysis succeeded for file: file:///home/ion/tools/karma-lab/allobj/MdtContactParams.o?MD5=1a7732d1d622307f3d11a78f73640b8a (HeadlessAnalyzer)  
INFO  REPORT: Execute script: DumpDecomp.java  (HeadlessAnalyzer)  
INFO  SCRIPT: /home/ion/tools/karma-lab/gscripts/DumpDecomp.java (HeadlessAnalyzer)  
INFO  DumpDecomp.java> OVERRIDES applied: 0 (GhidraScript)  
INFO  DumpDecomp.java> VTABLE: MdtContactParams.o rows=0 applied=0 no-prototype=0 not-in-a-function=0 refused=0 (GhidraScript)  
INFO  DumpDecomp.java> KARMAHDR: calling conventions {__cdecl=35, unknown=1} (GhidraScript)  
INFO  DumpDecomp.java> KARMAHDR: __regparm -> __cdecl on 1 function(s), 0 refused (GhidraScript)  
INFO  DumpDecomp.java> DONE MdtContactParams.o (GhidraScript)  
INFO  ANALYZING changes made by post scripts: file:///home/ion/tools/karma-lab/allobj/MdtContactParams.o?MD5=1a7732d1d622307f3d11a78f73640b8a (HeadlessAnalyzer)  
INFO  REPORT: Post-analysis succeeded for file: file:///home/ion/tools/karma-lab/allobj/MdtContactParams.o?MD5=1a7732d1d622307f3d11a78f73640b8a (HeadlessAnalyzer)  
INFO  /allobj/MdtContactParams.o: file created (ion) (LocalFileSystem)  
INFO  REPORT: Save succeeded for: /allobj/MdtContactParams.o (Proj:/allobj/MdtContactParams.o) (HeadlessAnalyzer)  
INFO  REPORT: Import succeeded (HeadlessAnalyzer)  
INFO  IMPORTING: file:///home/ion/tools/karma-lab/allobj/McdGjkRegistration.o?MD5=de0491e5580d8f2931c07e16a1ae4838 (HeadlessAnalyzer)  
INFO  Using Loader: Executable and Linking Format (ELF) (ProgramLoader)  
INFO  Using Language/Compiler: x86:LE:32:default:gcc (ProgramLoader)  
INFO  Using Library Search Path: [., /bin, /lib, /lib64, /lib/x86_64-linux-gnu, /lib/aarch64-linux-gnu, /usr/bin, /usr/lib, /usr/X11R6/bin, /usr/X11R6/lib, /usr/java/packages/lib, /usr/lib/x86_64-linux-gnu/jni, /usr/lib/x86_64-linux-gnu, /usr/lib/jni] (ProgramLoader)  
INFO  Additional info:
Loading file:///home/ion/tools/karma-lab/allobj/McdGjkRegistration.o?MD5=de0491e5580d8f2931c07e16a1ae4838...
Skipping section [.data] with invalid size 0x0
Skipping section [.bss] with invalid size 0x0
------------------------------------------------

 (ProgramLoader)  
INFO  IMPORTING: Loaded 0 additional files (HeadlessAnalyzer)  
INFO  REPORT: Execute script: ParseKarmaHeaders.java  (HeadlessAnalyzer)  
INFO  SCRIPT: /home/ion/tools/karma-lab/gscripts/ParseKarmaHeaders.java (HeadlessAnalyzer)  
INFO  ParseKarmaHeaders.java> KARMAOPT: KD_GHIDRA_OPTS not set, analyzer options untouched (GhidraScript)  
INFO  parse /home/ion/tools/karma-lab/kd_protos10.h (CParserUtils)  
INFO  ParseKarmaHeaders.java> KARMAHDR: parsed FunctionDefinitions=2700 (GhidraScript)  
INFO  ParseKarmaHeaders.java> KARMAHDR: signatures applied -- defined=10 imported=4 failed=0 (GhidraScript)  
INFO  ANALYZING all memory and code: file:///home/ion/tools/karma-lab/allobj/McdGjkRegistration.o?MD5=de0491e5580d8f2931c07e16a1ae4838 (HeadlessAnalyzer)  
WARN  Mismatched DWARF Attribute and Form: DW_AT_macro_info->DW_FORM_data4 (DWARFAbbreviation)  
INFO  Added 6 source map entries (DWARFImporter)  
INFO  DWARF ver[2], 1 compUnits, 622 DIES, import - total elapsed: 46ms (DWARFImportSummary)  
INFO  DWARF data type import - elapsed: 10ms (DWARFImportSummary)  
INFO  DWARF func & symbol import - elapsed: 2ms (DWARFImportSummary)  
INFO  DWARF types imported: 157 (DWARFImportSummary)  
INFO  DWARF compile dirs: [/home/icculus/projects/UT2-Code/karma/Mcd/src/convex] (DWARFImportSummary)  
INFO  DWARF producers: [GNU C++ 3.2.3 20030422 (Gentoo Linux 1.4 3.2.3-r4, propolice)] (DWARFImportSummary)  
INFO  DWARF source languages: [DW_LANG_C_plus_plus] (DWARFImportSummary)  
INFO  DWARF compUnit: ../gjk/McdGjkRegistration.cpp (DWARFImportSummary)  
INFO  Applied data type archive: generic_clib (ApplyDataArchiveAnalyzer)  
INFO  REPORT: Analysis succeeded for file: file:///home/ion/tools/karma-lab/allobj/McdGjkRegistration.o?MD5=de0491e5580d8f2931c07e16a1ae4838 (HeadlessAnalyzer)  
INFO  REPORT: Execute script: DumpDecomp.java  (HeadlessAnalyzer)  
INFO  SCRIPT: /home/ion/tools/karma-lab/gscripts/DumpDecomp.java (HeadlessAnalyzer)  
INFO  DumpDecomp.java> OVERRIDES applied: 0 (GhidraScript)  
INFO  DumpDecomp.java> VTABLE: McdGjkRegistration.o rows=0 applied=0 no-prototype=0 not-in-a-function=0 refused=0 (GhidraScript)  
INFO  DumpDecomp.java> KARMAHDR: calling conventions {unknown=11} (GhidraScript)  
INFO  DumpDecomp.java> KARMAHDR: __regparm -> __cdecl on 11 function(s), 0 refused (GhidraScript)  
INFO  DumpDecomp.java> DONE McdGjkRegistration.o (GhidraScript)  
INFO  ANALYZING changes made by post scripts: file:///home/ion/tools/karma-lab/allobj/McdGjkRegistration.o?MD5=de0491e5580d8f2931c07e16a1ae4838 (HeadlessAnalyzer)  
INFO  REPORT: Post-analysis succeeded for file: file:///home/ion/tools/karma-lab/allobj/McdGjkRegistration.o?MD5=de0491e5580d8f2931c07e16a1ae4838 (HeadlessAnalyzer)  
INFO  /allobj/McdGjkRegistration.o: file created (ion) (LocalFileSystem)  
INFO  REPORT: Save succeeded for: /allobj/McdGjkRegistration.o (Proj:/allobj/McdGjkRegistration.o) (HeadlessAnalyzer)  
INFO  REPORT: Import succeeded (HeadlessAnalyzer)  
INFO  IMPORTING: file:///home/ion/tools/karma-lab/allobj/IxBoxCylinder.o?MD5=7d9d32520d7f55640ce624ac3be052b0 (HeadlessAnalyzer)  
INFO  Using Loader: Executable and Linking Format (ELF) (ProgramLoader)  
INFO  Using Language/Compiler: x86:LE:32:default:gcc (ProgramLoader)  
INFO  Using Library Search Path: [., /bin, /lib, /lib64, /lib/x86_64-linux-gnu, /lib/aarch64-linux-gnu, /usr/bin, /usr/lib, /usr/X11R6/bin, /usr/X11R6/lib, /usr/java/packages/lib, /usr/lib/x86_64-linux-gnu/jni, /usr/lib/x86_64-linux-gnu, /usr/lib/jni] (ProgramLoader)  
INFO  Additional info:
Loading file:///home/ion/tools/karma-lab/allobj/IxBoxCylinder.o?MD5=7d9d32520d7f55640ce624ac3be052b0...
Skipping section [.data] with invalid size 0x0
Skipping section [.bss] with invalid size 0x0
------------------------------------------------

 (ProgramLoader)  
INFO  IMPORTING: Loaded 0 additional files (HeadlessAnalyzer)  
INFO  REPORT: Execute script: ParseKarmaHeaders.java  (HeadlessAnalyzer)  
INFO  SCRIPT: /home/ion/tools/karma-lab/gscripts/ParseKarmaHeaders.java (HeadlessAnalyzer)  
INFO  ParseKarmaHeaders.java> KARMAOPT: KD_GHIDRA_OPTS not set, analyzer options untouched (GhidraScript)  
INFO  parse /home/ion/tools/karma-lab/kd_protos10.h (CParserUtils)  
INFO  ParseKarmaHeaders.java> KARMAHDR: parsed FunctionDefinitions=2700 (GhidraScript)  
INFO  ParseKarmaHeaders.java> KARMAHDR: signatures applied -- defined=11 imported=8 failed=0 (GhidraScript)  
INFO  ANALYZING all memory and code: file:///home/ion/tools/karma-lab/allobj/IxBoxCylinder.o?MD5=7d9d32520d7f55640ce624ac3be052b0 (HeadlessAnalyzer)  
WARN  Mismatched DWARF Attribute and Form: DW_AT_macro_info->DW_FORM_data4 (DWARFAbbreviation)  
INFO  Added 1058 source map entries (DWARFImporter)  
INFO  DWARF ver[2], 1 compUnits, 6261 DIES, import - total elapsed: 56ms (DWARFImportSummary)  
INFO  DWARF data type import - elapsed: 37ms (DWARFImportSummary)  
INFO  DWARF func & symbol import - elapsed: 10ms (DWARFImportSummary)  
INFO  DWARF types imported: 179 (DWARFImportSummary)  
INFO  DWARF compile dirs: [/home/icculus/projects/UT2-Code/karma/Mcd/src/primitives] (DWARFImportSummary)  
INFO  DWARF producers: [GNU C++ 3.2.3 20030422 (Gentoo Linux 1.4 3.2.3-r4, propolice)] (DWARFImportSummary)  
INFO  DWARF source languages: [DW_LANG_C_plus_plus] (DWARFImportSummary)  
INFO  DWARF compUnit: IxBoxCylinder.cpp (DWARFImportSummary)  
ERROR DWARF un-recoverable expressions: (DWARFImportSummary)  
ERROR   DW_OP_reg12 -> 8 (DWARFImportSummary)  
ERROR   DW_OP_reg13 -> 3 (DWARFImportSummary)  
ERROR   DW_OP_reg11 -> 8 (DWARFImportSummary)  
ERROR   DW_OP_reg3 -> 7 (DWARFImportSummary)  
ERROR   DW_OP_reg1 -> 5 (DWARFImportSummary)  
ERROR   DW_OP_reg0 -> 5 (DWARFImportSummary)  
ERROR   DW_OP_reg2 -> 5 (DWARFImportSummary)  
ERROR   DW_OP_reg14 -> 3 (DWARFImportSummary)  
ERROR   DW_OP_reg7 -> 4 (DWARFImportSummary)  
ERROR   DW_OP_reg15 -> 3 (DWARFImportSummary)  
ERROR   DW_OP_reg16 -> 1 (DWARFImportSummary)  
ERROR   DW_OP_reg6 -> 6 (DWARFImportSummary)  
INFO  Applied data type archive: generic_clib (ApplyDataArchiveAnalyzer)  
INFO  -----------------------------------------------------
    ASCII Strings                              0.001 secs
    Apply Data Archives                        0.047 secs
    Call Convention ID                         0.899 secs
    Call-Fixup Installer                       0.000 secs
    Create Address Tables                      0.002 secs
    Create Function                            0.000 secs
    DWARF                                      0.060 secs
    Data Reference                             0.001 secs
    Decompiler Switch Analysis                 0.001 secs
    Demangler GNU                              0.003 secs
    Disassemble Entry Points                   0.028 secs
    ELF Scalar Operand References              0.025 secs
    Embedded Media                             0.001 secs
    External Entry References                  0.000 secs
    Function ID                                0.010 secs
    Function Start Pre Search                  0.002 secs
    Function Start Search                      0.003 secs
    Function Start Search After Code           0.000 secs
    Function Start Search After Data           0.001 secs
    GCC Exception Handlers                     0.003 secs
    Non-Returning Functions - Discovered       0.001 secs
    Non-Returning Functions - Known            0.001 secs
    Reference                                  0.001 secs
    Shared Return Calls                        0.001 secs
    Stack                                      0.122 secs
    Subroutine References                      0.000 secs
    X86 Function Callee Purge                  0.002 secs
    x86 Constant Reference Analyzer            0.038 secs
-----------------------------------------------------
     Total Time   1 secs
-----------------------------------------------------
 (AutoAnalysisManager)  
INFO  REPORT: Analysis succeeded for file: file:///home/ion/tools/karma-lab/allobj/IxBoxCylinder.o?MD5=7d9d32520d7f55640ce624ac3be052b0 (HeadlessAnalyzer)  
INFO  REPORT: Execute script: DumpDecomp.java  (HeadlessAnalyzer)  
INFO  SCRIPT: /home/ion/tools/karma-lab/gscripts/DumpDecomp.java (HeadlessAnalyzer)  
INFO  DumpDecomp.java> OVERRIDES applied: 0 (GhidraScript)  
INFO  DumpDecomp.java> VTABLE: IxBoxCylinder.o rows=0 applied=0 no-prototype=0 not-in-a-function=0 refused=0 (GhidraScript)  
INFO  DumpDecomp.java> KARMAHDR: calling conventions {__cdecl=5, unknown=11} (GhidraScript)  
INFO  DumpDecomp.java> KARMAHDR: __regparm -> __cdecl on 11 function(s), 0 refused (GhidraScript)  
INFO  DumpDecomp.java> DONE IxBoxCylinder.o (GhidraScript)  
INFO  ANALYZING changes made by post scripts: file:///home/ion/tools/karma-lab/allobj/IxBoxCylinder.o?MD5=7d9d32520d7f55640ce624ac3be052b0 (HeadlessAnalyzer)  
INFO  REPORT: Post-analysis succeeded for file: file:///home/ion/tools/karma-lab/allobj/IxBoxCylinder.o?MD5=7d9d32520d7f55640ce624ac3be052b0 (HeadlessAnalyzer)  
INFO  /allobj/IxBoxCylinder.o: file created (ion) (LocalFileSystem)  
INFO  REPORT: Save succeeded for: /allobj/IxBoxCylinder.o (Proj:/allobj/IxBoxCylinder.o) (HeadlessAnalyzer)  
INFO  REPORT: Import succeeded (HeadlessAnalyzer)  
INFO  IMPORTING: file:///home/ion/tools/karma-lab/allobj/McdGjk.o?MD5=45deb5f8c57da5c1f209a03d6fbc8be5 (HeadlessAnalyzer)  
INFO  Using Loader: Executable and Linking Format (ELF) (ProgramLoader)  
INFO  Using Language/Compiler: x86:LE:32:default:gcc (ProgramLoader)  
INFO  Using Library Search Path: [., /bin, /lib, /lib64, /lib/x86_64-linux-gnu, /lib/aarch64-linux-gnu, /usr/bin, /usr/lib, /usr/X11R6/bin, /usr/X11R6/lib, /usr/java/packages/lib, /usr/lib/x86_64-linux-gnu/jni, /usr/lib/x86_64-linux-gnu, /usr/lib/jni] (ProgramLoader)  
ERROR EXTERNAL Data ELF Relocation with offset: at 00010110 (External Location = MePoolFixedAPI+0xc) (ElfRelocationHandler)  
ERROR EXTERNAL Data ELF Relocation with offset: at 000101ea (External Location = MePoolFixedAPI+0x10) (ElfRelocationHandler)  
INFO  Additional info:
Loading file:///home/ion/tools/karma-lab/allobj/McdGjk.o?MD5=45deb5f8c57da5c1f209a03d6fbc8be5...
Skipping section [.bss] with invalid size 0x0
------------------------------------------------

 (ProgramLoader)  
INFO  IMPORTING: Loaded 0 additional files (HeadlessAnalyzer)  
INFO  REPORT: Execute script: ParseKarmaHeaders.java  (HeadlessAnalyzer)  
INFO  SCRIPT: /home/ion/tools/karma-lab/gscripts/ParseKarmaHeaders.java (HeadlessAnalyzer)  
INFO  ParseKarmaHeaders.java> KARMAOPT: KD_GHIDRA_OPTS not set, analyzer options untouched (GhidraScript)  
INFO  parse /home/ion/tools/karma-lab/kd_protos10.h (CParserUtils)  
INFO  ParseKarmaHeaders.java> KARMAHDR: parsed FunctionDefinitions=2700 (GhidraScript)  
INFO  ParseKarmaHeaders.java> KARMAHDR: signatures applied -- defined=21 imported=8 failed=0 (GhidraScript)  
INFO  ANALYZING all memory and code: file:///home/ion/tools/karma-lab/allobj/McdGjk.o?MD5=45deb5f8c57da5c1f209a03d6fbc8be5 (HeadlessAnalyzer)  
WARN  Mismatched DWARF Attribute and Form: DW_AT_macro_info->DW_FORM_data4 (DWARFAbbreviation)  
INFO  Added 713 source map entries (DWARFImporter)  
INFO  DWARF ver[2], 1 compUnits, 1725 DIES, import - total elapsed: 45ms (DWARFImportSummary)  
INFO  DWARF data type import - elapsed: 12ms (DWARFImportSummary)  
INFO  DWARF func & symbol import - elapsed: 26ms (DWARFImportSummary)  
INFO  DWARF types imported: 190 (DWARFImportSummary)  
INFO  DWARF compile dirs: [/home/icculus/projects/UT2-Code/karma/Mcd/src/convex] (DWARFImportSummary)  
INFO  DWARF producers: [GNU C++ 3.2.3 20030422 (Gentoo Linux 1.4 3.2.3-r4, propolice)] (DWARFImportSummary)  
INFO  DWARF source languages: [DW_LANG_C_plus_plus] (DWARFImportSummary)  
INFO  DWARF compUnit: ../gjk/McdGjk.cpp (DWARFImportSummary)  
ERROR DWARF un-recoverable expressions: (DWARFImportSummary)  
ERROR   DW_OP_reg12 -> 3 (DWARFImportSummary)  
ERROR   DW_OP_reg11 -> 3 (DWARFImportSummary)  
ERROR   DW_OP_reg1 -> 5 (DWARFImportSummary)  
ERROR   DW_OP_reg2 -> 7 (DWARFImportSummary)  
ERROR   DW_OP_reg14 -> 1 (DWARFImportSummary)  
ERROR   DW_OP_reg7 -> 11 (DWARFImportSummary)  
ERROR   DW_OP_reg15 -> 2 (DWARFImportSummary)  
ERROR   DW_OP_reg13 -> 3 (DWARFImportSummary)  
ERROR   DW_OP_reg3 -> 12 (DWARFImportSummary)  
ERROR   DW_OP_reg0 -> 4 (DWARFImportSummary)  
ERROR   DW_OP_reg16 -> 1 (DWARFImportSummary)  
ERROR   DW_OP_reg17 -> 1 (DWARFImportSummary)  
ERROR   DW_OP_reg6 -> 13 (DWARFImportSummary)  
INFO  Applied data type archive: generic_clib (ApplyDataArchiveAnalyzer)  
INFO  -----------------------------------------------------
    ASCII Strings                              0.000 secs
    Apply Data Archives                        0.043 secs
    Call Convention ID                         2.076 secs
    Call-Fixup Installer                       0.000 secs
    Create Address Tables                      0.001 secs
    Create Function                            0.001 secs
    DWARF                                      0.048 secs
    Data Reference                             0.002 secs
    Decompiler Switch Analysis                 0.000 secs
    Demangler GNU                              0.004 secs
    Disassemble Entry Points                   0.017 secs
    ELF Scalar Operand References              0.011 secs
    Embedded Media                             0.001 secs
    External Entry References                  0.000 secs
    Function ID                                0.008 secs
    Function Start Pre Search                  0.001 secs
    Function Start Search                      0.002 secs
    Function Start Search After Code           0.000 secs
    Function Start Search After Data           0.000 secs
    GCC Exception Handlers                     0.005 secs
    Non-Returning Functions - Discovered       0.001 secs
    Non-Returning Functions - Known            0.000 secs
    Reference                                  0.000 secs
    Shared Return Calls                        0.001 secs
    Stack                                      0.042 secs
    Subroutine References                      0.000 secs
    X86 Function Callee Purge                  0.001 secs
    x86 Constant Reference Analyzer            0.024 secs
-----------------------------------------------------
     Total Time   2 secs
-----------------------------------------------------
 (AutoAnalysisManager)  
INFO  REPORT: Analysis succeeded for file: file:///home/ion/tools/karma-lab/allobj/McdGjk.o?MD5=45deb5f8c57da5c1f209a03d6fbc8be5 (HeadlessAnalyzer)  
INFO  REPORT: Execute script: DumpDecomp.java  (HeadlessAnalyzer)  
INFO  SCRIPT: /home/ion/tools/karma-lab/gscripts/DumpDecomp.java (HeadlessAnalyzer)  
INFO  DumpDecomp.java> OVERRIDES applied: 0 (GhidraScript)  
INFO  DumpDecomp.java> VTABLE: McdGjk.o rows=3 applied=3 no-prototype=0 not-in-a-function=0 refused=0 (GhidraScript)  
INFO  DumpDecomp.java> KARMAHDR: calling conventions {__cdecl=18, unknown=12} (GhidraScript)  
INFO  DumpDecomp.java> KARMAHDR: __regparm -> __cdecl on 12 function(s), 0 refused (GhidraScript)  
INFO  DumpDecomp.java> DONE McdGjk.o (GhidraScript)  
INFO  ANALYZING changes made by post scripts: file:///home/ion/tools/karma-lab/allobj/McdGjk.o?MD5=45deb5f8c57da5c1f209a03d6fbc8be5 (HeadlessAnalyzer)  
INFO  REPORT: Post-analysis succeeded for file: file:///home/ion/tools/karma-lab/allobj/McdGjk.o?MD5=45deb5f8c57da5c1f209a03d6fbc8be5 (HeadlessAnalyzer)  
INFO  /allobj/McdGjk.o: file created (ion) (LocalFileSystem)  
INFO  REPORT: Save succeeded for: /allobj/McdGjk.o (Proj:/allobj/McdGjk.o) (HeadlessAnalyzer)  
INFO  REPORT: Import succeeded (HeadlessAnalyzer)  
INFO  IMPORTING: file:///home/ion/tools/karma-lab/allobj/MdtUtils.o?MD5=b2347acd59966a9b0c9a63d667a8968b (HeadlessAnalyzer)  
INFO  Using Loader: Executable and Linking Format (ELF) (ProgramLoader)  
INFO  Using Language/Compiler: x86:LE:32:default:gcc (ProgramLoader)  
INFO  Using Library Search Path: [., /bin, /lib, /lib64, /lib/x86_64-linux-gnu, /lib/aarch64-linux-gnu, /usr/bin, /usr/lib, /usr/X11R6/bin, /usr/X11R6/lib, /usr/java/packages/lib, /usr/lib/x86_64-linux-gnu/jni, /usr/lib/x86_64-linux-gnu, /usr/lib/jni] (ProgramLoader)  
INFO  Additional info:
Loading file:///home/ion/tools/karma-lab/allobj/MdtUtils.o?MD5=b2347acd59966a9b0c9a63d667a8968b...
Skipping section [.data] with invalid size 0x0
Skipping section [.bss] with invalid size 0x0
------------------------------------------------

 (ProgramLoader)  
INFO  IMPORTING: Loaded 0 additional files (HeadlessAnalyzer)  
INFO  REPORT: Execute script: ParseKarmaHeaders.java  (HeadlessAnalyzer)  
INFO  SCRIPT: /home/ion/tools/karma-lab/gscripts/ParseKarmaHeaders.java (HeadlessAnalyzer)  
INFO  ParseKarmaHeaders.java> KARMAOPT: KD_GHIDRA_OPTS not set, analyzer options untouched (GhidraScript)  
INFO  parse /home/ion/tools/karma-lab/kd_protos10.h (CParserUtils)  
INFO  ParseKarmaHeaders.java> KARMAHDR: parsed FunctionDefinitions=2700 (GhidraScript)  
INFO  ParseKarmaHeaders.java> KARMAHDR: signatures applied -- defined=16 imported=5 failed=0 (GhidraScript)  
INFO  ANALYZING all memory and code: file:///home/ion/tools/karma-lab/allobj/MdtUtils.o?MD5=b2347acd59966a9b0c9a63d667a8968b (HeadlessAnalyzer)  
WARN  Mismatched DWARF Attribute and Form: DW_AT_macro_info->DW_FORM_data4 (DWARFAbbreviation)  
INFO  Added 184 source map entries (DWARFImporter)  
INFO  DWARF ver[2], 1 compUnits, 789 DIES, import - total elapsed: 20ms (DWARFImportSummary)  
INFO  DWARF data type import - elapsed: 11ms (DWARFImportSummary)  
INFO  DWARF func & symbol import - elapsed: 5ms (DWARFImportSummary)  
INFO  DWARF types imported: 128 (DWARFImportSummary)  
INFO  DWARF compile dirs: [/home/icculus/projects/UT2-Code/karma/Mdt/src] (DWARFImportSummary)  
INFO  DWARF producers: [GNU C 3.2.3 20030422 (Gentoo Linux 1.4 3.2.3-r4, propolice)] (DWARFImportSummary)  
INFO  DWARF source languages: [DW_LANG_C89] (DWARFImportSummary)  
INFO  DWARF compUnit: MdtUtils.c (DWARFImportSummary)  
ERROR DWARF un-recoverable expressions: (DWARFImportSummary)  
ERROR   DW_OP_reg12 -> 1 (DWARFImportSummary)  
ERROR   DW_OP_reg11 -> 1 (DWARFImportSummary)  
ERROR   DW_OP_reg3 -> 5 (DWARFImportSummary)  
ERROR   DW_OP_reg0 -> 5 (DWARFImportSummary)  
ERROR   DW_OP_reg1 -> 4 (DWARFImportSummary)  
ERROR   DW_OP_reg2 -> 6 (DWARFImportSummary)  
ERROR   DW_OP_reg7 -> 1 (DWARFImportSummary)  
ERROR   DW_OP_reg16 -> 1 (DWARFImportSummary)  
ERROR   DW_OP_reg6 -> 4 (DWARFImportSummary)  
INFO  Applied data type archive: generic_clib (ApplyDataArchiveAnalyzer)  
INFO  -----------------------------------------------------
    ASCII Strings                              0.000 secs
    Apply Data Archives                        0.052 secs
    Call Convention ID                         2.043 secs
    Call-Fixup Installer                       0.001 secs
    Create Address Tables                      0.001 secs
    Create Function                            0.000 secs
    DWARF                                      0.021 secs
    Data Reference                             0.001 secs
    Decompiler Switch Analysis                 0.001 secs
    Demangler GNU                              0.002 secs
    Disassemble Entry Points                   0.006 secs
    ELF Scalar Operand References              0.003 secs
    Embedded Media                             0.000 secs
    External Entry References                  0.000 secs
    Function ID                                0.004 secs
    Function Start Pre Search                  0.001 secs
    Function Start Search                      0.002 secs
    Function Start Search After Code           0.000 secs
    Function Start Search After Data           0.000 secs
    GCC Exception Handlers                     0.002 secs
    Non-Returning Functions - Discovered       0.000 secs
    Non-Returning Functions - Known            0.000 secs
    Reference                                  0.000 secs
    Shared Return Calls                        0.000 secs
    Stack                                      0.009 secs
    Subroutine References                      0.000 secs
    X86 Function Callee Purge                  0.000 secs
    x86 Constant Reference Analyzer            0.006 secs
-----------------------------------------------------
     Total Time   2 secs
-----------------------------------------------------
 (AutoAnalysisManager)  
INFO  REPORT: Analysis succeeded for file: file:///home/ion/tools/karma-lab/allobj/MdtUtils.o?MD5=b2347acd59966a9b0c9a63d667a8968b (HeadlessAnalyzer)  
INFO  REPORT: Execute script: DumpDecomp.java  (HeadlessAnalyzer)  
INFO  SCRIPT: /home/ion/tools/karma-lab/gscripts/DumpDecomp.java (HeadlessAnalyzer)  
INFO  DumpDecomp.java> OVERRIDES applied: 0 (GhidraScript)  
INFO  DumpDecomp.java> VTABLE: MdtUtils.o rows=0 applied=0 no-prototype=0 not-in-a-function=0 refused=0 (GhidraScript)  
INFO  DumpDecomp.java> KARMAHDR: calling conventions {__cdecl=11, unknown=5} (GhidraScript)  
INFO  DumpDecomp.java> KARMAHDR: __regparm -> __cdecl on 5 function(s), 0 refused (GhidraScript)  
INFO  DumpDecomp.java> DONE MdtUtils.o (GhidraScript)  
INFO  ANALYZING changes made by post scripts: file:///home/ion/tools/karma-lab/allobj/MdtUtils.o?MD5=b2347acd59966a9b0c9a63d667a8968b (HeadlessAnalyzer)  
INFO  REPORT: Post-analysis succeeded for file: file:///home/ion/tools/karma-lab/allobj/MdtUtils.o?MD5=b2347acd59966a9b0c9a63d667a8968b (HeadlessAnalyzer)  
INFO  /allobj/MdtUtils.o: file created (ion) (LocalFileSystem)  
INFO  REPORT: Save succeeded for: /allobj/MdtUtils.o (Proj:/allobj/MdtUtils.o) (HeadlessAnalyzer)  
INFO  REPORT: Import succeeded (HeadlessAnalyzer)  
INFO  IMPORTING: file:///home/ion/tools/karma-lab/allobj/keaRbdCore_unified.o?MD5=38a0e47d6ac22e3728e3130c013efc69 (HeadlessAnalyzer)  
INFO  Using Loader: Executable and Linking Format (ELF) (ProgramLoader)  
INFO  Using Language/Compiler: x86:LE:32:default:gcc (ProgramLoader)  
INFO  Using Library Search Path: [., /bin, /lib, /lib64, /lib/x86_64-linux-gnu, /lib/aarch64-linux-gnu, /usr/bin, /usr/lib, /usr/X11R6/bin, /usr/X11R6/lib, /usr/java/packages/lib, /usr/lib/x86_64-linux-gnu/jni, /usr/lib/x86_64-linux-gnu, /usr/lib/jni] (ProgramLoader)  
ERROR EXTERNAL Data ELF Relocation with offset: at 00010015 (External Location = _ZTV20keaFunctions_Vanilla+0x8) (ElfRelocationHandler)  
ERROR EXTERNAL Data ELF Relocation with offset: at 000102bd (External Location = _ZTV26keaMatrix_pcSparse_vanilla+0x8) (ElfRelocationHandler)  
ERROR EXTERNAL Data ELF Relocation with offset: at 000102c3 (External Location = _ZTV26keaMatrix_pcSparse_vanilla+0x8) (ElfRelocationHandler)  
INFO  Additional info:
Loading file:///home/ion/tools/karma-lab/allobj/keaRbdCore_unified.o?MD5=38a0e47d6ac22e3728e3130c013efc69...
Skipping section [.data] with invalid size 0x0
------------------------------------------------

 (ProgramLoader)  
INFO  IMPORTING: Loaded 0 additional files (HeadlessAnalyzer)  
INFO  REPORT: Execute script: ParseKarmaHeaders.java  (HeadlessAnalyzer)  
INFO  SCRIPT: /home/ion/tools/karma-lab/gscripts/ParseKarmaHeaders.java (HeadlessAnalyzer)  
INFO  ParseKarmaHeaders.java> KARMAOPT: KD_GHIDRA_OPTS not set, analyzer options untouched (GhidraScript)  
INFO  parse /home/ion/tools/karma-lab/kd_protos10.h (CParserUtils)  
INFO  ParseKarmaHeaders.java> KARMAHDR: parsed FunctionDefinitions=2700 (GhidraScript)  
INFO  ParseKarmaHeaders.java> KARMAHDR: signatures applied -- defined=9 imported=7 failed=0 (GhidraScript)  
INFO  ANALYZING all memory and code: file:///home/ion/tools/karma-lab/allobj/keaRbdCore_unified.o?MD5=38a0e47d6ac22e3728e3130c013efc69 (HeadlessAnalyzer)  
WARN  Mismatched DWARF Attribute and Form: DW_AT_macro_info->DW_FORM_data4 (DWARFAbbreviation)  
INFO  Added 153 source map entries (DWARFImporter)  
INFO  DWARF ver[2], 1 compUnits, 593 DIES, import - total elapsed: 9ms (DWARFImportSummary)  
INFO  DWARF data type import - elapsed: 4ms (DWARFImportSummary)  
INFO  DWARF func & symbol import - elapsed: 3ms (DWARFImportSummary)  
INFO  DWARF types imported: 73 (DWARFImportSummary)  
INFO  DWARF compile dirs: [/home/icculus/projects/UT2-Code/karma/MdtKea/src] (DWARFImportSummary)  
INFO  DWARF producers: [GNU C++ 3.2.3 20030422 (Gentoo Linux 1.4 3.2.3-r4, propolice)] (DWARFImportSummary)  
INFO  DWARF source languages: [DW_LANG_C_plus_plus] (DWARFImportSummary)  
INFO  DWARF compUnit: keaRbdCore_unified.cpp (DWARFImportSummary)  
ERROR DWARF un-recoverable expressions: (DWARFImportSummary)  
ERROR   DW_OP_reg3 -> 2 (DWARFImportSummary)  
ERROR   DW_OP_reg2 -> 1 (DWARFImportSummary)  
ERROR   DW_OP_reg7 -> 1 (DWARFImportSummary)  
ERROR   DW_OP_reg6 -> 1 (DWARFImportSummary)  
INFO  Applied data type archive: generic_clib (ApplyDataArchiveAnalyzer)  
WARN  Unable to fully apply external demangled Address Table at 00011000: keaFunctions_Vanilla::vtable (DemangledAddressTable)  
WARN  Unable to fully apply external demangled Address Table at 00011014: keaMatrix_pcSparse_vanilla::vtable (DemangledAddressTable)  
INFO  REPORT: Analysis succeeded for file: file:///home/ion/tools/karma-lab/allobj/keaRbdCore_unified.o?MD5=38a0e47d6ac22e3728e3130c013efc69 (HeadlessAnalyzer)  
INFO  REPORT: Execute script: DumpDecomp.java  (HeadlessAnalyzer)  
INFO  SCRIPT: /home/ion/tools/karma-lab/gscripts/DumpDecomp.java (HeadlessAnalyzer)  
INFO  DumpDecomp.java> OVERRIDES applied: 0 (GhidraScript)  
INFO  DumpDecomp.java> VTABLE: keaRbdCore_unified.o rows=10 applied=10 no-prototype=0 not-in-a-function=0 refused=0 (GhidraScript)  
INFO  DumpDecomp.java> KARMAHDR: calling conventions {unknown=11} (GhidraScript)  
INFO  DumpDecomp.java> KARMAHDR: __regparm -> __cdecl on 11 function(s), 0 refused (GhidraScript)  
INFO  DumpDecomp.java> DONE keaRbdCore_unified.o (GhidraScript)  
INFO  ANALYZING changes made by post scripts: file:///home/ion/tools/karma-lab/allobj/keaRbdCore_unified.o?MD5=38a0e47d6ac22e3728e3130c013efc69 (HeadlessAnalyzer)  
INFO  REPORT: Post-analysis succeeded for file: file:///home/ion/tools/karma-lab/allobj/keaRbdCore_unified.o?MD5=38a0e47d6ac22e3728e3130c013efc69 (HeadlessAnalyzer)  
INFO  /allobj/keaRbdCore_unified.o: file created (ion) (LocalFileSystem)  
INFO  REPORT: Save succeeded for: /allobj/keaRbdCore_unified.o (Proj:/allobj/keaRbdCore_unified.o) (HeadlessAnalyzer)  
INFO  REPORT: Import succeeded (HeadlessAnalyzer)  
INFO  IMPORTING: file:///home/ion/tools/karma-lab/allobj/MeDebugDraw.o?MD5=b65a12b7b1c1671729575595bce6ab34 (HeadlessAnalyzer)  
INFO  Using Loader: Executable and Linking Format (ELF) (ProgramLoader)  
INFO  Using Language/Compiler: x86:LE:32:default:gcc (ProgramLoader)  
INFO  Using Library Search Path: [., /bin, /lib, /lib64, /lib/x86_64-linux-gnu, /lib/aarch64-linux-gnu, /usr/bin, /usr/lib, /usr/X11R6/bin, /usr/X11R6/lib, /usr/java/packages/lib, /usr/lib/x86_64-linux-gnu/jni, /usr/lib/x86_64-linux-gnu, /usr/lib/jni] (ProgramLoader)  
INFO  Additional info:
Loading file:///home/ion/tools/karma-lab/allobj/MeDebugDraw.o?MD5=b65a12b7b1c1671729575595bce6ab34...
Skipping section [.bss] with invalid size 0x0
------------------------------------------------

 (ProgramLoader)  
INFO  IMPORTING: Loaded 0 additional files (HeadlessAnalyzer)  
INFO  REPORT: Execute script: ParseKarmaHeaders.java  (HeadlessAnalyzer)  
INFO  SCRIPT: /home/ion/tools/karma-lab/gscripts/ParseKarmaHeaders.java (HeadlessAnalyzer)  
INFO  ParseKarmaHeaders.java> KARMAOPT: KD_GHIDRA_OPTS not set, analyzer options untouched (GhidraScript)  
INFO  parse /home/ion/tools/karma-lab/kd_protos10.h (CParserUtils)  
INFO  ParseKarmaHeaders.java> KARMAHDR: parsed FunctionDefinitions=2700 (GhidraScript)  
INFO  ParseKarmaHeaders.java> KARMAHDR: signatures applied -- defined=1 imported=1 failed=0 (GhidraScript)  
INFO  ANALYZING all memory and code: file:///home/ion/tools/karma-lab/allobj/MeDebugDraw.o?MD5=b65a12b7b1c1671729575595bce6ab34 (HeadlessAnalyzer)  
WARN  Mismatched DWARF Attribute and Form: DW_AT_macro_info->DW_FORM_data4 (DWARFAbbreviation)  
INFO  Added 6 source map entries (DWARFImporter)  
INFO  DWARF ver[2], 1 compUnits, 42 DIES, import - total elapsed: 3ms (DWARFImportSummary)  
INFO  DWARF data type import - elapsed: 1ms (DWARFImportSummary)  
INFO  DWARF func & symbol import - elapsed: 1ms (DWARFImportSummary)  
INFO  DWARF types imported: 12 (DWARFImportSummary)  
INFO  DWARF compile dirs: [/home/icculus/projects/UT2-Code/karma/MeGlobals/src] (DWARFImportSummary)  
INFO  DWARF producers: [GNU C 3.2.3 20030422 (Gentoo Linux 1.4 3.2.3-r4, propolice)] (DWARFImportSummary)  
INFO  DWARF source languages: [DW_LANG_C89] (DWARFImportSummary)  
INFO  DWARF compUnit: MeDebugDraw.c (DWARFImportSummary)  
INFO  Applied data type archive: generic_clib (ApplyDataArchiveAnalyzer)  
INFO  REPORT: Analysis succeeded for file: file:///home/ion/tools/karma-lab/allobj/MeDebugDraw.o?MD5=b65a12b7b1c1671729575595bce6ab34 (HeadlessAnalyzer)  
INFO  REPORT: Execute script: DumpDecomp.java  (HeadlessAnalyzer)  
INFO  SCRIPT: /home/ion/tools/karma-lab/gscripts/DumpDecomp.java (HeadlessAnalyzer)  
INFO  DumpDecomp.java> OVERRIDES applied: 0 (GhidraScript)  
INFO  DumpDecomp.java> VTABLE: MeDebugDraw.o rows=0 applied=0 no-prototype=0 not-in-a-function=0 refused=0 (GhidraScript)  
INFO  DumpDecomp.java> KARMAHDR: calling conventions {unknown=2} (GhidraScript)  
INFO  DumpDecomp.java> KARMAHDR: __regparm -> __cdecl on 2 function(s), 0 refused (GhidraScript)  
INFO  DumpDecomp.java> DONE MeDebugDraw.o (GhidraScript)  
INFO  ANALYZING changes made by post scripts: file:///home/ion/tools/karma-lab/allobj/MeDebugDraw.o?MD5=b65a12b7b1c1671729575595bce6ab34 (HeadlessAnalyzer)  
INFO  REPORT: Post-analysis succeeded for file: file:///home/ion/tools/karma-lab/allobj/MeDebugDraw.o?MD5=b65a12b7b1c1671729575595bce6ab34 (HeadlessAnalyzer)  
INFO  /allobj/MeDebugDraw.o: file created (ion) (LocalFileSystem)  
INFO  REPORT: Save succeeded for: /allobj/MeDebugDraw.o (Proj:/allobj/MeDebugDraw.o) (HeadlessAnalyzer)  
INFO  REPORT: Import succeeded (HeadlessAnalyzer)  
INFO  IMPORTING: file:///home/ion/tools/karma-lab/allobj/MeMemory.o?MD5=42c8c01398e5373c6f9c00b8a4efc20a (HeadlessAnalyzer)  
INFO  Using Loader: Executable and Linking Format (ELF) (ProgramLoader)  
INFO  Using Language/Compiler: x86:LE:32:default:gcc (ProgramLoader)  
INFO  Using Library Search Path: [., /bin, /lib, /lib64, /lib/x86_64-linux-gnu, /lib/aarch64-linux-gnu, /usr/bin, /usr/lib, /usr/X11R6/bin, /usr/X11R6/lib, /usr/java/packages/lib, /usr/lib/x86_64-linux-gnu/jni, /usr/lib/x86_64-linux-gnu, /usr/lib/jni] (ProgramLoader)  
INFO  Additional info:
Loading file:///home/ion/tools/karma-lab/allobj/MeMemory.o?MD5=42c8c01398e5373c6f9c00b8a4efc20a...
Skipping section [.bss] with invalid size 0x0
------------------------------------------------

 (ProgramLoader)  
INFO  IMPORTING: Loaded 0 additional files (HeadlessAnalyzer)  
INFO  REPORT: Execute script: ParseKarmaHeaders.java  (HeadlessAnalyzer)  
INFO  SCRIPT: /home/ion/tools/karma-lab/gscripts/ParseKarmaHeaders.java (HeadlessAnalyzer)  
INFO  ParseKarmaHeaders.java> KARMAOPT: KD_GHIDRA_OPTS not set, analyzer options untouched (GhidraScript)  
INFO  parse /home/ion/tools/karma-lab/kd_protos10.h (CParserUtils)  
INFO  ParseKarmaHeaders.java> KARMAHDR: parsed FunctionDefinitions=2700 (GhidraScript)  
INFO  ParseKarmaHeaders.java> KARMAHDR: signatures applied -- defined=1 imported=1 failed=0 (GhidraScript)  
INFO  ANALYZING all memory and code: file:///home/ion/tools/karma-lab/allobj/MeMemory.o?MD5=42c8c01398e5373c6f9c00b8a4efc20a (HeadlessAnalyzer)  
WARN  Mismatched DWARF Attribute and Form: DW_AT_macro_info->DW_FORM_data4 (DWARFAbbreviation)  
INFO  Added 27 source map entries (DWARFImporter)  
INFO  DWARF ver[2], 1 compUnits, 87 DIES, import - total elapsed: 6ms (DWARFImportSummary)  
INFO  DWARF data type import - elapsed: 2ms (DWARFImportSummary)  
INFO  DWARF func & symbol import - elapsed: 3ms (DWARFImportSummary)  
INFO  DWARF types imported: 19 (DWARFImportSummary)  
INFO  DWARF compile dirs: [/home/icculus/projects/UT2-Code/karma/MeGlobals/src] (DWARFImportSummary)  
INFO  DWARF producers: [GNU C 3.2.3 20030422 (Gentoo Linux 1.4 3.2.3-r4, propolice)] (DWARFImportSummary)  
INFO  DWARF source languages: [DW_LANG_C89] (DWARFImportSummary)  
INFO  DWARF compUnit: MeMemory.c (DWARFImportSummary)  
ERROR DWARF un-recoverable expressions: (DWARFImportSummary)  
ERROR   DW_OP_reg3 -> 1 (DWARFImportSummary)  
ERROR   DW_OP_reg0 -> 2 (DWARFImportSummary)  
ERROR   DW_OP_reg7 -> 1 (DWARFImportSummary)  
ERROR   DW_OP_reg6 -> 1 (DWARFImportSummary)  
INFO  Applied data type archive: generic_clib (ApplyDataArchiveAnalyzer)  
INFO  REPORT: Analysis succeeded for file: file:///home/ion/tools/karma-lab/allobj/MeMemory.o?MD5=42c8c01398e5373c6f9c00b8a4efc20a (HeadlessAnalyzer)  
INFO  REPORT: Execute script: DumpDecomp.java  (HeadlessAnalyzer)  
INFO  SCRIPT: /home/ion/tools/karma-lab/gscripts/DumpDecomp.java (HeadlessAnalyzer)  
INFO  DumpDecomp.java> OVERRIDES applied: 0 (GhidraScript)  
INFO  DumpDecomp.java> VTABLE: MeMemory.o rows=0 applied=0 no-prototype=0 not-in-a-function=0 refused=0 (GhidraScript)  
INFO  DumpDecomp.java> KARMAHDR: calling conventions {__cdecl=3, unknown=8} (GhidraScript)  
INFO  DumpDecomp.java> KARMAHDR: __regparm -> __cdecl on 8 function(s), 0 refused (GhidraScript)  
INFO  DumpDecomp.java> DONE MeMemory.o (GhidraScript)  
INFO  ANALYZING changes made by post scripts: file:///home/ion/tools/karma-lab/allobj/MeMemory.o?MD5=42c8c01398e5373c6f9c00b8a4efc20a (HeadlessAnalyzer)  
INFO  REPORT: Post-analysis succeeded for file: file:///home/ion/tools/karma-lab/allobj/MeMemory.o?MD5=42c8c01398e5373c6f9c00b8a4efc20a (HeadlessAnalyzer)  
INFO  /allobj/MeMemory.o: file created (ion) (LocalFileSystem)  
INFO  REPORT: Save succeeded for: /allobj/MeMemory.o (Proj:/allobj/MeMemory.o) (HeadlessAnalyzer)  
INFO  REPORT: Import succeeded (HeadlessAnalyzer)  
INFO  IMPORTING: file:///home/ion/tools/karma-lab/allobj/MdtRPROJoint.o?MD5=1b420c72707c29b5dc45dad5037f676b (HeadlessAnalyzer)  
INFO  Using Loader: Executable and Linking Format (ELF) (ProgramLoader)  
INFO  Using Language/Compiler: x86:LE:32:default:gcc (ProgramLoader)  
INFO  Using Library Search Path: [., /bin, /lib, /lib64, /lib/x86_64-linux-gnu, /lib/aarch64-linux-gnu, /usr/bin, /usr/lib, /usr/X11R6/bin, /usr/X11R6/lib, /usr/java/packages/lib, /usr/lib/x86_64-linux-gnu/jni, /usr/lib/x86_64-linux-gnu, /usr/lib/jni] (ProgramLoader)  
INFO  Additional info:
Loading file:///home/ion/tools/karma-lab/allobj/MdtRPROJoint.o?MD5=1b420c72707c29b5dc45dad5037f676b...
Skipping section [.data] with invalid size 0x0
Skipping section [.bss] with invalid size 0x0
------------------------------------------------

 (ProgramLoader)  
INFO  IMPORTING: Loaded 0 additional files (HeadlessAnalyzer)  
INFO  REPORT: Execute script: ParseKarmaHeaders.java  (HeadlessAnalyzer)  
INFO  SCRIPT: /home/ion/tools/karma-lab/gscripts/ParseKarmaHeaders.java (HeadlessAnalyzer)  
INFO  ParseKarmaHeaders.java> KARMAOPT: KD_GHIDRA_OPTS not set, analyzer options untouched (GhidraScript)  
INFO  parse /home/ion/tools/karma-lab/kd_protos10.h (CParserUtils)  
INFO  ParseKarmaHeaders.java> KARMAHDR: parsed FunctionDefinitions=2700 (GhidraScript)  
INFO  ParseKarmaHeaders.java> KARMAHDR: signatures applied -- defined=27 imported=7 failed=0 (GhidraScript)  
INFO  ANALYZING all memory and code: file:///home/ion/tools/karma-lab/allobj/MdtRPROJoint.o?MD5=1b420c72707c29b5dc45dad5037f676b (HeadlessAnalyzer)  
WARN  Mismatched DWARF Attribute and Form: DW_AT_macro_info->DW_FORM_data4 (DWARFAbbreviation)  
INFO  Added 168 source map entries (DWARFImporter)  
INFO  DWARF ver[2], 1 compUnits, 736 DIES, import - total elapsed: 16ms (DWARFImportSummary)  
INFO  DWARF data type import - elapsed: 8ms (DWARFImportSummary)  
INFO  DWARF func & symbol import - elapsed: 5ms (DWARFImportSummary)  
INFO  DWARF types imported: 123 (DWARFImportSummary)  
INFO  DWARF compile dirs: [/home/icculus/projects/UT2-Code/karma/Mdt/src] (DWARFImportSummary)  
INFO  DWARF producers: [GNU C 3.2.3 20030422 (Gentoo Linux 1.4 3.2.3-r4, propolice)] (DWARFImportSummary)  
INFO  DWARF source languages: [DW_LANG_C89] (DWARFImportSummary)  
INFO  DWARF compUnit: MdtRPROJoint.c (DWARFImportSummary)  
ERROR DWARF un-recoverable expressions: (DWARFImportSummary)  
ERROR   DW_OP_reg3 -> 3 (DWARFImportSummary)  
ERROR   DW_OP_reg1 -> 10 (DWARFImportSummary)  
ERROR   DW_OP_reg0 -> 26 (DWARFImportSummary)  
ERROR   DW_OP_reg2 -> 15 (DWARFImportSummary)  
INFO  Applied data type archive: generic_clib (ApplyDataArchiveAnalyzer)  
INFO  -----------------------------------------------------
    ASCII Strings                              0.000 secs
    Apply Data Archives                        0.041 secs
    Call Convention ID                         2.277 secs
    Call-Fixup Installer                       0.000 secs
    Create Address Tables                      0.001 secs
    Create Function                            0.000 secs
    DWARF                                      0.017 secs
    Data Reference                             0.001 secs
    Decompiler Switch Analysis                 0.000 secs
    Demangler GNU                              0.002 secs
    Disassemble Entry Points                   0.004 secs
    ELF Scalar Operand References              0.003 secs
    Embedded Media                             0.000 secs
    External Entry References                  0.000 secs
    Function ID                                0.003 secs
    Function Start Pre Search                  0.001 secs
    Function Start Search                      0.002 secs
    Function Start Search After Code           0.000 secs
    Function Start Search After Data           0.000 secs
    GCC Exception Handlers                     0.003 secs
    Non-Returning Functions - Discovered       0.000 secs
    Non-Returning Functions - Known            0.000 secs
    Reference                                  0.000 secs
    Shared Return Calls                        0.001 secs
    Stack                                      0.006 secs
    Subroutine References                      0.000 secs
    X86 Function Callee Purge                  0.000 secs
    x86 Constant Reference Analyzer            0.004 secs
-----------------------------------------------------
     Total Time   2 secs
-----------------------------------------------------
 (AutoAnalysisManager)  
INFO  REPORT: Analysis succeeded for file: file:///home/ion/tools/karma-lab/allobj/MdtRPROJoint.o?MD5=1b420c72707c29b5dc45dad5037f676b (HeadlessAnalyzer)  
INFO  REPORT: Execute script: DumpDecomp.java  (HeadlessAnalyzer)  
INFO  SCRIPT: /home/ion/tools/karma-lab/gscripts/DumpDecomp.java (HeadlessAnalyzer)  
INFO  DumpDecomp.java> OVERRIDES applied: 0 (GhidraScript)  
INFO  DumpDecomp.java> VTABLE: MdtRPROJoint.o rows=0 applied=0 no-prototype=0 not-in-a-function=0 refused=0 (GhidraScript)  
INFO  DumpDecomp.java> KARMAHDR: calling conventions {__cdecl=19, unknown=8} (GhidraScript)  
INFO  DumpDecomp.java> KARMAHDR: __regparm -> __cdecl on 8 function(s), 0 refused (GhidraScript)  
INFO  DumpDecomp.java> DONE MdtRPROJoint.o (GhidraScript)  
INFO  ANALYZING changes made by post scripts: file:///home/ion/tools/karma-lab/allobj/MdtRPROJoint.o?MD5=1b420c72707c29b5dc45dad5037f676b (HeadlessAnalyzer)  
INFO  REPORT: Post-analysis succeeded for file: file:///home/ion/tools/karma-lab/allobj/MdtRPROJoint.o?MD5=1b420c72707c29b5dc45dad5037f676b (HeadlessAnalyzer)  
INFO  /allobj/MdtRPROJoint.o: file created (ion) (LocalFileSystem)  
INFO  REPORT: Save succeeded for: /allobj/MdtRPROJoint.o (Proj:/allobj/MdtRPROJoint.o) (HeadlessAnalyzer)  
INFO  REPORT: Import succeeded (HeadlessAnalyzer)  
INFO  IMPORTING: file:///home/ion/tools/karma-lab/allobj/McdPrimitivesRegisterInteractions.o?MD5=2ba9406d9328fd995a238df9258d06b9 (HeadlessAnalyzer)  
INFO  Using Loader: Executable and Linking Format (ELF) (ProgramLoader)  
INFO  Using Language/Compiler: x86:LE:32:default:gcc (ProgramLoader)  
INFO  Using Library Search Path: [., /bin, /lib, /lib64, /lib/x86_64-linux-gnu, /lib/aarch64-linux-gnu, /usr/bin, /usr/lib, /usr/X11R6/bin, /usr/X11R6/lib, /usr/java/packages/lib, /usr/lib/x86_64-linux-gnu/jni, /usr/lib/x86_64-linux-gnu, /usr/lib/jni] (ProgramLoader)  
INFO  Additional info:
Loading file:///home/ion/tools/karma-lab/allobj/McdPrimitivesRegisterInteractions.o?MD5=2ba9406d9328fd995a238df9258d06b9...
Skipping section [.data] with invalid size 0x0
Skipping section [.bss] with invalid size 0x0
------------------------------------------------

 (ProgramLoader)  
INFO  IMPORTING: Loaded 0 additional files (HeadlessAnalyzer)  
INFO  REPORT: Execute script: ParseKarmaHeaders.java  (HeadlessAnalyzer)  
INFO  SCRIPT: /home/ion/tools/karma-lab/gscripts/ParseKarmaHeaders.java (HeadlessAnalyzer)  
INFO  ParseKarmaHeaders.java> KARMAOPT: KD_GHIDRA_OPTS not set, analyzer options untouched (GhidraScript)  
INFO  parse /home/ion/tools/karma-lab/kd_protos10.h (CParserUtils)  
INFO  ParseKarmaHeaders.java> KARMAHDR: parsed FunctionDefinitions=2700 (GhidraScript)  
INFO  ParseKarmaHeaders.java> KARMAHDR: signatures applied -- defined=20 imported=19 failed=0 (GhidraScript)  
INFO  ANALYZING all memory and code: file:///home/ion/tools/karma-lab/allobj/McdPrimitivesRegisterInteractions.o?MD5=2ba9406d9328fd995a238df9258d06b9 (HeadlessAnalyzer)  
WARN  Mismatched DWARF Attribute and Form: DW_AT_macro_info->DW_FORM_data4 (DWARFAbbreviation)  
INFO  Added 21 source map entries (DWARFImporter)  
INFO  DWARF ver[2], 1 compUnits, 590 DIES, import - total elapsed: 14ms (DWARFImportSummary)  
INFO  DWARF data type import - elapsed: 10ms (DWARFImportSummary)  
INFO  DWARF types imported: 157 (DWARFImportSummary)  
INFO  DWARF compile dirs: [/home/icculus/projects/UT2-Code/karma/Mcd/src/primitives] (DWARFImportSummary)  
INFO  DWARF producers: [GNU C++ 3.2.3 20030422 (Gentoo Linux 1.4 3.2.3-r4, propolice)] (DWARFImportSummary)  
INFO  DWARF source languages: [DW_LANG_C_plus_plus] (DWARFImportSummary)  
INFO  DWARF compUnit: McdPrimitivesRegisterInteractions.cpp (DWARFImportSummary)  
ERROR DWARF un-recoverable expressions: (DWARFImportSummary)  
ERROR   DW_OP_reg3 -> 1 (DWARFImportSummary)  
INFO  Applied data type archive: generic_clib (ApplyDataArchiveAnalyzer)  
INFO  REPORT: Analysis succeeded for file: file:///home/ion/tools/karma-lab/allobj/McdPrimitivesRegisterInteractions.o?MD5=2ba9406d9328fd995a238df9258d06b9 (HeadlessAnalyzer)  
INFO  REPORT: Execute script: DumpDecomp.java  (HeadlessAnalyzer)  
INFO  SCRIPT: /home/ion/tools/karma-lab/gscripts/DumpDecomp.java (HeadlessAnalyzer)  
WARN  Decompiling 00011024, pcode error at 00011024: Unable to disassemble EXTERNAL block location: 00011024 (DecompileCallback)  
WARN  Decompiling 00011028, pcode error at 00011028: Unable to disassemble EXTERNAL block location: 00011028 (DecompileCallback)  
WARN  Decompiling 0001102c, pcode error at 0001102c: Unable to disassemble EXTERNAL block location: 0001102c (DecompileCallback)  
WARN  Decompiling 00011044, pcode error at 00011044: Unable to disassemble EXTERNAL block location: 00011044 (DecompileCallback)  
INFO  DumpDecomp.java> OVERRIDES applied: 0 (GhidraScript)  
INFO  DumpDecomp.java> VTABLE: McdPrimitivesRegisterInteractions.o rows=0 applied=0 no-prototype=0 not-in-a-function=0 refused=0 (GhidraScript)  
INFO  DumpDecomp.java> KARMAHDR: calling conventions {__cdecl=1, unknown=19} (GhidraScript)  
INFO  DumpDecomp.java> KARMAHDR: __regparm -> __cdecl on 19 function(s), 0 refused (GhidraScript)  
INFO  DumpDecomp.java> DONE McdPrimitivesRegisterInteractions.o (GhidraScript)  
INFO  ANALYZING changes made by post scripts: file:///home/ion/tools/karma-lab/allobj/McdPrimitivesRegisterInteractions.o?MD5=2ba9406d9328fd995a238df9258d06b9 (HeadlessAnalyzer)  
INFO  REPORT: Post-analysis succeeded for file: file:///home/ion/tools/karma-lab/allobj/McdPrimitivesRegisterInteractions.o?MD5=2ba9406d9328fd995a238df9258d06b9 (HeadlessAnalyzer)  
INFO  /allobj/McdPrimitivesRegisterInteractions.o: file created (ion) (LocalFileSystem)  
INFO  REPORT: Save succeeded for: /allobj/McdPrimitivesRegisterInteractions.o (Proj:/allobj/McdPrimitivesRegisterInteractions.o) (HeadlessAnalyzer)  
INFO  REPORT: Import succeeded (HeadlessAnalyzer)  
INFO  IMPORTING: file:///home/ion/tools/karma-lab/allobj/MdtLOD.o?MD5=30e223aa2d8e8c926f150b0f17c9a628 (HeadlessAnalyzer)  
INFO  Using Loader: Executable and Linking Format (ELF) (ProgramLoader)  
INFO  Using Language/Compiler: x86:LE:32:default:gcc (ProgramLoader)  
INFO  Using Library Search Path: [., /bin, /lib, /lib64, /lib/x86_64-linux-gnu, /lib/aarch64-linux-gnu, /usr/bin, /usr/lib, /usr/X11R6/bin, /usr/X11R6/lib, /usr/java/packages/lib, /usr/lib/x86_64-linux-gnu/jni, /usr/lib/x86_64-linux-gnu, /usr/lib/jni] (ProgramLoader)  
ERROR EXTERNAL Data ELF Relocation with offset: at 000106a4 (External Location = MeMemoryAPI+0xc) (ElfRelocationHandler)  
ERROR EXTERNAL Data ELF Relocation with offset: at 000106b3 (External Location = MeMemoryAPI+0xc) (ElfRelocationHandler)  
ERROR EXTERNAL Data ELF Relocation with offset: at 000106c2 (External Location = MeMemoryAPI+0xc) (ElfRelocationHandler)  
ERROR EXTERNAL Data ELF Relocation with offset: at 000106d1 (External Location = MeMemoryAPI+0xc) (ElfRelocationHandler)  
ERROR EXTERNAL Data ELF Relocation with offset: at 000106e0 (External Location = MeMemoryAPI+0xc) (ElfRelocationHandler)  
ERROR EXTERNAL Data ELF Relocation with offset: at 000106f2 (External Location = MeMemoryAPI+0xc) (ElfRelocationHandler)  
ERROR EXTERNAL Data ELF Relocation with offset: at 00010704 (External Location = MeMemoryAPI+0xc) (ElfRelocationHandler)  
ERROR EXTERNAL Data ELF Relocation with offset: at 00010716 (External Location = MeMemoryAPI+0xc) (ElfRelocationHandler)  
ERROR EXTERNAL Data ELF Relocation with offset: at 00010728 (External Location = MeMemoryAPI+0xc) (ElfRelocationHandler)  
ERROR EXTERNAL Data ELF Relocation with offset: at 0001073a (External Location = MeMemoryAPI+0xc) (ElfRelocationHandler)  
ERROR EXTERNAL Data ELF Relocation with offset: at 0001074c (External Location = MeMemoryAPI+0xc) (ElfRelocationHandler)  
ERROR EXTERNAL Data ELF Relocation with offset: at 0001075e (External Location = MeMemoryAPI+0xc) (ElfRelocationHandler)  
ERROR EXTERNAL Data ELF Relocation with offset: at 00010794 (External Location = MeMemoryAPI+0xc) (ElfRelocationHandler)  
ERROR EXTERNAL Data ELF Relocation with offset: at 000107a3 (External Location = MeMemoryAPI+0xc) (ElfRelocationHandler)  
ERROR EXTERNAL Data ELF Relocation with offset: at 0001084f (External Location = MeMemoryAPI+0x14) (ElfRelocationHandler)  
ERROR EXTERNAL Data ELF Relocation with offset: at 000108c2 (External Location = MeMemoryAPI+0x14) (ElfRelocationHandler)  
ERROR EXTERNAL Data ELF Relocation with offset: at 00010952 (External Location = MeMemoryAPI+0x14) (ElfRelocationHandler)  
ERROR EXTERNAL Data ELF Relocation with offset: at 00010985 (External Location = MeMemoryAPI+0x14) (ElfRelocationHandler)  
ERROR EXTERNAL Data ELF Relocation with offset: at 00010a1c (External Location = MeMemoryAPI+0x14) (ElfRelocationHandler)  
ERROR EXTERNAL Data ELF Relocation with offset: at 00010e2b (External Location = MeMemoryAPI+0x14) (ElfRelocationHandler)  
ERROR EXTERNAL Data ELF Relocation with offset: at 00010e3d (External Location = MeMemoryAPI+0x14) (ElfRelocationHandler)  
ERROR EXTERNAL Data ELF Relocation with offset: at 00010eeb (External Location = MeMemoryAPI+0xc) (ElfRelocationHandler)  
ERROR EXTERNAL Data ELF Relocation with offset: at 00010f01 (External Location = MeMemoryAPI+0xc) (ElfRelocationHandler)  
ERROR EXTERNAL Data ELF Relocation with offset: at 00010fcb (External Location = MeMemoryAPI+0x14) (ElfRelocationHandler)  
INFO  Additional info:
Loading file:///home/ion/tools/karma-lab/allobj/MdtLOD.o?MD5=30e223aa2d8e8c926f150b0f17c9a628...
Skipping section [.data] with invalid size 0x0
Skipping section [.bss] with invalid size 0x0
------------------------------------------------

 (ProgramLoader)  
INFO  IMPORTING: Loaded 0 additional files (HeadlessAnalyzer)  
INFO  REPORT: Execute script: ParseKarmaHeaders.java  (HeadlessAnalyzer)  
INFO  SCRIPT: /home/ion/tools/karma-lab/gscripts/ParseKarmaHeaders.java (HeadlessAnalyzer)  
INFO  ParseKarmaHeaders.java> KARMAOPT: KD_GHIDRA_OPTS not set, analyzer options untouched (GhidraScript)  
INFO  parse /home/ion/tools/karma-lab/kd_protos10.h (CParserUtils)  
INFO  ParseKarmaHeaders.java> KARMAHDR: parsed FunctionDefinitions=2700 (GhidraScript)  
INFO  ParseKarmaHeaders.java> KARMAHDR: signatures applied -- defined=12 imported=10 failed=0 (GhidraScript)  
INFO  ANALYZING all memory and code: file:///home/ion/tools/karma-lab/allobj/MdtLOD.o?MD5=30e223aa2d8e8c926f150b0f17c9a628 (HeadlessAnalyzer)  
WARN  Mismatched DWARF Attribute and Form: DW_AT_macro_info->DW_FORM_data4 (DWARFAbbreviation)  
INFO  Added 480 source map entries (DWARFImporter)  
INFO  DWARF ver[2], 1 compUnits, 833 DIES, import - total elapsed: 17ms (DWARFImportSummary)  
INFO  DWARF data type import - elapsed: 9ms (DWARFImportSummary)  
INFO  DWARF func & symbol import - elapsed: 3ms (DWARFImportSummary)  
INFO  DWARF types imported: 149 (DWARFImportSummary)  
INFO  DWARF compile dirs: [/home/icculus/projects/UT2-Code/karma/Mdt/src] (DWARFImportSummary)  
INFO  DWARF producers: [GNU C 3.2.3 20030422 (Gentoo Linux 1.4 3.2.3-r4, propolice)] (DWARFImportSummary)  
INFO  DWARF source languages: [DW_LANG_C89] (DWARFImportSummary)  
INFO  DWARF compUnit: MdtLOD.c (DWARFImportSummary)  
ERROR DWARF un-recoverable expressions: (DWARFImportSummary)  
ERROR   DW_OP_reg13 -> 1 (DWARFImportSummary)  
ERROR   DW_OP_reg3 -> 14 (DWARFImportSummary)  
ERROR   DW_OP_reg1 -> 3 (DWARFImportSummary)  
ERROR   DW_OP_reg0 -> 9 (DWARFImportSummary)  
ERROR   DW_OP_reg2 -> 3 (DWARFImportSummary)  
ERROR   DW_OP_reg7 -> 4 (DWARFImportSummary)  
ERROR   DW_OP_reg6 -> 7 (DWARFImportSummary)  
INFO  Applied data type archive: generic_clib (ApplyDataArchiveAnalyzer)  
INFO  -----------------------------------------------------
    ASCII Strings                              0.000 secs
    Apply Data Archives                        0.051 secs
    Call Convention ID                         1.241 secs
    Call-Fixup Installer                       0.001 secs
    Create Address Tables                      0.001 secs
    Create Function                            0.001 secs
    DWARF                                      0.017 secs
    Data Reference                             0.001 secs
    Decompiler Switch Analysis                 0.000 secs
    Demangler GNU                              0.001 secs
    Disassemble Entry Points                   0.010 secs
    ELF Scalar Operand References              0.007 secs
    Embedded Media                             0.000 secs
    External Entry References                  0.000 secs
    Function ID                                0.006 secs
    Function Start Pre Search                  0.001 secs
    Function Start Search                      0.002 secs
    Function Start Search After Code           0.000 secs
    Function Start Search After Data           0.001 secs
    GCC Exception Handlers                     0.001 secs
    Non-Returning Functions - Discovered       0.000 secs
    Non-Returning Functions - Known            0.001 secs
    Reference                                  0.001 secs
    Shared Return Calls                        0.000 secs
    Stack                                      0.023 secs
    Subroutine References                      0.000 secs
    X86 Function Callee Purge                  0.000 secs
    x86 Constant Reference Analyzer            0.038 secs
-----------------------------------------------------
     Total Time   1 secs
-----------------------------------------------------
 (AutoAnalysisManager)  
INFO  REPORT: Analysis succeeded for file: file:///home/ion/tools/karma-lab/allobj/MdtLOD.o?MD5=30e223aa2d8e8c926f150b0f17c9a628 (HeadlessAnalyzer)  
INFO  REPORT: Execute script: DumpDecomp.java  (HeadlessAnalyzer)  
INFO  SCRIPT: /home/ion/tools/karma-lab/gscripts/DumpDecomp.java (HeadlessAnalyzer)  
INFO  DumpDecomp.java> OVERRIDES applied: 0 (GhidraScript)  
INFO  DumpDecomp.java> VTABLE: MdtLOD.o rows=24 applied=24 no-prototype=0 not-in-a-function=0 refused=0 (GhidraScript)  
INFO  DumpDecomp.java> KARMAHDR: calling conventions {__cdecl=6, unknown=12} (GhidraScript)  
INFO  DumpDecomp.java> KARMAHDR: __regparm -> __cdecl on 12 function(s), 0 refused (GhidraScript)  
INFO  DumpDecomp.java> DONE MdtLOD.o (GhidraScript)  
INFO  ANALYZING changes made by post scripts: file:///home/ion/tools/karma-lab/allobj/MdtLOD.o?MD5=30e223aa2d8e8c926f150b0f17c9a628 (HeadlessAnalyzer)  
INFO  REPORT: Post-analysis succeeded for file: file:///home/ion/tools/karma-lab/allobj/MdtLOD.o?MD5=30e223aa2d8e8c926f150b0f17c9a628 (HeadlessAnalyzer)  
INFO  /allobj/MdtLOD.o: file created (ion) (LocalFileSystem)  
INFO  REPORT: Save succeeded for: /allobj/MdtLOD.o (Proj:/allobj/MdtLOD.o) (HeadlessAnalyzer)  
INFO  REPORT: Import succeeded (HeadlessAnalyzer)  
INFO  IMPORTING: file:///home/ion/tools/karma-lab/allobj/keaCalcConstraintForces_vanilla.o?MD5=3966fbb4d62ebdb80811041cac7846d9 (HeadlessAnalyzer)  
INFO  Using Loader: Executable and Linking Format (ELF) (ProgramLoader)  
INFO  Using Language/Compiler: x86:LE:32:default:gcc (ProgramLoader)  
INFO  Using Library Search Path: [., /bin, /lib, /lib64, /lib/x86_64-linux-gnu, /lib/aarch64-linux-gnu, /usr/bin, /usr/lib, /usr/X11R6/bin, /usr/X11R6/lib, /usr/java/packages/lib, /usr/lib/x86_64-linux-gnu/jni, /usr/lib/x86_64-linux-gnu, /usr/lib/jni] (ProgramLoader)  
INFO  Additional info:
Loading file:///home/ion/tools/karma-lab/allobj/keaCalcConstraintForces_vanilla.o?MD5=3966fbb4d62ebdb80811041cac7846d9...
Skipping section [.data] with invalid size 0x0
Skipping section [.bss] with invalid size 0x0
------------------------------------------------

 (ProgramLoader)  
INFO  IMPORTING: Loaded 0 additional files (HeadlessAnalyzer)  
INFO  REPORT: Execute script: ParseKarmaHeaders.java  (HeadlessAnalyzer)  
INFO  SCRIPT: /home/ion/tools/karma-lab/gscripts/ParseKarmaHeaders.java (HeadlessAnalyzer)  
INFO  ParseKarmaHeaders.java> KARMAOPT: KD_GHIDRA_OPTS not set, analyzer options untouched (GhidraScript)  
INFO  parse /home/ion/tools/karma-lab/kd_protos10.h (CParserUtils)  
INFO  ParseKarmaHeaders.java> KARMAHDR: parsed FunctionDefinitions=2700 (GhidraScript)  
INFO  ParseKarmaHeaders.java> KARMAHDR: signatures applied -- defined=1 imported=0 failed=0 (GhidraScript)  
INFO  ANALYZING all memory and code: file:///home/ion/tools/karma-lab/allobj/keaCalcConstraintForces_vanilla.o?MD5=3966fbb4d62ebdb80811041cac7846d9 (HeadlessAnalyzer)  
WARN  Mismatched DWARF Attribute and Form: DW_AT_macro_info->DW_FORM_data4 (DWARFAbbreviation)  
INFO  Added 72 source map entries (DWARFImporter)  
INFO  DWARF ver[2], 1 compUnits, 267 DIES, import - total elapsed: 5ms (DWARFImportSummary)  
INFO  DWARF data type import - elapsed: 2ms (DWARFImportSummary)  
INFO  DWARF func & symbol import - elapsed: 2ms (DWARFImportSummary)  
INFO  DWARF types imported: 43 (DWARFImportSummary)  
INFO  DWARF compile dirs: [/home/icculus/projects/UT2-Code/karma/MdtKea/src] (DWARFImportSummary)  
INFO  DWARF producers: [GNU C++ 3.2.3 20030422 (Gentoo Linux 1.4 3.2.3-r4, propolice)] (DWARFImportSummary)  
INFO  DWARF source languages: [DW_LANG_C_plus_plus] (DWARFImportSummary)  
INFO  DWARF compUnit: keaCalcConstraintForces_vanilla.cpp (DWARFImportSummary)  
ERROR DWARF un-recoverable expressions: (DWARFImportSummary)  
ERROR   DW_OP_reg12 -> 1 (DWARFImportSummary)  
ERROR   DW_OP_reg3 -> 2 (DWARFImportSummary)  
ERROR   DW_OP_reg0 -> 1 (DWARFImportSummary)  
ERROR   DW_OP_reg1 -> 1 (DWARFImportSummary)  
ERROR   DW_OP_reg2 -> 2 (DWARFImportSummary)  
ERROR   DW_OP_reg7 -> 1 (DWARFImportSummary)  
ERROR   DW_OP_reg6 -> 1 (DWARFImportSummary)  
INFO  Applied data type archive: generic_clib (ApplyDataArchiveAnalyzer)  
INFO  REPORT: Analysis succeeded for file: file:///home/ion/tools/karma-lab/allobj/keaCalcConstraintForces_vanilla.o?MD5=3966fbb4d62ebdb80811041cac7846d9 (HeadlessAnalyzer)  
INFO  REPORT: Execute script: DumpDecomp.java  (HeadlessAnalyzer)  
INFO  SCRIPT: /home/ion/tools/karma-lab/gscripts/DumpDecomp.java (HeadlessAnalyzer)  
INFO  DumpDecomp.java> OVERRIDES applied: 0 (GhidraScript)  
INFO  DumpDecomp.java> VTABLE: keaCalcConstraintForces_vanilla.o rows=0 applied=0 no-prototype=0 not-in-a-function=0 refused=0 (GhidraScript)  
INFO  DumpDecomp.java> KARMAHDR: calling conventions {__cdecl=1, __thiscall=1} (GhidraScript)  
INFO  DumpDecomp.java> KARMAHDR: __regparm -> __cdecl on 0 function(s), 0 refused (GhidraScript)  
INFO  DumpDecomp.java> DONE keaCalcConstraintForces_vanilla.o (GhidraScript)  
INFO  ANALYZING changes made by post scripts: file:///home/ion/tools/karma-lab/allobj/keaCalcConstraintForces_vanilla.o?MD5=3966fbb4d62ebdb80811041cac7846d9 (HeadlessAnalyzer)  
INFO  REPORT: Post-analysis succeeded for file: file:///home/ion/tools/karma-lab/allobj/keaCalcConstraintForces_vanilla.o?MD5=3966fbb4d62ebdb80811041cac7846d9 (HeadlessAnalyzer)  
INFO  /allobj/keaCalcConstraintForces_vanilla.o: file created (ion) (LocalFileSystem)  
INFO  REPORT: Save succeeded for: /allobj/keaCalcConstraintForces_vanilla.o (Proj:/allobj/keaCalcConstraintForces_vanilla.o) (HeadlessAnalyzer)  
INFO  REPORT: Import succeeded (HeadlessAnalyzer)  
INFO  IMPORTING: file:///home/ion/tools/karma-lab/allobj/IxSphereTriList.o?MD5=9e165b888f9fb841b7088976734b149a (HeadlessAnalyzer)  
INFO  Using Loader: Executable and Linking Format (ELF) (ProgramLoader)  
INFO  Using Language/Compiler: x86:LE:32:default:gcc (ProgramLoader)  
INFO  Using Library Search Path: [., /bin, /lib, /lib64, /lib/x86_64-linux-gnu, /lib/aarch64-linux-gnu, /usr/bin, /usr/lib, /usr/X11R6/bin, /usr/X11R6/lib, /usr/java/packages/lib, /usr/lib/x86_64-linux-gnu/jni, /usr/lib/x86_64-linux-gnu, /usr/lib/jni] (ProgramLoader)  
INFO  Additional info:
Loading file:///home/ion/tools/karma-lab/allobj/IxSphereTriList.o?MD5=9e165b888f9fb841b7088976734b149a...
Skipping section [.data] with invalid size 0x0
Skipping section [.bss] with invalid size 0x0
------------------------------------------------

 (ProgramLoader)  
INFO  IMPORTING: Loaded 0 additional files (HeadlessAnalyzer)  
INFO  REPORT: Execute script: ParseKarmaHeaders.java  (HeadlessAnalyzer)  
INFO  SCRIPT: /home/ion/tools/karma-lab/gscripts/ParseKarmaHeaders.java (HeadlessAnalyzer)  
INFO  ParseKarmaHeaders.java> KARMAOPT: KD_GHIDRA_OPTS not set, analyzer options untouched (GhidraScript)  
INFO  parse /home/ion/tools/karma-lab/kd_protos10.h (CParserUtils)  
INFO  ParseKarmaHeaders.java> KARMAHDR: parsed FunctionDefinitions=2700 (GhidraScript)  
INFO  ParseKarmaHeaders.java> KARMAHDR: signatures applied -- defined=7 imported=5 failed=0 (GhidraScript)  
INFO  ANALYZING all memory and code: file:///home/ion/tools/karma-lab/allobj/IxSphereTriList.o?MD5=9e165b888f9fb841b7088976734b149a (HeadlessAnalyzer)  
WARN  Mismatched DWARF Attribute and Form: DW_AT_macro_info->DW_FORM_data4 (DWARFAbbreviation)  
INFO  Added 223 source map entries (DWARFImporter)  
INFO  DWARF ver[2], 1 compUnits, 2316 DIES, import - total elapsed: 21ms (DWARFImportSummary)  
INFO  DWARF data type import - elapsed: 12ms (DWARFImportSummary)  
INFO  DWARF func & symbol import - elapsed: 2ms (DWARFImportSummary)  
INFO  DWARF types imported: 188 (DWARFImportSummary)  
INFO  DWARF compile dirs: [/home/icculus/projects/UT2-Code/karma/Mcd/src/primitives] (DWARFImportSummary)  
INFO  DWARF producers: [GNU C++ 3.2.3 20030422 (Gentoo Linux 1.4 3.2.3-r4, propolice)] (DWARFImportSummary)  
INFO  DWARF source languages: [DW_LANG_C_plus_plus] (DWARFImportSummary)  
INFO  DWARF compUnit: IxSphereTriList.cpp (DWARFImportSummary)  
ERROR DWARF un-recoverable expressions: (DWARFImportSummary)  
ERROR   DW_OP_reg12 -> 1 (DWARFImportSummary)  
ERROR   DW_OP_reg13 -> 1 (DWARFImportSummary)  
ERROR   DW_OP_reg3 -> 4 (DWARFImportSummary)  
ERROR   DW_OP_reg0 -> 1 (DWARFImportSummary)  
ERROR   DW_OP_reg1 -> 2 (DWARFImportSummary)  
ERROR   DW_OP_reg2 -> 1 (DWARFImportSummary)  
ERROR   DW_OP_reg18 -> 1 (DWARFImportSummary)  
ERROR   DW_OP_reg7 -> 1 (DWARFImportSummary)  
ERROR   DW_OP_reg15 -> 2 (DWARFImportSummary)  
ERROR   DW_OP_reg16 -> 2 (DWARFImportSummary)  
ERROR   DW_OP_reg6 -> 3 (DWARFImportSummary)  
INFO  Applied data type archive: generic_clib (ApplyDataArchiveAnalyzer)  
INFO  REPORT: Analysis succeeded for file: file:///home/ion/tools/karma-lab/allobj/IxSphereTriList.o?MD5=9e165b888f9fb841b7088976734b149a (HeadlessAnalyzer)  
INFO  REPORT: Execute script: DumpDecomp.java  (HeadlessAnalyzer)  
INFO  SCRIPT: /home/ion/tools/karma-lab/gscripts/DumpDecomp.java (HeadlessAnalyzer)  
INFO  DumpDecomp.java> OVERRIDES applied: 1 (GhidraScript)  
INFO  DumpDecomp.java> VTABLE: IxSphereTriList.o rows=0 applied=0 no-prototype=0 not-in-a-function=0 refused=0 (GhidraScript)  
INFO  DumpDecomp.java> KARMAHDR: calling conventions {__cdecl=3, unknown=6} (GhidraScript)  
INFO  DumpDecomp.java> KARMAHDR: __regparm -> __cdecl on 6 function(s), 0 refused (GhidraScript)  
INFO  DumpDecomp.java> DONE IxSphereTriList.o (GhidraScript)  
INFO  ANALYZING changes made by post scripts: file:///home/ion/tools/karma-lab/allobj/IxSphereTriList.o?MD5=9e165b888f9fb841b7088976734b149a (HeadlessAnalyzer)  
INFO  REPORT: Post-analysis succeeded for file: file:///home/ion/tools/karma-lab/allobj/IxSphereTriList.o?MD5=9e165b888f9fb841b7088976734b149a (HeadlessAnalyzer)  
INFO  /allobj/IxSphereTriList.o: file created (ion) (LocalFileSystem)  
INFO  REPORT: Save succeeded for: /allobj/IxSphereTriList.o (Proj:/allobj/IxSphereTriList.o) (HeadlessAnalyzer)  
INFO  REPORT: Import succeeded (HeadlessAnalyzer)  
INFO  IMPORTING: file:///home/ion/tools/karma-lab/allobj/MdtHinge.o?MD5=c7b69c1c5d3dc389df58a78f76189343 (HeadlessAnalyzer)  
INFO  Using Loader: Executable and Linking Format (ELF) (ProgramLoader)  
INFO  Using Language/Compiler: x86:LE:32:default:gcc (ProgramLoader)  
INFO  Using Library Search Path: [., /bin, /lib, /lib64, /lib/x86_64-linux-gnu, /lib/aarch64-linux-gnu, /usr/bin, /usr/lib, /usr/X11R6/bin, /usr/X11R6/lib, /usr/java/packages/lib, /usr/lib/x86_64-linux-gnu/jni, /usr/lib/x86_64-linux-gnu, /usr/lib/jni] (ProgramLoader)  
INFO  Additional info:
Loading file:///home/ion/tools/karma-lab/allobj/MdtHinge.o?MD5=c7b69c1c5d3dc389df58a78f76189343...
Skipping section [.data] with invalid size 0x0
Skipping section [.bss] with invalid size 0x0
------------------------------------------------

 (ProgramLoader)  
INFO  IMPORTING: Loaded 0 additional files (HeadlessAnalyzer)  
INFO  REPORT: Execute script: ParseKarmaHeaders.java  (HeadlessAnalyzer)  
INFO  SCRIPT: /home/ion/tools/karma-lab/gscripts/ParseKarmaHeaders.java (HeadlessAnalyzer)  
INFO  ParseKarmaHeaders.java> KARMAOPT: KD_GHIDRA_OPTS not set, analyzer options untouched (GhidraScript)  
INFO  parse /home/ion/tools/karma-lab/kd_protos10.h (CParserUtils)  
INFO  ParseKarmaHeaders.java> KARMAHDR: parsed FunctionDefinitions=2700 (GhidraScript)  
INFO  ParseKarmaHeaders.java> KARMAHDR: signatures applied -- defined=25 imported=19 failed=0 (GhidraScript)  
INFO  ANALYZING all memory and code: file:///home/ion/tools/karma-lab/allobj/MdtHinge.o?MD5=c7b69c1c5d3dc389df58a78f76189343 (HeadlessAnalyzer)  
WARN  Mismatched DWARF Attribute and Form: DW_AT_macro_info->DW_FORM_data4 (DWARFAbbreviation)  
INFO  Added 41 source map entries (DWARFImporter)  
INFO  DWARF ver[2], 1 compUnits, 568 DIES, import - total elapsed: 12ms (DWARFImportSummary)  
INFO  DWARF data type import - elapsed: 8ms (DWARFImportSummary)  
INFO  DWARF func & symbol import - elapsed: 2ms (DWARFImportSummary)  
INFO  DWARF types imported: 128 (DWARFImportSummary)  
INFO  DWARF compile dirs: [/home/icculus/projects/UT2-Code/karma/Mdt/src] (DWARFImportSummary)  
INFO  DWARF producers: [GNU C 3.2.3 20030422 (Gentoo Linux 1.4 3.2.3-r4, propolice)] (DWARFImportSummary)  
INFO  DWARF source languages: [DW_LANG_C89] (DWARFImportSummary)  
INFO  DWARF compUnit: MdtHinge.c (DWARFImportSummary)  
ERROR DWARF un-recoverable expressions: (DWARFImportSummary)  
ERROR   DW_OP_reg3 -> 3 (DWARFImportSummary)  
ERROR   DW_OP_reg0 -> 1 (DWARFImportSummary)  
ERROR   DW_OP_reg2 -> 1 (DWARFImportSummary)  
INFO  Applied data type archive: generic_clib (ApplyDataArchiveAnalyzer)  
INFO  -----------------------------------------------------
    ASCII Strings                              0.000 secs
    Apply Data Archives                        0.071 secs
    Call Convention ID                         0.913 secs
    Call-Fixup Installer                       0.000 secs
    Create Address Tables                      0.000 secs
    Create Function                            0.000 secs
    DWARF                                      0.014 secs
    Data Reference                             0.001 secs
    Decompiler Switch Analysis                 0.000 secs
    Demangler GNU                              0.001 secs
    Disassemble Entry Points                   0.001 secs
    ELF Scalar Operand References              0.001 secs
    Embedded Media                             0.001 secs
    External Entry References                  0.000 secs
    Function ID                                0.001 secs
    Function Start Pre Search                  0.001 secs
    Function Start Search                      0.002 secs
    Function Start Search After Code           0.001 secs
    Function Start Search After Data           0.000 secs
    GCC Exception Handlers                     0.001 secs
    Non-Returning Functions - Discovered       0.000 secs
    Non-Returning Functions - Known            0.000 secs
    Reference                                  0.000 secs
    Shared Return Calls                        0.000 secs
    Stack                                      0.003 secs
    Subroutine References                      0.001 secs
    X86 Function Callee Purge                  0.000 secs
    x86 Constant Reference Analyzer            0.001 secs
-----------------------------------------------------
     Total Time   1 secs
-----------------------------------------------------
 (AutoAnalysisManager)  
INFO  REPORT: Analysis succeeded for file: file:///home/ion/tools/karma-lab/allobj/MdtHinge.o?MD5=c7b69c1c5d3dc389df58a78f76189343 (HeadlessAnalyzer)  
INFO  REPORT: Execute script: DumpDecomp.java  (HeadlessAnalyzer)  
INFO  SCRIPT: /home/ion/tools/karma-lab/gscripts/DumpDecomp.java (HeadlessAnalyzer)  
INFO  DumpDecomp.java> OVERRIDES applied: 0 (GhidraScript)  
INFO  DumpDecomp.java> VTABLE: MdtHinge.o rows=0 applied=0 no-prototype=0 not-in-a-function=0 refused=0 (GhidraScript)  
INFO  DumpDecomp.java> KARMAHDR: calling conventions {__cdecl=4, unknown=21} (GhidraScript)  
INFO  DumpDecomp.java> KARMAHDR: __regparm -> __cdecl on 21 function(s), 0 refused (GhidraScript)  
INFO  DumpDecomp.java> DONE MdtHinge.o (GhidraScript)  
INFO  ANALYZING changes made by post scripts: file:///home/ion/tools/karma-lab/allobj/MdtHinge.o?MD5=c7b69c1c5d3dc389df58a78f76189343 (HeadlessAnalyzer)  
INFO  REPORT: Post-analysis succeeded for file: file:///home/ion/tools/karma-lab/allobj/MdtHinge.o?MD5=c7b69c1c5d3dc389df58a78f76189343 (HeadlessAnalyzer)  
INFO  /allobj/MdtHinge.o: file created (ion) (LocalFileSystem)  
INFO  REPORT: Save succeeded for: /allobj/MdtHinge.o (Proj:/allobj/MdtHinge.o) (HeadlessAnalyzer)  
INFO  REPORT: Import succeeded (HeadlessAnalyzer)  
INFO  IMPORTING: file:///home/ion/tools/karma-lab/allobj/MeAssetDBXMLInput_1_0.o?MD5=45d461f28706ad83e327cfee51f03482 (HeadlessAnalyzer)  
INFO  Using Loader: Executable and Linking Format (ELF) (ProgramLoader)  
INFO  Using Language/Compiler: x86:LE:32:default:gcc (ProgramLoader)  
INFO  Using Library Search Path: [., /bin, /lib, /lib64, /lib/x86_64-linux-gnu, /lib/aarch64-linux-gnu, /usr/bin, /usr/lib, /usr/X11R6/bin, /usr/X11R6/lib, /usr/java/packages/lib, /usr/lib/x86_64-linux-gnu/jni, /usr/lib/x86_64-linux-gnu, /usr/lib/jni] (ProgramLoader)  
ERROR EXTERNAL Data ELF Relocation with offset: at 000112f5 (External Location = MeMemoryAPI+0x14) (ElfRelocationHandler)  
ERROR EXTERNAL Data ELF Relocation with offset: at 00011333 (External Location = MeMemoryAPI+0x4) (ElfRelocationHandler)  
ERROR EXTERNAL Data ELF Relocation with offset: at 00011423 (External Location = MeMemoryAPI+0x4) (ElfRelocationHandler)  
ERROR EXTERNAL Data ELF Relocation with offset: at 0001142e (External Location = MeMemoryAPI+0xc) (ElfRelocationHandler)  
ERROR EXTERNAL Data ELF Relocation with offset: at 00011546 (External Location = MeMemoryAPI+0x4) (ElfRelocationHandler)  
ERROR EXTERNAL Data ELF Relocation with offset: at 00011550 (External Location = MeMemoryAPI+0xc) (ElfRelocationHandler)  
ERROR EXTERNAL Data ELF Relocation with offset: at 000115ad (External Location = MeMemoryAPI+0x4) (ElfRelocationHandler)  
ERROR EXTERNAL Data ELF Relocation with offset: at 000115b7 (External Location = MeMemoryAPI+0xc) (ElfRelocationHandler)  
ERROR EXTERNAL Data ELF Relocation with offset: at 00011690 (External Location = MeMemoryAPI+0xc) (ElfRelocationHandler)  
ERROR EXTERNAL Data ELF Relocation with offset: at 00011699 (External Location = MeMemoryAPI+0xc) (ElfRelocationHandler)  
INFO  Additional info:
Loading file:///home/ion/tools/karma-lab/allobj/MeAssetDBXMLInput_1_0.o?MD5=45d461f28706ad83e327cfee51f03482...
Skipping section [.data] with invalid size 0x0
Skipping section [.bss] with invalid size 0x0
------------------------------------------------

 (ProgramLoader)  
INFO  IMPORTING: Loaded 0 additional files (HeadlessAnalyzer)  
INFO  REPORT: Execute script: ParseKarmaHeaders.java  (HeadlessAnalyzer)  
INFO  SCRIPT: /home/ion/tools/karma-lab/gscripts/ParseKarmaHeaders.java (HeadlessAnalyzer)  
INFO  ParseKarmaHeaders.java> KARMAOPT: KD_GHIDRA_OPTS not set, analyzer options untouched (GhidraScript)  
INFO  parse /home/ion/tools/karma-lab/kd_protos10.h (CParserUtils)  
INFO  ParseKarmaHeaders.java> KARMAHDR: parsed FunctionDefinitions=2700 (GhidraScript)  
INFO  ParseKarmaHeaders.java> KARMAHDR: signatures applied -- defined=67 imported=59 failed=0 (GhidraScript)  
INFO  ANALYZING all memory and code: file:///home/ion/tools/karma-lab/allobj/MeAssetDBXMLInput_1_0.o?MD5=45d461f28706ad83e327cfee51f03482 (HeadlessAnalyzer)  
WARN  Mismatched DWARF Attribute and Form: DW_AT_macro_info->DW_FORM_data4 (DWARFAbbreviation)  
INFO  Added 557 source map entries (DWARFImporter)  
INFO  DWARF ver[2], 1 compUnits, 1041 DIES, import - total elapsed: 20ms (DWARFImportSummary)  
INFO  DWARF data type import - elapsed: 8ms (DWARFImportSummary)  
INFO  DWARF func & symbol import - elapsed: 7ms (DWARFImportSummary)  
INFO  DWARF types imported: 142 (DWARFImportSummary)  
INFO  DWARF compile dirs: [/home/icculus/projects/UT2-Code/karma/MeAssetDBXMLIO/src] (DWARFImportSummary)  
INFO  DWARF producers: [GNU C 3.2.3 20030422 (Gentoo Linux 1.4 3.2.3-r4, propolice)] (DWARFImportSummary)  
INFO  DWARF source languages: [DW_LANG_C89] (DWARFImportSummary)  
INFO  DWARF compUnit: MeAssetDBXMLInput_1_0.c (DWARFImportSummary)  
ERROR DWARF un-recoverable expressions: (DWARFImportSummary)  
ERROR   DW_OP_reg3 -> 22 (DWARFImportSummary)  
ERROR   DW_OP_reg0 -> 30 (DWARFImportSummary)  
ERROR   DW_OP_reg7 -> 3 (DWARFImportSummary)  
ERROR   DW_OP_reg6 -> 14 (DWARFImportSummary)  
INFO  Applied data type archive: generic_clib (ApplyDataArchiveAnalyzer)  
INFO  -----------------------------------------------------
    ASCII Strings                              0.004 secs
    Apply Data Archives                        0.046 secs
    Call Convention ID                         1.620 secs
    Call-Fixup Installer                       0.001 secs
    Create Address Tables                      0.002 secs
    Create Address Tables - One Time           0.001 secs
    Create Function                            0.000 secs
    DWARF                                      0.022 secs
    Data Reference                             0.001 secs
    Decompiler Switch Analysis                 0.001 secs
    Demangler GNU                              0.003 secs
    Disassemble Entry Points                   0.016 secs
    ELF Scalar Operand References              0.010 secs
    Embedded Media                             0.001 secs
    External Entry References                  0.000 secs
    Function ID                                0.007 secs
    Function Start Pre Search                  0.001 secs
    Function Start Search                      0.002 secs
    Function Start Search After Code           0.000 secs
    Function Start Search After Data           0.000 secs
    GCC Exception Handlers                     0.003 secs
    Non-Returning Functions - Discovered       0.001 secs
    Non-Returning Functions - Known            0.001 secs
    Reference                                  0.003 secs
    Shared Return Calls                        0.001 secs
    Stack                                      0.033 secs
    Subroutine References                      0.000 secs
    X86 Function Callee Purge                  0.001 secs
    x86 Constant Reference Analyzer            0.064 secs
-----------------------------------------------------
     Total Time   1 secs
-----------------------------------------------------
 (AutoAnalysisManager)  
INFO  REPORT: Analysis succeeded for file: file:///home/ion/tools/karma-lab/allobj/MeAssetDBXMLInput_1_0.o?MD5=45d461f28706ad83e327cfee51f03482 (HeadlessAnalyzer)  
INFO  REPORT: Execute script: DumpDecomp.java  (HeadlessAnalyzer)  
INFO  SCRIPT: /home/ion/tools/karma-lab/gscripts/DumpDecomp.java (HeadlessAnalyzer)  
INFO  DumpDecomp.java> OVERRIDES applied: 0 (GhidraScript)  
INFO  DumpDecomp.java> VTABLE: MeAssetDBXMLInput_1_0.o rows=8 applied=8 no-prototype=0 not-in-a-function=0 refused=0 (GhidraScript)  
INFO  DumpDecomp.java> KARMAHDR: calling conventions {__cdecl=9, unknown=68} (GhidraScript)  
INFO  DumpDecomp.java> KARMAHDR: __regparm -> __cdecl on 68 function(s), 0 refused (GhidraScript)  
INFO  DumpDecomp.java> DONE MeAssetDBXMLInput_1_0.o (GhidraScript)  
INFO  ANALYZING changes made by post scripts: file:///home/ion/tools/karma-lab/allobj/MeAssetDBXMLInput_1_0.o?MD5=45d461f28706ad83e327cfee51f03482 (HeadlessAnalyzer)  
INFO  REPORT: Post-analysis succeeded for file: file:///home/ion/tools/karma-lab/allobj/MeAssetDBXMLInput_1_0.o?MD5=45d461f28706ad83e327cfee51f03482 (HeadlessAnalyzer)  
INFO  /allobj/MeAssetDBXMLInput_1_0.o: file created (ion) (LocalFileSystem)  
INFO  REPORT: Save succeeded for: /allobj/MeAssetDBXMLInput_1_0.o (Proj:/allobj/MeAssetDBXMLInput_1_0.o) (HeadlessAnalyzer)  
INFO  REPORT: Import succeeded (HeadlessAnalyzer)  
INFO  IMPORTING: file:///home/ion/tools/karma-lab/allobj/MeAssetDBXMLIO.o?MD5=d792f22d2f59605e6b1d2950b524950f (HeadlessAnalyzer)  
INFO  Using Loader: Executable and Linking Format (ELF) (ProgramLoader)  
INFO  Using Language/Compiler: x86:LE:32:default:gcc (ProgramLoader)  
INFO  Using Library Search Path: [., /bin, /lib, /lib64, /lib/x86_64-linux-gnu, /lib/aarch64-linux-gnu, /usr/bin, /usr/lib, /usr/X11R6/bin, /usr/X11R6/lib, /usr/java/packages/lib, /usr/lib/x86_64-linux-gnu/jni, /usr/lib/x86_64-linux-gnu, /usr/lib/jni] (ProgramLoader)  
ERROR EXTERNAL Data ELF Relocation with offset: at 000102b1 (External Location = MeMemoryAPI+0xc) (ElfRelocationHandler)  
ERROR EXTERNAL Data ELF Relocation with offset: at 000102fc (External Location = MeMemoryAPI+0xc) (ElfRelocationHandler)  
ERROR EXTERNAL Data ELF Relocation with offset: at 00010345 (External Location = MeMemoryAPI+0xc) (ElfRelocationHandler)  
ERROR EXTERNAL Data ELF Relocation with offset: at 00010356 (External Location = MeMemoryAPI+0xc) (ElfRelocationHandler)  
INFO  Additional info:
Loading file:///home/ion/tools/karma-lab/allobj/MeAssetDBXMLIO.o?MD5=d792f22d2f59605e6b1d2950b524950f...
Skipping section [.bss] with invalid size 0x0
------------------------------------------------

 (ProgramLoader)  
INFO  IMPORTING: Loaded 0 additional files (HeadlessAnalyzer)  
INFO  REPORT: Execute script: ParseKarmaHeaders.java  (HeadlessAnalyzer)  
INFO  SCRIPT: /home/ion/tools/karma-lab/gscripts/ParseKarmaHeaders.java (HeadlessAnalyzer)  
INFO  ParseKarmaHeaders.java> KARMAOPT: KD_GHIDRA_OPTS not set, analyzer options untouched (GhidraScript)  
INFO  parse /home/ion/tools/karma-lab/kd_protos10.h (CParserUtils)  
INFO  ParseKarmaHeaders.java> KARMAHDR: parsed FunctionDefinitions=2700 (GhidraScript)  
INFO  ParseKarmaHeaders.java> KARMAHDR: signatures applied -- defined=31 imported=22 failed=0 (GhidraScript)  
INFO  ANALYZING all memory and code: file:///home/ion/tools/karma-lab/allobj/MeAssetDBXMLIO.o?MD5=d792f22d2f59605e6b1d2950b524950f (HeadlessAnalyzer)  
WARN  Mismatched DWARF Attribute and Form: DW_AT_macro_info->DW_FORM_data4 (DWARFAbbreviation)  
INFO  Added 124 source map entries (DWARFImporter)  
INFO  DWARF ver[2], 1 compUnits, 594 DIES, import - total elapsed: 14ms (DWARFImportSummary)  
INFO  DWARF data type import - elapsed: 7ms (DWARFImportSummary)  
INFO  DWARF func & symbol import - elapsed: 3ms (DWARFImportSummary)  
INFO  DWARF types imported: 148 (DWARFImportSummary)  
INFO  DWARF compile dirs: [/home/icculus/projects/UT2-Code/karma/MeAssetDBXMLIO/src] (DWARFImportSummary)  
INFO  DWARF producers: [GNU C 3.2.3 20030422 (Gentoo Linux 1.4 3.2.3-r4, propolice)] (DWARFImportSummary)  
INFO  DWARF source languages: [DW_LANG_C89] (DWARFImportSummary)  
INFO  DWARF compUnit: MeAssetDBXMLIO.c (DWARFImportSummary)  
ERROR DWARF un-recoverable expressions: (DWARFImportSummary)  
ERROR   DW_OP_reg3 -> 4 (DWARFImportSummary)  
ERROR   DW_OP_reg0 -> 7 (DWARFImportSummary)  
ERROR   DW_OP_reg2 -> 3 (DWARFImportSummary)  
ERROR   DW_OP_reg7 -> 4 (DWARFImportSummary)  
ERROR   DW_OP_reg6 -> 4 (DWARFImportSummary)  
INFO  Applied data type archive: generic_clib (ApplyDataArchiveAnalyzer)  
INFO  -----------------------------------------------------
    ASCII Strings                              0.000 secs
    Apply Data Archives                        0.042 secs
    Call Convention ID                         1.366 secs
    Call-Fixup Installer                       0.000 secs
    Create Address Tables                      0.000 secs
    Create Function                            0.000 secs
    DWARF                                      0.015 secs
    Data Reference                             0.001 secs
    Decompiler Switch Analysis                 0.000 secs
    Demangler GNU                              0.002 secs
    Disassemble Entry Points                   0.004 secs
    ELF Scalar Operand References              0.002 secs
    Embedded Media                             0.001 secs
    External Entry References                  0.000 secs
    Function ID                                0.002 secs
    Function Start Pre Search                  0.000 secs
    Function Start Search                      0.002 secs
    Function Start Search After Code           0.000 secs
    Function Start Search After Data           0.001 secs
    GCC Exception Handlers                     0.002 secs
    Non-Returning Functions - Discovered       0.000 secs
    Non-Returning Functions - Known            0.000 secs
    Reference                                  0.000 secs
    Shared Return Calls                        0.000 secs
    Stack                                      0.007 secs
    Subroutine References                      0.001 secs
    X86 Function Callee Purge                  0.000 secs
    x86 Constant Reference Analyzer            0.005 secs
-----------------------------------------------------
     Total Time   1 secs
-----------------------------------------------------
 (AutoAnalysisManager)  
INFO  REPORT: Analysis succeeded for file: file:///home/ion/tools/karma-lab/allobj/MeAssetDBXMLIO.o?MD5=d792f22d2f59605e6b1d2950b524950f (HeadlessAnalyzer)  
INFO  REPORT: Execute script: DumpDecomp.java  (HeadlessAnalyzer)  
INFO  SCRIPT: /home/ion/tools/karma-lab/gscripts/DumpDecomp.java (HeadlessAnalyzer)  
INFO  DumpDecomp.java> OVERRIDES applied: 0 (GhidraScript)  
INFO  DumpDecomp.java> VTABLE: MeAssetDBXMLIO.o rows=7 applied=7 no-prototype=0 not-in-a-function=0 refused=0 (GhidraScript)  
INFO  DumpDecomp.java> KARMAHDR: calling conventions {__cdecl=6, unknown=28} (GhidraScript)  
INFO  DumpDecomp.java> KARMAHDR: __regparm -> __cdecl on 28 function(s), 0 refused (GhidraScript)  
INFO  DumpDecomp.java> DONE MeAssetDBXMLIO.o (GhidraScript)  
INFO  ANALYZING changes made by post scripts: file:///home/ion/tools/karma-lab/allobj/MeAssetDBXMLIO.o?MD5=d792f22d2f59605e6b1d2950b524950f (HeadlessAnalyzer)  
INFO  REPORT: Post-analysis succeeded for file: file:///home/ion/tools/karma-lab/allobj/MeAssetDBXMLIO.o?MD5=d792f22d2f59605e6b1d2950b524950f (HeadlessAnalyzer)  
INFO  /allobj/MeAssetDBXMLIO.o: file created (ion) (LocalFileSystem)  
INFO  REPORT: Save succeeded for: /allobj/MeAssetDBXMLIO.o (Proj:/allobj/MeAssetDBXMLIO.o) (HeadlessAnalyzer)  
INFO  REPORT: Import succeeded (HeadlessAnalyzer)  
INFO  IMPORTING: file:///home/ion/tools/karma-lab/allobj/MdtSpring6.o?MD5=e8709b74fe7c6bbf8123bf3e327193df (HeadlessAnalyzer)  
INFO  Using Loader: Executable and Linking Format (ELF) (ProgramLoader)  
INFO  Using Language/Compiler: x86:LE:32:default:gcc (ProgramLoader)  
INFO  Using Library Search Path: [., /bin, /lib, /lib64, /lib/x86_64-linux-gnu, /lib/aarch64-linux-gnu, /usr/bin, /usr/lib, /usr/X11R6/bin, /usr/X11R6/lib, /usr/java/packages/lib, /usr/lib/x86_64-linux-gnu/jni, /usr/lib/x86_64-linux-gnu, /usr/lib/jni] (ProgramLoader)  
INFO  Additional info:
Loading file:///home/ion/tools/karma-lab/allobj/MdtSpring6.o?MD5=e8709b74fe7c6bbf8123bf3e327193df...
Skipping section [.data] with invalid size 0x0
Skipping section [.bss] with invalid size 0x0
------------------------------------------------

 (ProgramLoader)  
INFO  IMPORTING: Loaded 0 additional files (HeadlessAnalyzer)  
INFO  REPORT: Execute script: ParseKarmaHeaders.java  (HeadlessAnalyzer)  
INFO  SCRIPT: /home/ion/tools/karma-lab/gscripts/ParseKarmaHeaders.java (HeadlessAnalyzer)  
INFO  ParseKarmaHeaders.java> KARMAOPT: KD_GHIDRA_OPTS not set, analyzer options untouched (GhidraScript)  
INFO  parse /home/ion/tools/karma-lab/kd_protos10.h (CParserUtils)  
INFO  ParseKarmaHeaders.java> KARMAHDR: parsed FunctionDefinitions=2700 (GhidraScript)  
INFO  ParseKarmaHeaders.java> KARMAHDR: signatures applied -- defined=26 imported=9 failed=0 (GhidraScript)  
INFO  ANALYZING all memory and code: file:///home/ion/tools/karma-lab/allobj/MdtSpring6.o?MD5=e8709b74fe7c6bbf8123bf3e327193df (HeadlessAnalyzer)  
WARN  Mismatched DWARF Attribute and Form: DW_AT_macro_info->DW_FORM_data4 (DWARFAbbreviation)  
INFO  Added 141 source map entries (DWARFImporter)  
INFO  DWARF ver[2], 1 compUnits, 651 DIES, import - total elapsed: 19ms (DWARFImportSummary)  
INFO  DWARF data type import - elapsed: 11ms (DWARFImportSummary)  
INFO  DWARF func & symbol import - elapsed: 4ms (DWARFImportSummary)  
INFO  DWARF types imported: 123 (DWARFImportSummary)  
INFO  DWARF compile dirs: [/home/icculus/projects/UT2-Code/karma/Mdt/src] (DWARFImportSummary)  
INFO  DWARF producers: [GNU C 3.2.3 20030422 (Gentoo Linux 1.4 3.2.3-r4, propolice)] (DWARFImportSummary)  
INFO  DWARF source languages: [DW_LANG_C89] (DWARFImportSummary)  
INFO  DWARF compUnit: MdtSpring6.c (DWARFImportSummary)  
ERROR DWARF un-recoverable expressions: (DWARFImportSummary)  
ERROR   DW_OP_reg3 -> 3 (DWARFImportSummary)  
ERROR   DW_OP_reg1 -> 4 (DWARFImportSummary)  
ERROR   DW_OP_reg0 -> 17 (DWARFImportSummary)  
ERROR   DW_OP_reg2 -> 13 (DWARFImportSummary)  
ERROR   DW_OP_reg6 -> 1 (DWARFImportSummary)  
INFO  Applied data type archive: generic_clib (ApplyDataArchiveAnalyzer)  
INFO  -----------------------------------------------------
    ASCII Strings                              0.000 secs
    Apply Data Archives                        0.052 secs
    Call Convention ID                         2.282 secs
    Call-Fixup Installer                       0.000 secs
    Create Address Tables                      0.000 secs
    Create Function                            0.000 secs
    DWARF                                      0.020 secs
    Data Reference                             0.001 secs
    Decompiler Switch Analysis                 0.000 secs
    Demangler GNU                              0.002 secs
    Disassemble Entry Points                   0.004 secs
    ELF Scalar Operand References              0.002 secs
    Embedded Media                             0.001 secs
    External Entry References                  0.000 secs
    Function ID                                0.003 secs
    Function Start Pre Search                  0.001 secs
    Function Start Search                      0.002 secs
    Function Start Search After Code           0.000 secs
    Function Start Search After Data           0.000 secs
    GCC Exception Handlers                     0.003 secs
    Non-Returning Functions - Discovered       0.000 secs
    Non-Returning Functions - Known            0.001 secs
    Reference                                  0.000 secs
    Shared Return Calls                        0.001 secs
    Stack                                      0.005 secs
    Subroutine References                      0.000 secs
    X86 Function Callee Purge                  0.000 secs
    x86 Constant Reference Analyzer            0.005 secs
-----------------------------------------------------
     Total Time   2 secs
-----------------------------------------------------
 (AutoAnalysisManager)  
INFO  REPORT: Analysis succeeded for file: file:///home/ion/tools/karma-lab/allobj/MdtSpring6.o?MD5=e8709b74fe7c6bbf8123bf3e327193df (HeadlessAnalyzer)  
INFO  REPORT: Execute script: DumpDecomp.java  (HeadlessAnalyzer)  
INFO  SCRIPT: /home/ion/tools/karma-lab/gscripts/DumpDecomp.java (HeadlessAnalyzer)  
INFO  DumpDecomp.java> OVERRIDES applied: 0 (GhidraScript)  
INFO  DumpDecomp.java> VTABLE: MdtSpring6.o rows=0 applied=0 no-prototype=0 not-in-a-function=0 refused=0 (GhidraScript)  
INFO  DumpDecomp.java> KARMAHDR: calling conventions {__cdecl=16, unknown=10} (GhidraScript)  
INFO  DumpDecomp.java> KARMAHDR: __regparm -> __cdecl on 10 function(s), 0 refused (GhidraScript)  
INFO  DumpDecomp.java> DONE MdtSpring6.o (GhidraScript)  
INFO  ANALYZING changes made by post scripts: file:///home/ion/tools/karma-lab/allobj/MdtSpring6.o?MD5=e8709b74fe7c6bbf8123bf3e327193df (HeadlessAnalyzer)  
INFO  REPORT: Post-analysis succeeded for file: file:///home/ion/tools/karma-lab/allobj/MdtSpring6.o?MD5=e8709b74fe7c6bbf8123bf3e327193df (HeadlessAnalyzer)  
INFO  /allobj/MdtSpring6.o: file created (ion) (LocalFileSystem)  
INFO  REPORT: Save succeeded for: /allobj/MdtSpring6.o (Proj:/allobj/MdtSpring6.o) (HeadlessAnalyzer)  
INFO  REPORT: Import succeeded (HeadlessAnalyzer)  
INFO  IMPORTING: file:///home/ion/tools/karma-lab/allobj/McdCylinder.o?MD5=b460bdabe7f93a5983d388593f379704 (HeadlessAnalyzer)  
INFO  Using Loader: Executable and Linking Format (ELF) (ProgramLoader)  
INFO  Using Language/Compiler: x86:LE:32:default:gcc (ProgramLoader)  
INFO  Using Library Search Path: [., /bin, /lib, /lib64, /lib/x86_64-linux-gnu, /lib/aarch64-linux-gnu, /usr/bin, /usr/lib, /usr/X11R6/bin, /usr/X11R6/lib, /usr/java/packages/lib, /usr/lib/x86_64-linux-gnu/jni, /usr/lib/x86_64-linux-gnu, /usr/lib/jni] (ProgramLoader)  
ERROR EXTERNAL Data ELF Relocation with offset: at 00010063 (External Location = MeMemoryAPI+0x8) (ElfRelocationHandler)  
INFO  Additional info:
Loading file:///home/ion/tools/karma-lab/allobj/McdCylinder.o?MD5=b460bdabe7f93a5983d388593f379704...
Skipping section [.data] with invalid size 0x0
Skipping section [.bss] with invalid size 0x0
------------------------------------------------

 (ProgramLoader)  
INFO  IMPORTING: Loaded 0 additional files (HeadlessAnalyzer)  
INFO  REPORT: Execute script: ParseKarmaHeaders.java  (HeadlessAnalyzer)  
INFO  SCRIPT: /home/ion/tools/karma-lab/gscripts/ParseKarmaHeaders.java (HeadlessAnalyzer)  
INFO  ParseKarmaHeaders.java> KARMAOPT: KD_GHIDRA_OPTS not set, analyzer options untouched (GhidraScript)  
INFO  parse /home/ion/tools/karma-lab/kd_protos10.h (CParserUtils)  
INFO  ParseKarmaHeaders.java> KARMAHDR: parsed FunctionDefinitions=2700 (GhidraScript)  
INFO  ParseKarmaHeaders.java> KARMAHDR: signatures applied -- defined=22 imported=5 failed=0 (GhidraScript)  
INFO  ANALYZING all memory and code: file:///home/ion/tools/karma-lab/allobj/McdCylinder.o?MD5=b460bdabe7f93a5983d388593f379704 (HeadlessAnalyzer)  
WARN  Mismatched DWARF Attribute and Form: DW_AT_macro_info->DW_FORM_data4 (DWARFAbbreviation)  
INFO  Added 320 source map entries (DWARFImporter)  
INFO  DWARF ver[2], 1 compUnits, 1933 DIES, import - total elapsed: 23ms (DWARFImportSummary)  
INFO  DWARF data type import - elapsed: 12ms (DWARFImportSummary)  
INFO  DWARF func & symbol import - elapsed: 5ms (DWARFImportSummary)  
INFO  DWARF types imported: 194 (DWARFImportSummary)  
INFO  DWARF compile dirs: [/home/icculus/projects/UT2-Code/karma/Mcd/src/primitives] (DWARFImportSummary)  
INFO  DWARF producers: [GNU C++ 3.2.3 20030422 (Gentoo Linux 1.4 3.2.3-r4, propolice)] (DWARFImportSummary)  
INFO  DWARF source languages: [DW_LANG_C_plus_plus] (DWARFImportSummary)  
INFO  DWARF compUnit: McdCylinder.cpp (DWARFImportSummary)  
ERROR DWARF un-recoverable expressions: (DWARFImportSummary)  
ERROR   DW_OP_reg12 -> 6 (DWARFImportSummary)  
ERROR   DW_OP_reg11 -> 2 (DWARFImportSummary)  
ERROR   DW_OP_reg1 -> 3 (DWARFImportSummary)  
ERROR   DW_OP_reg2 -> 7 (DWARFImportSummary)  
ERROR   DW_OP_reg14 -> 5 (DWARFImportSummary)  
ERROR   DW_OP_reg7 -> 3 (DWARFImportSummary)  
ERROR   DW_OP_reg15 -> 4 (DWARFImportSummary)  
ERROR   DW_OP_reg13 -> 3 (DWARFImportSummary)  
ERROR   DW_OP_reg3 -> 4 (DWARFImportSummary)  
ERROR   DW_OP_reg0 -> 13 (DWARFImportSummary)  
ERROR   DW_OP_reg18 -> 2 (DWARFImportSummary)  
ERROR   DW_OP_reg16 -> 2 (DWARFImportSummary)  
ERROR   DW_OP_reg17 -> 1 (DWARFImportSummary)  
ERROR   DW_OP_reg6 -> 1 (DWARFImportSummary)  
INFO  Applied data type archive: generic_clib (ApplyDataArchiveAnalyzer)  
INFO  -----------------------------------------------------
    ASCII Strings                              0.001 secs
    Apply Data Archives                        0.043 secs
    Call Convention ID                         2.282 secs
    Call-Fixup Installer                       0.000 secs
    Create Address Tables                      0.001 secs
    Create Function                            0.000 secs
    DWARF                                      0.025 secs
    Data Reference                             0.000 secs
    Decompiler Switch Analysis                 0.000 secs
    Demangler GNU                              0.003 secs
    Disassemble Entry Points                   0.007 secs
    ELF Scalar Operand References              0.003 secs
    Embedded Media                             0.001 secs
    External Entry References                  0.000 secs
    Function ID                                0.004 secs
    Function Start Pre Search                  0.001 secs
    Function Start Search                      0.002 secs
    Function Start Search After Code           0.000 secs
    Function Start Search After Data           0.000 secs
    GCC Exception Handlers                     0.003 secs
    Non-Returning Functions - Discovered       0.000 secs
    Non-Returning Functions - Known            0.001 secs
    Reference                                  0.001 secs
    Shared Return Calls                        0.001 secs
    Stack                                      0.014 secs
    Subroutine References                      0.000 secs
    X86 Function Callee Purge                  0.001 secs
    x86 Constant Reference Analyzer            0.009 secs
-----------------------------------------------------
     Total Time   2 secs
-----------------------------------------------------
 (AutoAnalysisManager)  
INFO  REPORT: Analysis succeeded for file: file:///home/ion/tools/karma-lab/allobj/McdCylinder.o?MD5=b460bdabe7f93a5983d388593f379704 (HeadlessAnalyzer)  
INFO  REPORT: Execute script: DumpDecomp.java  (HeadlessAnalyzer)  
INFO  SCRIPT: /home/ion/tools/karma-lab/gscripts/DumpDecomp.java (HeadlessAnalyzer)  
INFO  DumpDecomp.java> OVERRIDES applied: 0 (GhidraScript)  
INFO  DumpDecomp.java> VTABLE: McdCylinder.o rows=2 applied=2 no-prototype=0 not-in-a-function=0 refused=0 (GhidraScript)  
INFO  DumpDecomp.java> KARMAHDR: calling conventions {__cdecl=15, unknown=8} (GhidraScript)  
INFO  DumpDecomp.java> KARMAHDR: __regparm -> __cdecl on 8 function(s), 0 refused (GhidraScript)  
INFO  DumpDecomp.java> DONE McdCylinder.o (GhidraScript)  
INFO  ANALYZING changes made by post scripts: file:///home/ion/tools/karma-lab/allobj/McdCylinder.o?MD5=b460bdabe7f93a5983d388593f379704 (HeadlessAnalyzer)  
INFO  REPORT: Post-analysis succeeded for file: file:///home/ion/tools/karma-lab/allobj/McdCylinder.o?MD5=b460bdabe7f93a5983d388593f379704 (HeadlessAnalyzer)  
INFO  /allobj/McdCylinder.o: file created (ion) (LocalFileSystem)  
INFO  REPORT: Save succeeded for: /allobj/McdCylinder.o (Proj:/allobj/McdCylinder.o) (HeadlessAnalyzer)  
INFO  REPORT: Import succeeded (HeadlessAnalyzer)  
INFO  IMPORTING: file:///home/ion/tools/karma-lab/allobj/McdModelPair.o?MD5=d3367459269daddff9dbdd3ba6046cfa (HeadlessAnalyzer)  
INFO  Using Loader: Executable and Linking Format (ELF) (ProgramLoader)  
INFO  Using Language/Compiler: x86:LE:32:default:gcc (ProgramLoader)  
INFO  Using Library Search Path: [., /bin, /lib, /lib64, /lib/x86_64-linux-gnu, /lib/aarch64-linux-gnu, /usr/bin, /usr/lib, /usr/X11R6/bin, /usr/X11R6/lib, /usr/java/packages/lib, /usr/lib/x86_64-linux-gnu/jni, /usr/lib/x86_64-linux-gnu, /usr/lib/jni] (ProgramLoader)  
ERROR EXTERNAL Data ELF Relocation with offset: at 0001009c (External Location = MeMemoryAPI+0xc) (ElfRelocationHandler)  
INFO  Additional info:
Loading file:///home/ion/tools/karma-lab/allobj/McdModelPair.o?MD5=d3367459269daddff9dbdd3ba6046cfa...
Skipping section [.data] with invalid size 0x0
Skipping section [.bss] with invalid size 0x0
------------------------------------------------

 (ProgramLoader)  
INFO  IMPORTING: Loaded 0 additional files (HeadlessAnalyzer)  
INFO  REPORT: Execute script: ParseKarmaHeaders.java  (HeadlessAnalyzer)  
INFO  SCRIPT: /home/ion/tools/karma-lab/gscripts/ParseKarmaHeaders.java (HeadlessAnalyzer)  
INFO  ParseKarmaHeaders.java> KARMAOPT: KD_GHIDRA_OPTS not set, analyzer options untouched (GhidraScript)  
INFO  parse /home/ion/tools/karma-lab/kd_protos10.h (CParserUtils)  
INFO  ParseKarmaHeaders.java> KARMAHDR: parsed FunctionDefinitions=2700 (GhidraScript)  
INFO  ParseKarmaHeaders.java> KARMAHDR: signatures applied -- defined=9 imported=1 failed=0 (GhidraScript)  
INFO  ANALYZING all memory and code: file:///home/ion/tools/karma-lab/allobj/McdModelPair.o?MD5=d3367459269daddff9dbdd3ba6046cfa (HeadlessAnalyzer)  
WARN  Mismatched DWARF Attribute and Form: DW_AT_macro_info->DW_FORM_data4 (DWARFAbbreviation)  
INFO  Added 46 source map entries (DWARFImporter)  
INFO  DWARF ver[2], 1 compUnits, 684 DIES, import - total elapsed: 18ms (DWARFImportSummary)  
INFO  DWARF data type import - elapsed: 11ms (DWARFImportSummary)  
INFO  DWARF func & symbol import - elapsed: 2ms (DWARFImportSummary)  
INFO  DWARF types imported: 173 (DWARFImportSummary)  
INFO  DWARF compile dirs: [/home/icculus/projects/UT2-Code/karma/Mcd/src/frame] (DWARFImportSummary)  
INFO  DWARF producers: [GNU C++ 3.2.3 20030422 (Gentoo Linux 1.4 3.2.3-r4, propolice)] (DWARFImportSummary)  
INFO  DWARF source languages: [DW_LANG_C_plus_plus] (DWARFImportSummary)  
INFO  DWARF compUnit: McdModelPair.cpp (DWARFImportSummary)  
ERROR DWARF un-recoverable expressions: (DWARFImportSummary)  
ERROR   DW_OP_reg3 -> 2 (DWARFImportSummary)  
ERROR   DW_OP_reg1 -> 1 (DWARFImportSummary)  
ERROR   DW_OP_reg0 -> 8 (DWARFImportSummary)  
ERROR   DW_OP_reg2 -> 3 (DWARFImportSummary)  
ERROR   DW_OP_reg6 -> 1 (DWARFImportSummary)  
INFO  Applied data type archive: generic_clib (ApplyDataArchiveAnalyzer)  
INFO  -----------------------------------------------------
    ASCII Strings                              0.000 secs
    Apply Data Archives                        0.045 secs
    Call Convention ID                         1.588 secs
    Call-Fixup Installer                       0.000 secs
    Create Address Tables                      0.000 secs
    Create Function                            0.000 secs
    DWARF                                      0.020 secs
    Data Reference                             0.001 secs
    Decompiler Switch Analysis                 0.000 secs
    Demangler GNU                              0.003 secs
    Disassemble Entry Points                   0.001 secs
    ELF Scalar Operand References              0.000 secs
    Embedded Media                             0.001 secs
    External Entry References                  0.000 secs
    Function ID                                0.001 secs
    Function Start Pre Search                  0.001 secs
    Function Start Search                      0.002 secs
    Function Start Search After Code           0.000 secs
    Function Start Search After Data           0.000 secs
    GCC Exception Handlers                     0.002 secs
    Non-Returning Functions - Discovered       0.000 secs
    Non-Returning Functions - Known            0.000 secs
    Reference                                  0.000 secs
    Shared Return Calls                        0.000 secs
    Stack                                      0.002 secs
    Subroutine References                      0.000 secs
    X86 Function Callee Purge                  0.001 secs
    x86 Constant Reference Analyzer            0.001 secs
-----------------------------------------------------
     Total Time   1 secs
-----------------------------------------------------
 (AutoAnalysisManager)  
INFO  REPORT: Analysis succeeded for file: file:///home/ion/tools/karma-lab/allobj/McdModelPair.o?MD5=d3367459269daddff9dbdd3ba6046cfa (HeadlessAnalyzer)  
INFO  REPORT: Execute script: DumpDecomp.java  (HeadlessAnalyzer)  
INFO  SCRIPT: /home/ion/tools/karma-lab/gscripts/DumpDecomp.java (HeadlessAnalyzer)  
INFO  DumpDecomp.java> OVERRIDES applied: 0 (GhidraScript)  
INFO  DumpDecomp.java> VTABLE: McdModelPair.o rows=2 applied=2 no-prototype=0 not-in-a-function=0 refused=0 (GhidraScript)  
INFO  DumpDecomp.java> KARMAHDR: calling conventions {__cdecl=7, unknown=2} (GhidraScript)  
INFO  DumpDecomp.java> KARMAHDR: __regparm -> __cdecl on 2 function(s), 0 refused (GhidraScript)  
INFO  DumpDecomp.java> DONE McdModelPair.o (GhidraScript)  
INFO  ANALYZING changes made by post scripts: file:///home/ion/tools/karma-lab/allobj/McdModelPair.o?MD5=d3367459269daddff9dbdd3ba6046cfa (HeadlessAnalyzer)  
INFO  REPORT: Post-analysis succeeded for file: file:///home/ion/tools/karma-lab/allobj/McdModelPair.o?MD5=d3367459269daddff9dbdd3ba6046cfa (HeadlessAnalyzer)  
INFO  /allobj/McdModelPair.o: file created (ion) (LocalFileSystem)  
INFO  REPORT: Save succeeded for: /allobj/McdModelPair.o (Proj:/allobj/McdModelPair.o) (HeadlessAnalyzer)  
INFO  REPORT: Import succeeded (HeadlessAnalyzer)  
INFO  IMPORTING: file:///home/ion/tools/karma-lab/allobj/keaCalcIworldandNonInertialForceandVhmf_vanilla.o?MD5=47b96161004a12beeb8773b868680740 (HeadlessAnalyzer)  
INFO  Using Loader: Executable and Linking Format (ELF) (ProgramLoader)  
INFO  Using Language/Compiler: x86:LE:32:default:gcc (ProgramLoader)  
INFO  Using Library Search Path: [., /bin, /lib, /lib64, /lib/x86_64-linux-gnu, /lib/aarch64-linux-gnu, /usr/bin, /usr/lib, /usr/X11R6/bin, /usr/X11R6/lib, /usr/java/packages/lib, /usr/lib/x86_64-linux-gnu/jni, /usr/lib/x86_64-linux-gnu, /usr/lib/jni] (ProgramLoader)  
INFO  Additional info:
Loading file:///home/ion/tools/karma-lab/allobj/keaCalcIworldandNonInertialForceandVhmf_vanilla.o?MD5=47b96161004a12beeb8773b868680740...
Skipping section [.data] with invalid size 0x0
Skipping section [.bss] with invalid size 0x0
------------------------------------------------

 (ProgramLoader)  
INFO  IMPORTING: Loaded 0 additional files (HeadlessAnalyzer)  
INFO  REPORT: Execute script: ParseKarmaHeaders.java  (HeadlessAnalyzer)  
INFO  SCRIPT: /home/ion/tools/karma-lab/gscripts/ParseKarmaHeaders.java (HeadlessAnalyzer)  
INFO  ParseKarmaHeaders.java> KARMAOPT: KD_GHIDRA_OPTS not set, analyzer options untouched (GhidraScript)  
INFO  parse /home/ion/tools/karma-lab/kd_protos10.h (CParserUtils)  
INFO  ParseKarmaHeaders.java> KARMAHDR: parsed FunctionDefinitions=2700 (GhidraScript)  
INFO  ParseKarmaHeaders.java> KARMAHDR: signatures applied -- defined=1 imported=0 failed=0 (GhidraScript)  
INFO  ANALYZING all memory and code: file:///home/ion/tools/karma-lab/allobj/keaCalcIworldandNonInertialForceandVhmf_vanilla.o?MD5=47b96161004a12beeb8773b868680740 (HeadlessAnalyzer)  
WARN  Mismatched DWARF Attribute and Form: DW_AT_macro_info->DW_FORM_data4 (DWARFAbbreviation)  
INFO  Added 103 source map entries (DWARFImporter)  
INFO  DWARF ver[2], 1 compUnits, 257 DIES, import - total elapsed: 7ms (DWARFImportSummary)  
INFO  DWARF data type import - elapsed: 3ms (DWARFImportSummary)  
INFO  DWARF func & symbol import - elapsed: 3ms (DWARFImportSummary)  
INFO  DWARF types imported: 36 (DWARFImportSummary)  
INFO  DWARF compile dirs: [/home/icculus/projects/UT2-Code/karma/MdtKea/src] (DWARFImportSummary)  
INFO  DWARF producers: [GNU C++ 3.2.3 20030422 (Gentoo Linux 1.4 3.2.3-r4, propolice)] (DWARFImportSummary)  
INFO  DWARF source languages: [DW_LANG_C_plus_plus] (DWARFImportSummary)  
INFO  DWARF compUnit: keaCalcIworldandNonInertialForceandVhmf_vanilla.cpp (DWARFImportSummary)  
ERROR DWARF un-recoverable expressions: (DWARFImportSummary)  
ERROR   DW_OP_reg11 -> 2 (DWARFImportSummary)  
ERROR   DW_OP_reg3 -> 2 (DWARFImportSummary)  
ERROR   DW_OP_reg0 -> 1 (DWARFImportSummary)  
ERROR   DW_OP_reg2 -> 2 (DWARFImportSummary)  
ERROR   DW_OP_reg17 -> 1 (DWARFImportSummary)  
ERROR   DW_OP_reg6 -> 1 (DWARFImportSummary)  
INFO  Applied data type archive: generic_clib (ApplyDataArchiveAnalyzer)  
INFO  REPORT: Analysis succeeded for file: file:///home/ion/tools/karma-lab/allobj/keaCalcIworldandNonInertialForceandVhmf_vanilla.o?MD5=47b96161004a12beeb8773b868680740 (HeadlessAnalyzer)  
INFO  REPORT: Execute script: DumpDecomp.java  (HeadlessAnalyzer)  
INFO  SCRIPT: /home/ion/tools/karma-lab/gscripts/DumpDecomp.java (HeadlessAnalyzer)  
INFO  DumpDecomp.java> OVERRIDES applied: 0 (GhidraScript)  
INFO  DumpDecomp.java> VTABLE: keaCalcIworldandNonInertialForceandVhmf_vanilla.o rows=0 applied=0 no-prototype=0 not-in-a-function=0 refused=0 (GhidraScript)  
INFO  DumpDecomp.java> KARMAHDR: calling conventions {__thiscall=1} (GhidraScript)  
INFO  DumpDecomp.java> KARMAHDR: __regparm -> __cdecl on 0 function(s), 0 refused (GhidraScript)  
INFO  DumpDecomp.java> DONE keaCalcIworldandNonInertialForceandVhmf_vanilla.o (GhidraScript)  
INFO  ANALYZING changes made by post scripts: file:///home/ion/tools/karma-lab/allobj/keaCalcIworldandNonInertialForceandVhmf_vanilla.o?MD5=47b96161004a12beeb8773b868680740 (HeadlessAnalyzer)  
INFO  REPORT: Post-analysis succeeded for file: file:///home/ion/tools/karma-lab/allobj/keaCalcIworldandNonInertialForceandVhmf_vanilla.o?MD5=47b96161004a12beeb8773b868680740 (HeadlessAnalyzer)  
INFO  /allobj/keaCalcIworldandNonInertialForceandVhmf_vanilla.o: file created (ion) (LocalFileSystem)  
INFO  REPORT: Save succeeded for: /allobj/keaCalcIworldandNonInertialForceandVhmf_vanilla.o (Proj:/allobj/keaCalcIworldandNonInertialForceandVhmf_vanilla.o) (HeadlessAnalyzer)  
INFO  REPORT: Import succeeded (HeadlessAnalyzer)  
INFO  IMPORTING: file:///home/ion/tools/karma-lab/allobj/McdTriangleList.o?MD5=6191b3d621095a9cb5169d660a46ed78 (HeadlessAnalyzer)  
INFO  Using Loader: Executable and Linking Format (ELF) (ProgramLoader)  
INFO  Using Language/Compiler: x86:LE:32:default:gcc (ProgramLoader)  
INFO  Using Library Search Path: [., /bin, /lib, /lib64, /lib/x86_64-linux-gnu, /lib/aarch64-linux-gnu, /usr/bin, /usr/lib, /usr/X11R6/bin, /usr/X11R6/lib, /usr/java/packages/lib, /usr/lib/x86_64-linux-gnu/jni, /usr/lib/x86_64-linux-gnu, /usr/lib/jni] (ProgramLoader)  
ERROR EXTERNAL Data ELF Relocation with offset: at 00010074 (External Location = MeMemoryAPI+0x8) (ElfRelocationHandler)  
INFO  Additional info:
Loading file:///home/ion/tools/karma-lab/allobj/McdTriangleList.o?MD5=6191b3d621095a9cb5169d660a46ed78...
Skipping section [.bss] with invalid size 0x0
------------------------------------------------

 (ProgramLoader)  
INFO  IMPORTING: Loaded 0 additional files (HeadlessAnalyzer)  
INFO  REPORT: Execute script: ParseKarmaHeaders.java  (HeadlessAnalyzer)  
INFO  SCRIPT: /home/ion/tools/karma-lab/gscripts/ParseKarmaHeaders.java (HeadlessAnalyzer)  
INFO  ParseKarmaHeaders.java> KARMAOPT: KD_GHIDRA_OPTS not set, analyzer options untouched (GhidraScript)  
INFO  parse /home/ion/tools/karma-lab/kd_protos10.h (CParserUtils)  
INFO  ParseKarmaHeaders.java> KARMAHDR: parsed FunctionDefinitions=2700 (GhidraScript)  
INFO  ParseKarmaHeaders.java> KARMAHDR: signatures applied -- defined=22 imported=6 failed=0 (GhidraScript)  
INFO  ANALYZING all memory and code: file:///home/ion/tools/karma-lab/allobj/McdTriangleList.o?MD5=6191b3d621095a9cb5169d660a46ed78 (HeadlessAnalyzer)  
WARN  Mismatched DWARF Attribute and Form: DW_AT_macro_info->DW_FORM_data4 (DWARFAbbreviation)  
INFO  Added 196 source map entries (DWARFImporter)  
INFO  DWARF ver[2], 1 compUnits, 1608 DIES, import - total elapsed: 24ms (DWARFImportSummary)  
INFO  DWARF data type import - elapsed: 12ms (DWARFImportSummary)  
INFO  DWARF func & symbol import - elapsed: 6ms (DWARFImportSummary)  
INFO  DWARF types imported: 199 (DWARFImportSummary)  
INFO  DWARF compile dirs: [/home/icculus/projects/UT2-Code/karma/Mcd/src/primitives] (DWARFImportSummary)  
INFO  DWARF producers: [GNU C++ 3.2.3 20030422 (Gentoo Linux 1.4 3.2.3-r4, propolice)] (DWARFImportSummary)  
INFO  DWARF source languages: [DW_LANG_C_plus_plus] (DWARFImportSummary)  
INFO  DWARF compUnit: McdTriangleList.cpp (DWARFImportSummary)  
ERROR DWARF un-recoverable expressions: (DWARFImportSummary)  
ERROR   DW_OP_reg12 -> 1 (DWARFImportSummary)  
ERROR   DW_OP_reg3 -> 4 (DWARFImportSummary)  
ERROR   DW_OP_reg1 -> 3 (DWARFImportSummary)  
ERROR   DW_OP_reg0 -> 12 (DWARFImportSummary)  
ERROR   DW_OP_reg2 -> 6 (DWARFImportSummary)  
ERROR   DW_OP_reg7 -> 2 (DWARFImportSummary)  
ERROR   DW_OP_reg6 -> 4 (DWARFImportSummary)  
INFO  Applied data type archive: generic_clib (ApplyDataArchiveAnalyzer)  
INFO  -----------------------------------------------------
    ASCII Strings                              0.001 secs
    Apply Data Archives                        0.044 secs
    Call Convention ID                         2.270 secs
    Call-Fixup Installer                       0.000 secs
    Create Address Tables                      0.000 secs
    Create Function                            0.000 secs
    DWARF                                      0.025 secs
    Data Reference                             0.001 secs
    Decompiler Switch Analysis                 0.000 secs
    Demangler GNU                              0.003 secs
    Disassemble Entry Points                   0.005 secs
    ELF Scalar Operand References              0.003 secs
    Embedded Media                             0.001 secs
    External Entry References                  0.000 secs
    Function ID                                0.004 secs
    Function Start Pre Search                  0.001 secs
    Function Start Search                      0.002 secs
    Function Start Search After Code           0.001 secs
    Function Start Search After Data           0.000 secs
    GCC Exception Handlers                     0.003 secs
    Non-Returning Functions - Discovered       0.000 secs
    Non-Returning Functions - Known            0.001 secs
    Reference                                  0.000 secs
    Shared Return Calls                        0.001 secs
    Stack                                      0.009 secs
    Subroutine References                      0.000 secs
    X86 Function Callee Purge                  0.000 secs
    x86 Constant Reference Analyzer            0.008 secs
-----------------------------------------------------
     Total Time   2 secs
-----------------------------------------------------
 (AutoAnalysisManager)  
INFO  REPORT: Analysis succeeded for file: file:///home/ion/tools/karma-lab/allobj/McdTriangleList.o?MD5=6191b3d621095a9cb5169d660a46ed78 (HeadlessAnalyzer)  
INFO  REPORT: Execute script: DumpDecomp.java  (HeadlessAnalyzer)  
INFO  SCRIPT: /home/ion/tools/karma-lab/gscripts/DumpDecomp.java (HeadlessAnalyzer)  
INFO  DumpDecomp.java> OVERRIDES applied: 1 (GhidraScript)  
INFO  DumpDecomp.java> VTABLE: McdTriangleList.o rows=1 applied=1 no-prototype=0 not-in-a-function=0 refused=0 (GhidraScript)  
INFO  DumpDecomp.java> KARMAHDR: calling conventions {__cdecl=13, unknown=11} (GhidraScript)  
INFO  DumpDecomp.java> KARMAHDR: __regparm -> __cdecl on 11 function(s), 0 refused (GhidraScript)  
INFO  DumpDecomp.java> DONE McdTriangleList.o (GhidraScript)  
INFO  ANALYZING changes made by post scripts: file:///home/ion/tools/karma-lab/allobj/McdTriangleList.o?MD5=6191b3d621095a9cb5169d660a46ed78 (HeadlessAnalyzer)  
INFO  REPORT: Post-analysis succeeded for file: file:///home/ion/tools/karma-lab/allobj/McdTriangleList.o?MD5=6191b3d621095a9cb5169d660a46ed78 (HeadlessAnalyzer)  
INFO  /allobj/McdTriangleList.o: file created (ion) (LocalFileSystem)  
INFO  REPORT: Save succeeded for: /allobj/McdTriangleList.o (Proj:/allobj/McdTriangleList.o) (HeadlessAnalyzer)  
INFO  REPORT: Import succeeded (HeadlessAnalyzer)  
INFO  IMPORTING: file:///home/ion/tools/karma-lab/allobj/keaMakejlenandbl2body.o?MD5=dd809eebb0f17108e31fccfc3c88d425 (HeadlessAnalyzer)  
INFO  Using Loader: Executable and Linking Format (ELF) (ProgramLoader)  
INFO  Using Language/Compiler: x86:LE:32:default:gcc (ProgramLoader)  
INFO  Using Library Search Path: [., /bin, /lib, /lib64, /lib/x86_64-linux-gnu, /lib/aarch64-linux-gnu, /usr/bin, /usr/lib, /usr/X11R6/bin, /usr/X11R6/lib, /usr/java/packages/lib, /usr/lib/x86_64-linux-gnu/jni, /usr/lib/x86_64-linux-gnu, /usr/lib/jni] (ProgramLoader)  
INFO  Additional info:
Loading file:///home/ion/tools/karma-lab/allobj/keaMakejlenandbl2body.o?MD5=dd809eebb0f17108e31fccfc3c88d425...
Skipping section [.data] with invalid size 0x0
Skipping section [.bss] with invalid size 0x0
------------------------------------------------

 (ProgramLoader)  
INFO  IMPORTING: Loaded 0 additional files (HeadlessAnalyzer)  
INFO  REPORT: Execute script: ParseKarmaHeaders.java  (HeadlessAnalyzer)  
INFO  SCRIPT: /home/ion/tools/karma-lab/gscripts/ParseKarmaHeaders.java (HeadlessAnalyzer)  
INFO  ParseKarmaHeaders.java> KARMAOPT: KD_GHIDRA_OPTS not set, analyzer options untouched (GhidraScript)  
INFO  parse /home/ion/tools/karma-lab/kd_protos10.h (CParserUtils)  
INFO  ParseKarmaHeaders.java> KARMAHDR: parsed FunctionDefinitions=2700 (GhidraScript)  
INFO  ParseKarmaHeaders.java> KARMAHDR: signatures applied -- defined=1 imported=0 failed=0 (GhidraScript)  
INFO  ANALYZING all memory and code: file:///home/ion/tools/karma-lab/allobj/keaMakejlenandbl2body.o?MD5=dd809eebb0f17108e31fccfc3c88d425 (HeadlessAnalyzer)  
WARN  Mismatched DWARF Attribute and Form: DW_AT_macro_info->DW_FORM_data4 (DWARFAbbreviation)  
INFO  Added 110 source map entries (DWARFImporter)  
INFO  DWARF ver[2], 1 compUnits, 196 DIES, import - total elapsed: 5ms (DWARFImportSummary)  
INFO  DWARF data type import - elapsed: 2ms (DWARFImportSummary)  
INFO  DWARF func & symbol import - elapsed: 2ms (DWARFImportSummary)  
INFO  DWARF types imported: 26 (DWARFImportSummary)  
INFO  DWARF compile dirs: [/home/icculus/projects/UT2-Code/karma/MdtKea/src] (DWARFImportSummary)  
INFO  DWARF producers: [GNU C++ 3.2.3 20030422 (Gentoo Linux 1.4 3.2.3-r4, propolice)] (DWARFImportSummary)  
INFO  DWARF source languages: [DW_LANG_C_plus_plus] (DWARFImportSummary)  
INFO  DWARF compUnit: keaMakejlenandbl2body.cpp (DWARFImportSummary)  
ERROR DWARF un-recoverable expressions: (DWARFImportSummary)  
ERROR   DW_OP_reg3 -> 2 (DWARFImportSummary)  
ERROR   DW_OP_reg2 -> 2 (DWARFImportSummary)  
ERROR   DW_OP_reg7 -> 1 (DWARFImportSummary)  
ERROR   DW_OP_reg6 -> 2 (DWARFImportSummary)  
INFO  Applied data type archive: generic_clib (ApplyDataArchiveAnalyzer)  
INFO  REPORT: Analysis succeeded for file: file:///home/ion/tools/karma-lab/allobj/keaMakejlenandbl2body.o?MD5=dd809eebb0f17108e31fccfc3c88d425 (HeadlessAnalyzer)  
INFO  REPORT: Execute script: DumpDecomp.java  (HeadlessAnalyzer)  
INFO  SCRIPT: /home/ion/tools/karma-lab/gscripts/DumpDecomp.java (HeadlessAnalyzer)  
INFO  DumpDecomp.java> OVERRIDES applied: 0 (GhidraScript)  
INFO  DumpDecomp.java> VTABLE: keaMakejlenandbl2body.o rows=0 applied=0 no-prototype=0 not-in-a-function=0 refused=0 (GhidraScript)  
INFO  DumpDecomp.java> KARMAHDR: calling conventions {__cdecl=1, __thiscall=1} (GhidraScript)  
INFO  DumpDecomp.java> KARMAHDR: __regparm -> __cdecl on 0 function(s), 0 refused (GhidraScript)  
INFO  DumpDecomp.java> DONE keaMakejlenandbl2body.o (GhidraScript)  
INFO  ANALYZING changes made by post scripts: file:///home/ion/tools/karma-lab/allobj/keaMakejlenandbl2body.o?MD5=dd809eebb0f17108e31fccfc3c88d425 (HeadlessAnalyzer)  
INFO  REPORT: Post-analysis succeeded for file: file:///home/ion/tools/karma-lab/allobj/keaMakejlenandbl2body.o?MD5=dd809eebb0f17108e31fccfc3c88d425 (HeadlessAnalyzer)  
INFO  /allobj/keaMakejlenandbl2body.o: file created (ion) (LocalFileSystem)  
INFO  REPORT: Save succeeded for: /allobj/keaMakejlenandbl2body.o (Proj:/allobj/keaMakejlenandbl2body.o) (HeadlessAnalyzer)  
INFO  REPORT: Import succeeded (HeadlessAnalyzer)  
INFO  IMPORTING: file:///home/ion/tools/karma-lab/allobj/MePrecision.o?MD5=48ea474a7f3dca595ca39614ee0cc62d (HeadlessAnalyzer)  
INFO  Using Loader: Executable and Linking Format (ELF) (ProgramLoader)  
INFO  Using Language/Compiler: x86:LE:32:default:gcc (ProgramLoader)  
INFO  Using Library Search Path: [., /bin, /lib, /lib64, /lib/x86_64-linux-gnu, /lib/aarch64-linux-gnu, /usr/bin, /usr/lib, /usr/X11R6/bin, /usr/X11R6/lib, /usr/java/packages/lib, /usr/lib/x86_64-linux-gnu/jni, /usr/lib/x86_64-linux-gnu, /usr/lib/jni] (ProgramLoader)  
INFO  Additional info:
Loading file:///home/ion/tools/karma-lab/allobj/MePrecision.o?MD5=48ea474a7f3dca595ca39614ee0cc62d...
Skipping section [.data] with invalid size 0x0
Skipping section [.bss] with invalid size 0x0
------------------------------------------------

 (ProgramLoader)  
INFO  IMPORTING: Loaded 0 additional files (HeadlessAnalyzer)  
INFO  REPORT: Execute script: ParseKarmaHeaders.java  (HeadlessAnalyzer)  
INFO  SCRIPT: /home/ion/tools/karma-lab/gscripts/ParseKarmaHeaders.java (HeadlessAnalyzer)  
INFO  ParseKarmaHeaders.java> KARMAOPT: KD_GHIDRA_OPTS not set, analyzer options untouched (GhidraScript)  
INFO  parse /home/ion/tools/karma-lab/kd_protos10.h (CParserUtils)  
INFO  ParseKarmaHeaders.java> KARMAHDR: parsed FunctionDefinitions=2700 (GhidraScript)  
INFO  ParseKarmaHeaders.java> KARMAHDR: signatures applied -- defined=1 imported=0 failed=0 (GhidraScript)  
INFO  ANALYZING all memory and code: file:///home/ion/tools/karma-lab/allobj/MePrecision.o?MD5=48ea474a7f3dca595ca39614ee0cc62d (HeadlessAnalyzer)  
WARN  Mismatched DWARF Attribute and Form: DW_AT_macro_info->DW_FORM_data4 (DWARFAbbreviation)  
INFO  Added 4 source map entries (DWARFImporter)  
INFO  DWARF ver[2], 1 compUnits, 65 DIES, import - total elapsed: 4ms (DWARFImportSummary)  
INFO  DWARF data type import - elapsed: 2ms (DWARFImportSummary)  
INFO  DWARF func & symbol import - elapsed: 2ms (DWARFImportSummary)  
INFO  DWARF types imported: 18 (DWARFImportSummary)  
INFO  DWARF compile dirs: [/home/icculus/projects/UT2-Code/karma/MeGlobals/src] (DWARFImportSummary)  
INFO  DWARF producers: [GNU C 3.2.3 20030422 (Gentoo Linux 1.4 3.2.3-r4, propolice)] (DWARFImportSummary)  
INFO  DWARF source languages: [DW_LANG_C89] (DWARFImportSummary)  
INFO  DWARF compUnit: MePrecision.c (DWARFImportSummary)  
INFO  Applied data type archive: generic_clib (ApplyDataArchiveAnalyzer)  
INFO  REPORT: Analysis succeeded for file: file:///home/ion/tools/karma-lab/allobj/MePrecision.o?MD5=48ea474a7f3dca595ca39614ee0cc62d (HeadlessAnalyzer)  
INFO  REPORT: Execute script: DumpDecomp.java  (HeadlessAnalyzer)  
INFO  SCRIPT: /home/ion/tools/karma-lab/gscripts/DumpDecomp.java (HeadlessAnalyzer)  
INFO  DumpDecomp.java> OVERRIDES applied: 0 (GhidraScript)  
INFO  DumpDecomp.java> VTABLE: MePrecision.o rows=0 applied=0 no-prototype=0 not-in-a-function=0 refused=0 (GhidraScript)  
INFO  DumpDecomp.java> KARMAHDR: calling conventions {unknown=1} (GhidraScript)  
INFO  DumpDecomp.java> KARMAHDR: __regparm -> __cdecl on 1 function(s), 0 refused (GhidraScript)  
INFO  DumpDecomp.java> DONE MePrecision.o (GhidraScript)  
INFO  ANALYZING changes made by post scripts: file:///home/ion/tools/karma-lab/allobj/MePrecision.o?MD5=48ea474a7f3dca595ca39614ee0cc62d (HeadlessAnalyzer)  
INFO  REPORT: Post-analysis succeeded for file: file:///home/ion/tools/karma-lab/allobj/MePrecision.o?MD5=48ea474a7f3dca595ca39614ee0cc62d (HeadlessAnalyzer)  
INFO  /allobj/MePrecision.o: file created (ion) (LocalFileSystem)  
INFO  REPORT: Save succeeded for: /allobj/MePrecision.o (Proj:/allobj/MePrecision.o) (HeadlessAnalyzer)  
INFO  REPORT: Import succeeded (HeadlessAnalyzer)  
INFO  IMPORTING: file:///home/ion/tools/karma-lab/allobj/MeFAsset.o?MD5=e1c881d7b7de29c87cc2d15d7117e13a (HeadlessAnalyzer)  
INFO  Using Loader: Executable and Linking Format (ELF) (ProgramLoader)  
INFO  Using Language/Compiler: x86:LE:32:default:gcc (ProgramLoader)  
INFO  Using Library Search Path: [., /bin, /lib, /lib64, /lib/x86_64-linux-gnu, /lib/aarch64-linux-gnu, /usr/bin, /usr/lib, /usr/X11R6/bin, /usr/X11R6/lib, /usr/java/packages/lib, /usr/lib/x86_64-linux-gnu/jni, /usr/lib/x86_64-linux-gnu, /usr/lib/jni] (ProgramLoader)  
ERROR EXTERNAL Data ELF Relocation with offset: at 00010015 (External Location = MeMemoryAPI+0x4) (ElfRelocationHandler)  
ERROR EXTERNAL Data ELF Relocation with offset: at 000100c0 (External Location = MeMemoryAPI+0x4) (ElfRelocationHandler)  
ERROR EXTERNAL Data ELF Relocation with offset: at 000106e8 (External Location = MeMemoryAPI+0xc) (ElfRelocationHandler)  
ERROR EXTERNAL Data ELF Relocation with offset: at 000106f3 (External Location = MeMemoryAPI+0xc) (ElfRelocationHandler)  
ERROR EXTERNAL Data ELF Relocation with offset: at 000106fe (External Location = MeMemoryAPI+0xc) (ElfRelocationHandler)  
ERROR EXTERNAL Data ELF Relocation with offset: at 00010709 (External Location = MeMemoryAPI+0xc) (ElfRelocationHandler)  
ERROR EXTERNAL Data ELF Relocation with offset: at 00010746 (External Location = MeMemoryAPI+0xc) (ElfRelocationHandler)  
ERROR EXTERNAL Data ELF Relocation with offset: at 0001074f (External Location = MeMemoryAPI+0xc) (ElfRelocationHandler)  
ERROR EXTERNAL Data ELF Relocation with offset: at 00010761 (External Location = MeMemoryAPI+0xc) (ElfRelocationHandler)  
ERROR EXTERNAL Data ELF Relocation with offset: at 00010773 (External Location = MeMemoryAPI+0xc) (ElfRelocationHandler)  
ERROR EXTERNAL Data ELF Relocation with offset: at 00010785 (External Location = MeMemoryAPI+0xc) (ElfRelocationHandler)  
ERROR EXTERNAL Data ELF Relocation with offset: at 000111de (External Location = MeMemoryAPI+0xc) (ElfRelocationHandler)  
ERROR EXTERNAL Data ELF Relocation with offset: at 000112ce (External Location = MeMemoryAPI+0xc) (ElfRelocationHandler)  
ERROR EXTERNAL Data ELF Relocation with offset: at 000113be (External Location = MeMemoryAPI+0xc) (ElfRelocationHandler)  
ERROR EXTERNAL Data ELF Relocation with offset: at 000114be (External Location = MeMemoryAPI+0xc) (ElfRelocationHandler)  
ERROR EXTERNAL Data ELF Relocation with offset: at 000116cb (External Location = MeMemoryAPI+0x4) (ElfRelocationHandler)  
ERROR EXTERNAL Data ELF Relocation with offset: at 0001175d (External Location = MeMemoryAPI+0x4) (ElfRelocationHandler)  
INFO  Additional info:
Loading file:///home/ion/tools/karma-lab/allobj/MeFAsset.o?MD5=e1c881d7b7de29c87cc2d15d7117e13a...
Skipping section [.data] with invalid size 0x0
Skipping section [.bss] with invalid size 0x0
------------------------------------------------

 (ProgramLoader)  
INFO  IMPORTING: Loaded 0 additional files (HeadlessAnalyzer)  
INFO  REPORT: Execute script: ParseKarmaHeaders.java  (HeadlessAnalyzer)  
INFO  SCRIPT: /home/ion/tools/karma-lab/gscripts/ParseKarmaHeaders.java (HeadlessAnalyzer)  
INFO  ParseKarmaHeaders.java> KARMAOPT: KD_GHIDRA_OPTS not set, analyzer options untouched (GhidraScript)  
INFO  parse /home/ion/tools/karma-lab/kd_protos10.h (CParserUtils)  
INFO  ParseKarmaHeaders.java> KARMAHDR: parsed FunctionDefinitions=2700 (GhidraScript)  
INFO  ParseKarmaHeaders.java> KARMAHDR: signatures applied -- defined=92 imported=33 failed=0 (GhidraScript)  
INFO  ANALYZING all memory and code: file:///home/ion/tools/karma-lab/allobj/MeFAsset.o?MD5=e1c881d7b7de29c87cc2d15d7117e13a (HeadlessAnalyzer)  
WARN  Mismatched DWARF Attribute and Form: DW_AT_macro_info->DW_FORM_data4 (DWARFAbbreviation)  
INFO  Added 684 source map entries (DWARFImporter)  
INFO  DWARF ver[2], 1 compUnits, 1250 DIES, import - total elapsed: 57ms (DWARFImportSummary)  
INFO  DWARF data type import - elapsed: 7ms (DWARFImportSummary)  
INFO  DWARF func & symbol import - elapsed: 45ms (DWARFImportSummary)  
INFO  DWARF types imported: 110 (DWARFImportSummary)  
INFO  DWARF compile dirs: [/home/icculus/projects/UT2-Code/karma/MeAssetDB/src] (DWARFImportSummary)  
INFO  DWARF producers: [GNU C 3.2.3 20030422 (Gentoo Linux 1.4 3.2.3-r4, propolice)] (DWARFImportSummary)  
INFO  DWARF source languages: [DW_LANG_C89] (DWARFImportSummary)  
INFO  DWARF compUnit: MeFAsset.c (DWARFImportSummary)  
ERROR DWARF un-recoverable expressions: (DWARFImportSummary)  
ERROR   DW_OP_reg3 -> 34 (DWARFImportSummary)  
ERROR   DW_OP_reg1 -> 4 (DWARFImportSummary)  
ERROR   DW_OP_reg0 -> 84 (DWARFImportSummary)  
ERROR   DW_OP_reg2 -> 14 (DWARFImportSummary)  
ERROR   DW_OP_reg7 -> 15 (DWARFImportSummary)  
ERROR   DW_OP_reg6 -> 13 (DWARFImportSummary)  
INFO  Applied data type archive: generic_clib (ApplyDataArchiveAnalyzer)  
INFO  -----------------------------------------------------
    ASCII Strings                              0.001 secs
    Apply Data Archives                        0.044 secs
    Call Convention ID                         2.315 secs
    Call-Fixup Installer                       0.000 secs
    Create Address Tables                      0.001 secs
    Create Function                            0.001 secs
    DWARF                                      0.059 secs
    Data Reference                             0.001 secs
    Decompiler Switch Analysis                 0.001 secs
    Demangler GNU                              0.005 secs
    Disassemble Entry Points                   0.023 secs
    ELF Scalar Operand References              0.008 secs
    Embedded Media                             0.000 secs
    External Entry References                  0.000 secs
    Function ID                                0.010 secs
    Function Start Pre Search                  0.001 secs
    Function Start Search                      0.003 secs
    Function Start Search After Code           0.001 secs
    Function Start Search After Data           0.001 secs
    GCC Exception Handlers                     0.006 secs
    Non-Returning Functions - Discovered       0.002 secs
    Non-Returning Functions - Known            0.000 secs
    Reference                                  0.001 secs
    Shared Return Calls                        0.002 secs
    Stack                                      0.043 secs
    Subroutine References                      0.001 secs
    X86 Function Callee Purge                  0.000 secs
    x86 Constant Reference Analyzer            0.027 secs
-----------------------------------------------------
     Total Time   2 secs
-----------------------------------------------------
 (AutoAnalysisManager)  
INFO  REPORT: Analysis succeeded for file: file:///home/ion/tools/karma-lab/allobj/MeFAsset.o?MD5=e1c881d7b7de29c87cc2d15d7117e13a (HeadlessAnalyzer)  
INFO  REPORT: Execute script: DumpDecomp.java  (HeadlessAnalyzer)  
INFO  SCRIPT: /home/ion/tools/karma-lab/gscripts/DumpDecomp.java (HeadlessAnalyzer)  
INFO  DumpDecomp.java> OVERRIDES applied: 0 (GhidraScript)  
INFO  DumpDecomp.java> VTABLE: MeFAsset.o rows=29 applied=29 no-prototype=0 not-in-a-function=0 refused=0 (GhidraScript)  
INFO  DumpDecomp.java> KARMAHDR: calling conventions {__cdecl=56, unknown=51} (GhidraScript)  
INFO  DumpDecomp.java> KARMAHDR: __regparm -> __cdecl on 51 function(s), 0 refused (GhidraScript)  
INFO  DumpDecomp.java> DONE MeFAsset.o (GhidraScript)  
INFO  ANALYZING changes made by post scripts: file:///home/ion/tools/karma-lab/allobj/MeFAsset.o?MD5=e1c881d7b7de29c87cc2d15d7117e13a (HeadlessAnalyzer)  
INFO  REPORT: Post-analysis succeeded for file: file:///home/ion/tools/karma-lab/allobj/MeFAsset.o?MD5=e1c881d7b7de29c87cc2d15d7117e13a (HeadlessAnalyzer)  
INFO  /allobj/MeFAsset.o: file created (ion) (LocalFileSystem)  
INFO  REPORT: Save succeeded for: /allobj/MeFAsset.o (Proj:/allobj/MeFAsset.o) (HeadlessAnalyzer)  
INFO  REPORT: Import succeeded (HeadlessAnalyzer)  
INFO  IMPORTING: file:///home/ion/tools/karma-lab/allobj/keaMatrix_PcSparse_vanilla.o?MD5=d803968e4593231e1e3bc891376054ea (HeadlessAnalyzer)  
INFO  Using Loader: Executable and Linking Format (ELF) (ProgramLoader)  
INFO  Using Language/Compiler: x86:LE:32:default:gcc (ProgramLoader)  
INFO  Using Library Search Path: [., /bin, /lib, /lib64, /lib/x86_64-linux-gnu, /lib/aarch64-linux-gnu, /usr/bin, /usr/lib, /usr/X11R6/bin, /usr/X11R6/lib, /usr/java/packages/lib, /usr/lib/x86_64-linux-gnu/jni, /usr/lib/x86_64-linux-gnu, /usr/lib/jni] (ProgramLoader)  
WARN  EXTERNAL Data ELF Relocation with offset: at 000122a8 (External Location = _ZTVN10__cxxabiv120__si_class_type_infoE+0x8) (ElfRelocationHandler)  
INFO  Additional info:
Loading file:///home/ion/tools/karma-lab/allobj/keaMatrix_PcSparse_vanilla.o?MD5=d803968e4593231e1e3bc891376054ea...
Skipping section [.data] with invalid size 0x0
Skipping section [.bss] with invalid size 0x0
------------------------------------------------

 (ProgramLoader)  
INFO  IMPORTING: Loaded 0 additional files (HeadlessAnalyzer)  
INFO  REPORT: Execute script: ParseKarmaHeaders.java  (HeadlessAnalyzer)  
INFO  SCRIPT: /home/ion/tools/karma-lab/gscripts/ParseKarmaHeaders.java (HeadlessAnalyzer)  
INFO  ParseKarmaHeaders.java> KARMAOPT: KD_GHIDRA_OPTS not set, analyzer options untouched (GhidraScript)  
INFO  parse /home/ion/tools/karma-lab/kd_protos10.h (CParserUtils)  
INFO  ParseKarmaHeaders.java> KARMAHDR: parsed FunctionDefinitions=2700 (GhidraScript)  
INFO  ParseKarmaHeaders.java> KARMAHDR: signatures applied -- defined=9 imported=3 failed=0 (GhidraScript)  
INFO  ANALYZING all memory and code: file:///home/ion/tools/karma-lab/allobj/keaMatrix_PcSparse_vanilla.o?MD5=d803968e4593231e1e3bc891376054ea (HeadlessAnalyzer)  
WARN  Mismatched DWARF Attribute and Form: DW_AT_macro_info->DW_FORM_data4 (DWARFAbbreviation)  
INFO  Added 876 source map entries (DWARFImporter)  
INFO  DWARF ver[2], 1 compUnits, 445 DIES, import - total elapsed: 9ms (DWARFImportSummary)  
INFO  DWARF data type import - elapsed: 1ms (DWARFImportSummary)  
INFO  DWARF func & symbol import - elapsed: 5ms (DWARFImportSummary)  
INFO  DWARF types imported: 30 (DWARFImportSummary)  
INFO  DWARF compile dirs: [/home/icculus/projects/UT2-Code/karma/MdtKea/src] (DWARFImportSummary)  
INFO  DWARF producers: [GNU C++ 3.2.3 20030422 (Gentoo Linux 1.4 3.2.3-r4, propolice)] (DWARFImportSummary)  
INFO  DWARF source languages: [DW_LANG_C_plus_plus] (DWARFImportSummary)  
INFO  DWARF compUnit: keaMatrix_PcSparse_vanilla.cpp (DWARFImportSummary)  
ERROR DWARF un-recoverable expressions: (DWARFImportSummary)  
ERROR   DW_OP_reg11 -> 1 (DWARFImportSummary)  
ERROR   DW_OP_reg3 -> 6 (DWARFImportSummary)  
ERROR   DW_OP_reg1 -> 3 (DWARFImportSummary)  
ERROR   DW_OP_reg0 -> 7 (DWARFImportSummary)  
ERROR   DW_OP_reg2 -> 6 (DWARFImportSummary)  
ERROR   DW_OP_reg7 -> 7 (DWARFImportSummary)  
ERROR   DW_OP_reg6 -> 7 (DWARFImportSummary)  
INFO  Applied data type archive: generic_clib (ApplyDataArchiveAnalyzer)  
WARN  Unable to fully apply external demangled Address Table at 00013010: __cxxabiv1::__si_class_type_info::vtable (DemangledAddressTable)  
WARN  Unable to fully apply external demangled Address Table at 00013014: keaMatrix_pcSparse::typeinfo (DemangledAddressTable)  
INFO  REPORT: Analysis succeeded for file: file:///home/ion/tools/karma-lab/allobj/keaMatrix_PcSparse_vanilla.o?MD5=d803968e4593231e1e3bc891376054ea (HeadlessAnalyzer)  
INFO  REPORT: Execute script: DumpDecomp.java  (HeadlessAnalyzer)  
INFO  SCRIPT: /home/ion/tools/karma-lab/gscripts/DumpDecomp.java (HeadlessAnalyzer)  
INFO  DumpDecomp.java> OVERRIDES applied: 0 (GhidraScript)  
INFO  DumpDecomp.java> VTABLE: keaMatrix_PcSparse_vanilla.o rows=0 applied=0 no-prototype=0 not-in-a-function=0 refused=0 (GhidraScript)  
INFO  DumpDecomp.java> KARMAHDR: calling conventions {__cdecl=3, __thiscall=6, unknown=4} (GhidraScript)  
INFO  DumpDecomp.java> KARMAHDR: __regparm -> __cdecl on 4 function(s), 0 refused (GhidraScript)  
INFO  DumpDecomp.java> DONE keaMatrix_PcSparse_vanilla.o (GhidraScript)  
INFO  ANALYZING changes made by post scripts: file:///home/ion/tools/karma-lab/allobj/keaMatrix_PcSparse_vanilla.o?MD5=d803968e4593231e1e3bc891376054ea (HeadlessAnalyzer)  
INFO  REPORT: Post-analysis succeeded for file: file:///home/ion/tools/karma-lab/allobj/keaMatrix_PcSparse_vanilla.o?MD5=d803968e4593231e1e3bc891376054ea (HeadlessAnalyzer)  
INFO  /allobj/keaMatrix_PcSparse_vanilla.o: file created (ion) (LocalFileSystem)  
INFO  REPORT: Save succeeded for: /allobj/keaMatrix_PcSparse_vanilla.o (Proj:/allobj/keaMatrix_PcSparse_vanilla.o) (HeadlessAnalyzer)  
INFO  REPORT: Import succeeded (HeadlessAnalyzer)  
INFO  IMPORTING: file:///home/ion/tools/karma-lab/allobj/MeFPrimitive.o?MD5=7fb84fb6dc672152bbda666734514985 (HeadlessAnalyzer)  
INFO  Using Loader: Executable and Linking Format (ELF) (ProgramLoader)  
INFO  Using Language/Compiler: x86:LE:32:default:gcc (ProgramLoader)  
INFO  Using Library Search Path: [., /bin, /lib, /lib64, /lib/x86_64-linux-gnu, /lib/aarch64-linux-gnu, /usr/bin, /usr/lib, /usr/X11R6/bin, /usr/X11R6/lib, /usr/java/packages/lib, /usr/lib/x86_64-linux-gnu/jni, /usr/lib/x86_64-linux-gnu, /usr/lib/jni] (ProgramLoader)  
ERROR EXTERNAL Data ELF Relocation with offset: at 0001003b (External Location = MeMemoryAPI+0x4) (ElfRelocationHandler)  
ERROR EXTERNAL Data ELF Relocation with offset: at 00010110 (External Location = MeMemoryAPI+0x4) (ElfRelocationHandler)  
ERROR EXTERNAL Data ELF Relocation with offset: at 00010205 (External Location = MeMemoryAPI+0xc) (ElfRelocationHandler)  
ERROR EXTERNAL Data ELF Relocation with offset: at 0001020f (External Location = MeMemoryAPI+0xc) (ElfRelocationHandler)  
ERROR EXTERNAL Data ELF Relocation with offset: at 00010218 (External Location = MeMemoryAPI+0xc) (ElfRelocationHandler)  
ERROR EXTERNAL Data ELF Relocation with offset: at 000103a5 (External Location = MeMemoryAPI+0x14) (ElfRelocationHandler)  
ERROR EXTERNAL Data ELF Relocation with offset: at 000103e0 (External Location = MeMemoryAPI+0x14) (ElfRelocationHandler)  
INFO  Additional info:
Loading file:///home/ion/tools/karma-lab/allobj/MeFPrimitive.o?MD5=7fb84fb6dc672152bbda666734514985...
Skipping section [.data] with invalid size 0x0
Skipping section [.bss] with invalid size 0x0
------------------------------------------------

 (ProgramLoader)  
INFO  IMPORTING: Loaded 0 additional files (HeadlessAnalyzer)  
INFO  REPORT: Execute script: ParseKarmaHeaders.java  (HeadlessAnalyzer)  
INFO  SCRIPT: /home/ion/tools/karma-lab/gscripts/ParseKarmaHeaders.java (HeadlessAnalyzer)  
INFO  ParseKarmaHeaders.java> KARMAOPT: KD_GHIDRA_OPTS not set, analyzer options untouched (GhidraScript)  
INFO  parse /home/ion/tools/karma-lab/kd_protos10.h (CParserUtils)  
INFO  ParseKarmaHeaders.java> KARMAHDR: parsed FunctionDefinitions=2700 (GhidraScript)  
INFO  ParseKarmaHeaders.java> KARMAHDR: signatures applied -- defined=22 imported=1 failed=0 (GhidraScript)  
INFO  ANALYZING all memory and code: file:///home/ion/tools/karma-lab/allobj/MeFPrimitive.o?MD5=7fb84fb6dc672152bbda666734514985 (HeadlessAnalyzer)  
WARN  Mismatched DWARF Attribute and Form: DW_AT_macro_info->DW_FORM_data4 (DWARFAbbreviation)  
INFO  Added 161 source map entries (DWARFImporter)  
INFO  DWARF ver[2], 1 compUnits, 569 DIES, import - total elapsed: 12ms (DWARFImportSummary)  
INFO  DWARF data type import - elapsed: 5ms (DWARFImportSummary)  
INFO  DWARF func & symbol import - elapsed: 5ms (DWARFImportSummary)  
INFO  DWARF types imported: 99 (DWARFImportSummary)  
INFO  DWARF compile dirs: [/home/icculus/projects/UT2-Code/karma/MeAssetDB/src] (DWARFImportSummary)  
INFO  DWARF producers: [GNU C 3.2.3 20030422 (Gentoo Linux 1.4 3.2.3-r4, propolice)] (DWARFImportSummary)  
INFO  DWARF source languages: [DW_LANG_C89] (DWARFImportSummary)  
INFO  DWARF compUnit: MeFPrimitive.c (DWARFImportSummary)  
ERROR DWARF un-recoverable expressions: (DWARFImportSummary)  
ERROR   DW_OP_reg12 -> 1 (DWARFImportSummary)  
ERROR   DW_OP_reg3 -> 9 (DWARFImportSummary)  
ERROR   DW_OP_reg0 -> 15 (DWARFImportSummary)  
ERROR   DW_OP_reg2 -> 5 (DWARFImportSummary)  
ERROR   DW_OP_reg6 -> 3 (DWARFImportSummary)  
INFO  Applied data type archive: generic_clib (ApplyDataArchiveAnalyzer)  
INFO  -----------------------------------------------------
    ASCII Strings                              0.000 secs
    Apply Data Archives                        0.079 secs
    Call Convention ID                         2.276 secs
    Call-Fixup Installer                       0.000 secs
    Create Address Tables                      0.001 secs
    Create Function                            0.000 secs
    DWARF                                      0.013 secs
    Data Reference                             0.001 secs
    Decompiler Switch Analysis                 0.000 secs
    Demangler GNU                              0.004 secs
    Disassemble Entry Points                   0.004 secs
    ELF Scalar Operand References              0.001 secs
    Embedded Media                             0.001 secs
    External Entry References                  0.000 secs
    Function ID                                0.003 secs
    Function Start Pre Search                  0.001 secs
    Function Start Search                      0.002 secs
    Function Start Search After Code           0.000 secs
    Function Start Search After Data           0.000 secs
    GCC Exception Handlers                     0.002 secs
    Non-Returning Functions - Discovered       0.000 secs
    Non-Returning Functions - Known            0.001 secs
    Reference                                  0.000 secs
    Shared Return Calls                        0.001 secs
    Stack                                      0.005 secs
    Subroutine References                      0.000 secs
    X86 Function Callee Purge                  0.000 secs
    x86 Constant Reference Analyzer            0.005 secs
-----------------------------------------------------
     Total Time   2 secs
-----------------------------------------------------
 (AutoAnalysisManager)  
INFO  REPORT: Analysis succeeded for file: file:///home/ion/tools/karma-lab/allobj/MeFPrimitive.o?MD5=7fb84fb6dc672152bbda666734514985 (HeadlessAnalyzer)  
INFO  REPORT: Execute script: DumpDecomp.java  (HeadlessAnalyzer)  
INFO  SCRIPT: /home/ion/tools/karma-lab/gscripts/DumpDecomp.java (HeadlessAnalyzer)  
INFO  DumpDecomp.java> OVERRIDES applied: 0 (GhidraScript)  
INFO  DumpDecomp.java> VTABLE: MeFPrimitive.o rows=9 applied=9 no-prototype=0 not-in-a-function=0 refused=0 (GhidraScript)  
INFO  DumpDecomp.java> KARMAHDR: calling conventions {__cdecl=20, unknown=3} (GhidraScript)  
INFO  DumpDecomp.java> KARMAHDR: __regparm -> __cdecl on 3 function(s), 0 refused (GhidraScript)  
INFO  DumpDecomp.java> DONE MeFPrimitive.o (GhidraScript)  
INFO  ANALYZING changes made by post scripts: file:///home/ion/tools/karma-lab/allobj/MeFPrimitive.o?MD5=7fb84fb6dc672152bbda666734514985 (HeadlessAnalyzer)  
INFO  REPORT: Post-analysis succeeded for file: file:///home/ion/tools/karma-lab/allobj/MeFPrimitive.o?MD5=7fb84fb6dc672152bbda666734514985 (HeadlessAnalyzer)  
INFO  /allobj/MeFPrimitive.o: file created (ion) (LocalFileSystem)  
INFO  REPORT: Save succeeded for: /allobj/MeFPrimitive.o (Proj:/allobj/MeFPrimitive.o) (HeadlessAnalyzer)  
INFO  REPORT: Import succeeded (HeadlessAnalyzer)  
