step,b0_x,b0_y,b0_z,b1_x,b1_y,b1_z,b2_x,b2_y,b2_z,b3_x,b3_y,b3_z,b4_x,b4_y,b4_z,b5_x,b5_y,b5_z,b6_x,b6_y,b6_z,b7_x,b7_y,b7_z,b8_x,b8_y,b8_z,b9_x,b9_y,b9_z,b10_x,b10_y,b10_z,b11_x,b11_y,b11_z
0,0.00686995639,-0.00784430839,9.99507427,0.377119035,0.102319792,9.49612713,0.749102056,0.214695841,8.99764061,1.12279439,-0.00394183397,8.49925518,1.49198186,0.104991555,7.9975934,1.85733616,0.216410175,7.49567604,2.22217369,-0.00368858618,6.99483204,2.59223962,0.104144014,6.49533415,2.96796131,0.216849566,5.9998827,3.33915877,-0.00284207123,5.50131273,3.70597434,0.10339953,4.99773836,4.06838226,0.217842489,4.49536085
1,0.0140801715,-0.01572714,9.98705196,0.384519279,0.0946055278,9.4892025,0.758449733,0.209238693,8.99227619,1.13583517,-0.00779708894,8.49551201,1.50411808,0.100082137,7.99220133,1.86479974,0.212616995,7.48843765,2.22445035,-0.00732497079,6.98682117,2.59437394,0.0985326916,6.48803377,2.9757092,0.213480562,5.99728441,3.34818482,-0.00571043976,5.50008821,3.7118547,0.0969303623,4.99290514,4.06643581,0.215674773,4.48839188
2,0.0214110408,-0.0235915221,9.976161,0.39201656,0.0868982747,9.47942924,0.76789701,0.203696072,8.98406792,1.14899933,-0.0116038658,8.48888683,1.51632988,0.0952260196,7.9839263,1.87229156,0.208739325,7.47837639,2.22680902,-0.0109369121,6.97601748,2.59649134,0.0930286795,6.47805691,2.98337507,0.210006461,5.99205446,3.35721946,-0.00857097469,5.49614334,3.7176733,0.0905366838,4.98538876,4.0642786,0.213444352,4.4790206
3,0.0288406815,-0.031439431,9.96243191,0.399591565,0.0791973546,9.46683407,0.777426839,0.198076591,8.97304058,1.16226459,-0.0153665114,8.47940731,1.52859926,0.0904124752,7.97279024,1.8798033,0.204795048,7.4655056,2.22924471,-0.0145277753,6.96243,2.59860063,0.0876145139,6.46539545,2.99097395,0.206442252,5.98417187,3.3662715,-0.0114215435,5.48945999,3.72344112,0.0842099413,4.97517157,4.06193304,0.211154744,4.46722031
4,0.0363650285,-0.0392714255,9.9458704,0.407241136,0.0715026334,9.4514246,0.787035704,0.19238241,8.95920181,1.17562199,-0.019087093,8.46708107,1.54091656,0.0856390968,7.95880365,1.88733017,0.200790152,7.44983387,2.23175716,-0.0181001052,6.946064,2.60070705,0.0822856128,6.45004702,2.99851036,0.202792346,5.97362804,3.37534094,-0.0142628523,5.48003244,3.72915888,0.0779489279,4.96224833,4.0594101,0.208807275,4.452981
5,0.0439818613,-0.0470877774,9.92648125,0.414963841,0.0638141111,9.4332037,0.796721637,0.186614975,8.94255447,1.18906474,-0.0227673333,8.45191479,1.55327415,0.0809043497,7.94197369,1.89486861,0.196729109,7.4313674,2.23434663,-0.0216560811,6.92692327,2.60281539,0.0770389512,6.43200922,3.00598717,0.199059635,5.96041679,3.38442636,-0.0170958005,5.46785688,3.73482609,0.0717533603,4.94661713,4.05671883,0.206402823,4.4362936
6,0.0516895875,-0.054888621,9.90426731,0.422758758,0.0561318807,9.41217518,0.80648315,0.180775493,8.92310333,1.20258653,-0.0264088213,8.43391323,1.56566465,0.0762068927,7.92230844,1.90241516,0.192616001,7.41011286,2.23701334,-0.025197655,6.90501118,2.60492992,0.0718717277,6.41128016,3.01340747,0.195246652,5.94453192,3.39352632,-0.0199211892,5.45292902,3.74044204,0.0656230301,4.92827606,4.05386782,0.20394218,4.41715145
7,0.0594868027,-0.0626740232,9.87923145,0.43062517,0.0484560803,9.38834286,0.816318929,0.174865052,8.90085125,1.21618152,-0.0300130434,8.41308117,1.57808161,0.0715454072,7.89981413,1.90996683,0.188454628,7.38607645,2.23975706,-0.0287265703,6.88033152,2.60705471,0.066781275,6.38785744,3.02077413,0.191355735,5.92596769,3.40263939,-0.0227397233,5.43524599,3.74600577,0.0595576949,4.9072237,4.05086517,0.201426134,4.39554691
8,0.0673720539,-0.07044404,9.85137653,0.438562274,0.0407868512,9.36170769,0.826227605,0.168884739,8.87580204,1.22984397,-0.0335814171,8.38942337,1.59051895,0.06691847,7.87449694,1.91752076,0.184248671,7.35926294,2.24257755,-0.0322443247,6.85288668,2.60919333,0.0617649257,6.36173964,3.02808976,0.187389091,5.90471888,3.41176367,-0.0255520158,5.41480446,3.75151634,0.0535570122,4.88345861,4.04771805,0.198855475,4.37147284
9,0.0753441676,-0.0781986415,9.82070446,0.446569562,0.0331243835,9.33227348,0.836208105,0.162835538,8.84795761,1.24356866,-0.0371153019,8.36294365,1.60297108,0.0623247363,7.84636259,1.92507458,0.180001512,7.32967758,2.24547458,-0.0357522592,6.82268,2.61134934,0.0568201728,6.33292484,3.035357,0.183348745,5.8807807,3.42089725,-0.0283586308,5.39160252,3.75697279,0.047620602,4.85698032,4.04443455,0.196231022,4.34492302
10,0.08340206,-0.0859377906,9.78721809,0.454646558,0.0254688952,9.30004215,0.846259356,0.156718403,8.81732178,1.25735044,-0.0406159982,8.33364677,1.61543286,0.0577628277,7.81541681,1.93262601,0.175716415,7.29732466,2.24844766,-0.0392515361,6.78971338,2.61352587,0.0519445091,6.30141115,3.04257846,0.179236636,5.85414886,3.43003845,-0.0311600473,5.36563778,3.76237416,0.0417479835,4.82778835,4.04102135,0.193553627,4.31589031
11,0.0915446058,-0.0936614424,9.7509203,0.462792844,0.0178205855,9.26501656,0.856380343,0.150534332,8.78389645,1.27118468,-0.0440847427,8.30153561,1.62789953,0.0532313474,7.78166437,1.94017327,0.171396434,7.26220846,2.25149632,-0.0427431762,6.75399017,2.61572599,0.0471355468,6.26719666,3.04975629,0.175054595,5.82481861,3.43918538,-0.0339567065,5.33690882,3.76771927,0.0359386317,4.79588175,4.0374856,0.190824166,4.28436899
12,0.0997708663,-0.101369523,9.71181202,0.471008062,0.0101796929,9.2271986,0.866570175,0.144284263,8.74768448,1.2850666,-0.0475227572,8.26661491,1.64036667,0.0487288833,7.74511051,1.94771469,0.167044476,7.22433281,2.25462008,-0.0462280363,6.7155118,2.61795235,0.0423909537,6.23027992,3.05689263,0.170804352,5.7927866,3.44833612,-0.0367490053,5.30541372,3.77300715,0.0301919114,4.76126099,4.03383446,0.188043565,4.25035191
13,0.108080022,-0.109061919,9.66989613,0.479292065,0.00254646828,9.18658924,0.876828074,0.137969106,8.70868874,1.29899168,-0.0509312116,8.2288866,1.65283024,0.0442540906,7.70575953,1.95524859,0.162663251,7.18370199,2.25781822,-0.0497068986,6.67428064,2.62020731,0.0377084538,6.19066,3.06398988,0.166487589,5.75804853,3.4574883,-0.0395372808,5.27115154,3.7782371,0.0245071128,4.72392511,4.03007364,0.185212791,4.21383333
14,0.116471358,-0.116738506,9.62517357,0.487644672,-0.00507881446,9.14319134,0.887153149,0.131589755,8.66691113,1.31295586,-0.0543112643,8.18835545,1.66528642,0.0398055837,7.6636157,1.9627738,0.158255324,7.14031887,2.2610898,-0.0531803966,6.63029861,2.62249351,0.033085905,6.14833498,3.07104993,0.162105903,5.72060156,3.46663976,-0.042321872,5.23412132,3.78340793,0.0188834667,4.68387413,4.02620983,0.182332844,4.17480707
15,0.124944061,-0.124399193,9.57764721,0.496065795,-0.0126959058,9.09700584,0.897544801,0.125147179,8.62235355,1.32695484,-0.0576640218,8.14502335,1.67773175,0.035381984,7.61868334,1.97028911,0.153823093,7.09418631,2.2644341,-0.0566490702,6.58356762,2.62481308,0.0285212081,6.10330343,3.07807469,0.157660782,5.68044233,3.47578859,-0.0451030619,5.19432259,3.78851891,0.013320148,4.64110851,4.02224874,0.179404736,4.1332674
16,0.133497611,-0.132043809,9.52731705,0.504555464,-0.0203045122,9.04803467,0.908002257,0.118642256,8.57501793,1.34098494,-0.0609905906,8.09889317,1.69016302,0.0309819728,7.57096624,1.97779357,0.149368793,7.04530764,2.26785064,-0.0601133816,6.53408957,2.62716794,0.0240123738,6.05556393,3.08506608,0.153153688,5.63756847,3.48493218,-0.0478811264,5.15175486,3.79356909,0.00781626161,4.59562874,4.01819658,0.17642954,4.08920765
17,0.142131358,-0.13967225,9.47418594,0.513113678,-0.0279043671,8.99627876,0.918524921,0.11207594,8.52490711,1.3550421,-0.064292036,8.04996777,1.70257723,0.0266041625,7.52046728,1.98528647,0.14489454,6.99368525,2.27133822,-0.0635736808,6.48186588,2.62956023,0.0195574556,6.00511551,3.09202576,0.148586035,5.59197664,3.49406862,-0.0506563,5.10641718,3.79855776,0.00237086951,4.54743433,4.01405859,0.173408315,4.04262257
18,0.150844797,-0.147284344,9.4182539,0.521740496,-0.0354951806,8.94174004,0.929112136,0.10544917,8.47202206,1.36912274,-0.0675694421,7.99824953,1.71497154,0.0222472157,7.46719074,1.99276698,0.140402332,6.93932152,2.27489614,-0.0670302585,6.42689753,2.63199139,0.0151545787,5.95195723,3.09895539,0.143959194,5.54366493,3.50319529,-0.0534288138,5.05831003,3.8034842,-0.00301705976,4.49652624,4.00984049,0.170342177,3.99350643
19,0.159637451,-0.154879957,9.35952377,0.530436039,-0.0430766642,8.88441944,0.939763427,0.0987628922,8.41636467,1.3832233,-0.0708238408,7.94374132,1.72734344,0.0179098286,7.41113901,2.0002346,0.13589403,6.88221931,2.27852368,-0.0704833344,6.3691864,2.63446331,0.0108019626,5.89608765,3.10585642,0.139274463,5.49263096,3.51231003,-0.0561988801,5.00743294,3.80834794,-0.00834852643,4.44290447,4.00554705,0.167232215,3.94185376
20,0.168508738,-0.162458971,9.29799557,0.539200366,-0.0506485477,8.82431889,0.950478077,0.0920181423,8.35793686,1.3973403,-0.0740562603,7.88644552,1.73969066,0.013590618,7.3523159,2.007689,0.131371379,6.82238007,2.28221989,-0.0739330426,6.30873346,2.63697743,0.00649785995,5.83750534,3.1127305,0.134533152,5.43887234,3.52141023,-0.0589666851,4.95378685,3.81314826,-0.0136246476,4.3865695,4.00118351,0.164079577,3.8876586
21,0.177458405,-0.170021191,9.23367119,0.548033774,-0.0582105145,8.76143932,0.96125567,0.0852158368,8.29674053,1.41147041,-0.0772677287,7.82636452,1.75201094,0.00928836409,7.2907238,2.01512957,0.126835957,6.75980568,2.28598404,-0.0773795173,6.24554014,2.63953519,0.00224066898,5.77620983,3.11957884,0.129736483,5.38238716,3.53049374,-0.0617324226,4.89737129,3.81788445,-0.0188465193,4.3275218,3.99675465,0.160885364,3.83091593
22,0.186486006,-0.177566499,9.16655159,0.556936502,-0.0657622889,8.69578171,0.972095728,0.0783570185,8.23277664,1.42561054,-0.080459252,7.76350021,1.76430213,0.00500176568,7.22636557,2.0225563,0.122289293,6.69449806,2.28981543,-0.0808227882,6.17960739,2.642138,-0.00197120453,5.71219969,3.12640262,0.124885663,5.323174,3.53955841,-0.0644962639,4.83818722,3.82255602,-0.0240152702,4.26576185,3.99226499,0.157650724,3.77162027
23,0.195591241,-0.185094729,9.09663773,0.56590879,-0.0733035728,8.62734604,0.982997775,0.0714427009,8.1660471,1.43975735,-0.0836318359,7.69785452,1.77656245,0.000729562831,7.15924358,2.02996898,0.117732771,6.62645864,2.29371309,-0.0842628703,6.11093616,2.64478731,-0.00613927376,5.64547396,3.13320327,0.119981892,5.26123095,3.54860163,-0.0672583729,4.77623463,3.82716274,-0.0291320775,4.20129013,3.98771906,0.154376775,3.70976663
24,0.204773813,-0.192605734,9.0239315,0.574950933,-0.0808340758,8.55613422,0.993961275,0.064473927,8.09655285,1.45390785,-0.0867864713,7.62942934,1.78879023,-0.00352948974,7.08936071,2.03736734,0.113167711,6.55568933,2.29767632,-0.0876997262,6.03952789,2.64748406,-0.0102650207,5.57603216,3.13998175,0.115026332,5.19655657,3.557621,-0.070018895,4.71151447,3.83170438,-0.0341981128,4.13410711,3.98312116,0.151064649,3.64534998
25,0.214033306,-0.200099394,8.94843292,0.584063113,-0.0883535221,8.48214817,1.00498569,0.0574517995,8.02429581,1.46805918,-0.0899241343,7.55822706,1.80098379,-0.00777665293,7.01671886,2.04475164,0.108595327,6.48219109,2.30170441,-0.0911332667,5.96538258,2.65022945,-0.0143498424,5.50387287,3.14673948,0.110020116,5.12914944,3.56661439,-0.0727780014,4.64402723,3.83618021,-0.0392145403,4.06421375,3.97847509,0.147715434,3.5783658
26,0.223369554,-0.20757553,8.87014294,0.593245745,-0.0958616138,8.40538692,1.01607072,0.0503773727,7.94927692,1.48220837,-0.0930458158,7.48424959,1.8131417,-0.0120131066,6.94132042,2.05212188,0.104016714,6.40596533,2.30579638,-0.0945633873,5.88850164,2.65302491,-0.0183950644,5.42899561,3.15347695,0.104964361,5.05900812,3.5755794,-0.0755358338,4.57377338,3.84059024,-0.0441825613,3.99161005,3.97378469,0.144330248,3.50880909
27,0.232782304,-0.215034008,8.78906345,0.602499127,-0.10335806,8.32585239,1.02721572,0.0432517603,7.87149763,1.49635255,-0.0961524919,7.40749836,1.82526255,-0.0162400492,6.86316776,2.05947804,0.0994329229,6.32701302,2.30995178,-0.0979899541,5.80888557,2.65587115,-0.0224019997,5.3513999,3.16019559,0.0998601839,4.98613167,3.58451366,-0.0782925487,4.50075436,3.84493423,-0.0491033718,3.91629672,3.96905398,0.140910178,3.43667531
28,0.242271274,-0.222474694,8.70519447,0.611823499,-0.110842586,8.24354458,1.03842032,0.0360761024,7.79095936,1.51048911,-0.0992451236,7.3279748,1.83734512,-0.0204586368,6.7822628,2.06682038,0.0948449001,6.2453351,2.31416988,-0.101412818,5.72653532,2.65876937,-0.0263718739,5.27108431,3.16689587,0.0947086513,4.91051865,3.59341502,-0.0810483024,4.42497015,3.84921193,-0.0539781414,3.83827424,3.96428609,0.137456268,3.36195993
29,0.25183621,-0.229897454,8.61853695,0.621219277,-0.118314922,8.15846539,1.04968405,0.028851565,7.70766306,1.52461541,-0.102324672,7.24568081,1.84938836,-0.0246700291,6.69860697,2.07414913,0.0902535319,6.16093254,2.31844997,-0.104831778,5.64145136,2.66172028,-0.0303059015,5.18804836,3.17357898,0.0895108581,4.8321681,3.60228133,-0.0838032365,4.3464222,3.85342336,-0.0588080771,3.75754309,3.95948482,0.13396959,3.28465867
30,0.261476845,-0.237302184,8.52909184,0.6306867,-0.125774801,8.07061481,1.06100655,0.0215793233,7.62161016,1.53872883,-0.105392098,7.16061831,1.86139131,-0.0288753528,6.61220217,2.08146453,0.0856596306,6.07380629,2.32279134,-0.108246632,5.55363464,2.66472507,-0.0342052393,5.10229111,3.1802454,0.0842678621,4.75107908,3.61111021,-0.086557515,4.26511097,3.85756826,-0.0635943413,3.67410374,3.95465302,0.130451173,3.20476747
31,0.271192968,-0.244688734,8.43686008,0.640226126,-0.133221954,7.97999382,1.07238722,0.014260577,7.53280163,1.55282688,-0.108448349,7.07278824,1.87335289,-0.033075735,6.52305031,2.08876705,0.0810639337,5.98395681,2.3271935,-0.111657135,5.46308517,2.66778469,-0.0380709991,5.01381159,3.18689609,0.078980729,4.66725063,3.61989951,-0.0893112868,4.1810379,3.86164665,-0.0683381036,3.58795691,3.94979405,0.126902014,3.12228227
32,0.280984342,-0.252057016,8.34184265,0.649837852,-0.140656129,7.88660336,1.08382559,0.00689656194,7.44123888,1.56690717,-0.111494377,6.98219252,1.8852725,-0.0372722521,6.43115282,2.09605694,0.0764671117,5.89138508,2.33165574,-0.115063064,5.36980391,2.67089963,-0.0419042557,4.92260981,3.19353151,0.0736505091,4.5806818,3.62864709,-0.0920647234,4.09420347,3.86565852,-0.0730405226,3.49910283,3.94491076,0.123323105,3.03719926
33,0.290850729,-0.259406924,8.24404049,0.659522235,-0.148077071,7.79044342,1.09532118,-0.000511478225,7.34692287,1.58096743,-0.11453113,6.88883257,1.89714921,-0.0414659604,6.33651161,2.10333467,0.0718697831,5.79609108,2.33617759,-0.118464172,5.27379084,2.67407107,-0.0457060486,4.82868481,3.2001524,0.0682782531,4.49137211,3.6373508,-0.094817996,4.00460863,3.86960387,-0.0777027234,3.40754199,3.94000602,0.119715407,2.94951439
34,0.30079183,-0.266738355,8.14345455,0.669279456,-0.155484542,7.69151545,1.10687363,-0.00796226412,7.24985456,1.59500527,-0.117559537,6.79270935,1.9089824,-0.0456579179,6.23912764,2.11060047,0.0672725141,5.69807577,2.34075856,-0.121860191,5.17504692,2.6772995,-0.0494774021,4.73203564,3.20675945,0.0628650114,4.3993206,3.64600873,-0.0975712836,3.9122541,3.87348294,-0.0823258385,3.31327486,3.93508267,0.116079859,2.85922432
35,0.310807467,-0.274051219,8.04008579,0.679109871,-0.16287829,7.58981991,1.11848235,-0.0154545186,7.1500349,1.60901856,-0.120580547,6.69382429,1.9207716,-0.0498491228,6.1390028,2.11785507,0.0626758039,5.59733963,2.34539795,-0.125250876,5.07357216,2.68058586,-0.0532192774,4.63266182,3.21335292,0.0574118271,4.30452681,3.65461874,-0.100324765,3.81714082,3.87729573,-0.0869109631,3.21630192,3.93014312,0.112417378,2.76632524
36,0.32089746,-0.281345397,7.93393421,0.689013779,-0.170258075,7.48535728,1.13014686,-0.0229869522,7.04746532,1.62300515,-0.123595104,6.59217882,1.93251622,-0.0540405586,6.03613806,2.12509871,0.0580800883,5.49388313,2.35009527,-0.128635943,4.9693675,2.68393087,-0.0569326207,4.53056288,3.21993351,0.0519197583,4.20698977,3.66317868,-0.103078641,3.71926999,3.88104248,-0.0914591774,3.1166234,3.92518997,0.108728848,2.6708138
37,0.331061423,-0.288620859,7.82500076,0.698991358,-0.177623689,7.37812853,1.14186656,-0.0305582061,6.9421463,1.63696301,-0.126604125,6.48777437,1.94421589,-0.0582332239,5.93053436,2.13233185,0.0534857884,5.38770628,2.35485005,-0.132015109,4.86243296,2.68733525,-0.0606183633,4.42573833,3.22650194,0.0463898405,4.106709,3.67168689,-0.105833113,3.61864233,3.88472319,-0.0959715247,3.01423979,3.92022562,0.105015136,2.57268691
38,0.341299087,-0.295877546,7.71328688,0.709042788,-0.184974909,7.26813412,1.15364099,-0.0381669328,6.83407927,1.65089011,-0.129608542,6.3806119,1.95587027,-0.0624280609,5.82219362,2.13955522,0.0488932654,5.27880907,2.35966206,-0.135388076,4.75276899,2.69079947,-0.0642774031,4.31818724,3.23305845,0.0408231206,4.00368404,3.68014121,-0.108588405,3.51525903,3.88833809,-0.100449048,2.90915132,3.91525221,0.101277091,2.47194099
39,0.351610214,-0.303115368,7.59879303,0.719168365,-0.19231154,7.15537453,1.16546965,-0.0458117723,6.72326469,1.66478455,-0.132609278,6.27069235,1.96747911,-0.0666259751,5.71111631,2.14676929,0.0443028323,5.16719198,2.36453032,-0.138754591,4.64037609,2.69432449,-0.0679106116,4.20790958,3.23960328,0.0352206714,3.89791417,3.68853974,-0.111344732,3.40912056,3.89188719,-0.104892761,2.80135846,3.91027188,0.0975155234,2.36857319
40,0.361994505,-0.310334295,7.4815197,0.72936821,-0.19963336,7.03985071,1.17735183,-0.0534913428,6.60970354,1.67864442,-0.135607272,6.15801716,1.97904205,-0.0708278716,5.59730387,2.15397453,0.0397147648,5.05285549,2.36945486,-0.142114341,4.52525425,2.69791055,-0.0715188459,4.09490442,3.24613714,0.0295835454,3.78939891,3.69688082,-0.114102349,3.30022812,3.89537096,-0.109303646,2.6908617,3.90528703,0.0937312171,2.26258039
41,0.372451574,-0.317534298,7.36146832,0.739642441,-0.206940204,6.92156315,1.18928707,-0.0612042286,6.49339676,1.69246805,-0.138603419,6.04258728,1.9905591,-0.0750346258,5.48075676,2.16117167,0.0351293012,4.93579912,2.37443471,-0.145467073,4.40740395,2.70155835,-0.0751029328,3.97917175,3.25266004,0.0239128191,3.67813778,3.70516276,-0.116861492,3.18858242,3.89878964,-0.113682672,2.57766104,3.90029955,0.089924939,2.15395999
42,0.382981151,-0.324715346,7.23863935,0.749991238,-0.214231879,6.80051279,1.20127487,-0.0689490288,6.3743453,1.70625365,-0.141598657,5.92440319,2.00203013,-0.0792470798,5.36147642,2.16836119,0.0305466428,4.81602335,2.37946987,-0.148812488,4.28682518,2.70526862,-0.078663677,3.86071062,3.25917268,0.0182095431,3.56413007,3.71338344,-0.119622439,3.07418442,3.90214348,-0.118030757,2.46175671,3.89531112,0.0860974416,2.04270887
43,0.393582851,-0.33187744,7.11303377,0.76041466,-0.22150822,6.67670059,1.21331453,-0.0767243057,6.25255013,1.71999967,-0.144593894,5.80346632,2.01345515,-0.083466053,5.23946333,2.17554355,0.0259669665,4.69352818,2.38455963,-0.152150318,4.16351843,2.7090416,-0.0822018832,3.73952079,3.26567507,0.012474807,3.44737554,3.7215414,-0.122385472,2.95703483,3.9054327,-0.122348808,2.34314919,3.89032388,0.0822494403,1.92882454
44,0.404256344,-0.33902055,6.98465204,0.770912766,-0.228769049,6.55012655,1.22540545,-0.0845286325,6.1280117,1.73370433,-0.147590041,5.67977762,2.02483416,-0.0876923427,5.11471844,2.18271947,0.021390412,4.5683136,2.38970375,-0.155480281,4.03748417,2.71287799,-0.0857183486,3.61560178,3.27216768,0.00670971628,3.32787395,3.72963524,-0.125150874,2.8371346,3.90865779,-0.126637727,2.22183871,3.8853395,0.0783816278,1.81230426
45,0.415001273,-0.346144676,6.8534956,0.781485617,-0.236014202,6.42079163,1.23754704,-0.0923605561,6.00073099,1.74736631,-0.150588021,5.55333805,2.03616714,-0.0919267014,4.9872427,2.18988967,0.016817078,4.44037962,2.39490175,-0.158802137,3.90872264,2.71677804,-0.0892138109,3.48895311,3.27865076,0.000915348297,3.20562458,3.73766303,-0.127918959,2.71448421,3.91181898,-0.130898356,2.09782529,3.88035989,0.0744946823,1.69314563
46,0.425817251,-0.353249818,6.71956491,0.792133272,-0.24324353,6.28869677,1.24973857,-0.100218624,5.87070894,1.76098418,-0.153588727,5.42414856,2.04745436,-0.0961698741,4.85703659,2.19705462,0.0122470437,4.30972624,2.40015292,-0.162115633,3.77723408,2.72074246,-0.092689015,3.35957479,3.2851243,-0.00490719313,3.08062744,3.74562335,-0.130690053,2.58908463,3.91491652,-0.135131523,1.97110915,3.87538648,0.0705892518,1.57134616
47,0.436703801,-0.360336035,6.58286095,0.802855551,-0.250456899,6.15384245,1.26197946,-0.108101346,5.73794603,1.77455652,-0.156593069,5.29220963,2.05869579,-0.100422591,4.72410107,2.20421481,0.00768038863,4.17635345,2.40545726,-0.165420488,3.64301848,2.7247715,-0.0961447284,3.22746611,3.29158878,-0.0107567888,2.95288181,3.75351477,-0.133464485,2.46093655,3.91795111,-0.139338017,1.84169054,3.87042117,0.0666659698,1.44690359
48,0.447660536,-0.367403358,6.44338465,0.813652456,-0.25765419,6.01622915,1.2742691,-0.116007261,5.60244322,1.788082,-0.159601957,5.15752268,2.06989169,-0.10468553,4.5884366,2.21137094,0.00311712874,4.04026079,2.41081405,-0.16871646,3.50607634,2.72886539,-0.0995816439,3.09262681,3.29804444,-0.0166323204,2.82238746,3.76133585,-0.136242628,2.33004069,3.92092276,-0.143518627,1.70956969,3.86546516,0.0627254397,1.31981552
49,0.458687007,-0.374451816,6.30113649,0.824523926,-0.264835268,5.87585831,1.28660679,-0.123934895,5.46420097,1.80155945,-0.162616283,5.02008772,2.08104253,-0.108959332,4.45004416,2.2185235,-0.00144271378,3.90144849,2.41622281,-0.172003344,3.36640787,2.73302436,-0.103000492,2.95505691,3.30449128,-0.0225326605,2.68914413,3.76908517,-0.139024839,2.19639778,3.92383218,-0.147674099,1.57474661,3.86052012,0.0587682575,1.19007969
50,0.46978274,-0.381481439,6.15611792,0.835469782,-0.272000015,5.73272991,1.2989918,-0.131882757,5.32321978,1.81498766,-0.165636957,4.87990618,2.0921483,-0.113244645,4.30892372,2.2256732,-0.00599915022,3.75991654,2.42168307,-0.175280914,3.22401333,2.7372489,-0.10640195,2.81475568,3.31092954,-0.0284566693,2.55315161,3.77676153,-0.141811505,2.06000829,3.92667937,-0.151805148,1.43722129,3.85558748,0.0547949858,1.05769408
51,0.480947256,-0.388492316,6.00832939,0.846489906,-0.27914834,5.58684492,1.31142342,-0.139849365,5.17950058,1.82836556,-0.168664873,4.73697805,2.1032095,-0.117542058,4.16507578,2.23282051,-0.0105522098,3.61566448,2.4271946,-0.178548947,3.07889318,2.741539,-0.109786712,2.67172337,3.31735921,-0.0344032086,2.41440964,3.78436351,-0.144603029,1.92087281,3.92946506,-0.155912474,1.29699397,3.85066867,0.0508061834,0.922656596
52,0.49218002,-0.395484537,5.85777187,0.857584059,-0.286280125,5.43820429,1.32390106,-0.147833228,5.03304434,1.84169209,-0.17170091,4.5913043,2.11422634,-0.121852174,4.01850128,2.23996615,-0.0151019199,3.4686923,2.4327569,-0.18180722,2.9310472,2.74589515,-0.113155462,2.52595949,3.32378078,-0.0403711274,2.27291775,3.79189014,-0.147399843,1.77899194,3.9321897,-0.159996733,1.15406477,3.84576511,0.0468023792,0.784965277
53,0.503480613,-0.402458161,5.70444632,0.868752003,-0.293395251,5.28680897,1.33642387,-0.155832887,4.88385105,1.8549664,-0.174745977,4.44288588,2.12519932,-0.126175523,3.86920023,2.24711061,-0.0196483545,3.31900001,2.43836927,-0.185055569,2.78047585,2.75031734,-0.116508849,2.37746382,3.330194,-0.0463592783,2.1286757,3.79934025,-0.150202364,1.63436627,3.93485355,-0.164058551,1.0084337,3.84087801,0.0427840948,0.644618154
54,0.514848471,-0.409413248,5.5483532,0.879993558,-0.300493658,5.13265896,1.34899116,-0.163846835,4.73192167,1.86818755,-0.177800983,4.29172325,2.1361289,-0.130512625,3.71717334,2.25425434,-0.0241915882,3.16658711,2.44403148,-0.1882938,2.62717962,2.75480556,-0.119847521,2.22623634,3.33659911,-0.0523664914,1.98168337,3.80671263,-0.153011054,1.48699641,3.93745732,-0.168098569,0.860100746,3.83600855,0.0387518294,0.501613379
55,0.526283026,-0.416349918,5.38949394,0.891308308,-0.307575285,4.97575569,1.36160219,-0.171873599,4.57725668,1.88135469,-0.180866793,4.13781691,2.14701557,-0.134863988,3.56242085,2.26139808,-0.0287316926,3.01145363,2.44974279,-0.191521734,2.4711585,2.75936007,-0.123172127,2.07227683,3.34299612,-0.0583915971,1.83194053,3.81400633,-0.15582639,1.33688259,3.94000125,-0.172117352,0.709065974,3.83115816,0.0347060673,0.355949104
56,0.537783742,-0.423268288,5.22786951,0.902696013,-0.314640045,4.81609964,1.37425613,-0.179911703,4.41985655,1.894467,-0.1839443,3.98116732,2.15785956,-0.139230072,3.40494323,2.26854253,-0.0332687758,2.85359955,2.45550299,-0.194739237,2.31241274,2.76398087,-0.126483276,1.91558528,3.34938526,-0.0644334331,1.67944694,3.82122064,-0.158648849,1.18402541,3.94248581,-0.176115468,0.555329382,3.82632804,0.030647276,0.207623586
57,0.549350023,-0.43016845,5.06348038,0.914156258,-0.321687847,4.65369177,1.38695228,-0.187959701,4.25972176,1.90752387,-0.187034383,3.82177496,2.16866159,-0.143611327,3.24474049,2.27568793,-0.0378029384,2.6930244,2.46131134,-0.197946146,2.15094256,2.76866794,-0.129781604,1.75616169,3.35576653,-0.0704908147,1.52420235,3.82835436,-0.161478937,1.02842522,3.94491172,-0.180093452,0.398890972,3.82151914,0.0265759137,0.0566351414
58,0.560981274,-0.437050521,4.8963275,0.925688684,-0.328718632,4.48853302,1.39968991,-0.196016118,4.09685326,1.92052472,-0.190137923,3.65964055,2.17942214,-0.148008168,3.08181334,2.28283501,-0.0423342958,2.52972817,2.46716738,-0.201142326,1.9867481,2.77342129,-0.133067712,1.59400594,3.36213994,-0.0765625685,1.36620677,3.83540678,-0.164317161,0.870082319,3.94727921,-0.184051827,0.239750698,3.81673288,0.0224924199,-0.0970179141
59,0.572676957,-0.443914652,4.72641182,0.937292814,-0.335732371,4.32062387,1.41246831,-0.204079494,3.93125105,1.93346894,-0.193255812,3.49476457,2.19014192,-0.152420983,2.91616178,2.28998423,-0.0468629785,2.36371064,2.47307062,-0.204327658,1.81982982,2.77824068,-0.136342183,1.42911804,3.36850548,-0.0826475248,1.20545995,3.84237742,-0.167164072,0.708997071,3.94958878,-0.187991068,0.0779085681,3.81197023,0.0183972288,-0.253337145
60,0.584436417,-0.450760961,4.5537343,0.948968232,-0.342729002,4.14996529,1.42528665,-0.212148398,3.76291585,1.94635594,-0.196388915,3.32714725,2.20082116,-0.156850129,2.74778605,2.29713607,-0.0513891093,2.19497156,2.47902036,-0.207502037,1.65018785,2.78312612,-0.139605612,1.26149797,3.37486339,-0.0887444913,1.04196179,3.84926534,-0.170020208,0.545169771,3.95184088,-0.191911638,-0.0866355151,3.80723238,0.0142907528,-0.41232416
61,0.596259058,-0.457589567,4.3782959,0.960714459,-0.349708468,3.97655773,1.43814409,-0.220221415,3.5918479,1.95918536,-0.199538127,3.1567893,2.21146059,-0.161295965,2.57668662,2.30429101,-0.0559128411,2.02351069,2.48501611,-0.21066536,1.47782254,2.78807735,-0.142858535,1.09114587,3.38121343,-0.0948523134,0.875712097,3.8560698,-0.172886148,0.378600687,3.95403624,-0.195813984,-0.253881544,3.80252028,0.0101734055,-0.573980391
62,0.608144224,-0.464400619,4.20009708,0.972530961,-0.356670737,3.8004024,1.45103991,-0.228297114,3.4180479,1.97195685,-0.202704296,2.98369074,2.22206068,-0.165758789,2.40286326,2.31144977,-0.0604343079,1.84932804,2.4910574,-0.213817552,1.30273402,2.79309392,-0.146101534,0.918061733,3.38755584,-0.100969806,0.706710815,3.86279035,-0.17576246,0.209289998,3.95617509,-0.199698508,-0.423829615,3.79783511,0.00604558457,-0.738307297
63,0.620091319,-0.471194267,4.01913929,0.9844172,-0.363615751,3.62149978,1.46397328,-0.236374095,3.24151611,1.98467004,-0.205888301,2.80785227,2.23262215,-0.170238897,2.22631645,2.31861258,-0.064953655,1.67242324,2.49714351,-0.216958538,1.12492263,2.79817581,-0.149335131,0.742245674,3.39389062,-0.1070958,0.534957826,3.86942649,-0.178649753,0.0372379087,3.95825815,-0.203565612,-0.596479774,3.79317784,0.00190767588,-0.905306339
64,0.632099628,-0.47797066,3.83542299,0.99637264,-0.37054348,3.43985105,1.47694349,-0.244450986,3.062253,1.99732471,-0.209090993,2.62927413,2.2431457,-0.174736559,2.04704618,2.32577991,-0.0694710314,1.49279618,2.50327373,-0.220088243,0.944388509,2.80332279,-0.152559876,0.563697815,3.40021753,-0.113229126,0.36045301,3.87597799,-0.181548625,-0.137555465,3.96028566,-0.20741567,-0.771832108,3.78854942,-0.00223993952,-1.07497883
65,0.644168556,-0.484729946,3.64894915,1.00839663,-0.377453923,3.25545669,1.4899497,-0.252526402,2.8802588,2.0099206,-0.212313265,2.4479568,2.25363183,-0.179252014,1.8650527,2.33295226,-0.0739865974,1.31044674,2.50944757,-0.223206639,0.761131883,2.80853438,-0.155776262,0.382418334,3.40653682,-0.119368628,0.183196351,3.88244414,-0.184459686,-0.315090001,3.96225834,-0.211249039,-0.94988668,3.78395081,-0.00639689574,-1.24732614
66,0.656297445,-0.491472304,3.4597187,1.02048862,-0.384347022,3.06831765,1.50299108,-0.260598987,2.69553375,2.0224576,-0.215555951,2.26390052,2.26408124,-0.183785483,1.68033612,2.34013033,-0.0785005018,1.12537467,2.51566434,-0.226313666,0.575153053,2.81381035,-0.158984795,0.198407397,3.41284847,-0.125513151,0.00318773929,3.88882494,-0.187383592,-0.49536562,3.96417665,-0.215066031,-1.13064361,3.77938318,-0.0105628259,-1.42234957
67,0.668485582,-0.498197883,3.26773262,1.03264797,-0.391222775,2.87843466,1.51606679,-0.2686674,2.50807858,2.03493547,-0.218819901,2.07710552,2.27449441,-0.188337162,1.49289644,2.34731436,-0.0830129087,0.937579691,2.52192354,-0.229409307,0.386452287,2.81914997,-0.162185952,0.0116651449,3.41915226,-0.131661549,-0.179572865,3.89511991,-0.190320998,-0.678382277,3.96604085,-0.218866974,-1.31410289,3.77484727,-0.0147373741,-1.60005021
68,0.68073231,-0.504906893,3.07299161,1.04487395,-0.398081154,2.68580866,1.52917612,-0.276730329,2.31789327,2.04735422,-0.22210598,1.88757217,2.28487206,-0.192907229,1.30273378,2.35450459,-0.0875239745,0.747061729,2.52822447,-0.23249355,0.195029765,2.82455301,-0.165380225,-0.177808166,3.42544842,-0.137812689,-0.365085483,3.9013288,-0.193272546,-0.864139974,3.96785164,-0.222652152,-1.50026464,3.77034402,-0.0189201925,-1.78042948
69,0.693036914,-0.511599422,2.87549639,1.05716586,-0.404922128,2.49044037,1.54231834,-0.284786493,2.1249783,2.05971384,-0.225415036,1.69530058,2.29521489,-0.197495848,1.10984826,2.36170173,-0.0920338556,0.55382061,2.5345664,-0.235566393,0.000885744696,2.830019,-0.16856806,-0.370012313,3.43173671,-0.143965438,-0.553350151,3.90745163,-0.19623892,-1.05263877,3.9696095,-0.226421848,-1.68912899,3.76587462,-0.0231109355,-1.96348834
70,0.705398738,-0.518275678,2.67524791,1.06952298,-0.411745697,2.2923305,1.55549252,-0.29283458,1.92933381,2.07201457,-0.228747904,1.50029111,2.30552363,-0.202103138,0.914239883,2.36890602,-0.0965427086,0.357856214,2.54094863,-0.238627836,-0.19597958,2.83554745,-0.17174989,-0.564947069,3.43801713,-0.150118679,-0.744366944,3.91348815,-0.199220791,-1.24387872,3.97131491,-0.230176315,-1.88069606,3.76143956,-0.0273092631,-2.1492281
71,0.717817068,-0.524935842,2.47224689,1.0819447,-0.418551832,2.09148002,1.56869793,-0.300873339,1.73096013,2.08425617,-0.232105419,1.302544,2.31579876,-0.206729203,0.715908766,2.37611771,-0.101050697,0.159168348,2.54737043,-0.241677895,-0.395565987,2.84113765,-0.174926162,-0.762612104,3.44428968,-0.156271309,-0.938135803,3.91943836,-0.20221886,-1.43785989,3.97296834,-0.233915776,-2.07496595,3.75704002,-0.0315148495,-2.33764982
72,0.730291247,-0.531580091,2.26649427,1.09443021,-0.425340533,1.88788939,1.58193374,-0.308901548,1.5298574,2.09643912,-0.2354884,1.10205936,2.32604098,-0.211374164,0.514854848,2.3833375,-0.105557978,-0.0422431342,2.55383134,-0.244716614,-0.597873211,2.84678888,-0.178097263,-0.963007152,3.45055437,-0.16242224,-1.13465679,3.92530227,-0.205233812,-1.6345824,3.97457027,-0.23764047,-2.27193856,3.75267696,-0.0357273668,-2.52875447
73,0.742820561,-0.538208604,2.05799079,1.10697865,-0.43211177,1.68155968,1.59519923,-0.316917986,1.32602596,2.10856342,-0.238897696,0.898837447,2.33625078,-0.216038078,0.311078191,2.3905654,-0.1100647,-0.246378377,2.56033039,-0.247744024,-0.80290103,2.85250068,-0.181263611,-1.16613197,3.45681119,-0.168570384,-1.3339299,3.93107986,-0.208266377,-1.83404636,3.97612095,-0.241350606,-2.47161412,3.74835086,-0.0399464816,-2.722543
74,0.755404294,-0.544821501,1.84673727,1.11958933,-0.438865572,1.4724915,1.60849357,-0.324921429,1.11946607,2.12062931,-0.242334113,0.692878425,2.34642887,-0.220721006,0.104578763,2.39780211,-0.114571027,-0.453237504,2.56686687,-0.250760168,-1.0106492,2.85827255,-0.184425578,-1.37198615,3.4630599,-0.17471467,-1.53595519,3.93677115,-0.211317256,-2.03625202,3.97762108,-0.245046362,-2.67399263,3.7440629,-0.0441718884,-2.9190166
75,0.76804179,-0.55141902,1.63273442,1.1322614,-0.445601881,1.26068568,1.62181604,-0.332910746,0.910177767,2.13263726,-0.245798454,0.484182537,2.35657597,-0.225423008,-0.10464339,2.40504766,-0.119077101,-0.662820697,2.57344031,-0.253765106,-1.22111762,2.86410356,-0.187583521,-1.58056951,3.46930051,-0.180854067,-1.74073255,3.94237638,-0.214387178,-2.24119949,3.97907114,-0.248727933,-2.8790741,3.7398138,-0.0484032668,-3.11817598
76,0.780732334,-0.558001339,1.41598308,1.14499402,-0.452320725,1.04614305,1.63516581,-0.340884745,0.698161244,2.14458728,-0.249291539,0.272749871,2.36669278,-0.230144083,-0.316588342,2.41230249,-0.123583071,-0.875128031,2.58004975,-0.256758898,-1.43430603,2.86999297,-0.190737799,-1.79188156,3.47553301,-0.186987534,-1.94826198,3.94789577,-0.21747686,-2.44888902,3.98047137,-0.252395481,-3.08685875,3.73560452,-0.052640304,-3.32002234
77,0.793475211,-0.564568579,1.19648409,1.15778649,-0.459022105,0.828864276,1.64854205,-0.348842323,0.483416706,2.15648007,-0.252814174,0.0585805476,2.37677979,-0.234884247,-0.53125608,2.41956711,-0.128089085,-1.09015965,2.58669448,-0.259741604,-1.6502142,2.87594008,-0.193888754,-2.00592208,3.4817574,-0.193114042,-2.15854335,3.95332932,-0.220587045,-2.65932083,3.98182225,-0.256049156,-3.29734659,3.73143578,-0.0568826981,-3.5245564
78,0.806269705,-0.571120977,0.974238038,1.17063785,-0.465705991,0.608850062,1.66194415,-0.356782377,0.265944302,2.16831589,-0.256367147,-0.158325285,2.38683772,-0.239643499,-0.748646617,2.4268415,-0.132595286,-1.30791569,2.59337401,-0.262713343,-1.86884201,2.88194442,-0.197036698,-2.22269058,3.48797369,-0.199232608,-2.37157679,3.95867753,-0.223718449,-2.87249517,3.98312426,-0.259689093,-3.51053762,3.72730851,-0.0611301474,-3.7317791
79,0.819115162,-0.577658653,0.749245644,1.18354726,-0.472372383,0.386101216,1.67537117,-0.364703834,0.0457441323,2.18009496,-0.259951234,-0.377967447,2.39686728,-0.24442181,-0.968760014,2.43412614,-0.137101814,-1.52839625,2.60008717,-0.265674174,-2.09018922,2.88800478,-0.200181931,-2.44218683,3.49418163,-0.205342233,-2.58736229,3.96394062,-0.226871818,-3.08841228,3.98437786,-0.263315439,-3.72643185,3.72322345,-0.0653823465,-3.9416914
80,0.832010865,-0.584181786,0.52150774,1.19651377,-0.479021281,0.160618424,1.68882251,-0.372605592,-0.177183673,2.191818,-0.263567209,-0.60034591,2.40686893,-0.249219164,-1.19159627,2.44142127,-0.141608804,-1.75160134,2.60683346,-0.268624216,-2.31425571,2.89412069,-0.20332475,-2.66441035,3.50038123,-0.211441949,-2.80589962,3.96911883,-0.230047882,-3.3070724,3.98558331,-0.266928315,-3.9450295,3.7191813,-0.0696390048,-4.15429401
81,0.84495616,-0.590690553,0.291024953,1.20953667,-0.485652685,-0.0675976351,1.70229733,-0.380486667,-0.402839005,2.20348549,-0.267215848,-0.825460494,2.41684318,-0.254035473,-1.4171555,2.44872713,-0.146116406,-1.97753119,2.61361217,-0.27156359,-2.54104114,2.9002912,-0.206465408,-2.88936067,3.50657248,-0.217530817,-3.02718902,3.97421241,-0.233247399,-3.528476,3.98674107,-0.27052781,-4.16633034,3.71518302,-0.0738998279,-4.3695879
82,0.85795033,-0.597185135,0.0577979907,1.222615,-0.492266566,-0.298546255,1.71579492,-0.388346016,-0.631221831,2.2150979,-0.270897895,-1.05331111,2.42679071,-0.258870721,-1.64543772,2.45604396,-0.150624737,-2.20618582,2.6204226,-0.274492383,-2.77054548,2.90651536,-0.209604189,-3.11703753,3.51275516,-0.223607913,-3.25123024,3.97922182,-0.236471087,-3.75262356,3.98785162,-0.274114043,-4.39033461,3.71122932,-0.0781645328,-4.58757353
83,0.870992661,-0.603665709,-0.178172469,1.23574793,-0.498862952,-0.532226741,1.72931457,-0.396182686,-0.862331986,2.22665572,-0.274614096,-1.28389776,2.43671203,-0.263724774,-1.87644303,2.46337223,-0.155133933,-2.43756533,2.62726402,-0.277410716,-3.00276828,2.91279244,-0.212741315,-3.34744072,3.51892948,-0.229672298,-3.47802329,3.98414755,-0.239719674,-3.97951508,3.98891521,-0.277687132,-4.61704206,3.70732117,-0.0824328363,-4.80825186
84,0.884082496,-0.610132456,-0.416885734,1.24893439,-0.505441844,-0.768638432,1.74285543,-0.403995693,-1.09616947,2.23815989,-0.278365225,-1.51722038,2.44660783,-0.268597603,-2.11017132,2.47071195,-0.159644112,-2.67166996,2.63413548,-0.280318737,-3.23770976,2.9191215,-0.215877026,-3.58056951,3.52509522,-0.235723093,-3.70756817,3.98898983,-0.242993906,-4.20915127,3.9899323,-0.281247139,-4.84645271,3.70345926,-0.0867044553,-5.03162336
85,0.897219181,-0.616585493,-0.658341169,1.26217353,-0.512003183,-1.00778067,1.75641692,-0.411784083,-1.33273423,2.24961066,-0.282151997,-1.75327873,2.4564786,-0.273489088,-2.34662294,2.47806334,-0.164155379,-2.90849948,2.64103627,-0.283216536,-3.47536945,2.92550159,-0.219011545,-3.81642365,3.53125215,-0.241759405,-3.93986487,3.99374938,-0.246294513,-4.44153214,3.99090314,-0.284794152,-5.07856703,3.69964433,-0.0909791142,-5.257689
86,0.910402,-0.623025,-0.90253818,1.27546442,-0.518546999,-1.24965286,1.76999831,-0.419546962,-1.57202613,2.26100874,-0.285975128,-1.99207282,2.46632504,-0.27839911,-2.58579779,2.48542666,-0.168667868,-3.14805412,2.64796567,-0.286104292,-3.71574736,2.93193197,-0.222145066,-4.05500269,3.53740048,-0.247780383,-4.17491341,3.99842644,-0.249622211,-4.67665815,3.9918282,-0.28832826,-5.31338453,3.69587708,-0.0952565372,-5.48644924
87,0.923630297,-0.629451156,-1.14947605,1.2888062,-0.52507329,-1.49425423,1.78359878,-0.427283436,-1.81404519,2.27235508,-0.289835304,-2.23360252,2.47614741,-0.283327579,-2.82769585,2.49280214,-0.173181683,-3.39033389,2.6549232,-0.288982123,-3.95884347,2.93841171,-0.225277781,-4.29630661,3.54354,-0.253785193,-4.41271353,4.00302172,-0.252977699,-4.9145298,3.99270773,-0.291849554,-5.55090523,3.69215822,-0.0995364711,-5.71790504
88,0.936903417,-0.635864079,-1.39915431,1.30219793,-0.531582057,-1.7415843,1.79721773,-0.434992641,-2.0587914,2.28365016,-0.293733239,-2.47786784,2.48594642,-0.288274348,-3.07231736,2.50019002,-0.177696928,-3.63533902,2.66190791,-0.291850209,-4.20465755,2.94493985,-0.228409857,-4.5403347,3.5496707,-0.259772986,-4.653265,4.00753546,-0.256361723,-5.15514708,3.99354196,-0.295358062,-5.79112911,3.68848872,-0.103818655,-5.95205736
89,0.950220644,-0.642263889,-1.65157223,1.31563854,-0.538073301,-1.99164236,1.81085432,-0.442673743,-2.30626488,2.2948947,-0.297669649,-2.72486877,2.49572277,-0.293239266,-3.31966233,2.50759053,-0.182213724,-3.88306952,2.66891885,-0.294708699,-4.45318937,2.95151544,-0.23154144,-4.78708649,3.55579257,-0.265742987,-4.8965683,4.01196814,-0.259774953,-5.39851093,3.99433136,-0.298853874,-6.03405571,3.68486929,-0.108102828,-6.18890619
90,0.963581383,-0.648650825,-1.90672922,1.32912719,-0.544547021,-2.24442792,1.82450795,-0.450325906,-2.55646539,2.30608964,-0.30164516,-2.97460532,2.50547671,-0.298222214,-3.569731,2.51500392,-0.186732158,-4.13352537,2.67595553,-0.297557741,-4.70443869,2.95813751,-0.23467268,-5.03656149,3.56190538,-0.271694392,-5.14262295,4.01632023,-0.263218105,-5.64462137,3.99507618,-0.30233705,-6.2796855,3.68130088,-0.112388737,-6.42845249
91,0.976984978,-0.655025005,-2.16462469,1.34266293,-0.551003158,-2.49994016,1.83817804,-0.457948357,-2.80939317,2.31723571,-0.305660456,-3.22707748,2.51520872,-0.303223073,-3.82252336,2.52243018,-0.191252321,-4.38670635,2.68301725,-0.300397485,-4.95840549,2.96480513,-0.237803727,-5.28875971,3.56800914,-0.277626425,-5.39142942,4.02059269,-0.266691864,-5.89347887,3.99577665,-0.30580765,-6.52801847,3.67778397,-0.116676144,-6.67069674
92,0.990430772,-0.66138649,-2.4252584,1.3562448,-0.557441771,-2.75817871,1.85186386,-0.46554029,-3.06504798,2.32833362,-0.309716195,-3.48228502,2.52491951,-0.308241636,-4.07803917,2.52986956,-0.195774332,-4.64261293,2.69010329,-0.30322811,-5.2150898,2.97151732,-0.2409347,-5.54368019,3.57410383,-0.283538342,-5.64298725,4.024786,-0.270196885,-6.1450839,3.99643302,-0.309265763,-6.77905416,3.67431927,-0.12096481,-6.91563988
93,1.00391817,-0.667735517,-2.68862939,1.36987185,-0.563862801,-3.0191431,1.86556458,-0.47310099,-3.32343006,2.33938408,-0.313813001,-3.74022794,2.53460932,-0.313277751,-4.33627892,2.53732228,-0.200298265,-4.90124464,2.6972127,-0.306049794,-5.4744916,2.97827315,-0.244065702,-5.80132294,3.58018947,-0.289429396,-5.89729643,4.02890015,-0.273733854,-6.39943647,3.99704576,-0.312711418,-7.03279257,3.67090774,-0.125254497,-7.16328192
94,1.0174464,-0.674072206,-2.95473742,1.38354313,-0.570266247,-3.28283262,1.87927973,-0.480629712,-3.58453918,2.35038805,-0.3179515,-4.00090599,2.54427862,-0.318331271,-4.59724283,2.5447886,-0.204824209,-5.16260195,2.70434499,-0.308862716,-5.73661041,2.98507166,-0.247196838,-6.06168795,3.5862658,-0.295298874,-6.15435696,4.0329361,-0.277303398,-6.65653706,3.99761486,-0.316144705,-7.28923368,3.66755009,-0.129544973,-7.41362381
95,1.03101492,-0.680396676,-3.22358179,1.39725769,-0.57665211,-3.54924679,1.89300859,-0.488125771,-3.84837556,2.36134648,-0.322132319,-4.26431942,2.55392814,-0.323402017,-4.86093092,2.55226851,-0.209352255,-5.42668486,2.71149945,-0.311667025,-6.00144625,2.99191189,-0.250328183,-6.32477427,3.59233284,-0.30114609,-6.41416931,4.0368948,-0.280906171,-6.91638613,3.99814081,-0.319565654,-7.54837704,3.6642468,-0.133836031,-7.66666603
96,1.04462314,-0.686709046,-3.49516201,1.41101456,-0.583020389,-3.81838512,1.90675044,-0.495588452,-4.11493921,2.37226009,-0.326356024,-4.53046846,2.5635581,-0.32848981,-5.12734318,2.55976224,-0.213882491,-5.69349337,2.71867537,-0.31446296,-6.2689991,2.99879289,-0.253459811,-6.59058142,3.59839058,-0.306970328,-6.67673254,4.04077625,-0.284542769,-7.17898417,3.99862385,-0.322974354,-7.81022263,3.66099882,-0.138127461,-7.92240953
97,1.05827045,-0.693009436,-3.76947761,1.42481279,-0.589371085,-4.09024715,1.92050481,-0.503017128,-4.38423014,2.38312984,-0.330623209,-4.79935265,2.57316875,-0.333594471,-5.39647961,2.5672698,-0.218414977,-5.96302748,2.72587204,-0.317250669,-6.53926897,3.00571394,-0.256591797,-6.8591094,3.60443878,-0.312770933,-6.94204712,4.04458141,-0.288213819,-7.44433165,3.99906421,-0.326370865,-8.07477093,3.65780687,-0.14241904,-8.18085384
98,1.07195628,-0.699297965,-4.04652834,1.43865156,-0.595704198,-4.3648324,1.93427086,-0.510411143,-4.65624857,2.39395666,-0.334934443,-5.07097197,2.58276081,-0.338715792,-5.66834021,2.57479143,-0.222949788,-6.23528719,2.73308873,-0.320030332,-6.81225538,3.01267362,-0.2597242,-7.13035822,3.61047745,-0.318547219,-7.21011305,4.04831028,-0.291919917,-7.71242809,3.99946189,-0.329755247,-8.34202099,3.65467167,-0.14671059,-8.44200039
99,1.08567989,-0.705574811,-4.3263135,1.45252967,-0.602019727,-4.64214039,1.94804811,-0.517769933,-4.93099451,2.40474153,-0.339290261,-5.34532642,2.59233475,-0.343853593,-5.94292498,2.58232713,-0.227486998,-6.5102725,2.74032474,-0.322802156,-7.08795881,3.0196712,-0.26285705,-7.40432692,3.61650658,-0.324298561,-7.48093033,4.05196428,-0.295661628,-7.98327446,3.99981737,-0.333127588,-8.61197281,3.65159392,-0.151001915,-8.70584965
100,1.09944069,-0.711840034,-4.60883236,1.46644628,-0.608317614,-4.92217064,1.96183586,-0.52509284,-5.20846796,2.41548538,-0.34369123,-5.62241602,2.6018908,-0.349007666,-6.22023439,2.58987713,-0.232026681,-6.78798342,2.74757957,-0.325566322,-7.36637878,3.02670574,-0.265990376,-7.68101549,3.62252593,-0.330024332,-7.75449896,4.05554342,-0.29943952,-8.25687122,4.00013065,-0.336487949,-8.88462639,3.64857435,-0.155292839,-8.97240257
101,1.11323822,-0.718093753,-4.89408493,1.48040044,-0.614597917,-5.20492268,1.97563362,-0.532379329,-5.48866892,2.42618918,-0.348137856,-5.90224028,2.61142921,-0.354177862,-6.50026846,2.59744167,-0.236568898,-7.06841993,2.75485229,-0.328323066,-7.6475153,3.03377628,-0.26912421,-7.96042347,3.62853575,-0.335723907,-8.03081894,4.05904818,-0.303254128,-8.53321743,4.00040245,-0.339836419,-9.15998173,3.64561367,-0.159583166,-9.24165916
102,1.12707186,-0.724336088,-5.18207073,1.49439108,-0.620860577,-5.49039602,1.98944068,-0.539628863,-5.77159739,2.43685365,-0.352630615,-6.18479967,2.6209507,-0.359363943,-6.78302765,2.60502076,-0.241113722,-7.35158205,2.76214242,-0.331072569,-7.93136883,3.04088187,-0.27225858,-8.24255085,3.63453579,-0.341396689,-8.30989075,4.0624795,-0.307105988,-8.81231499,4.00063229,-0.343173087,-9.43803787,3.64271259,-0.163872734,-9.51362038
103,1.14094102,-0.730567157,-5.47278929,1.50841737,-0.627105594,-5.7785902,2.00325632,-0.546840906,-6.05725384,2.44747996,-0.357170016,-6.4700942,2.63045549,-0.3645657,-7.06851149,2.61261439,-0.245661214,-7.63746977,2.76944923,-0.333815038,-8.21793842,3.04802155,-0.275393486,-8.5273962,3.64052582,-0.347042084,-8.59171391,4.06583786,-0.310995579,-9.09416294,4.00082111,-0.346498042,-9.71879482,3.6398716,-0.168161392,-9.78828621
104,1.15484512,-0.736787021,-5.76624012,1.52247834,-0.633332968,-6.06950521,2.01708007,-0.554014921,-6.3456378,2.45806909,-0.361756533,-6.75812387,2.63994384,-0.369782954,-7.35672045,2.62022281,-0.250211388,-7.92608309,2.77677226,-0.336550653,-8.50722504,3.05519438,-0.278528929,-8.81496048,3.64650607,-0.352659523,-8.87628841,4.06912422,-0.314923406,-9.37876129,4.00096846,-0.349811375,-10.0022535,3.63709164,-0.172448993,-10.0656576
105,1.16878366,-0.742995799,-6.06242275,1.53657305,-0.639542639,-6.36314011,2.03091145,-0.561150491,-6.63674974,2.46862197,-0.366390616,-7.04888821,2.64941621,-0.375015527,-7.64765406,2.627846,-0.254764348,-8.21742249,2.78411078,-0.339279622,-8.79922771,3.06239939,-0.281664908,-9.10524273,3.65247631,-0.358248442,-9.16361427,4.07233858,-0.318889946,-9.66611099,4.00107479,-0.353113204,-10.2884121,3.63437319,-0.176735371,-10.3457346
106,1.18275595,-0.749193549,-6.36133718,1.55070066,-0.645734668,-6.65949488,2.04474974,-0.56824708,-6.93058968,2.47913957,-0.37107271,-7.34238768,2.65887284,-0.38026318,-7.94131327,2.63548422,-0.25932014,-8.51148701,2.79146409,-0.342002183,-9.09394646,3.06963539,-0.284801394,-9.39824295,3.65843654,-0.363808304,-9.45369148,4.07548189,-0.322895616,-9.95621204,4.00114059,-0.356403649,-10.5772715,3.63171721,-0.181020409,-10.6285181
107,1.19676161,-0.755380392,-6.66298246,1.56486011,-0.651909053,-6.95856905,2.05859447,-0.575304329,-7.22715759,2.48962307,-0.375803202,-7.63862181,2.66831398,-0.385525733,-8.2376976,2.64313745,-0.263878793,-8.80827713,2.7988317,-0.344718486,-9.39138222,3.07690167,-0.287938386,-9.69396114,3.66438651,-0.369338542,-9.74652004,4.07855463,-0.326940864,-10.2490644,4.00116539,-0.359682828,-10.8688316,3.62912416,-0.185303986,-10.9140091
108,1.21079993,-0.761556447,-6.96735859,1.57905042,-0.658065736,-7.26036263,2.07244492,-0.582321763,-7.5264535,2.50007319,-0.380582511,-7.9375906,2.6777401,-0.390802979,-8.53680706,2.65080571,-0.268440396,-9.10779285,2.80621314,-0.347428799,-9.69153404,3.08419752,-0.291075826,-9.99239635,3.67032623,-0.37483865,-10.0421,4.08155727,-0.331026047,-10.5446692,4.00114965,-0.362950861,-11.1630917,3.62659454,-0.189585984,-11.2022076
109,1.22487056,-0.767721772,-7.27446556,1.59327078,-0.664204717,-7.56487513,2.08630037,-0.589298964,-7.82847786,2.51049113,-0.385411054,-8.23929405,2.68715143,-0.39609468,-8.83864212,2.65848923,-0.273004979,-9.41003418,2.81360745,-0.350133359,-9.99440193,3.09152174,-0.294213682,-10.2935495,3.6762557,-0.380308092,-10.3404312,4.0844903,-0.335151583,-10.8430252,4.00109386,-0.366207868,-11.4600515,3.6241293,-0.193866283,-11.4931145
110,1.23897278,-0.773876429,-7.58430243,1.60752022,-0.670326054,-7.87210608,2.1001606,-0.596235573,-8.13323021,2.52087808,-0.390289158,-8.54373169,2.69654822,-0.401400685,-9.14320278,2.666188,-0.277572572,-9.71500111,2.8210144,-0.352832317,-10.2999859,3.09887338,-0.297351927,-10.5974188,3.68217492,-0.38574636,-10.6415138,4.08735466,-0.339317828,-11.1441326,4.00099802,-0.369454026,-11.7597103,3.6217289,-0.198144794,-11.7867298
111,1.25310612,-0.780020535,-7.89686918,1.6217978,-0.676429689,-8.18205452,2.11402488,-0.603131235,-8.44071102,2.53123474,-0.39521718,-8.85090446,2.70593095,-0.406720757,-9.45048904,2.67390203,-0.282143205,-10.0226936,2.82843328,-0.355525881,-10.6082869,3.10625148,-0.300490528,-10.9040051,3.68808365,-0.391152978,-10.9453478,4.09015083,-0.343525112,-11.4479923,4.0008626,-0.372689486,-12.062068,3.61939383,-0.202421412,-12.0830545
112,1.26727021,-0.786154151,-8.21216488,1.63610256,-0.682515621,-8.49472141,2.12789273,-0.60998553,-8.7509203,2.54156232,-0.40019545,-9.16081142,2.71529984,-0.412054688,-9.76050091,2.68163157,-0.286716938,-10.3331118,2.83586335,-0.358214319,-10.9193039,3.11365533,-0.303629398,-11.2133074,3.69398189,-0.396527439,-11.2519341,4.0928793,-0.347773731,-11.7546034,4.00068712,-0.375914395,-12.3671255,3.61712503,-0.206696063,-12.3820887
113,1.28146446,-0.792277336,-8.53019047,1.65043366,-0.688583851,-8.81010628,2.14176345,-0.616798222,-9.06385803,2.55186176,-0.405224293,-9.47345257,2.72465515,-0.417402297,-10.0732393,2.68937659,-0.29129383,-10.6462555,2.84330416,-0.360897839,-11.233037,3.12108397,-0.306768507,-11.5253267,3.69986939,-0.401869267,-11.5612717,4.09554052,-0.352063984,-12.0639658,4.00047207,-0.379128933,-12.674881,3.61492276,-0.210968673,-12.6838341
114,1.29568827,-0.79839009,-8.85094452,1.66479015,-0.694634378,-9.12820816,2.15563655,-0.623569012,-9.37952423,2.56213427,-0.41030398,-9.78882885,2.73399711,-0.422763407,-10.3887033,2.69713712,-0.29587391,-10.9621248,2.85075521,-0.363576651,-11.5494862,3.12853646,-0.309907764,-11.8400612,3.70574641,-0.407178015,-11.8733616,4.09813547,-0.356396139,-12.3760805,4.00021791,-0.382333308,-12.9853354,3.61278772,-0.215239182,-12.9882898
115,1.30994129,-0.804492593,-9.17442703,1.6791712,-0.700667143,-9.44902706,2.16951156,-0.630297542,-9.69791985,2.57238078,-0.415434778,-10.1069393,2.74332595,-0.428137809,-10.706893,2.70491314,-0.300457209,-11.2807198,2.85821605,-0.366250962,-11.8686514,3.13601208,-0.313047141,-12.1575117,3.71161246,-0.412453204,-12.1882029,4.10066414,-0.360770404,-12.6909466,3.99992466,-0.3855277,-13.2984877,3.61072063,-0.219507515,-13.2954578
116,1.32422292,-0.810584843,-9.50063801,1.69357586,-0.706682205,-9.77256298,2.18338799,-0.636983573,-10.0190439,2.5826025,-0.420616925,-10.427784,2.75264192,-0.433525294,-11.0278091,2.7127049,-0.305043757,-11.6020403,2.86568618,-0.368920982,-12.1905327,3.14350986,-0.316186547,-12.4776783,3.71746778,-0.41769439,-12.5057964,4.10312748,-0.365187019,-13.008564,3.99959254,-0.388712347,-13.6143379,3.60872197,-0.223773628,-13.6053381
117,1.33853281,-0.816666901,-9.82957649,1.70800328,-0.712679565,-10.0988159,2.19726515,-0.643626928,-10.3428965,2.59280038,-0.425850689,-10.7513628,2.76194525,-0.438925654,-11.3514519,2.72051239,-0.309633583,-11.9260864,2.87316489,-0.371586949,-12.515131,3.15102863,-0.319325894,-12.80056,3.72331214,-0.422901124,-12.8261423,4.10552597,-0.369646192,-13.3289328,3.99922156,-0.391887456,-13.9328861,3.60679221,-0.228037477,-13.9179306
118,1.35287035,-0.822738826,-10.1612434,1.72245264,-0.718659222,-10.4277849,2.21114278,-0.650227249,-10.6694784,2.60297537,-0.43113625,-11.0776749,2.77123618,-0.444338769,-11.6778212,2.72833538,-0.314226717,-12.2528582,2.88065195,-0.374249101,-12.8424454,3.15856791,-0.322465122,-13.1261568,3.72914553,-0.428072989,-13.1492405,4.10786057,-0.374148041,-13.6520529,3.9988122,-0.395053267,-14.2541313,3.60493207,-0.23229903,-14.2332363
119,1.36723518,-0.828800678,-10.4956369,1.73692286,-0.724621177,-10.75947,2.22502017,-0.656784415,-10.9987888,2.61312866,-0.436473846,-11.4067211,2.78051472,-0.449764371,-12.006917,2.73617435,-0.318823218,-12.5823545,2.88814664,-0.376907647,-13.1724758,3.16612673,-0.325604141,-13.4544697,3.73496771,-0.433209538,-13.47509,4.11013126,-0.378692746,-13.9779234,3.99836445,-0.398209989,-14.5780735,3.60314178,-0.236558273,-14.5512562
120,1.38162684,-0.834852517,-10.8327579,1.75141323,-0.730565429,-11.0938711,2.23889685,-0.66329819,-11.3308287,2.62326121,-0.441863626,-11.7385015,2.78978133,-0.455202341,-12.3387394,2.74402905,-0.323423088,-12.9145765,2.89564848,-0.379562825,-13.5052233,3.17370415,-0.328742862,-13.7854967,3.74077868,-0.438310385,-13.8036919,4.11233854,-0.383280396,-14.3065453,3.99787879,-0.401357919,-14.9047127,3.60142207,-0.240815178,-14.8719912
121,1.39604485,-0.840894401,-11.1726065,1.7659229,-0.736491919,-11.4309883,2.25277209,-0.669768393,-11.6655979,2.63337421,-0.447305739,-12.0730152,2.79903626,-0.460652471,-12.6732883,2.75189972,-0.328026384,-13.2495241,2.903157,-0.382214844,-13.8406868,3.18129945,-0.331881195,-14.1192389,3.74657845,-0.443375081,-14.135047,4.11448336,-0.387911081,-14.6379175,3.99735522,-0.404497296,-15.2340488,3.59977341,-0.245069727,-15.1954412
122,1.41048872,-0.846926332,-11.5151806,1.78045094,-0.742400765,-11.7708216,2.26664543,-0.676194847,-12.0030966,2.64346862,-0.452800304,-12.4102631,2.80827975,-0.466114581,-13.0105639,2.75978613,-0.332633138,-13.5871973,2.91067171,-0.384863913,-14.1788664,3.18891168,-0.335019082,-14.4556961,3.75236678,-0.448403239,-14.4691544,4.11656618,-0.39258489,-14.9720402,3.99679399,-0.407628417,-15.566081,3.59819627,-0.249321923,-15.5216074
123,1.42495811,-0.852948368,-11.8604822,1.79499662,-0.74829191,-12.1133709,2.28051662,-0.682577431,-12.3433247,2.65354562,-0.45834744,-12.7502441,2.8175118,-0.471588492,-13.3505659,2.76768851,-0.337243348,-13.9275961,2.91819215,-0.3875103,-14.519762,3.19654012,-0.338156402,-14.7948675,3.75814342,-0.453394473,-14.8060141,4.11858749,-0.397301823,-15.3089123,3.99619532,-0.410751611,-15.9008093,3.59669089,-0.253571779,-15.8504896
124,1.43945241,-0.858960569,-12.2085094,1.80955899,-0.754165351,-12.4586353,2.29438496,-0.688916028,-12.6862822,2.66360617,-0.463947266,-13.0929594,2.82673264,-0.477073997,-13.6932955,2.77560711,-0.341857076,-14.2707195,2.92571807,-0.390154213,-14.8633747,3.20418382,-0.341293067,-15.136754,3.76390862,-0.458348423,-15.145627,4.12054777,-0.402061909,-15.6485338,3.99555945,-0.413867146,-16.2382336,3.595258,-0.257819325,-16.1820889
125,1.45397139,-0.864962935,-12.5592632,1.82413721,-0.76002115,-12.8066149,2.30824995,-0.695210516,-13.0319691,2.67365122,-0.469599813,-13.4384079,2.83594275,-0.482570976,-14.0387526,2.78354168,-0.346474349,-14.6165686,2.93324876,-0.392795891,-15.2097034,3.2118423,-0.344428957,-15.4813547,3.7696619,-0.463264674,-15.4879923,4.12244749,-0.40686512,-15.9909048,3.99488664,-0.416975349,-16.578352,3.59389806,-0.262064546,-16.516407
126,1.46851444,-0.870955527,-12.9127426,1.83873045,-0.765859246,-13.1573095,2.32211113,-0.701460838,-13.3803864,2.68368173,-0.47530517,-13.7865896,2.84514189,-0.48807928,-14.3869362,2.79149222,-0.35109517,-14.9651432,2.94078398,-0.395435512,-15.5587492,3.21951437,-0.347564012,-15.8286695,3.77540326,-0.468142837,-15.8331108,4.12428713,-0.411711395,-16.3360252,3.99417734,-0.420076549,-16.9211674,3.59261131,-0.266307503,-16.8534431
127,1.48308134,-0.876938343,-13.2689476,1.853338,-0.771679699,-13.5107193,2.33596778,-0.707666874,-13.7315331,2.69369888,-0.481063336,-14.1375036,2.85433054,-0.4935987,-14.7378473,2.79945874,-0.355719566,-15.3164425,2.94832325,-0.398073345,-15.910511,3.22719932,-0.350698113,-16.1786995,3.7811327,-0.472982556,-16.1809826,4.12606764,-0.416600674,-16.6838932,3.99343157,-0.423171133,-17.2666779,3.59139824,-0.270548224,-17.1931973
128,1.4976716,-0.882911444,-13.6278782,1.86795902,-0.77748251,-13.8668442,2.34981966,-0.713828564,-14.0854092,2.70370388,-0.486874312,-14.4911509,2.8635087,-0.499129087,-15.091486,2.80744147,-0.360347599,-15.6704674,2.9558661,-0.400709629,-16.2649899,3.23489642,-0.353831172,-16.5314426,3.78684998,-0.477783471,-16.5316086,4.12778902,-0.42153284,-17.0345097,3.99264979,-0.426259428,-17.6148815,3.59025908,-0.27478677,-17.5356712
129,1.51228476,-0.888874888,-13.9895334,1.88259268,-0.783267736,-14.2256842,2.3636663,-0.719945848,-14.4420156,2.71369767,-0.492738128,-14.8475313,2.87267661,-0.504670322,-15.4478521,2.81544018,-0.364979237,-16.0272179,2.96341205,-0.403344572,-16.6221848,3.24260497,-0.356963068,-16.8868999,3.79255509,-0.482545286,-16.8849869,4.12945223,-0.426507831,-17.3878746,3.99183202,-0.429341793,-17.9657803,3.5891943,-0.2790232,-17.8808651
130,1.52692056,-0.894828677,-14.3539143,1.89723825,-0.78903538,-14.5872393,2.37750697,-0.726018727,-14.8013515,2.72368097,-0.498654723,-15.2066441,2.88183427,-0.510222256,-15.8069468,2.8234551,-0.369614542,-16.386692,2.97096086,-0.405978411,-16.9820976,3.25032401,-0.360093743,-17.2450714,3.79824781,-0.487267584,-17.2411194,4.13105774,-0.431525409,-17.7439861,3.99097872,-0.432418674,-18.3193722,3.58820415,-0.283257544,-18.2287807
131,1.54157841,-0.90077281,-14.7210197,1.91189492,-0.79478544,-14.9515095,2.39134145,-0.7320472,-15.1634178,2.73365521,-0.504624009,-15.56849,2.89098215,-0.515784681,-16.1687698,2.83148599,-0.374253541,-16.7488918,2.97851205,-0.408611387,-17.3447266,3.25805306,-0.363223076,-17.605957,3.8039279,-0.491950005,-17.6000061,4.13260603,-0.436585456,-18.1028442,3.99009037,-0.435490429,-18.6756592,3.58728909,-0.287489891,-18.5794182
132,1.55625808,-0.906707287,-15.0908499,1.92656183,-0.800517917,-15.3184938,2.40516901,-0.738031268,-15.5282145,2.74362135,-0.510645986,-15.9330683,2.90012002,-0.521357536,-16.5333195,2.83953309,-0.378896236,-17.1138172,2.98606539,-0.411243677,-17.7100716,3.26579118,-0.366350949,-17.9695568,3.80959511,-0.496592283,-17.961647,4.13409758,-0.441687733,-18.4644489,3.98916698,-0.438557476,-19.0346394,3.58644938,-0.291720331,-18.9327774
133,1.57095921,-0.912632167,-15.4634047,1.94123828,-0.80623287,-15.6881933,2.41898942,-0.743970931,-15.8957405,2.75358009,-0.516720533,-16.3003788,2.90924835,-0.526940584,-16.9005966,2.84759641,-0.383542687,-17.4814682,2.99362016,-0.41387555,-18.0781345,3.27353764,-0.369477272,-18.3358707,3.81524944,-0.50119406,-18.3260422,4.13553333,-0.446832031,-18.8287983,3.98820901,-0.441620231,-19.3963127,3.58568525,-0.295948952,-19.2888584
134,1.58568132,-0.918547511,-15.8386841,1.95592356,-0.811930358,-16.0606079,2.43280196,-0.749866247,-16.2659969,2.76353264,-0.522847533,-16.6704216,2.91836715,-0.532533765,-17.2706032,2.85567594,-0.388192922,-17.8518429,3.00117636,-0.416507274,-18.4489136,3.28129148,-0.372601986,-18.7048988,3.8208909,-0.505755007,-18.6931915,4.1369133,-0.452018023,-19.1958942,3.98721695,-0.444679141,-19.7606792,3.58499718,-0.300175846,-19.6476631
135,1.60042417,-0.924453318,-16.2166882,1.97061694,-0.817610383,-16.4357376,2.44660616,-0.755717278,-16.6389828,2.77348018,-0.529026806,-17.0431957,2.92747664,-0.538136959,-17.6433372,2.86377168,-0.392846942,-18.2249432,3.00873351,-0.419138998,-18.8224106,3.28905225,-0.375724941,-19.0766411,3.82651901,-0.510274827,-19.0630951,4.13823795,-0.457245469,-19.565733,3.98619103,-0.447734654,-20.127739,3.58438516,-0.3044011,-20.0091915
136,1.61518729,-0.930349588,-16.5974159,1.98531759,-0.823272943,-16.8135815,2.46040177,-0.761524022,-17.0146999,2.78342342,-0.535258234,-17.4187031,2.93657684,-0.543749988,-18.0187988,2.87188363,-0.397504777,-18.600769,3.01629114,-0.421771049,-19.1986237,3.29681921,-0.378846049,-19.4510975,3.83213377,-0.514753163,-19.4357529,4.13950825,-0.462514043,-19.9383163,3.98513174,-0.450787216,-20.4974918,3.58384943,-0.308624834,-20.3734455
137,1.62997043,-0.936236322,-16.9808674,2.00002503,-0.828918099,-17.1941395,2.47418809,-0.767286539,-17.3931484,2.79336333,-0.541541636,-17.7969418,2.94566798,-0.549372792,-18.3969898,2.88001156,-0.402166456,-18.9793186,3.02384901,-0.424403638,-19.5775547,3.30459166,-0.38196525,-19.8282681,3.83773494,-0.519189715,-19.8111668,4.14072418,-0.467823386,-20.3136425,3.98403931,-0.453837335,-20.8699379,3.58339047,-0.312847197,-20.7404251
138,1.64477313,-0.942113578,-17.3670425,2.01473832,-0.83454591,-17.5774117,2.48796463,-0.773005068,-17.7743263,2.8033011,-0.547876775,-18.1779118,2.95475006,-0.555005193,-18.7779083,2.88815594,-0.40683201,-19.3605938,3.03140688,-0.427036941,-19.9592018,3.31236863,-0.385082394,-20.2081509,3.84332228,-0.523584247,-20.1893349,4.14188671,-0.473173141,-20.6917114,3.98291421,-0.456885457,-21.2450752,3.58300829,-0.317068309,-21.1101303
139,1.65959513,-0.947981298,-17.7559414,2.02945662,-0.840156376,-17.9633999,2.50173092,-0.778679609,-18.1582355,2.81323767,-0.554263473,-18.5616131,2.96382332,-0.56064713,-19.1615562,2.89631629,-0.411501437,-19.7445946,3.03896427,-0.429671198,-20.3435669,3.32014966,-0.388197452,-20.5907497,3.84889555,-0.527936399,-20.5702591,4.14299631,-0.478562862,-21.0725231,3.98175669,-0.459932089,-21.6229038,3.58270311,-0.321288288,-21.4825611
140,1.67443609,-0.95383954,-18.1475639,2.04417944,-0.845749557,-18.3521023,2.51548672,-0.784310341,-18.5448742,2.82317376,-0.560701489,-18.9480476,2.97288799,-0.566298425,-19.5479336,2.90449286,-0.416174769,-20.131319,3.04652095,-0.432306677,-20.730648,3.32793403,-0.391310304,-20.9760609,3.85445452,-0.532245934,-20.9539375,4.14405346,-0.483992159,-21.4560757,3.98056722,-0.462977737,-22.0034256,3.58247495,-0.325507313,-21.8577194
141,1.68929565,-0.959688246,-18.5419102,2.05890608,-0.851325452,-18.7435188,2.52923131,-0.789897323,-18.9342442,2.83311057,-0.567190528,-19.3372135,2.98194408,-0.571959078,-19.9370384,2.91268563,-0.420852065,-20.5207691,3.05407667,-0.434943616,-21.1204472,3.33572102,-0.394420832,-21.3640862,3.85999894,-0.536512554,-21.3403721,4.14505911,-0.489460588,-21.8423691,3.97934628,-0.466022909,-22.3866386,3.58232403,-0.329725504,-22.2356052
142,1.70417345,-0.965527475,-18.9389782,2.07363605,-0.856884181,-19.1376514,2.54296446,-0.795440733,-19.3263435,2.84304881,-0.57373035,-19.7291088,2.99099159,-0.577628911,-20.3288727,2.92089462,-0.425533324,-20.9129448,3.06163096,-0.437582225,-21.5129642,3.34351015,-0.397529006,-21.7548256,3.86552882,-0.5407359,-21.7295628,4.14601326,-0.49496761,-22.2314014,3.97809434,-0.46906814,-22.772543,3.5822506,-0.333943069,-22.6162205
143,1.71906924,-0.971357286,-19.3387699,2.08836842,-0.862425745,-19.5344982,2.55668545,-0.800940812,-19.7211742,2.85298967,-0.580320656,-20.1237354,3.00003076,-0.583307862,-20.7234364,2.92911983,-0.430218577,-21.3078442,3.06918359,-0.44022277,-21.9081974,3.35130048,-0.400634736,-22.1482792,3.87104368,-0.544915795,-22.1215096,4.14691639,-0.500512719,-22.6231728,3.97681189,-0.472113967,-23.1611385,3.58225465,-0.338160187,-22.9995632
144,1.73398268,-0.97717762,-19.7412853,2.10310268,-0.867950201,-19.9340591,2.5703938,-0.806397676,-20.1187344,2.86293387,-0.586961091,-20.5210934,3.00906181,-0.588995874,-21.1207294,2.93736124,-0.434907824,-21.7054691,3.0767343,-0.442865402,-22.3061485,3.35909152,-0.403737932,-22.5444489,3.87654328,-0.54905194,-22.5162125,4.14776945,-0.506095409,-23.017683,3.97549939,-0.475160927,-23.5524254,3.58233619,-0.342377037,-23.3856373
145,1.74891341,-0.982988536,-20.1465225,2.11783814,-0.873457611,-20.3363361,2.58408928,-0.811811507,-20.5190258,2.87288237,-0.593651295,-20.9211826,3.01808476,-0.594692826,-21.520752,2.94561887,-0.439601153,-22.1058178,3.08428288,-0.445510477,-22.7068176,3.36688256,-0.406838506,-22.9433327,3.88202739,-0.553144097,-22.9136715,4.14857292,-0.511715055,-23.4149303,3.97415733,-0.478209555,-23.9464035,3.58249545,-0.346593827,-23.7744408
146,1.7638613,-0.988789916,-20.5544834,2.13257408,-0.878948033,-20.7413273,2.59777141,-0.817182541,-20.9220486,2.8828361,-0.600390971,-21.3240013,3.02709961,-0.60039866,-21.923502,2.95389271,-0.444298536,-22.5088921,3.09182882,-0.448158145,-23.1102047,3.37467289,-0.409936398,-23.3449306,3.88749576,-0.557192028,-23.3138885,4.14932728,-0.517371118,-23.8149147,3.97278595,-0.481260389,-24.343071,3.58273244,-0.350810736,-24.1659756
147,1.77882588,-0.994581878,-20.9651661,2.14731002,-0.884421468,-21.1490345,2.6114397,-0.822510958,-21.3278027,2.8927958,-0.607179642,-21.7295513,3.03610659,-0.606113255,-22.3289833,2.96218276,-0.449000061,-22.91469,3.09937215,-0.450808704,-23.5163097,3.38246179,-0.413031518,-23.7492428,3.89294791,-0.561195433,-23.7168617,4.15003347,-0.523062944,-24.2176361,3.97138619,-0.484314024,-24.7424297,3.58304715,-0.355028003,-24.5602417
148,1.79380679,-1.00036442,-21.3785706,2.16204524,-0.889878035,-21.5594559,2.6250937,-0.827796996,-21.7362862,2.90276241,-0.61401701,-22.1378326,3.04510593,-0.611836612,-22.7371941,2.97048879,-0.453705698,-23.3232136,3.10691237,-0.453462332,-23.9251308,3.39024878,-0.416123807,-24.1562691,3.89838386,-0.565154076,-24.1225929,4.15069151,-0.528789878,-24.6230927,3.96995831,-0.487371027,-25.1444798,3.58343959,-0.359245867,-24.9572392
149,1.80880392,-1.00613749,-21.7946987,2.17677927,-0.895317793,-21.9725933,2.63873291,-0.833040953,-22.147501,2.91273689,-0.620902598,-22.5488434,3.05409765,-0.617568612,-23.1481342,2.97881103,-0.458415478,-23.7344608,3.1144495,-0.456119299,-24.3366718,3.39803338,-0.419213235,-24.5660095,3.90380311,-0.569067717,-24.5310822,4.15130234,-0.534551263,-25.0312824,3.968503,-0.490431994,-25.5492191,3.58390975,-0.363464564,-25.3569698
150,1.82381701,-1.01190114,-22.2135487,2.19151139,-0.900740802,-22.3884468,2.65235686,-0.838243067,-22.5614471,2.92271996,-0.627835989,-22.9625835,3.06308174,-0.623309195,-23.5618038,2.98714948,-0.463129461,-24.1484337,3.12198305,-0.458779842,-24.7509308,3.40581465,-0.422299743,-24.978466,3.9092052,-0.572936118,-24.9423275,4.15186644,-0.540346384,-25.4422054,3.96702051,-0.493497461,-25.9566498,3.58445764,-0.367684335,-25.7594318
151,1.83884561,-1.01765525,-22.6351204,2.20624113,-0.906147063,-22.8070145,2.66596508,-0.843403637,-22.9781246,2.93271232,-0.634816706,-23.379055,3.07205844,-0.629058301,-23.9782028,2.99550414,-0.467847645,-24.5651302,3.12951279,-0.461444169,-25.1679077,3.4135921,-0.42538324,-25.3936367,3.91458988,-0.57675916,-25.3563309,4.15238428,-0.546174467,-25.8558617,3.9655118,-0.496568054,-26.3667698,3.58508325,-0.371905446,-26.164629
152,1.8538897,-1.02339995,-23.0594139,2.22096777,-0.911536694,-23.2282982,2.67955732,-0.848522902,-23.3975315,2.94271493,-0.641844273,-23.7982559,3.08102775,-0.634815931,-24.3973312,3.00387478,-0.472570062,-24.9845524,3.13703847,-0.46411255,-25.5876007,3.42136526,-0.428463727,-25.8115215,3.91995692,-0.580536544,-25.7730923,4.15285635,-0.552034795,-26.2722511,3.9639771,-0.499644309,-26.7795792,3.58578634,-0.376128167,-26.5725594
153,1.86894882,-1.02913523,-23.4864292,2.23569083,-0.916909814,-23.652298,2.69313288,-0.853601158,-23.8196697,2.95272851,-0.648918152,-24.2201862,3.0899899,-0.640581965,-24.819191,3.01226163,-0.47729677,-25.4066982,3.1445601,-0.466785252,-26.0100136,3.42913342,-0.431541115,-26.2321224,3.92530584,-0.584268034,-26.1926117,4.1532836,-0.557926595,-26.69137,3.96241713,-0.502726853,-27.1950798,3.58656693,-0.380352795,-26.9832249
154,1.88402271,-1.03486097,-23.9161663,2.25040984,-0.922266424,-24.0790138,2.7066915,-0.858638704,-24.2445393,2.96275401,-0.656037867,-24.644846,3.09894514,-0.646356344,-25.2437801,3.02066445,-0.482027799,-25.8315678,3.1520772,-0.469462514,-26.4351444,3.43689609,-0.434615403,-26.6554375,3.93063617,-0.587953448,-26.6148891,4.1536665,-0.563849032,-27.1132202,3.9608326,-0.50581634,-27.6132698,3.58742499,-0.384579629,-27.3966255
155,1.89911115,-1.04057729,-24.3486252,2.26512432,-0.927606642,-24.5084457,2.72023273,-0.863635898,-24.6721401,2.97279191,-0.663202882,-25.0722351,3.10789323,-0.652139068,-25.6711006,3.02908349,-0.486763179,-26.2591629,3.15958977,-0.472144574,-26.8629932,3.44465256,-0.437686533,-27.0814686,3.93594766,-0.59159255,-27.0399265,4.15400553,-0.569801271,-27.5377998,3.95922399,-0.508913338,-28.0341492,3.58836031,-0.388808995,-27.8127613
156,1.9142139,-1.04628408,-24.7838078,2.27983356,-0.932930529,-24.9405918,2.7337563,-0.868593037,-25.1024723,2.98284316,-0.670412719,-25.5023537,3.1168344,-0.657930076,-26.1011505,3.0375185,-0.491502911,-26.6894817,3.16709757,-0.474831641,-27.29356,3.45240211,-0.440754443,-27.5102139,3.94123983,-0.59518522,-27.4677219,4.15430164,-0.575782418,-27.9651089,3.95759201,-0.512018383,-28.4577179,3.58937287,-0.393041193,-28.2316341
157,1.92933071,-1.05198145,-25.2217102,2.29453707,-0.938238144,-25.3754559,2.74726152,-0.87351054,-25.5355358,2.99290872,-0.677666724,-25.9352016,3.1257689,-0.66372931,-26.5339317,3.04596972,-0.496247023,-27.1225243,3.17460036,-0.477523953,-27.7268448,3.46014452,-0.443819165,-27.9416752,3.94651222,-0.59873122,-27.8982773,4.15455532,-0.581791639,-28.3951454,3.95593715,-0.515132129,-28.883976,3.59046245,-0.397276521,-28.653244
158,1.94446135,-1.05766928,-25.6623344,2.30923462,-0.943529606,-25.813036,2.76074815,-0.878388703,-25.9713287,3.00298882,-0.684964359,-26.370779,3.13469696,-0.669536829,-26.9694424,3.05443692,-0.500995576,-27.5582924,3.18209791,-0.480221778,-28.1628494,3.46787906,-0.446880698,-28.3758526,3.95176435,-0.60223031,-28.3315907,4.15476751,-0.587827981,-28.8279095,3.95426011,-0.518255234,-29.3129234,3.59162879,-0.401515365,-29.0775909
159,1.95960557,-1.0633477,-26.1056805,2.3239255,-0.948804975,-26.2533321,2.7742157,-0.883227885,-26.409853,3.01308441,-0.692304969,-26.8090858,3.14361835,-0.675352514,-27.4076843,3.06292009,-0.50574857,-27.9967842,3.18958998,-0.482925355,-28.601572,3.47560525,-0.449938983,-28.812746,3.95699573,-0.605682433,-28.767664,4.1549387,-0.593890548,-29.2633991,3.95256162,-0.521388233,-29.7445602,3.5928719,-0.405758053,-29.5046768
160,1.97476315,-1.06901658,-26.5517483,2.33860922,-0.95406431,-26.6963444,2.7876637,-0.888028443,-26.8511086,3.02319622,-0.699687958,-27.2501221,3.15253329,-0.681176424,-27.8486576,3.07141948,-0.510506094,-28.4379997,3.19707656,-0.485634893,-29.0430126,3.48332238,-0.452994019,-29.2523556,3.96220613,-0.609087348,-29.2064972,4.15506935,-0.599978387,-29.7016144,3.95084238,-0.524531722,-30.1788864,3.59419131,-0.410004973,-29.9345016
161,1.98993385,-1.07467592,-27.000536,2.35328531,-0.95930773,-27.1420727,2.80109191,-0.892790794,-27.2950954,3.03332472,-0.70711273,-27.6938858,3.16144204,-0.6870085,-28.2923622,3.07993484,-0.515268147,-28.8819389,3.20455718,-0.488350689,-29.4871712,3.49102998,-0.456045836,-29.6946812,3.96739483,-0.612444937,-29.6480885,4.15516043,-0.606090426,-30.1425533,3.94910288,-0.527686357,-30.6159019,3.59558702,-0.414256513,-30.3670635
162,2.00511742,-1.08032572,-27.4520454,2.3679533,-0.964535296,-27.590519,2.81449986,-0.897515357,-27.7418137,3.04347062,-0.714578569,-28.140379,3.17034459,-0.692848742,-28.7387981,3.08846617,-0.52003479,-29.3286037,3.21203208,-0.491073012,-29.9340496,3.49872756,-0.459094405,-30.1397228,3.97256136,-0.615754962,-30.0924397,4.1552124,-0.612225652,-30.586216,3.94734406,-0.530852735,-31.0556068,3.59705877,-0.41851303,-30.8023663
163,2.02031374,-1.08596599,-27.9062767,2.38261294,-0.969747126,-28.0416832,2.82788706,-0.902202487,-28.1912632,3.05363464,-0.72208482,-28.5896015,3.17924118,-0.69869709,-29.1879654,3.09701347,-0.524806023,-29.7779922,3.21950078,-0.493802041,-30.383646,3.50641441,-0.462139755,-30.5874805,3.97770524,-0.619017363,-30.5395527,4.15522623,-0.61838311,-31.0326004,3.94556642,-0.534031451,-31.4979992,3.59860611,-0.422774971,-31.2404079
164,2.03552246,-1.09159672,-28.3632278,2.39726353,-0.97494328,-28.4955635,2.84125304,-0.906852722,-28.6434422,3.0638175,-0.729630888,-29.0415516,3.18813181,-0.704553604,-29.6398621,3.10557675,-0.529581904,-30.2301044,3.22696328,-0.496538013,-30.8359623,3.5140903,-0.465181917,-31.0379543,3.98282599,-0.62223196,-30.9894257,4.15520239,-0.624561727,-31.4817066,3.94377065,-0.537223041,-31.9430809,3.60022902,-0.427042693,-31.6811905
165,2.05074358,-1.09721792,-28.8229008,2.41190481,-0.980123878,-28.9521618,2.85459757,-0.91146636,-29.0983524,3.07401967,-0.737215996,-29.4962311,3.19701672,-0.710418284,-30.094492,3.11415601,-0.534362435,-30.6849403,3.23441935,-0.499281228,-31.2909966,3.5217545,-0.46822089,-31.4911442,3.98792291,-0.625398636,-31.4420586,4.15514183,-0.630760431,-31.9335346,3.94195771,-0.540428162,-32.3908539,3.60192704,-0.431316644,-32.1247139
166,2.06597662,-1.10282958,-29.2852936,2.42653632,-0.985289037,-29.4114761,2.8679204,-0.916043878,-29.555994,3.08424163,-0.74483943,-29.9536381,3.2058959,-0.71629107,-30.5518513,3.122751,-0.539147675,-31.1424999,3.24186897,-0.502031863,-31.7487507,3.52940679,-0.471256763,-31.947052,3.9929955,-0.62851733,-31.8974514,4.15504551,-0.63697809,-32.3880844,3.94012809,-0.543647408,-32.8413124,3.60369992,-0.435597211,-32.5709801
167,2.08122158,-1.10843158,-29.7504082,2.44115782,-0.990438759,-29.8735085,2.88122082,-0.920585692,-30.016367,3.09448385,-0.752500474,-30.4137745,3.21476936,-0.722172022,-31.0119438,3.1313622,-0.543937683,-31.6027832,3.24931192,-0.504790306,-32.2092247,3.53704619,-0.474289507,-32.405674,3.9980433,-0.631587803,-32.3556023,4.1549139,-0.64321363,-32.8453522,3.93828249,-0.546881318,-33.2944641,3.60554719,-0.439884901,-33.0199852
168,2.09647822,-1.11402404,-30.2182426,2.45576882,-0.995573223,-30.3382587,2.89449883,-0.92509234,-30.4794712,3.10474706,-0.760198414,-30.8766403,3.22363758,-0.72806108,-31.4747677,3.13998914,-0.54873246,-32.0657921,3.2567482,-0.507556736,-32.6724167,3.54467273,-0.47731927,-32.8670158,4.00306511,-0.634609997,-32.8165169,4.15474796,-0.649465799,-33.3053398,3.93642187,-0.550130606,-33.7503014,3.60746884,-0.444180161,-33.4717331
169,2.11174631,-1.11960685,-30.6887989,2.47036886,-1.00069249,-30.805727,2.90775371,-0.929564238,-30.9453068,3.11503172,-0.767932475,-31.3422337,3.23250031,-0.733958304,-31.9403229,3.14863205,-0.553532064,-32.5315247,3.26417756,-0.510331392,-33.1383286,3.55228543,-0.480346024,-33.3310738,4.00806093,-0.637583852,-33.2801933,4.15454865,-0.655733585,-33.7680435,3.93454695,-0.553395748,-34.208828,3.60946417,-0.448483407,-33.9262238
170,2.1270256,-1.12518001,-31.162075,2.48495746,-1.00579667,-31.2759132,2.92098546,-0.934001803,-31.4138737,3.12533832,-0.775701821,-31.8105545,3.2413578,-0.739863634,-32.4086113,3.15729094,-0.558336556,-32.9999809,3.27160001,-0.513114572,-33.6069565,3.55988407,-0.483369857,-33.7978477,4.01303005,-0.640509248,-33.7466278,4.15431643,-0.662015736,-34.2334633,3.93265843,-0.556677282,-34.6700439,3.61153293,-0.452795148,-34.3834572
171,2.1423161,-1.13074362,-31.6380711,2.49953461,-1.01088595,-31.7488174,2.93419337,-0.938405573,-31.8851719,3.13566732,-0.783505797,-32.2816048,3.25021029,-0.74577719,-32.879631,3.16596556,-0.563145936,-33.4711609,3.2790153,-0.515906394,-34.0783043,3.56746817,-0.486390859,-34.2673416,4.01797152,-0.643386126,-34.2158241,4.15405226,-0.668311059,-34.7015991,3.93075705,-0.559975863,-35.1339493,3.61367464,-0.457115859,-34.8434372
172,2.15761757,-1.13629758,-32.116787,2.5140996,-1.01596034,-32.2244415,2.94737744,-0.942776024,-32.3591995,3.14601922,-0.79134357,-32.7553825,3.259058,-0.751698911,-33.3533821,3.17465615,-0.567960262,-33.9450607,3.28642344,-0.518707275,-34.552372,3.57503724,-0.489409059,-34.7395515,4.02288532,-0.646214426,-34.6877785,4.1537571,-0.674618363,-35.172451,3.9288435,-0.563292027,-35.600544,3.61588883,-0.461445957,-35.30616
173,2.17292953,-1.14184189,-32.5982246,2.52865219,-1.02101994,-32.7027855,2.96053696,-0.947113752,-32.8359604,3.15639448,-0.799214303,-33.2318878,3.26790094,-0.757628798,-33.8298645,3.18336272,-0.572779596,-34.4216843,3.2938242,-0.521517336,-35.0291595,3.58259082,-0.492424577,-35.2144775,4.02777004,-0.648994029,-35.1624947,4.15343189,-0.680936396,-35.646019,3.92691875,-0.56662631,-36.069828,3.61817527,-0.46578604,-35.7716255
174,2.18825221,-1.14737654,-33.0823822,2.54319215,-1.02606487,-33.1838455,2.97367191,-0.951419234,-33.3154526,3.16679358,-0.807117224,-33.7111244,3.27673936,-0.763566971,-34.309082,3.19208503,-0.577603877,-34.9010315,3.30121756,-0.524336815,-35.508667,3.59012866,-0.495437562,-35.6921234,4.0326252,-0.651724875,-35.6399727,4.15307713,-0.687263846,-36.1222992,3.9249835,-0.56997931,-36.5418015,3.62053347,-0.470136553,-36.2398376
175,2.20358515,-1.15290141,-33.5692596,2.55771923,-1.03109515,-33.6676254,2.9867816,-0.955693007,-33.7976723,3.17721677,-0.815051436,-34.1930885,3.28557324,-0.769513369,-34.7910309,3.20082331,-0.582433283,-35.3831062,3.30860329,-0.527166069,-35.9908943,3.59765005,-0.498448014,-36.1724854,4.03745031,-0.654406905,-36.1202126,4.15269423,-0.693599522,-36.6012917,3.92303848,-0.573351502,-37.0164642,3.62296295,-0.474498004,-36.7107964
176,2.21892834,-1.15841651,-34.058857,2.57223296,-1.036111,-34.1541252,2.99986601,-0.959935486,-34.2826233,3.18766427,-0.823016167,-34.6777802,3.2944026,-0.775468051,-35.2757111,3.20957732,-0.587267816,-35.8679008,3.31598163,-0.530005336,-36.4758377,3.60515451,-0.501456082,-36.6555672,4.04224443,-0.657040238,-36.6032104,4.15228415,-0.699942112,-37.0829964,3.92108464,-0.576743424,-37.4938164,3.62546301,-0.478870928,-37.1845016
177,2.23428178,-1.16392183,-34.5511742,2.5867331,-1.04111242,-34.6433449,3.01292467,-0.964147151,-34.7703094,3.19813657,-0.83101052,-35.1651993,3.30322766,-0.781431139,-35.7631226,3.21834731,-0.592107475,-36.3554192,3.32335234,-0.532854915,-36.963501,3.61264181,-0.504461944,-37.1413651,4.04700661,-0.659624755,-37.0889702,4.15184736,-0.706290364,-37.5674133,3.9191227,-0.580155671,-37.9738579,3.6280334,-0.483255804,-37.6609535
178,2.24964499,-1.1694175,-35.0462112,2.60121942,-1.04609966,-35.1352844,3.02595735,-0.968328714,-35.2607231,3.20863414,-0.839033723,-35.6553459,3.31204891,-0.787402511,-36.2532692,3.22713304,-0.596952319,-36.8456612,3.33071542,-0.535714924,-37.4538841,3.62011147,-0.507465661,-37.6298828,4.05173635,-0.662160456,-37.5774918,4.15138531,-0.712642968,-38.0545425,3.91715336,-0.58358866,-38.4565887,3.63067341,-0.487653166,-38.140152
179,2.26501799,-1.17490327,-35.5439682,2.61569166,-1.05107272,-35.62994,3.03896379,-0.972480595,-35.7538719,3.21915722,-0.84708482,-36.1482239,3.32086611,-0.793382287,-36.7461472,3.2359345,-0.601802409,-37.3386269,3.33807087,-0.538585782,-37.9469872,3.627563,-0.51046741,-38.1211205,4.05643272,-0.664647341,-38.0687752,4.15089846,-0.718998551,-38.544384,3.91517758,-0.587042987,-38.9420052,3.63338256,-0.492063552,-38.622097
180,2.28040051,-1.18037927,-36.044445,2.63014936,-1.0560317,-36.1273155,3.05194354,-0.976603448,-36.2497482,3.22970605,-0.855162978,-36.6438293,3.32967949,-0.799370408,-37.2417603,3.24475193,-0.606657863,-37.8343163,3.34541845,-0.541467667,-38.4428101,3.63499594,-0.513467252,-38.6150742,4.06109524,-0.667085409,-38.5628166,4.15038824,-0.725355864,-39.0369339,3.91319609,-0.590519071,-39.4301147,3.63616014,-0.496487468,-39.1067886
181,2.29579258,-1.18584538,-36.5476418,2.64459252,-1.06097674,-36.6274147,3.06489635,-0.980697691,-36.7483559,3.24028087,-0.863267243,-37.1421623,3.33848929,-0.805366993,-37.7401047,3.2535851,-0.611518621,-38.3327255,3.35275817,-0.544360876,-38.9413528,3.6424098,-0.516465425,-39.1117477,4.06572294,-0.669474661,-39.0596199,4.14985561,-0.731713533,-39.5321922,3.91120982,-0.594017446,-39.9209137,3.6390059,-0.500925422,-39.5942268
182,2.31119394,-1.1913017,-37.0535583,2.65902066,-1.06590796,-37.1302338,3.07782197,-0.98476392,-37.2496948,3.25088215,-0.87139678,-37.6432266,3.34729576,-0.811372101,-38.2411804,3.26243401,-0.616384745,-38.8338585,3.36009002,-0.54726553,-39.4426117,3.64980435,-0.519462049,-39.6111412,4.07031488,-0.671815217,-39.5591812,4.14930153,-0.73807025,-40.030159,3.90921974,-0.59753865,-40.4143982,3.6419189,-0.505377948,-40.0844154
183,2.3266046,-1.19674814,-37.5621948,2.67343354,-1.07082546,-37.6357727,3.09072018,-0.988802671,-37.7537689,3.26150966,-0.879550695,-38.1470184,3.35609889,-0.817385733,-38.7449913,3.27129889,-0.621256351,-39.3377151,3.367414,-0.550182164,-39.9465904,3.65717912,-0.522457302,-40.1132545,4.07487059,-0.674107015,-40.0615044,4.14872694,-0.744424522,-40.5308342,3.90722632,-0.6010831,-40.9105759,3.64489865,-0.509845555,-40.5773544
184,2.34202409,-1.20218468,-38.0735474,2.68783116,-1.07572937,-38.1440315,3.10359049,-0.992814839,-38.2605705,3.27216411,-0.887728035,-38.6535378,3.36489892,-0.823407888,-39.2515373,3.2801795,-0.626133382,-39.8442955,3.37473011,-0.553110719,-40.453289,3.66453385,-0.525451362,-40.6180878,4.0793891,-0.676350236,-40.5665855,4.14813328,-0.750775099,-41.0342178,3.90523076,-0.604651213,-41.4094429,3.64794445,-0.514328837,-41.07304
185,2.35745263,-1.2076112,-38.5876198,2.70221305,-1.08061981,-38.6550102,3.11643291,-0.996800601,-38.7701035,3.28284526,-0.895927906,-39.1627884,3.37369609,-0.829438746,-39.7608147,3.28907585,-0.631016016,-40.3535995,3.38203812,-0.556051731,-40.9627075,3.67186809,-0.52844435,-41.1256371,4.08386946,-0.678544879,-41.0744247,4.1475215,-0.757120609,-41.5403061,3.90323377,-0.608243465,-41.9109955,3.65105581,-0.518828273,-41.571476
186,2.37288976,-1.21302783,-39.1044121,2.7165792,-1.08549678,-39.1687088,3.12924695,-1.00076067,-39.2823677,3.29355359,-0.904149354,-39.6747665,3.3824904,-0.835478246,-40.2728271,3.29798818,-0.635904193,-40.8656235,3.38933825,-0.55900526,-41.4748459,3.67918134,-0.531436503,-41.6359062,4.08831072,-0.680691123,-41.5850258,4.14689255,-0.763459682,-42.0491028,3.90123606,-0.611860335,-42.4152412,3.65423203,-0.523344338,-42.0726624
187,2.38833547,-1.21843445,-39.6239243,2.73092937,-1.09036052,-39.6851311,3.14203238,-1.00469577,-39.7973633,3.3042891,-0.912391484,-40.1894722,3.39128232,-0.841526508,-40.787571,3.30691624,-0.640797973,-41.3803711,3.39663053,-0.561971605,-41.9897041,3.68647337,-0.53442806,-42.1488953,4.0927124,-0.682789028,-42.0983849,4.14624739,-0.769790888,-42.5606041,3.89923882,-0.615502179,-42.9221764,3.65747237,-0.527877629,-42.5765991
188,2.40378976,-1.22383094,-40.1461563,2.74526334,-1.09521103,-40.2042732,3.15478921,-1.00860631,-40.315094,3.31505179,-0.920653343,-40.7069092,3.40007162,-0.847583473,-41.3050499,3.31586027,-0.645697415,-41.8978386,3.40391469,-0.564951181,-42.5072823,3.69374371,-0.5374192,-42.6646042,4.09707308,-0.684838712,-42.614502,4.14558744,-0.776112974,-43.07481,3.89724255,-0.619169533,-43.4318008,3.6607759,-0.532428563,-43.0832863
189,2.4192524,-1.22921741,-40.6711082,2.75958085,-1.10004842,-40.7261353,3.16751695,-1.01249301,-40.8355522,3.32584214,-0.928934038,-41.2270737,3.40885878,-0.853649199,-41.8252602,3.3248198,-0.650602579,-42.4180298,3.41119099,-0.56794399,-43.0275764,3.70099211,-0.540410101,-43.183033,4.10139227,-0.686840355,-43.1333771,4.14491367,-0.78242445,-43.5917244,3.89524841,-0.622862697,-43.9441147,3.66414213,-0.536997676,-43.5927238
190,2.43472338,-1.23459375,-41.1987762,2.77388167,-1.10487282,-41.250721,3.1802156,-1.01635635,-41.3587418,3.33665967,-0.937232494,-41.7499695,3.41764379,-0.859723747,-42.3482056,3.33379555,-0.655513585,-42.9409447,3.41845942,-0.570950627,-43.5505905,3.7082181,-0.543401062,-43.7041817,4.10566902,-0.688794017,-43.6550102,4.14422703,-0.788723886,-44.1113434,3.89325714,-0.626582086,-44.4591179,3.66757011,-0.541585445,-44.1049156
191,2.45020223,-1.23996007,-41.7291641,2.78816581,-1.10968435,-41.7780266,3.19288468,-1.02019703,-41.8846664,3.34750485,-0.945547879,-42.2755966,3.42642713,-0.865807235,-42.8738861,3.34278703,-0.660430372,-43.4665794,3.42571974,-0.573971093,-44.0763245,3.71542144,-0.546392262,-44.2280502,4.10990238,-0.690699995,-44.1794014,4.14352894,-0.795009971,-44.633667,3.89126968,-0.630328119,-44.9768105,3.67105937,-0.546192408,-44.6198578
192,2.46568918,-1.24531615,-42.2622719,2.80243301,-1.11448312,-42.3080559,3.20552397,-1.02401567,-42.4133224,3.35837746,-0.953879178,-42.8039513,3.4352088,-0.871899664,-43.402298,3.35179424,-0.665353119,-43.9949379,3.43297219,-0.577005804,-44.6047783,3.72260165,-0.549383938,-44.7546387,4.11409187,-0.692558408,-44.7065506,4.14282036,-0.801281333,-45.1586914,3.88928676,-0.634101152,-45.4971924,3.67460895,-0.55081898,-45.1375542
193,2.48118401,-1.25066209,-42.7980957,2.81668305,-1.11926925,-42.8408089,3.21813345,-1.02781284,-42.9447098,3.36927772,-0.962225437,-43.3350372,3.44398904,-0.878001094,-43.933445,3.36081719,-0.670281708,-44.5260201,3.44021678,-0.580054879,-45.135952,3.7297585,-0.55237633,-45.283947,4.11823606,-0.694369495,-45.2364578,4.14210272,-0.807536542,-45.6864204,3.88730955,-0.637901545,-46.0202637,3.67821789,-0.555465639,-45.6580009
194,2.49668646,-1.25599778,-43.3366394,2.83091593,-1.12404287,-43.3762817,3.23071289,-1.03158927,-43.4788284,3.38020563,-0.970585644,-43.8688545,3.45276785,-0.884111464,-44.4673271,3.36985612,-0.675216317,-45.0598221,3.4474535,-0.583118677,-45.6698456,3.73689175,-0.555369675,-45.8159752,4.12233448,-0.696133494,-45.7691193,4.14137697,-0.813774288,-46.2168541,3.88533878,-0.641729593,-46.5460243,3.68188548,-0.560132861,-46.1812019
195,2.51219678,-1.26132321,-43.877903,2.8451314,-1.12880409,-43.9144783,3.24326205,-1.03534544,-44.0156784,3.39116096,-0.978958905,-44.4053993,3.46154571,-0.890230894,-45.0039406,3.37891102,-0.680157006,-45.5963478,3.45468259,-0.586197495,-46.2064552,3.74400091,-0.558364332,-46.3507271,4.12638569,-0.697850585,-46.3045349,4.14064455,-0.819993138,-46.7499924,3.88337541,-0.645585716,-47.0744743,3.68561101,-0.564821064,-46.7071571
196,2.52771449,-1.26663828,-44.4218826,2.85932946,-1.13355291,-44.4553986,3.2557807,-1.03908193,-44.5552597,3.40214372,-0.987344205,-44.9446754,3.47032261,-0.896359503,-45.5432892,3.38798165,-0.685103774,-46.1355934,3.46190381,-0.589291513,-46.7457848,3.75108576,-0.561360419,-46.8881989,4.13038921,-0.699521065,-46.8427086,4.13990641,-0.826191783,-47.2858353,3.88142037,-0.64947015,-47.6056137,3.68939352,-0.569530666,-47.2358665
197,2.54323959,-1.27194309,-44.9685822,2.87350988,-1.13828945,-44.9990387,3.26826882,-1.04279947,-45.0975723,3.41315389,-0.995740592,-45.4866829,3.47909904,-0.902497232,-46.0853729,3.39706826,-0.690056741,-46.6775589,3.4691174,-0.592401087,-47.2878342,3.75814605,-0.564358294,-47.4283905,4.1343441,-0.701145232,-47.3836365,4.13916349,-0.832368851,-47.824379,3.8794744,-0.653383315,-48.1394424,3.69323206,-0.574262083,-47.7673302
198,2.55877209,-1.27723742,-45.5179977,2.88767266,-1.14301383,-45.5454025,3.28072619,-1.04649854,-45.6426163,3.42419124,-1.00414705,-46.0314217,3.48787498,-0.908644259,-46.6301918,3.40617085,-0.695015907,-47.2222481,3.47632337,-0.595526457,-47.8325996,3.7651813,-0.567358255,-47.971302,4.13824987,-0.702723384,-47.9273186,4.13841724,-0.838522971,-48.3656273,3.87753868,-0.657325447,-48.6759644,3.69712591,-0.579015732,-48.301548
199,2.57431173,-1.28252137,-46.0701332,2.90181756,-1.14772618,-46.0944901,3.29315257,-1.05017996,-46.1903915,3.435256,-1.01256263,-46.5788918,3.4966507,-0.914800525,-47.177742,3.41528916,-0.699981391,-47.7696571,3.4835217,-0.59866786,-48.380085,3.77219129,-0.570360541,-48.5169334,4.1421051,-0.70425576,-48.4737511,4.13766909,-0.844652772,-48.9095802,3.87561417,-0.661296844,-49.2151756,3.70107388,-0.583791912,-48.8385201
200,2.58985853,-1.28779483,-46.6249847,2.91594434,-1.1524266,-46.6463013,3.30554771,-1.05384421,-46.7408981,3.44634771,-1.02098644,-47.1290932,3.50542641,-0.920966089,-47.7280273,3.42442369,-0.704953194,-48.3197861,3.4907124,-0.601825655,-48.9302902,3.77917576,-0.57336551,-49.0652885,4.14590883,-0.705742776,-49.0229378,4.13691998,-0.850757003,-49.456234,3.87370157,-0.665297747,-49.7570763,3.70507526,-0.58859098,-49.3782463
201,2.60541224,-1.2930578,-47.1825562,2.930053,-1.1571151,-47.2008362,3.31791162,-1.05749202,-47.2941399,3.45746636,-1.0294174,-47.6820297,3.51420236,-0.92714107,-48.2810478,3.43357396,-0.709931374,-48.8726387,3.49789572,-0.604999959,-49.4832115,3.78613448,-0.576373398,-49.6163635,4.14966059,-0.707184792,-49.5748787,4.13617086,-0.856834352,-50.0055923,3.87180209,-0.669328511,-50.3016663,3.7091291,-0.593413293,-49.9207268
202,2.62097287,-1.29831016,-47.7428436,2.94414353,-1.16179192,-47.7580948,3.3302443,-1.06112409,-47.8501129,3.46861172,-1.03785455,-48.2376976,3.52297902,-0.93332541,-48.8368034,3.4427402,-0.714915991,-49.4282112,3.50507164,-0.608191073,-50.0388527,3.79306698,-0.579384506,-50.1701584,4.15335941,-0.708582163,-50.12957,4.13542271,-0.862883449,-50.5576553,3.86991668,-0.673389316,-50.8489456,3.71323442,-0.598259151,-50.4659653
203,2.63654017,-1.30355203,-48.305851,2.95821595,-1.16645706,-48.3180771,3.34254551,-1.06474102,-48.4088173,3.47978354,-1.04629683,-48.7960968,3.5317564,-0.939519227,-49.3952942,3.45192242,-0.719907105,-49.9865036,3.51224041,-0.611399293,-50.5972137,3.79997325,-0.582399189,-50.7266769,4.15700436,-0.709935308,-50.6870117,4.13467693,-0.868903041,-51.1124229,3.86804605,-0.677480459,-51.3989143,3.7173903,-0.603128791,-51.013958
204,2.65211415,-1.30878317,-48.8715744,2.97227001,-1.17111063,-48.8807831,3.35481501,-1.06834316,-48.970253,3.49098158,-1.05474341,-49.3572311,3.54053473,-0.94572252,-49.9565201,3.46112061,-0.724904835,-50.5475159,3.51940203,-0.614624918,-51.1582909,3.80685282,-0.585417807,-51.2859154,4.16059446,-0.711244702,-51.2472038,4.13393497,-0.874891877,-51.6698914,3.86619139,-0.68160212,-51.9515762,3.72159576,-0.608022511,-51.5647087
205,2.66769457,-1.31400371,-49.4400177,2.98630571,-1.17575264,-49.4462128,3.36705279,-1.07193148,-49.53442,3.50220585,-1.0631932,-49.9210968,3.54931426,-0.95193541,-50.5204773,3.47033477,-0.729909122,-51.1112518,3.52655649,-0.617868006,-51.7220879,3.81370544,-0.588440537,-51.8478737,4.16412926,-0.712510765,-51.8101463,4.13319778,-0.880848765,-52.2300644,3.86435366,-0.685754538,-52.5069275,3.72584963,-0.61294049,-52.1182137
206,2.68328142,-1.31921339,-50.0111771,3.00032282,-1.18038321,-50.0143661,3.37925863,-1.07550645,-50.1013222,3.51345587,-1.07164526,-50.4876976,3.55809522,-0.958157837,-51.0871696,3.47956514,-0.734920204,-51.6777077,3.53370404,-0.621129215,-52.2886009,3.82053089,-0.591467857,-52.4125557,4.16760778,-0.713733912,-52.3758354,4.13246584,-0.886772394,-52.792942,3.86253381,-0.68993789,-53.0649681,3.73015118,-0.617882967,-52.6744766
207,2.69887471,-1.32441235,-50.5850525,3.01432133,-1.18500257,-50.5852432,3.39143252,-1.07906878,-50.6709557,3.5247314,-1.08009863,-51.0570297,3.56687784,-0.964389861,-51.6565971,3.48881149,-0.739938021,-52.2468834,3.54084468,-0.624408603,-52.8578339,3.82732892,-0.594500005,-52.9799576,4.17102909,-0.71491462,-52.9442711,4.13174105,-0.892661572,-53.3585243,3.86073303,-0.694152415,-53.6256981,3.73449922,-0.62285012,-53.2334938
208,2.7144742,-1.32960045,-51.1616478,3.02830124,-1.18961072,-51.158844,3.40357423,-1.08261907,-51.2433205,3.5360322,-1.08855224,-51.629097,3.57566237,-0.97063154,-52.2287598,3.49807382,-0.744962692,-52.818779,3.54797864,-0.627706409,-53.4297867,3.83409929,-0.597537339,-53.5500793,4.1743927,-0.716053486,-53.5154533,4.13102388,-0.898515105,-53.926815,3.85895205,-0.698398232,-54.1891174,3.73889279,-0.627842128,-53.795269
209,2.73007989,-1.33477771,-51.7409592,3.04226255,-1.19420767,-51.7351685,3.41568398,-1.08615792,-51.8184204,3.54735804,-1.09700525,-52.2038994,3.58444929,-0.976882875,-52.8036575,3.50735235,-0.749994159,-53.3933945,3.55510592,-0.631022871,-54.0044556,3.84084177,-0.600580275,-54.1229248,4.17769718,-0.717151046,-54.0893822,4.13031578,-0.904331803,-54.4978104,3.85719228,-0.702675521,-54.7552261,3.74333096,-0.632859051,-54.3598022
210,2.74569154,-1.33994401,-52.3229866,3.05620527,-1.19879365,-52.3142204,3.42776155,-1.08968604,-52.3962517,3.55870843,-1.10545659,-52.7814369,3.59323859,-0.983143985,-53.3812904,3.51664686,-0.755032539,-53.9707298,3.56222677,-0.634358227,-54.5818405,3.84755611,-0.603629112,-54.698494,4.18094206,-0.718207896,-54.6660576,4.12961721,-0.910110533,-55.0715103,3.85545444,-0.706984401,-55.324028,3.74781251,-0.637901068,-54.9270935
211,2.76130915,-1.34509921,-52.9077301,3.07012916,-1.20336866,-52.8959961,3.4398067,-1.09320414,-52.9768143,3.57008314,-1.11390531,-53.3617096,3.60203075,-0.989414811,-53.9616585,3.52595758,-0.760077953,-54.5507851,3.56934118,-0.637712836,-55.1619453,3.85424209,-0.606684208,-55.276783,4.18412685,-0.719224513,-55.2454758,4.12892962,-0.915850222,-55.6479149,3.85373974,-0.711325049,-55.8955193,3.7523365,-0.642968178,-55.497139
212,2.77693272,-1.35024345,-53.4951935,3.0840342,-1.20793283,-53.4804955,3.45181966,-1.09671247,-53.560112,3.5814817,-1.12235045,-53.9447174,3.61082602,-0.995695412,-54.5447617,3.53528452,-0.76513052,-55.1335602,3.57644939,-0.641087055,-55.7447662,3.86089945,-0.60974592,-55.8577919,4.18725061,-0.720201552,-55.8276405,4.12825394,-0.921549737,-56.2270279,3.85204935,-0.715697527,-56.4696999,3.75690174,-0.648060381,-56.0699425
213,2.79256201,-1.3553766,-54.0853729,3.09792042,-1.21248615,-54.0677223,3.46380019,-1.1002121,-54.1461411,3.59290385,-1.13079107,-54.5304604,3.61962461,-1.00198579,-55.1305962,3.54462767,-0.77019012,-55.7190552,3.58355141,-0.644480944,-56.3303032,3.8675282,-0.612814665,-56.4415245,4.19031286,-0.72113961,-56.4125481,4.12759113,-0.927207947,-56.8088493,3.85038424,-0.720101953,-57.0465698,3.76150727,-0.653177738,-56.645504
214,2.80819702,-1.36049855,-54.6782684,3.1117878,-1.21702874,-54.6576729,3.4757483,-1.10370362,-54.7349052,3.60434914,-1.13922632,-55.1189384,3.62842679,-1.00828612,-55.7191658,3.55398679,-0.775256813,-56.3072701,3.59064746,-0.647894681,-56.91856,3.87412786,-0.615890622,-57.0279808,4.19331264,-0.722039461,-57.0001945,4.12694168,-0.932823956,-57.3933792,3.84874535,-0.724538445,-57.626133,3.76615214,-0.658320248,-57.2238235
215,2.82383752,-1.36560917,-55.27388,3.12563634,-1.22156072,-55.2503471,3.48766398,-1.10718739,-55.3264008,3.61581707,-1.14765489,-55.7101555,3.63723278,-1.0145961,-56.3104706,3.56336236,-0.780330956,-56.8982048,3.59773755,-0.651328981,-57.5095329,3.8806982,-0.618974388,-57.617157,4.19624901,-0.722901642,-57.5905838,4.12630701,-0.938396573,-57.9806137,3.84713411,-0.729007006,-58.2083855,3.77083516,-0.663487732,-57.8049011
216,2.8394835,-1.37070858,-55.8722076,3.13946581,-1.22608209,-55.8457489,3.49954724,-1.11066413,-55.9206314,3.62730742,-1.15607607,-56.3041115,3.64604282,-1.02091599,-56.9045105,3.57275414,-0.785412371,-57.4918556,3.60482216,-0.654783785,-58.1032219,3.88723922,-0.622066259,-58.2090569,4.19912148,-0.723726988,-58.183712,4.1256876,-0.943924963,-58.5705605,3.84555149,-0.733507752,-58.7933273,3.77555537,-0.668680131,-58.3887367
217,2.85513473,-1.37579668,-56.4732513,3.15327644,-1.23059297,-56.4438744,3.51139808,-1.11413467,-56.5175934,3.63881969,-1.16448903,-56.9008026,3.6548574,-1.02724576,-57.5012856,3.58216214,-0.790501118,-58.0882263,3.61190104,-0.658259213,-58.6996269,3.89375067,-0.625166476,-58.8036766,4.20192957,-0.724516273,-58.7795792,4.1250844,-0.949408174,-59.1632156,3.84399843,-0.738040745,-59.3809624,3.78031158,-0.673897326,-58.9753304
218,2.8707912,-1.38087344,-57.0770111,3.16706824,-1.23509347,-57.0447273,3.52321625,-1.11759949,-57.1172905,3.65035319,-1.17289269,-57.5002327,3.66367674,-1.03358543,-58.1007957,3.59158635,-0.795597255,-58.6873169,3.61897469,-0.661755681,-59.298748,3.90023232,-0.628275514,-59.4010201,4.20467281,-0.725270212,-59.3781815,4.12449789,-0.954845309,-59.7585831,3.84247637,-0.742605925,-59.9712868,3.78510284,-0.679139078,-59.564682
219,2.88645267,-1.38593864,-57.6834869,3.18084097,-1.23958361,-57.648304,3.53500199,-1.1210593,-57.7197189,3.66190767,-1.1812861,-58.1024017,3.67250133,-1.03993511,-58.7030411,3.60102677,-0.800700903,-59.2891273,3.62604308,-0.665273428,-59.900589,3.90668392,-0.63139379,-60.0010872,4.20735025,-0.725989521,-59.9795227,4.12392902,-0.960235417,-60.3566628,3.84098625,-0.74720329,-60.5643005,3.78992796,-0.684405208,-60.1567917
220,2.9021194,-1.3909924,-58.2926788,3.19459486,-1.2440635,-58.2546082,3.54675531,-1.1245147,-58.3248825,3.67348266,-1.18966842,-58.7073097,3.68133116,-1.04629469,-59.3080215,3.61048341,-0.80581212,-59.8936539,3.63310647,-0.668812692,-60.505146,3.91310525,-0.634521604,-60.6038742,4.20996141,-0.726675153,-60.5835991,4.12337828,-0.965577662,-60.9574547,3.83952928,-0.751832843,-61.1600075,3.79478621,-0.689695537,-60.7516556
221,2.91779089,-1.3960346,-58.9045868,3.20832968,-1.24853325,-58.863636,3.55847621,-1.12796628,-58.9327774,3.68507743,-1.1980387,-59.3149567,3.69016671,-1.05266416,-59.9157372,3.61995649,-0.810930967,-60.5009003,3.64016509,-0.672373831,-61.1124191,3.91949606,-0.637659431,-61.2093849,4.21250534,-0.727327824,-61.1904106,4.1228466,-0.97087115,-61.5609589,3.83810687,-0.756494522,-61.7584038,3.79967618,-0.695009708,-61.3492775
222,2.93346739,-1.40106511,-59.5192108,3.22204542,-1.25299287,-59.4753914,3.57016444,-1.13141453,-59.5434074,3.69669175,-1.20639598,-59.9253464,3.69900823,-1.05904353,-60.5261841,3.62944603,-0.816057503,-61.1108665,3.64721894,-0.675956964,-61.7224045,3.92585611,-0.640807569,-61.8176193,4.21498203,-0.727948487,-61.7999535,4.12233448,-0.976115227,-62.1671753,3.83671999,-0.761188328,-62.3594894,3.8045969,-0.700347483,-61.9496574
223,2.94914865,-1.40608394,-60.1365471,3.23574233,-1.25744236,-60.0898743,3.58182025,-1.13486028,-60.1567726,3.70832491,-1.21473932,-60.538475,3.70785618,-1.06543279,-61.1393661,3.63895178,-0.821191788,-61.7235489,3.65426826,-0.679562449,-62.3351097,3.93218541,-0.643966436,-62.4285736,4.21739054,-0.728537977,-62.4122314,4.12184238,-0.981309056,-62.7761078,3.83536983,-0.765914202,-62.9632683,3.80954742,-0.705708504,-62.5527954
224,2.96483445,-1.41109109,-60.7565994,3.24942017,-1.26188183,-60.7070808,3.59344363,-1.138304,-60.7728729,3.71997643,-1.22306788,-61.1543465,3.71671057,-1.07183194,-61.7552834,3.64847398,-0.82633388,-62.3389511,3.6613133,-0.683190525,-62.9505272,3.93848372,-0.64713645,-63.0422516,4.21973038,-0.729097247,-63.0272408,4.12137032,-0.986451924,-63.3877563,3.83405781,-0.770671964,-63.5697365,3.8145268,-0.711092353,-63.1586914
225,2.98052478,-1.41608644,-61.3793678,3.26307893,-1.26631141,-61.3270149,3.60503459,-1.1417464,-61.3917046,3.73164558,-1.2313807,-61.7729568,3.72557211,-1.07824099,-62.3739357,3.65801239,-0.831483841,-62.9570732,3.66835427,-0.686841309,-63.5686607,3.94475079,-0.650317907,-63.6586533,4.22200155,-0.729627252,-63.6449776,4.12091923,-0.991543233,-64.002121,3.83278513,-0.775461555,-64.178894,3.81953382,-0.716498613,-63.7673416
226,2.9962194,-1.42106986,-62.0048523,3.27671885,-1.27073109,-61.9496765,3.61659336,-1.14518821,-62.0132713,3.74333191,-1.23967707,-62.39431,3.7344408,-1.08466005,-62.9953194,3.66756725,-0.836641669,-63.5779114,3.6753912,-0.690515101,-64.1895142,3.95098662,-0.653511226,-64.2777786,4.22420311,-0.730129004,-64.2654419,4.1204896,-0.996582329,-64.6192017,3.83155298,-0.780282736,-64.7907486,3.82456779,-0.721926808,-64.378746
227,3.01191854,-1.42604136,-62.6330528,3.29033971,-1.275141,-62.5750618,3.62811971,-1.1486299,-62.6375732,3.75503492,-1.24795592,-63.0184059,3.74331713,-1.09108889,-63.6194382,3.67713857,-0.841807485,-64.2014694,3.68242431,-0.694212139,-64.8130798,3.95719099,-0.656716883,-64.8996277,4.2263341,-0.730603576,-64.8886414,4.1200819,-1.00156868,-65.2389984,3.8303628,-0.785135448,-65.4052887,3.82962751,-0.727376401,-64.9929123
228,3.02762175,-1.43100083,-63.2639656,3.30394173,-1.27954113,-63.2031746,3.63961387,-1.15207219,-63.2646103,3.76675391,-1.25621641,-63.6452446,3.75220132,-1.0975275,-64.2462921,3.68672609,-0.846981347,-64.8277435,3.68945384,-0.697932601,-65.4393616,3.96336365,-0.659935057,-65.5242004,4.22839499,-0.731051922,-65.5145645,4.11969614,-1.00650156,-65.8615189,3.82921529,-0.790019512,-66.022522,3.83471203,-0.732847095,-65.6098328
229,3.043329,-1.43594825,-63.8975945,3.31752467,-1.28393161,-63.8340149,3.65107584,-1.15551543,-63.8943825,3.77848816,-1.2644577,-64.274826,3.76109385,-1.10397589,-64.875885,3.69633031,-0.852163315,-65.4567337,3.69648027,-0.701676905,-66.0683517,3.96950436,-0.663166404,-66.1514893,4.23038483,-0.731475115,-66.143219,4.11933231,-1.01138067,-66.4867554,3.82811236,-0.79493463,-66.6424484,3.83982038,-0.738338113,-66.2295074
230,3.05904031,-1.44088352,-64.5339355,3.33108878,-1.28831244,-64.4675827,3.66250587,-1.15896046,-64.526886,3.79023719,-1.27267897,-64.9071503,3.76999497,-1.11043417,-65.5082092,3.70595098,-0.857353508,-66.0884476,3.70350313,-0.705445349,-66.700058,3.97561288,-0.666411221,-66.7815018,4.23230362,-0.731874049,-66.7745895,4.1189909,-1.01620519,-67.1147156,3.82705522,-0.799880624,-67.2650681,3.84495163,-0.74384892,-66.8519363
231,3.07475567,-1.44580662,-65.1729965,3.34463406,-1.29268372,-65.1038742,3.67390394,-1.16240799,-65.1621246,3.80200052,-1.2808795,-65.5422211,3.77890515,-1.11690223,-66.1432648,3.71558785,-0.862551808,-66.7228775,3.71052313,-0.709237814,-67.3344803,3.98168945,-0.669669807,-67.414238,4.23415089,-0.732250094,-67.4086914,4.11867189,-1.02097487,-67.7453995,3.82604504,-0.804857254,-67.8903809,3.85010505,-0.74937892,-67.4771194
232,3.09047461,-1.45071745,-65.8147659,3.3581605,-1.29704547,-65.742897,3.68527007,-1.16585827,-65.8001022,3.81377721,-1.28905833,-66.1800385,3.78782463,-1.12337995,-66.7810516,3.72524118,-0.867758453,-67.3600235,3.71754026,-0.713054717,-67.9716187,3.9877336,-0.672942638,-68.0496979,4.23592615,-0.732604444,-68.0455093,4.11837578,-1.02568936,-68.3787994,3.82508326,-0.809864223,-68.5183868,3.85527945,-0.754927456,-68.1050568
233,3.10619736,-1.455616,-66.4592514,3.37166786,-1.3013978,-66.3846436,3.69660473,-1.1693126,-66.4408112,3.82556701,-1.29721487,-66.8206024,3.79675388,-1.12986743,-67.4215775,3.73491049,-0.872972965,-67.9998856,3.72455502,-0.71689564,-68.6114731,3.99374533,-0.676229775,-68.6878815,4.23762894,-0.732938409,-68.685051,4.11810207,-1.0303483,-69.0149307,3.82417083,-0.814901292,-69.149086,3.86047411,-0.760493875,-68.7357483
234,3.12192345,-1.46050215,-67.1064529,3.38515663,-1.30574071,-67.0291138,3.70790768,-1.17277098,-67.084259,3.83736873,-1.30534804,-67.463913,3.80569291,-1.13636446,-68.0648346,3.74459624,-0.878195941,-68.6424637,3.73156738,-0.720761657,-69.2540436,3.99972415,-0.679532051,-69.3287888,4.23925877,-0.733252943,-69.3273163,4.11785126,-1.03495121,-69.6537857,3.82330966,-0.819968045,-69.7824783,3.86568832,-0.766077399,-69.369194
235,3.13765311,-1.4653759,-67.7563705,3.39862657,-1.31007433,-67.6763153,3.71917892,-1.17623401,-67.7304459,3.84918189,-1.31345701,-68.1099625,3.81464219,-1.14287102,-68.7108307,3.75429845,-0.883427322,-69.2877579,3.7385776,-0.724652886,-69.8993225,4.00567007,-0.682849824,-69.9724197,4.24081564,-0.733549237,-69.9722977,4.11762285,-1.03949785,-70.2953644,3.82250071,-0.825064123,-70.4185638,3.87092113,-0.771677256,-70.005394
236,3.15338612,-1.47023714,-68.4089966,3.41207767,-1.31439865,-68.3262405,3.73041868,-1.1797024,-68.379364,3.86100602,-1.32154095,-68.7587662,3.82360196,-1.149387,-69.3595581,3.76401711,-0.888667107,-69.9357681,3.74558592,-0.728569388,-70.5473175,4.01158285,-0.686183274,-70.6187744,4.24229956,-0.733828723,-70.6200027,4.11741686,-1.04398811,-70.9396667,3.8217454,-0.830189168,-71.0573425,3.87617159,-0.777292728,-70.6443481
237,3.16912222,-1.47508585,-69.0643387,3.42551017,-1.31871378,-68.9788971,3.74162722,-1.18317688,-69.0310211,3.87284017,-1.3295995,-69.4103165,3.83257294,-1.15591264,-70.0110168,3.77375221,-0.893915176,-70.5865021,3.75259256,-0.732511103,-71.1980209,4.01746225,-0.689532697,-71.2678528,4.24371004,-0.734092593,-71.2704239,4.1172328,-1.04842174,-71.5867004,3.82104516,-0.835342765,-71.698822,3.88143921,-0.782922983,-71.2860565
238,3.18486142,-1.47992194,-69.7223969,3.43892407,-1.32301974,-69.6342773,3.75280476,-1.18665802,-69.6854095,3.88468361,-1.3376317,-70.0646133,3.84155536,-1.16244769,-70.6652069,3.78350353,-0.89917165,-71.2399521,3.75959754,-0.736478269,-71.8514404,4.02330828,-0.692898571,-71.9196548,4.24504614,-0.734342337,-71.9235611,4.11707115,-1.05279863,-72.2364655,3.82040143,-0.840524435,-72.3429947,3.88672304,-0.788567126,-71.9305115
239,3.20060372,-1.48474538,-70.3831635,3.45231915,-1.32731652,-70.2923889,3.7639513,-1.19014633,-70.3425369,3.89653587,-1.34563673,-70.7216568,3.85054946,-1.16899192,-71.3221359,3.79327106,-0.904436707,-71.8961182,3.76660132,-0.740471542,-72.507576,4.02912092,-0.696281433,-72.5741806,4.24630833,-0.734579086,-72.5794144,4.11693096,-1.05711854,-72.8889618,3.81981564,-0.845733643,-72.9898605,3.89202237,-0.794224203,-72.5777206
240,3.21634889,-1.48955607,-71.0466461,3.46569562,-1.33160424,-70.9532242,3.77506685,-1.19364214,-71.0023956,3.90839601,-1.35361385,-71.3814468,3.85955572,-1.17554545,-71.9817963,3.80305505,-0.909710288,-72.5550003,3.77360415,-0.744490683,-73.16642,4.03489971,-0.699681342,-73.2314301,4.2474966,-0.734804332,-73.2379837,4.11681223,-1.06138122,-73.5441895,3.81928873,-0.850970149,-73.6394196,3.89733672,-0.799893796,-73.227684
241,3.23209667,-1.49435389,-71.7128372,3.4790535,-1.33588278,-71.6167831,3.78615189,-1.1971463,-71.6649933,3.92026353,-1.36156237,-72.0439911,3.86857438,-1.18210816,-72.6441879,3.81285524,-0.914992452,-73.2165985,3.78060603,-0.74853605,-73.82798,4.04064465,-0.703098893,-73.8913956,4.2486105,-0.735019565,-73.8992691,4.116714,-1.06558692,-74.2021484,3.81882238,-0.85623312,-74.2916794,3.90266538,-0.805574596,-73.880394
242,3.24784708,-1.49913895,-72.3817444,3.49239278,-1.34015226,-72.2830734,3.7972064,-1.20065928,-72.3303299,3.93213749,-1.36948144,-72.7092819,3.87760592,-1.18867993,-73.3093109,3.82267165,-0.920283198,-73.8809128,3.78760743,-0.752608001,-74.4922485,4.04635525,-0.706534564,-74.5540924,4.24964952,-0.735226035,-74.5632629,4.11663628,-1.06973541,-74.8628387,3.81841803,-0.861522019,-74.94664,3.90800762,-0.811265767,-74.5358582
243,3.26360011,-1.50391114,-73.0533676,3.5057137,-1.34441292,-72.9520874,3.80823088,-1.20418179,-72.9983978,3.94401717,-1.37737083,-73.377327,3.88665056,-1.19526088,-73.9771652,3.83250403,-0.92558229,-74.5479431,3.79460835,-0.756705999,-75.1592331,4.05203152,-0.709988236,-75.2195053,4.25061417,-0.735425472,-75.2299728,4.11657858,-1.07382691,-75.5262604,3.81807685,-0.866836369,-75.6042938,3.91336274,-0.816966414,-75.1940689
244,3.27935553,-1.50867033,-73.7276993,3.51901627,-1.34866464,-73.6238327,3.81922507,-1.20771444,-73.6692047,3.95590186,-1.38522959,-74.0481186,3.8957088,-1.20185053,-74.6477509,3.84235263,-0.930889964,-75.2176895,3.80160952,-0.76083076,-75.8289261,4.05767345,-0.713460743,-75.8876495,4.25150347,-0.735619247,-75.8993912,4.11653996,-1.07786143,-76.192421,3.81780028,-0.872175455,-76.2646484,3.9187305,-0.822675407,-75.8550262
245,3.29511309,-1.51341641,-74.404747,3.53230047,-1.35290754,-74.2983017,3.83018923,-1.2112577,-74.3427429,3.96779084,-1.39305699,-74.7216644,3.90478063,-1.20844889,-75.3210754,3.85221767,-0.936206341,-75.8901596,3.80861068,-0.764982641,-76.5013351,4.06328058,-0.716952324,-76.5585098,4.25231791,-0.735808671,-76.5715179,4.1165204,-1.08183885,-76.8613129,3.81758976,-0.877538681,-76.9277039,3.92411017,-0.828391969,-76.5187302
246,3.31087279,-1.5181495,-75.0845032,3.54556632,-1.35714149,-74.975502,3.84112406,-1.21481228,-75.0190201,3.9796834,-1.40085268,-75.3979568,3.91386676,-1.21505606,-75.9971313,3.86209846,-0.941531122,-76.5653458,3.81561232,-0.769161165,-77.1764526,4.0688529,-0.720463216,-77.2320938,4.25305748,-0.735995591,-77.2463531,4.11651897,-1.08575964,-77.5329437,3.81744671,-0.882925332,-77.5934525,3.92950106,-0.834114909,-77.1851807
247,3.32663465,-1.52286947,-75.7669754,3.55881381,-1.36136675,-75.655426,3.85202932,-1.21837866,-75.6980362,3.99157858,-1.40861595,-76.0770035,3.92296767,-1.22167194,-76.6759186,3.87199521,-0.946864307,-77.243248,3.82261443,-0.773366451,-77.8542786,4.07439041,-0.723993599,-77.9084015,4.25372171,-0.736181676,-77.9238968,4.11653471,-1.08962381,-78.2073135,3.81737208,-0.888334751,-78.2619095,3.93490314,-0.839843452,-77.8543777
248,3.34239817,-1.52757621,-76.4521561,3.57204318,-1.36558318,-76.3380737,3.8629055,-1.22195733,-76.3797836,4.00347567,-1.41634619,-76.7588043,3.93208361,-1.2282964,-77.3574371,3.8819077,-0.952206016,-77.9238586,3.8296175,-0.777598619,-78.5348206,4.07989311,-0.72754389,-78.5874329,4.25431061,-0.736368477,-78.6041489,4.11656713,-1.09343159,-78.8844223,3.81736755,-0.893766105,-78.9330673,3.94031572,-0.845576346,-78.5263214
249,3.3581636,-1.53226972,-77.1400452,3.58525443,-1.36979091,-77.0234528,3.87375212,-1.22554862,-77.06427,4.01537418,-1.42404246,-77.4433594,3.9412148,-1.23492908,-78.041687,3.8918364,-0.957556486,-78.607193,3.83662176,-0.781858563,-79.218071,4.08536005,-0.731114745,-79.2691879,4.25482464,-0.736557305,-79.2871094,4.1166153,-1.09718311,-79.56427,3.81743431,-0.899218559,-79.606926,3.94573855,-0.851312578,-79.2010117
250,3.37393069,-1.53694999,-77.8306503,3.59844756,-1.37399006,-77.7115555,3.88457036,-1.22915363,-77.7514954,4.02727318,-1.43170488,-78.1306686,3.95036197,-1.24157035,-78.7286682,3.90178061,-0.962915063,-79.2932434,3.84362745,-0.78614527,-79.9040298,4.0907917,-0.734706044,-79.9536667,4.25526285,-0.736750245,-79.9727707,4.11667871,-1.10087883,-80.2468643,3.81757379,-0.904691398,-80.2834854,3.95117116,-0.857051134,-79.8784485
251,3.38969922,-1.54161692,-78.5239639,3.61162257,-1.3781805,-78.4023895,3.89535999,-1.23277259,-78.4414597,4.0391717,-1.43933249,-78.8207321,3.95952487,-1.24821949,-79.4183807,3.91174054,-0.968282163,-79.9820099,3.85063481,-0.790459692,-80.5926971,4.09618759,-0.738318503,-80.6408691,4.2556262,-0.736948609,-80.6611404,4.11675596,-1.10451877,-80.9321976,3.81778693,-0.910183668,-80.9627533,3.9566133,-0.862791121,-80.5586243
252,3.40546894,-1.54627049,-79.2199936,3.6247797,-1.38236237,-79.0959473,3.90612149,-1.23640621,-79.1341553,4.05106926,-1.44692504,-79.5135422,3.96870422,-1.25487685,-80.1108246,3.92171597,-0.973657489,-80.6734924,3.85764408,-0.794801176,-81.2840805,4.10154772,-0.741952002,-81.3307953,4.25591421,-0.737154365,-81.352211,4.11684656,-1.10810339,-81.6202698,3.81807518,-0.915694654,-81.644722,3.96206474,-0.868531406,-81.2415466
253,3.42124009,-1.55091059,-79.9187317,3.63791895,-1.38653564,-79.7922363,3.9168551,-1.24005497,-79.8295898,4.06296492,-1.45448184,-80.2091141,3.97790051,-1.26154208,-80.8059998,3.93170714,-0.979041159,-81.367691,3.86465549,-0.799170136,-81.9781723,4.1068716,-0.745607018,-82.0234451,4.25612736,-0.737369239,-82.04599,4.11694956,-1.11163318,-82.3110886,3.81843972,-0.921223283,-82.3293991,3.96752501,-0.874270856,-81.9272079
254,3.43701243,-1.55553722,-80.6201782,3.65104032,-1.39070046,-80.4912491,3.92756081,-1.24371922,-80.5277634,4.07485771,-1.46200228,-80.9074402,3.98711371,-1.26821506,-81.5039062,3.94171381,-0.984433174,-82.0646057,3.87166929,-0.803566754,-82.6749725,4.11215973,-0.749283969,-82.7188187,4.25626564,-0.737594724,-82.7424698,4.11706352,-1.11510849,-83.0046463,3.81888199,-0.926768601,-83.0167847,3.97299409,-0.880008399,-82.6156158
255,3.45278573,-1.56015027,-81.3243408,3.6641438,-1.39485681,-81.1929932,3.9382391,-1.24739981,-81.2286682,4.08674717,-1.46948624,-81.6085205,3.99634457,-1.27489579,-82.2045364,3.95173573,-0.989833295,-82.7642365,3.87868595,-0.80799073,-83.3744812,4.11741114,-0.752982914,-83.4169159,4.25632906,-0.737832785,-83.4416504,4.1171875,-1.11852968,-83.7009506,3.81940269,-0.932329774,-83.7068787,3.97847176,-0.885743022,-83.3067627
256,3.46855974,-1.56474984,-82.0312119,3.67722964,-1.3990047,-81.8974609,3.94889021,-1.25109696,-81.932312,4.09863234,-1.476933,-82.312355,4.0055933,-1.28158391,-82.9078979,3.96177292,-0.995241582,-83.4665833,3.88570571,-0.812442243,-84.0766983,4.12262583,-0.756704211,-84.1177292,4.25631762,-0.73808533,-84.1435318,4.11732101,-1.12189734,-84.4000015,3.82000351,-0.937905788,-84.3996811,3.98395777,-0.891473591,-84.0006485
257,3.48433447,-1.56933582,-82.7407913,3.69029784,-1.40314412,-82.6046524,3.95951462,-1.25481141,-82.6386948,4.11051273,-1.48434234,-83.0189438,4.01486015,-1.28827929,-83.6139908,3.97182536,-1.00065768,-84.1716461,3.89272857,-0.816920996,-84.7816238,4.1278038,-0.760448098,-84.8212662,4.25623131,-0.738354146,-84.848114,4.11746264,-1.12521183,-85.101799,3.82068515,-0.943495572,-85.095192,3.98945212,-0.897199214,-84.6972733
258,3.50010991,-1.57390809,-83.4530792,3.70334864,-1.40727532,-83.3145752,3.97011256,-1.25854385,-83.3478165,4.12238693,-1.49171424,-83.7282867,4.0241456,-1.29498208,-84.3228149,3.98189259,-1.00608146,-84.879425,3.899755,-0.82142663,-85.4892578,4.13294506,-0.764214575,-85.5275269,4.25607109,-0.738641143,-85.555397,4.11761093,-1.12847364,-85.8063431,3.8214488,-0.94909811,-85.7934189,3.99495459,-0.902918816,-85.396637
259,3.51588583,-1.57846677,-84.1680832,3.71638179,-1.41139805,-84.0272217,3.98068452,-1.26229465,-84.0596695,4.13425446,-1.49904799,-84.4403839,4.03344965,-1.30169189,-85.0343704,3.99197483,-1.01151299,-85.58992,3.90678525,-0.825959682,-86.1995926,4.1380496,-0.768004298,-86.2365112,4.25583649,-0.738947928,-86.2653809,4.11776495,-1.13168347,-86.5136414,3.8222959,-0.954712152,-86.4943542,4.00046492,-0.908631086,-86.0987396
260,3.53166199,-1.58301163,-84.8857956,3.72939754,-1.41551244,-84.7425995,3.99123049,-1.26606405,-84.7742615,4.14611483,-1.50634301,-85.1552353,4.04277277,-1.30840862,-85.7486572,4.00207186,-1.01695251,-86.3031235,3.91381955,-0.830520391,-86.9126358,4.14311695,-0.771817505,-86.9482193,4.25552845,-0.73927629,-86.9780579,4.11792326,-1.13484144,-87.2236862,3.82322693,-0.960336745,-87.1980057,4.00598335,-0.91433537,-86.8035812
261,3.54743814,-1.58754265,-85.6062164,3.74239588,-1.41961849,-85.460701,4.00175095,-1.26985288,-85.4915924,4.15796709,-1.51359963,-85.8728485,4.05211544,-1.31513226,-86.4656677,4.01218367,-1.02239931,-87.0190506,3.92085814,-0.835107982,-87.6283875,4.14814711,-0.775654256,-87.6626434,4.2551465,-0.739628255,-87.6934357,4.11808491,-1.13794851,-87.9364777,3.82424307,-0.965970576,-87.9043732,4.0115099,-0.920030355,-87.5111542
262,3.5632143,-1.59205985,-86.3293457,3.75537682,-1.42371631,-86.1815262,4.01224613,-1.27366149,-86.2116547,4.1698103,-1.52081716,-86.5932159,4.06147814,-1.32186258,-87.1854095,4.02230978,-1.02785361,-87.7376862,3.92790127,-0.839722574,-88.3468475,4.15313959,-0.77951473,-88.3797913,4.2546916,-0.740005672,-88.4115067,4.11824846,-1.14100504,-88.6520157,3.82534528,-0.971612751,-88.6134644,4.01704454,-0.925715327,-88.2214661
263,3.57899046,-1.59656322,-87.0551834,3.76834059,-1.42780578,-86.9050751,4.022717,-1.27749062,-86.9344559,4.18164396,-1.52799571,-87.3163376,4.07086086,-1.32859945,-87.9078751,4.0324502,-1.03331482,-88.4590378,3.9349494,-0.844363511,-89.0680084,4.15809441,-0.783399045,-89.0996628,4.25416422,-0.740410745,-89.1322784,4.11841297,-1.14401186,-89.3703079,3.82653427,-0.977261961,-89.3252716,4.0225873,-0.931389093,-88.9345093
264,3.59476662,-1.60105276,-87.7837296,3.78128743,-1.43188715,-87.6313553,4.03316307,-1.2813406,-87.659996,4.19346666,-1.53513503,-88.0422134,4.08026457,-1.33534288,-88.6330719,4.04260492,-1.03878295,-89.1831055,3.94200253,-0.849030793,-89.7918777,4.16301155,-0.787307501,-89.8222504,4.25356436,-0.740845263,-89.855751,4.118577,-1.14696968,-90.0913544,3.827811,-0.982917011,-90.0397949,4.02813816,-0.937050581,-89.6502914
265,3.6105423,-1.60552835,-88.5149841,3.79421711,-1.43596041,-88.3603592,4.0435853,-1.28521168,-88.3882675,4.2052784,-1.54223454,-88.7708511,4.08968878,-1.34209239,-89.3609924,4.05277395,-1.04425824,-89.9098892,3.94906116,-0.853725016,-90.5184479,4.16789103,-0.791240573,-90.5475616,4.25289249,-0.741310775,-90.5819168,4.11873913,-1.14987886,-90.8151474,3.82917643,-0.988576472,-90.7570419,4.03369761,-0.942698777,-90.3688049
266,3.6263175,-1.60999,-89.2489471,3.80712986,-1.44002545,-89.0920868,4.05398369,-1.28910458,-89.119278,4.21707821,-1.54929435,-89.502243,4.09913445,-1.34884799,-90.0916443,4.06295681,-1.04974008,-90.639389,3.9561255,-0.858445168,-91.2477188,4.17273283,-0.795198023,-91.275589,4.25214911,-0.741809547,-91.3107758,4.11889791,-1.15274012,-91.5416946,3.83063102,-0.99423939,-91.4770126,4.03926516,-0.948333025,-91.0900574
267,3.64209199,-1.61443782,-89.9856186,3.82002568,-1.44408238,-89.8265457,4.06435871,-1.29301977,-89.8530197,4.22886515,-1.55631423,-90.2363968,4.10860157,-1.35560954,-90.8250198,4.0731535,-1.05522847,-91.3716049,3.9631958,-0.863191307,-91.9796982,4.17753649,-0.799180329,-92.00634,4.25133514,-0.742343366,-92.0423355,4.11905241,-1.15555441,-92.2709961,3.83217549,-0.999904156,-92.199707,4.04484129,-0.953952134,-91.8140411
268,3.65786576,-1.61887157,-90.7249985,3.83290482,-1.4481312,-90.5637283,4.07471085,-1.29695773,-90.5895004,4.24063826,-1.56329405,-90.9733047,4.11809063,-1.36237681,-91.5611267,4.08336401,-1.06072307,-92.1065369,3.9702723,-0.867963135,-92.7143784,4.18230247,-0.803187549,-92.7398071,4.25045061,-0.7429142,-92.7765884,4.11920118,-1.15832233,-93.0030518,3.83381057,-1.0055697,-92.9251328,4.05042601,-0.959555268,-92.5407562
269,3.67363858,-1.62329137,-91.4670868,3.84576726,-1.45217192,-91.3036346,4.08504009,-1.30091894,-91.3287201,4.25239706,-1.57023394,-91.7129669,4.1276021,-1.36914968,-92.2999573,4.0935874,-1.06622362,-92.8441772,3.97735524,-0.872759998,-93.4517593,4.18703032,-0.807219744,-93.4759979,4.24949646,-0.743524134,-93.5135345,4.1193428,-1.16104448,-93.7378616,3.83553672,-1.01123476,-93.6532898,4.05601978,-0.965141654,-93.2702026
270,3.68941021,-1.62769711,-92.2118835,3.85861301,-1.45620465,-92.0462646,4.0953474,-1.30490375,-92.0706711,4.26414108,-1.57713401,-92.4553833,4.13713646,-1.3759284,-93.0415115,4.10382414,-1.0717299,-93.5845337,3.98444486,-0.877581477,-94.1918411,4.19172001,-0.811277092,-94.2149048,4.24847364,-0.744175076,-94.2531815,4.11947584,-1.1637218,-94.4754257,3.83735466,-1.0168978,-94.3841705,4.06162262,-0.970710278,-94.0023804
271,3.70518064,-1.63208878,-92.9593887,3.87144232,-1.46022916,-92.791626,4.10563326,-1.30891263,-92.815361,4.27586889,-1.58399391,-93.2005615,4.14669323,-1.38271236,-93.7857971,4.11407423,-1.0772419,-94.3276062,3.99154139,-0.882427931,-94.9346237,4.19637156,-0.81535995,-94.9565353,4.24738264,-0.744868636,-94.9955215,4.11959887,-1.16635466,-95.215744,3.83926439,-1.02255762,-95.1177902,4.06723452,-0.976260424,-94.7372894
272,3.72094965,-1.63646638,-93.7096024,3.88425493,-1.46424568,-93.539711,4.11589766,-1.31294596,-93.5627899,4.28758049,-1.59081376,-93.948494,4.15627337,-1.38950145,-94.5328064,4.12433672,-1.08275926,-95.0733871,3.99864507,-0.887298465,-95.6801071,4.20098495,-0.81946826,-95.700882,4.24622393,-0.745607078,-95.7405624,4.11971092,-1.16894412,-95.9588165,3.84126663,-1.02821302,-95.8541412,4.07285547,-0.981791258,-95.4749298
273,3.73671722,-1.64082992,-94.4625244,3.89705157,-1.46825421,-94.2905197,4.12614059,-1.3170042,-94.3129501,4.29927444,-1.59759367,-94.6991806,4.16587687,-1.39629567,-95.2825394,4.13461208,-1.08828163,-95.8218842,4.00575638,-0.89219296,-96.4282837,4.20556068,-0.823602319,-96.4479446,4.24499846,-0.746392071,-96.4882965,4.1198101,-1.17149079,-96.7046432,3.84336162,-1.03386235,-96.5932236,4.07848644,-0.987301946,-96.2152939
274,3.75248313,-1.64517927,-95.2181549,3.90983176,-1.47225463,-95.0440521,4.13636351,-1.32108808,-95.0658417,4.31095076,-1.60433412,-95.4526291,4.17550421,-1.40309501,-96.034996,4.14489985,-1.09380853,-96.5730972,4.01287508,-0.897110403,-97.1791611,4.21009827,-0.827761948,-97.1977234,4.24370766,-0.747225583,-97.2387238,4.11989546,-1.17399538,-97.4532242,3.84554935,-1.03950453,-97.3350449,4.08412695,-0.992791891,-96.9583893
275,3.76824737,-1.64951444,-95.9764938,3.92259574,-1.47624707,-95.8003159,4.14656639,-1.32519758,-95.8214722,4.32260847,-1.61103451,-96.2088318,4.18515587,-1.40989912,-96.7901764,4.15519953,-1.09934008,-97.3270187,4.02000141,-0.902050972,-97.9327393,4.2145977,-0.831947625,-97.9502182,4.24235153,-0.74810946,-97.9918442,4.11996603,-1.1764586,-98.2045593,3.84783006,-1.045138,-98.0796051,4.08977747,-0.998260379,-97.704216
276,3.7840097,-1.65383542,-96.7375336,3.9353435,-1.4802314,-96.5593033,4.15674925,-1.32933331,-96.5798416,4.33424664,-1.61769533,-96.9677887,4.19483185,-1.41670787,-97.5480804,4.16551161,-1.10487592,-98.0836563,4.02713585,-0.907014132,-98.6890106,4.21905947,-0.836159408,-98.7054291,4.24093151,-0.749045551,-98.7476578,4.12001991,-1.17888153,-98.9586563,3.85020423,-1.0507611,-98.8269119,4.09543848,-1.00370657,-98.4527664
277,3.79976988,-1.65814233,-97.5012817,3.94807529,-1.48420775,-97.3210144,4.16691303,-1.33349538,-97.3409424,4.34586477,-1.62431657,-97.7294998,4.20453262,-1.42352104,-98.3087082,4.17583513,-1.11041582,-98.8430023,4.03427839,-0.911999106,-99.4479752,4.22348356,-0.840397418,-99.463356,4.23944902,-0.750035763,-99.5061722,4.12005568,-1.18126464,-99.7155075,3.85267138,-1.05637288,-99.5769577,4.10110998,-1.00912988,-99.2040482
278,3.81552792,-1.66243494,-98.2677383,3.96079135,-1.48817611,-98.0854492,4.17705822,-1.33768451,-98.1047745,4.35746193,-1.63089883,-98.4939651,4.21425867,-1.43033886,-99.0720596,4.18617058,-1.11595905,-99.6050568,4.04142904,-0.91700536,-100.209633,4.22787046,-0.844661772,-100.223999,4.23790455,-0.751081884,-100.26738,4.12007189,-1.18360901,-100.475121,3.855232,-1.06197178,-100.32975,4.10679197,-1.01452959,-99.9580536
279,3.83128357,-1.66671336,-99.0368958,3.97349143,-1.49213636,-98.8526077,4.18718481,-1.34190106,-98.8713455,4.36903763,-1.63744223,-99.2611847,4.22400999,-1.43716097,-99.8381271,4.19651699,-1.12150562,-100.369827,4.04858828,-0.922032535,-100.973984,4.2322197,-0.848952591,-100.987358,4.23629904,-0.752185464,-101.031281,4.12006807,-1.18591499,-101.237488,3.8578856,-1.06755638,-101.085289,4.11248493,-1.01990545,-100.71479
280,3.8470366,-1.67097759,-99.8087616,3.98617601,-1.49608874,-99.6224899,4.19729328,-1.34614491,-99.6406479,4.38059139,-1.64394653,-100.031166,4.23378658,-1.44398701,-100.606918,4.20687485,-1.12705553,-101.137306,4.05575609,-0.927080512,-101.741028,4.23653173,-0.853270173,-101.753433,4.2346344,-0.753348291,-101.797882,4.12004232,-1.18818355,-102.002609,3.86063194,-1.07312512,-101.843582,4.11818933,-1.02525663,-101.474251
281,3.86278701,-1.67522752,-100.583336,3.99884486,-1.50003314,-100.395096,4.20738459,-1.35041678,-100.412689,4.39212227,-1.65041232,-100.803894,4.24358892,-1.45081711,-101.378433,4.21724319,-1.13260794,-101.907494,4.06293297,-0.932148337,-102.510765,4.24080658,-0.857614577,-102.522224,4.23291159,-0.754572093,-102.567177,4.11999321,-1.19041538,-102.770493,3.86347103,-1.07867682,-102.604622,4.12390518,-1.03058267,-102.236443
282,3.87853456,-1.67946315,-101.360611,4.01149797,-1.50396943,-101.170425,4.21745872,-1.35471702,-101.187462,4.40362978,-1.65684009,-101.579384,4.25341749,-1.45765114,-102.152672,4.22762251,-1.13816261,-102.680389,4.07011843,-0.937235177,-103.283195,4.24504471,-0.861985862,-103.293724,4.23113155,-0.75585866,-103.339172,4.11991978,-1.19261134,-103.541138,3.86640239,-1.08421004,-103.368416,4.12963295,-1.03588319,-103.001358
283,3.89427924,-1.68368459,-102.140594,4.02413559,-1.50789785,-101.948479,4.22751617,-1.35904574,-101.964966,4.41511297,-1.66323006,-102.35762,4.26327276,-1.46448898,-102.929626,4.23801231,-1.14371943,-103.456001,4.07731295,-0.94234097,-104.058311,4.2492466,-0.866384327,-104.06794,4.22929573,-0.757209241,-104.113861,4.11982107,-1.19477189,-104.314537,3.86942554,-1.08972335,-104.134964,4.13537264,-1.04115784,-103.768997
284,3.91002083,-1.68789184,-102.923286,4.03675795,-1.51181829,-102.729256,4.23755693,-1.3634032,-102.745209,4.42657185,-1.66958225,-103.138611,4.27315474,-1.4713304,-103.709305,4.24841213,-1.14927804,-104.234314,4.08451653,-0.947464883,-104.836121,4.25341225,-0.870810091,-104.844872,4.22740602,-0.758625686,-104.891251,4.11969519,-1.19689786,-105.090691,3.87254,-1.09521532,-104.904274,4.14112425,-1.04640627,-104.53936
285,3.92575908,-1.69208479,-103.708679,4.04936504,-1.5157305,-103.512756,4.24758244,-1.36778986,-103.528183,4.43800545,-1.67589736,-103.922356,4.28306341,-1.47817528,-104.491699,4.25882196,-1.15483809,-105.015343,4.09172916,-0.952606499,-105.616615,4.25754213,-0.875263274,-105.624512,4.22546339,-0.760109305,-105.671341,4.11954165,-1.19898987,-105.869606,3.8757453,-1.10068476,-105.676338,4.14688826,-1.05162811,-105.312454
286,3.94149399,-1.69626343,-104.496773,4.06195688,-1.51963472,-104.298981,4.2575922,-1.37220585,-104.313889,4.44941282,-1.68217552,-104.708855,4.29299927,-1.48502338,-105.276817,4.26924133,-1.16039932,-105.799072,4.09895086,-0.95776546,-106.399796,4.26163673,-0.879744232,-106.406868,4.22346973,-0.76166147,-106.454124,4.11935902,-1.20104873,-106.651276,3.87904072,-1.10613012,-106.451164,4.15266466,-1.05682302,-106.088272
287,3.95722532,-1.70042777,-105.287575,4.07453394,-1.52353096,-105.087929,4.26758671,-1.37665141,-105.102333,4.46079397,-1.6884172,-105.498108,4.3029623,-1.49187469,-106.064651,4.27967024,-1.16596127,-106.58551,4.10618162,-0.962940753,-107.185661,4.26569605,-0.884252965,-107.191933,4.22142649,-0.763283849,-107.239609,4.11914635,-1.20307505,-107.435707,3.88242531,-1.11155021,-107.228752,4.15845394,-1.06199086,-106.866814
288,3.97295308,-1.70457792,-106.081078,4.08709574,-1.52741909,-105.879601,4.27756691,-1.38112688,-105.893509,4.47214794,-1.69462299,-106.290115,4.312953,-1.49872911,-106.855209,4.2901082,-1.17152357,-107.374657,4.11342192,-0.968131721,-107.974213,4.26972103,-0.888789654,-107.979706,4.21933508,-0.764977872,-108.027794,4.11890221,-1.20506954,-108.222893,3.88589859,-1.11694336,-108.009109,4.16425657,-1.0671314,-107.648079
289,3.98867679,-1.70871377,-106.877289,4.09964275,-1.53129923,-106.673996,4.28753281,-1.3856324,-106.687416,4.48347425,-1.7007935,-107.084877,4.32297134,-1.50558662,-107.648483,4.30055571,-1.17708588,-108.166512,4.1206708,-0.973338008,-108.76545,4.27371168,-0.893354535,-108.770195,4.21719742,-0.766744196,-108.81868,4.11862612,-1.20703268,-109.012833,3.88945961,-1.12230861,-108.792229,4.17007208,-1.07224452,-108.432076
290,4.00439644,-1.71283531,-107.676201,4.11217499,-1.53517127,-107.471115,4.29748487,-1.39016807,-107.484055,4.49477196,-1.70692861,-107.882385,4.33301783,-1.51244676,-108.444473,4.31101179,-1.18264818,-108.961067,4.12792921,-0.978559494,-109.559372,4.27766848,-0.897947848,-109.563393,4.21501493,-0.768584192,-109.612259,4.11831665,-1.20896518,-109.805534,3.89310718,-1.12764442,-109.578125,4.17590094,-1.07733011,-109.218796
291,4.02011204,-1.71694255,-108.477821,4.12469196,-1.53903508,-108.27095,4.30742359,-1.39473414,-108.283432,4.50604153,-1.71302879,-108.682648,4.34309196,-1.5193094,-109.243187,4.32147646,-1.18821001,-109.758331,4.13519716,-0.983795345,-110.355972,4.28159189,-0.90256995,-110.359299,4.21279001,-0.770499051,-110.408546,4.11797285,-1.21086764,-110.60099,3.89684033,-1.13294959,-110.366791,4.18174314,-1.08238816,-110.00824
292,4.03582335,-1.7210356,-109.282143,4.13719463,-1.54289091,-109.073509,4.31734943,-1.39933097,-109.085541,4.51728153,-1.71909547,-109.485664,4.35319471,-1.5261749,-110.044617,4.33194923,-1.19377053,-110.558304,4.1424737,-0.989044309,-111.155251,4.28548288,-0.907220662,-111.157921,4.21052361,-0.772489965,-111.207527,4.11759424,-1.21274054,-111.3992,3.90065813,-1.13822305,-111.158226,4.18759871,-1.08741868,-110.800407
293,4.05153036,-1.72511435,-110.089165,4.14968252,-1.54673862,-109.878792,4.3272624,-1.40395856,-109.890381,4.52849197,-1.72512865,-110.291428,4.36332607,-1.53304291,-110.848763,4.34243011,-1.19932985,-111.360977,4.14975882,-0.994306028,-111.957214,4.28934145,-0.911900342,-111.959251,4.2082181,-0.774557829,-112.009216,4.11717939,-1.21458459,-112.200165,3.90455914,-1.14346337,-111.952438,4.19346809,-1.09242177,-111.595299
294,4.06723261,-1.72917879,-110.898895,4.16215563,-1.55057812,-110.686798,4.33716345,-1.40861702,-110.697952,4.5396719,-1.73112881,-111.099945,4.37348604,-1.53991306,-111.655624,4.3529191,-1.20488751,-112.166351,4.15705299,-0.999580324,-112.761856,4.29316854,-0.916609287,-112.76329,4.2058754,-0.776703358,-112.813606,4.11672831,-1.21640015,-113.003883,3.90854239,-1.14866936,-112.749428,4.19935131,-1.09739757,-112.392914
295,4.08292961,-1.73322892,-111.711327,4.17461443,-1.55440938,-111.497528,4.34705257,-1.41330659,-111.508255,4.5508213,-1.73709667,-111.911209,4.38367462,-1.54678535,-112.465202,4.36341572,-1.21044326,-112.974434,4.16435623,-1.00486684,-113.569176,4.29696465,-0.921347737,-113.570038,4.20349741,-0.778927207,-113.620697,4.11623955,-1.21818769,-113.810356,3.91260648,-1.15383995,-113.549194,4.20524836,-1.10234618,-113.19326
296,4.09862185,-1.73726487,-112.526459,4.18705893,-1.55823243,-112.310982,4.35693026,-1.4180274,-112.321297,4.56193972,-1.74303269,-112.725227,4.39389229,-1.55365968,-113.277496,4.37391949,-1.21599674,-113.785217,4.17166805,-1.01016474,-114.379173,4.30073071,-0.92611587,-114.379501,4.20108604,-0.781230271,-114.430489,4.11571264,-1.21994781,-114.619583,3.91674972,-1.15897393,-114.351746,4.21115923,-1.10726774,-113.99633
297,4.11430883,-1.74128664,-113.344299,4.19948912,-1.56204712,-113.127151,4.36679697,-1.42277944,-113.13707,4.57302618,-1.74893749,-113.541992,4.40413904,-1.56053579,-114.092506,4.38443041,-1.22154772,-114.598709,4.17898846,-1.01547372,-115.191849,4.30446672,-0.930913866,-115.191673,4.19864321,-0.783612728,-115.242989,4.11514711,-1.22168088,-115.431557,3.92097092,-1.16407037,-115.157082,4.21708393,-1.11216259,-114.802124
298,4.12999058,-1.74529409,-114.164841,4.21190453,-1.5658536,-113.946045,4.37665319,-1.42756271,-113.955574,4.5840807,-1.75481153,-114.361504,4.41441488,-1.56741357,-114.910233,4.39494848,-1.22709596,-115.414902,4.18631697,-1.02079308,-116.007195,4.30817366,-0.935742021,-116.006554,4.19617128,-0.786075592,-116.058189,4.11454248,-1.22338724,-116.246284,3.92526841,-1.16912818,-115.965195,4.22302246,-1.1170311,-115.610641
299,4.1456666,-1.74928737,-114.988083,4.22430611,-1.56965172,-114.767662,4.38649893,-1.43237734,-114.77681,4.59510279,-1.7606554,-115.183769,4.42471981,-1.57429278,-115.730675,4.40547323,-1.2326411,-116.233795,4.19365406,-1.02612305,-116.825218,4.31185246,-0.940600514,-116.824142,4.1936717,-0.788618624,-116.876091,4.1138978,-1.22506714,-117.063759,3.92964077,-1.17414629,-116.7761,4.22897482,-1.12187362,-116.42189
300,4.1613369,-1.75326633,-115.814026,4.23669338,-1.57344139,-115.592003,4.39633417,-1.43722332,-115.600777,4.60609198,-1.76646948,-116.008781,4.4350543,-1.58117318,-116.553833,4.41600466,-1.23818314,-117.055389,4.20099926,-1.03146291,-117.645912,4.31550312,-0.945489705,-117.64444,4.19114733,-0.791242421,-117.696701,4.11321306,-1.22672117,-117.883987,3.93408608,-1.17912376,-117.58979,4.23494148,-1.12669063,-117.235863
301,4.17700148,-1.75723112,-116.64267,4.24906635,-1.5772227,-116.41906,4.40615988,-1.44210064,-116.427483,4.61704826,-1.77225459,-116.836548,4.44541788,-1.58805466,-117.379707,4.42654228,-1.2437216,-117.879684,4.20835257,-1.03681242,-118.469284,4.31912661,-0.95040971,-118.467445,4.18859959,-0.793946922,-118.520012,4.11248779,-1.22834945,-118.706963,3.93860269,-1.18405974,-118.406273,4.24092197,-1.1314826,-118.052559
302,4.19266033,-1.76118171,-117.474014,4.2614255,-1.58099568,-117.24884,4.41597652,-1.44700956,-117.25692,4.6279707,-1.77801204,-117.667061,4.45581102,-1.59493744,-118.208298,4.43708611,-1.24925566,-118.70668,4.2157135,-1.04217041,-119.295326,4.32272387,-0.955360711,-119.293159,4.18603086,-0.796732426,-119.346031,4.11172152,-1.22995222,-119.532684,3.94318891,-1.18895352,-119.22554,4.24691582,-1.13625014,-118.871986
303,4.20831299,-1.76511824,-118.308067,4.27377081,-1.58476019,-118.081345,4.42578411,-1.45194983,-118.089088,4.63885927,-1.78374195,-118.50032,4.46623325,-1.60182106,-119.039604,4.44763613,-1.25478554,-119.536385,4.22308207,-1.04753733,-120.124039,4.32629538,-0.960343003,-120.121582,4.18344355,-0.799598634,-120.174759,4.11091423,-1.23152971,-120.361145,3.94784284,-1.19380403,-120.0476,4.25292349,-1.14099383,-119.694138
304,4.22395897,-1.76904058,-119.144821,4.28610229,-1.58851612,-118.916573,4.43558311,-1.45692158,-118.923988,4.64971352,-1.78944516,-119.336327,4.47668505,-1.60870552,-119.873627,4.45819187,-1.26031089,-120.36879,4.23045826,-1.05291247,-120.955429,4.32984209,-0.965356708,-120.952713,4.18083954,-0.802545726,-121.006187,4.11006594,-1.23308218,-121.192352,3.95256257,-1.19861054,-120.872459,4.25894451,-1.14571428,-120.51902
305,4.23959875,-1.77294874,-119.984276,4.29841948,-1.59226346,-119.754517,4.44537401,-1.46192467,-119.76162,4.66053343,-1.79512167,-120.175079,4.48716593,-1.6155901,-120.710365,4.46875286,-1.26583183,-121.203896,4.23784208,-1.05829644,-121.78949,4.33336449,-0.970402181,-121.786552,4.17822075,-0.805572808,-121.840324,4.10917616,-1.23460984,-122.026299,3.9573462,-1.2033726,-121.700111,4.26497936,-1.15041208,-121.346626
306,4.25523186,-1.77684283,-120.826431,4.3107233,-1.59600234,-120.595184,4.45515633,-1.466959,-120.60199,4.67131805,-1.80077231,-121.016586,4.49767637,-1.62247467,-121.54982,4.47931957,-1.271348,-122.041702,4.24523354,-1.06368852,-122.626221,4.33686304,-0.975479603,-122.623108,4.17558908,-0.808679819,-122.677162,4.10824537,-1.23611271,-122.862984,3.96219182,-1.20808947,-122.530563,4.27102709,-1.15508819,-122.176964
307,4.27085781,-1.78072286,-121.671288,4.32301331,-1.59973264,-121.438576,4.46493101,-1.47202468,-121.445091,4.68206787,-1.80639827,-121.860832,4.50821638,-1.62935948,-122.391991,4.48989153,-1.27685869,-122.88221,4.25263166,-1.06908786,-123.465622,4.34033871,-0.980589151,-123.462372,4.17294741,-0.81186676,-123.516708,4.1072731,-1.23759103,-123.702408,3.96709752,-1.21276045,-123.363808,4.27708817,-1.15974319,-123.010033
308,4.28647709,-1.78458881,-122.518845,4.33528948,-1.60345423,-122.284683,4.47469854,-1.47712147,-122.290924,4.6927824,-1.81200027,-122.707832,4.51878548,-1.63624418,-123.236877,4.50046825,-1.28236377,-123.725418,4.26003647,-1.0744946,-124.307693,4.34379244,-0.985731006,-124.304344,4.17029715,-0.815132916,-124.358963,4.10625982,-1.23904479,-124.544563,3.97206116,-1.21738505,-124.199852,4.28316212,-1.16437805,-123.845833
309,4.30208874,-1.7884407,-123.369102,4.34755182,-1.60716712,-123.133514,4.48445892,-1.48224926,-123.139488,4.70346117,-1.81757843,-123.557579,4.52938366,-1.6431284,-124.08448,4.51104975,-1.28786337,-124.571327,4.26744843,-1.07990921,-125.152435,4.34722424,-0.990905344,-125.149025,4.16764069,-0.818477213,-125.203926,4.10520601,-1.24047422,-125.389458,3.97708082,-1.22196269,-125.038696,4.28924847,-1.16899347,-124.684357
310,4.31769323,-1.79227877,-124.222061,4.35980034,-1.61087143,-123.985069,4.49421215,-1.48740804,-123.990784,4.7141037,-1.82313359,-124.410072,4.54001093,-1.6500119,-124.934799,4.52163601,-1.29335713,-125.419937,4.27486658,-1.08533096,-125.999847,4.35063505,-0.996112287,-125.996414,4.16497993,-0.821899056,-126.051598,4.10411167,-1.24187911,-126.237083,3.98215437,-1.22649324,-125.880341,4.29534721,-1.17359066,-125.525612
311,4.3332901,-1.79610288,-125.077721,4.3720355,-1.61456704,-124.83934,4.50395918,-1.4925977,-124.844818,4.72471046,-1.82866669,-125.265312,4.55066681,-1.65689445,-125.787834,4.53222656,-1.29884458,-126.271248,4.28229141,-1.09075999,-126.84993,4.35402536,-1.00135207,-126.846512,4.1623168,-0.82539773,-126.901978,4.10297728,-1.24325955,-127.087433,3.98727965,-1.2309761,-126.724792,4.30145836,-1.17817044,-126.369606
312,4.34887934,-1.79991317,-125.936081,4.38425732,-1.61825407,-125.696335,4.51369953,-1.49781799,-125.701584,4.73528051,-1.83417809,-126.123291,4.56135178,-1.66377568,-126.643585,4.54282188,-1.30432582,-127.125259,4.28972292,-1.09619629,-127.702682,4.35739613,-1.00662482,-127.699326,4.15965366,-0.828972101,-127.755058,4.1018033,-1.24461579,-127.940514,3.99245453,-1.23541105,-127.572044,4.30758142,-1.18273365,-127.216324
313,4.36446095,-1.80370963,-126.797134,4.3964653,-1.62193227,-126.556046,4.52343369,-1.50306892,-126.561081,4.74581432,-1.83966887,-126.984016,4.57206535,-1.67065561,-127.502052,4.55342102,-1.30980051,-127.981972,4.29716063,-1.10163951,-128.558105,4.36074781,-1.0119307,-128.554855,4.15699196,-0.832621276,-128.610855,4.10059023,-1.2459476,-128.796326,3.99767685,-1.23979783,-128.422104,4.31371641,-1.18728149,-128.065781
314,4.38003445,-1.80749226,-127.660889,4.40865993,-1.62560165,-127.41848,4.53316212,-1.50835025,-127.423317,4.75631142,-1.84513927,-127.847496,4.58280754,-1.67753386,-128.363235,4.56402445,-1.31526852,-128.841385,4.30460453,-1.10709,-129.416199,4.36408091,-1.01726985,-129.413086,4.15433407,-0.836343944,-129.46936,4.09933853,-1.24725461,-129.654846,4.00294495,-1.24413645,-129.274963,4.31986237,-1.19181502,-128.917969
315,4.39559937,-1.81126118,-128.527344,4.42084122,-1.62926221,-128.28363,4.5428853,-1.51366162,-128.288284,4.76677179,-1.85059035,-128.713715,4.59357738,-1.6844101,-129.227142,4.57463121,-1.32072937,-129.703506,4.31205463,-1.11254752,-130.276947,4.36739635,-1.02264249,-130.274033,4.15168142,-0.840139508,-130.330566,4.09804916,-1.2485373,-130.516098,4.00825596,-1.2484262,-130.13063,4.32601976,-1.1963352,-129.772888
316,4.41115618,-1.81501651,-129.3965,4.43300962,-1.63291419,-129.151505,4.55260277,-1.51900303,-129.155991,4.77719545,-1.85602224,-129.582687,4.60437536,-1.69128382,-130.093765,4.58524179,-1.32618344,-130.568329,4.31951094,-1.11801255,-131.140366,4.37069416,-1.02804852,-131.137695,4.14903545,-0.844005942,-131.194473,4.09672308,-1.24979508,-131.380066,4.01360846,-1.25266743,-130.989105,4.33218765,-1.20084345,-130.630539
317,4.42670441,-1.81875813,-130.268356,4.44516468,-1.63655722,-130.022095,4.56231546,-1.52437437,-130.026428,4.78758192,-1.8614372,-130.454391,4.61520147,-1.69815576,-130.963104,4.59585619,-1.33162963,-131.435852,4.32697248,-1.12348402,-132.00647,4.3739748,-1.0334878,-132.004059,4.14639902,-0.847942054,-132.061096,4.09536076,-1.25102806,-132.24675,4.01900005,-1.25686038,-131.850388,4.33836555,-1.20534062,-131.490936
318,4.44224358,-1.82248628,-131.142914,4.45730639,-1.64019132,-130.895416,4.57202291,-1.52977526,-130.899597,4.79793167,-1.86683416,-131.328842,4.62605524,-1.70502448,-131.835159,4.60647345,-1.33706868,-132.306091,4.33444023,-1.12896287,-132.875229,4.37723923,-1.03896081,-132.873138,4.1437726,-0.851946652,-132.93042,4.09396362,-1.25223625,-133.11615,4.02442837,-1.26100481,-132.714478,4.34455395,-1.20982802,-132.354065
319,4.45777416,-1.82620084,-132.020172,4.46943474,-1.64381647,-131.771454,4.58172607,-1.53520536,-131.775497,4.80824423,-1.87221467,-132.206039,4.63693619,-1.71189022,-132.70993,4.61709404,-1.34249997,-133.179031,4.34191418,-1.13444889,-133.746658,4.38048792,-1.04446757,-133.744934,4.14115906,-0.856018484,-133.80246,4.09253263,-1.25341916,-133.988251,4.02989149,-1.2651006,-133.581375,4.35075188,-1.21430695,-133.21994
320,4.47329569,-1.82990205,-132.900131,4.48155022,-1.64743292,-132.650208,4.59142447,-1.54066455,-132.654129,4.81851959,-1.87757885,-133.085983,4.64784431,-1.71875238,-133.587418,4.62771749,-1.34792376,-134.054672,4.34939384,-1.13994253,-134.620758,4.3837204,-1.05000782,-134.619446,4.13855934,-0.860155582,-134.6772,4.09106874,-1.25457704,-134.863068,4.03538799,-1.26914811,-134.45108,4.35695887,-1.21877849,-134.088547
321,4.48880768,-1.83358967,-133.782791,4.49365187,-1.6510402,-133.531677,4.60111904,-1.54615259,-133.535507,4.82875776,-1.88292837,-133.968674,4.65877914,-1.72561109,-134.467621,4.63834381,-1.35333931,-134.933014,4.35687876,-1.14544308,-135.497528,4.3869381,-1.05558193,-135.496674,4.13597488,-0.864356935,-135.554657,4.08957291,-1.25570941,-135.740585,4.04091501,-1.27314734,-135.323593,4.36317492,-1.22324383,-134.9599
322,4.50431013,-1.83726394,-134.668137,4.50574064,-1.65463829,-134.415878,4.6108098,-1.55166936,-134.419617,4.83895874,-1.88826323,-134.854111,4.66973972,-1.73246562,-135.350555,4.64897251,-1.35874677,-135.814056,4.36436987,-1.15095186,-136.376968,4.39014053,-1.06118965,-136.376617,4.13340712,-0.868619978,-136.434814,4.08804655,-1.25681651,-136.620804,4.04647064,-1.27709889,-136.198929,4.36939955,-1.22770405,-135.833984
323,4.51980352,-1.8409251,-135.556183,4.51781654,-1.6582278,-135.302795,4.62049675,-1.55721438,-135.306458,4.84912252,-1.89358449,-135.742294,4.68072748,-1.73931611,-136.236206,4.65960407,-1.36414564,-136.697815,4.37186575,-1.15646756,-137.259079,4.39332867,-1.06683111,-137.259277,4.13085842,-0.872944236,-137.317688,4.08649111,-1.25789762,-137.503723,4.05205345,-1.28100264,-137.077072,4.37563181,-1.23216057,-136.710815
324,4.5352869,-1.84457326,-136.44693,4.52987957,-1.66180849,-136.192429,4.63017988,-1.56278741,-136.19603,4.85924911,-1.89889228,-136.633209,4.69174004,-1.74616146,-137.124573,4.67023802,-1.36953628,-137.584274,4.37936831,-1.16199172,-138.14386,4.39650202,-1.07250607,-138.144653,4.1283288,-0.877326846,-138.203262,4.08490753,-1.25895309,-138.389343,4.05766106,-1.2848593,-137.958023,4.3818717,-1.23661447,-137.590393
325,4.55076027,-1.84820831,-137.340378,4.54192924,-1.66538024,-137.084793,4.63985968,-1.56838822,-137.088348,4.86933851,-1.90418756,-137.526871,4.70277834,-1.75300181,-138.015656,4.68087387,-1.37491834,-138.473434,4.38687611,-1.16752374,-139.031311,4.39966154,-1.07821488,-139.032745,4.12582016,-0.881767035,-139.091553,4.08329773,-1.25998247,-139.277649,4.06329155,-1.28866875,-138.841782,4.38811827,-1.24106705,-138.472717
326,4.56622362,-1.85183012,-138.236526,4.55396605,-1.66894293,-137.979874,4.64953661,-1.57401645,-137.983398,4.87939072,-1.90947199,-138.423279,4.71384192,-1.75983727,-138.90947,4.69151163,-1.38029099,-139.365311,4.39438868,-1.17306304,-139.921432,4.40280676,-1.08395731,-139.923553,4.12333441,-0.886263132,-139.982559,4.08166313,-1.26098597,-140.16864,4.06894255,-1.29243124,-139.728348,4.39437199,-1.2455194,-139.357788
327,4.58167648,-1.85543895,-139.135376,4.56598949,-1.67249644,-138.87767,4.65921068,-1.57967174,-138.88118,4.88940573,-1.91474593,-139.322433,4.72492981,-1.76666725,-139.806,4.70215082,-1.38565445,-140.259888,4.40190744,-1.1786108,-140.814224,4.40593815,-1.08973312,-140.817078,4.12087154,-0.890812755,-140.876266,4.08000517,-1.26196361,-141.062332,4.07461309,-1.29614747,-140.617737,4.4006319,-1.24997246,-140.24559
328,4.59711885,-1.85903502,-140.036926,4.57800007,-1.67604113,-139.778183,4.66888189,-1.58535397,-139.781708,4.89938402,-1.92000902,-140.224335,4.73604202,-1.77349091,-140.705246,4.71279144,-1.39100897,-141.157166,4.40943146,-1.18416667,-141.709686,4.40905619,-1.09554255,-141.713318,4.11843348,-0.89541471,-141.77269,4.07832575,-1.26291478,-141.95871,4.08030081,-1.29981792,-141.509933,4.40689707,-1.25442791,-141.136154
329,4.61255074,-1.86261833,-140.941177,4.58999825,-1.67957687,-140.681427,4.67855072,-1.59106255,-140.684967,4.90932512,-1.9252634,-141.128967,4.74717808,-1.7803086,-141.607224,4.72343349,-1.39635348,-142.057159,4.41696072,-1.18973112,-142.607819,4.4121604,-1.10138512,-142.612274,4.11602116,-0.900066674,-142.671814,4.07662678,-1.2638396,-142.857758,4.08600378,-1.30344296,-142.404938,4.41316748,-1.25888669,-142.029465
330,4.62797213,-1.866189,-141.848129,4.60198307,-1.68310356,-141.587387,4.68821716,-1.59679735,-141.590958,4.91922951,-1.93050921,-142.036346,4.75833797,-1.78711975,-142.511917,4.73407698,-1.40168858,-142.959869,4.4244957,-1.19530404,-143.508636,4.4152503,-1.1072607,-143.513947,4.11363506,-0.904766679,-143.573654,4.07491016,-1.26473796,-143.759491,4.09172106,-1.30702353,-143.30275,4.41944265,-1.26335013,-142.925522
331,4.64338255,-1.86974692,-142.757767,4.61395502,-1.68662107,-142.496063,4.69788122,-1.6025579,-142.49968,4.92909765,-1.93574762,-142.946472,4.76952028,-1.79392421,-143.419342,4.74472141,-1.40701354,-143.86528,4.43203592,-1.20088542,-144.412125,4.41832685,-1.11316943,-144.41835,4.11127663,-0.909513414,-144.478195,4.07317734,-1.26560998,-144.663895,4.09745026,-1.31055975,-144.203369,4.42572212,-1.26781905,-143.824341
332,4.65878201,-1.87329257,-143.670105,4.62591457,-1.69012988,-143.407471,4.70754337,-1.60834396,-143.411148,4.93892908,-1.94097841,-143.859329,4.78072548,-1.80072117,-144.329483,4.75536633,-1.4123286,-144.773407,4.43958044,-1.20647514,-145.318283,4.42139006,-1.1191113,-145.32547,4.10894728,-0.914305449,-145.385452,4.07143021,-1.26645589,-145.570984,4.10318947,-1.31405187,-145.106812,4.43200541,-1.27229452,-144.725906
333,4.67417002,-1.87682569,-144.585144,4.63786125,-1.69362962,-144.321594,4.71720362,-1.61415505,-144.325348,4.94872427,-1.94620299,-144.774933,4.79195309,-1.80751061,-145.242355,4.76601171,-1.41763341,-145.684235,4.44713068,-1.21207404,-146.227112,4.42443848,-1.12508571,-146.235306,4.10664654,-0.919139862,-146.29541,4.06967163,-1.26727498,-146.480743,4.10893774,-1.31750131,-146.013062,4.43829107,-1.27677798,-145.630234
334,4.68954659,-1.8803463,-145.502884,4.64979458,-1.69712031,-145.238434,4.72686243,-1.61999083,-145.242294,4.9584837,-1.95142198,-145.693283,4.80320215,-1.81429219,-146.157959,4.7766571,-1.42292774,-146.597778,4.45468616,-1.21768153,-147.138611,4.42747355,-1.13109279,-147.147873,4.10437632,-0.924015701,-147.208084,4.06790257,-1.26806796,-147.393173,4.11469316,-1.32090819,-146.922119,4.4445796,-1.28127003,-146.537308
335,4.70491171,-1.88385487,-146.423325,4.66171551,-1.70060217,-146.15799,4.73651934,-1.62585092,-146.161972,4.96820688,-1.95663583,-146.614365,4.8144722,-1.82106543,-147.076279,4.78730297,-1.42821157,-147.514038,4.46224642,-1.22329819,-148.05278,4.43049383,-1.13713229,-148.063156,4.10213709,-0.928930819,-148.123474,4.06612587,-1.26883435,-148.308258,4.12045479,-1.32427311,-147.833984,4.45087004,-1.28577209,-147.447144
336,4.72026539,-1.88735139,-147.346451,4.67362356,-1.70407522,-147.080276,4.74617481,-1.63173497,-147.084381,4.97789431,-1.9618454,-147.538193,4.82576323,-1.82782996,-147.99733,4.79794836,-1.43348467,-148.433014,4.46981192,-1.22892416,-148.96962,4.43349934,-1.14320374,-148.981155,4.09992886,-0.933882892,-149.041565,4.06434441,-1.26957464,-149.225998,4.1262207,-1.32759738,-148.748672,4.4571619,-1.29028487,-148.359741
337,4.73560715,-1.89083588,-148.272278,4.68551922,-1.70753932,-148.00528,4.75582886,-1.63764262,-148.009537,4.98754597,-1.96705163,-148.464752,4.83707476,-1.83458579,-148.921097,4.80859327,-1.43874669,-149.354691,4.47738171,-1.23455906,-149.889145,4.43649006,-1.14930701,-149.901886,4.09775305,-0.938870907,-149.962372,4.06255913,-1.27028871,-150.146408,4.13198948,-1.33088112,-149.666168,4.46345472,-1.29480922,-149.275101
338,4.75093651,-1.89430821,-149.200806,4.697402,-1.71099424,-148.932999,4.76548195,-1.64357328,-148.937424,4.99716282,-1.97225559,-149.394058,4.84840584,-1.84133267,-149.847595,4.81923771,-1.44399726,-150.279083,4.48495579,-1.24020302,-150.81134,4.43946505,-1.155442,-150.825333,4.09561014,-0.943892658,-150.885895,4.06077385,-1.27097666,-151.069473,4.13775969,-1.33412552,-150.586472,4.46974754,-1.29934633,-150.193222
339,4.76625395,-1.89776886,-150.132034,4.70927238,-1.7144407,-149.863434,4.77513361,-1.64952683,-149.868057,5.00674438,-1.97745705,-150.326096,4.85975647,-1.84806967,-150.776825,4.82988119,-1.44923675,-151.206192,4.49253416,-1.2458564,-151.736206,4.44242382,-1.16160822,-151.751511,4.09350061,-0.948946297,-151.812119,4.05899,-1.27163899,-151.995178,4.14353037,-1.3373313,-151.509583,4.47603989,-1.30389667,-151.114105
340,4.78155899,-1.90121782,-151.065964,4.72112989,-1.7178781,-150.7966,4.78478479,-1.65550256,-150.801422,5.01629114,-1.98265696,-151.26088,4.8711257,-1.85479653,-151.708786,4.84052324,-1.45446503,-152.136017,4.5001173,-1.25151956,-152.663742,4.44536638,-1.16780555,-152.680405,4.09142447,-0.954029858,-152.741058,4.05721045,-1.27227592,-152.923538,4.1493001,-1.3404994,-152.435501,4.48233128,-1.30846107,-152.03775
341,4.79685163,-1.9046551,-152.002579,4.73297453,-1.7213068,-151.732483,4.79443455,-1.66150033,-151.737534,5.02580357,-1.98785627,-152.198395,4.88251352,-1.86151338,-152.643463,4.85116386,-1.45968139,-153.068542,4.50770426,-1.25719202,-153.593948,4.44829226,-1.17403364,-153.61203,4.08938265,-0.959142029,-153.672714,4.05543804,-1.27288759,-153.854553,4.15506792,-1.34363019,-153.364227,4.48862076,-1.31304049,-152.964172
342,4.8121314,-1.90808082,-152.941895,4.74480629,-1.72472656,-152.671082,4.8040843,-1.66751945,-152.676376,5.03528166,-1.99305642,-153.138657,4.89391947,-1.86822021,-153.580872,4.86180305,-1.46488571,-154.003784,4.51529455,-1.26287365,-154.52684,4.45120001,-1.18029177,-154.546387,4.08737564,-0.964280605,-154.607071,4.05367517,-1.27347445,-154.788208,4.16083241,-1.34672499,-154.295761,4.49490786,-1.31763554,-153.893356
343,4.82739878,-1.91149545,-153.883911,4.75662613,-1.72813797,-153.612411,4.8137331,-1.67355955,-153.617966,5.04472542,-1.99825585,-154.08165,4.90534115,-1.87491488,-154.521011,4.87243986,-1.47007859,-154.941742,4.52288961,-1.26856589,-155.462402,4.45408916,-1.18658006,-155.483459,4.08540297,-0.969443619,-155.544144,4.05192471,-1.27403665,-155.724503,4.16659307,-1.34978485,-155.230103,4.50119162,-1.32224679,-154.825317
344,4.84265327,-1.91489863,-154.828629,4.76843309,-1.73154056,-154.556458,4.82338142,-1.67962027,-154.562286,5.0541358,-2.00345755,-155.02739,4.91678047,-1.88159907,-155.463882,4.88307428,-1.47525871,-155.882416,4.53048706,-1.27426708,-156.400635,4.45695925,-1.19289792,-156.423264,4.08346605,-0.974629819,-156.483932,4.0501895,-1.27457488,-156.663437,4.1723485,-1.35281038,-156.167252,4.50747204,-1.32687485,-155.760056
345,4.85789442,-1.91829038,-155.776031,4.78022718,-1.73493421,-155.50322,4.83302975,-1.68570101,-155.509354,5.06351328,-2.00866151,-155.975861,4.92823553,-1.88827181,-156.409485,4.89370584,-1.48042643,-156.825806,4.53808832,-1.27997816,-157.341553,4.4598093,-1.19924486,-157.365799,4.08156443,-0.97983712,-157.426437,4.0484724,-1.27508962,-157.604996,4.17809725,-1.35580266,-157.107208,4.51374769,-1.33152032,-156.697571
346,4.87312222,-1.92167115,-156.726135,4.79200888,-1.73831928,-156.452698,4.84267759,-1.69180143,-156.459152,5.07285738,-2.01386857,-156.927078,4.93970633,-1.89493287,-157.357819,4.90433455,-1.48558128,-157.771912,4.54569149,-1.28569853,-158.285141,4.46263933,-1.20562088,-158.311066,4.07969904,-0.985064507,-158.371643,4.04677582,-1.27558148,-158.549194,4.18383884,-1.35876215,-158.049973,4.52001858,-1.33618331,-157.637863
347,4.88833666,-1.92504108,-157.67894,4.80377817,-1.74169612,-157.404907,4.85232496,-1.69792116,-157.411697,5.08216858,-2.01907825,-157.881027,4.95119143,-1.90158117,-158.308884,4.91495991,-1.49072349,-158.720749,4.55329704,-1.29142892,-159.2314,4.46544743,-1.21202505,-159.259064,4.07786989,-0.990309417,-159.319565,4.04510307,-1.27605116,-159.496017,4.18957329,-1.36169076,-158.995544,4.52628374,-1.3408643,-158.580933
348,4.90353775,-1.92840028,-158.634445,4.81553507,-1.7450645,-158.359833,4.86197281,-1.7040596,-158.366974,5.09144735,-2.02429223,-158.837708,4.96269083,-1.90821695,-159.26268,4.92558146,-1.49585259,-159.672302,4.5609045,-1.29716897,-160.180328,4.46823263,-1.21845686,-160.209778,4.07607651,-0.995570302,-160.270203,4.04345703,-1.27649939,-160.44548,4.19529915,-1.36458945,-159.943909,4.53254271,-1.34556353,-159.526779
349,4.91872549,-1.93174875,-159.592636,4.82727957,-1.74842429,-159.317474,4.87162018,-1.7102164,-159.324997,5.10069418,-2.02951097,-159.797134,4.97420454,-1.9148401,-160.219208,4.93619871,-1.50096858,-160.626572,4.56851292,-1.30291843,-161.131943,4.47099447,-1.22491598,-161.163223,4.07431984,-1.00084567,-161.223557,4.04184103,-1.27692652,-161.397552,4.20101547,-1.36745906,-160.895081,4.53879452,-1.3502816,-160.475403
350,4.93389893,-1.93508649,-160.553528,4.83901167,-1.75177574,-160.277847,4.88126802,-1.71639097,-160.285751,5.10990953,-2.0347352,-160.759293,4.98573112,-1.92145014,-161.178467,4.94681168,-1.50607109,-161.583557,4.57612228,-1.30867743,-162.086227,4.47373152,-1.23140192,-162.1194,4.07260036,-1.00613391,-162.179626,4.04025841,-1.2773335,-162.352249,4.20672178,-1.37030077,-161.84906,4.54503822,-1.3550185,-161.426819
351,4.94905901,-1.93841398,-161.51712,4.85073137,-1.75511909,-161.240936,4.89091587,-1.72258306,-161.249252,5.11909342,-2.0399642,-161.724182,4.99726963,-1.92804587,-162.140457,4.95741987,-1.51116061,-162.543259,4.58373213,-1.31444657,-163.043198,4.47644234,-1.23791385,-163.078308,4.07091713,-1.01143301,-163.138412,4.03871202,-1.27772129,-163.30957,4.21241808,-1.37311614,-162.805832,4.55127335,-1.35977447,-162.381012
352,4.96420479,-1.94173098,-162.483414,4.8624382,-1.75845397,-162.206741,4.90056419,-1.72879207,-162.2155,5.12824678,-2.04520011,-162.691803,5.00882053,-1.93462801,-163.105179,4.96802282,-1.51623607,-163.505676,4.5913415,-1.320225,-164.002838,4.47912645,-1.2444514,-164.039948,4.06927109,-1.01674175,-164.099899,4.03720522,-1.27809083,-164.269516,4.21810341,-1.37590575,-163.765411,4.55749893,-1.36454952,-163.337997
353,4.97933578,-1.9450376,-163.452393,4.87413263,-1.7617805,-163.175262,4.91021299,-1.7350173,-163.184479,5.13736963,-2.05044293,-163.66217,5.02038193,-1.94119585,-164.072632,4.97862005,-1.52129793,-164.47081,4.59895039,-1.32601321,-164.965149,4.48178148,-1.25101364,-165.004333,4.06766176,-1.02205789,-165.064102,4.03574181,-1.2784431,-165.232071,4.22377825,-1.37867165,-164.727783,4.5637145,-1.36934376,-164.297775
354,4.99445295,-1.94833422,-164.424072,4.88581467,-1.76509917,-164.146515,4.91986179,-1.74125838,-164.156204,5.14646244,-2.05569363,-164.635269,5.03195381,-1.94774902,-165.042816,4.98921061,-1.52634549,-165.438675,4.60655737,-1.33181071,-165.93013,4.48440647,-1.25759983,-165.971451,4.06608963,-1.02737999,-166.031036,4.03432465,-1.27877915,-166.197235,4.22944212,-1.38141513,-165.692963,4.56991959,-1.37415707,-165.260345
355,5.00955582,-1.95162082,-165.398453,4.89748478,-1.76840973,-165.120483,4.92951107,-1.74751496,-165.130676,5.15552568,-2.06095195,-165.611099,5.04353523,-1.95428717,-166.015747,4.99979496,-1.5313791,-166.409256,4.61416197,-1.33761787,-166.897797,4.48700047,-1.26420951,-166.941299,4.06455469,-1.03270662,-167.000671,4.0329566,-1.2791003,-167.165024,4.23509407,-1.38413703,-166.660934,4.57611322,-1.37898922,-166.225708
356,5.02464342,-1.95489728,-166.375534,4.90914154,-1.77171206,-166.097168,4.9391613,-1.75378633,-166.10788,5.16455984,-2.06621933,-166.589661,5.05512619,-1.9608103,-166.991409,5.01037216,-1.53639817,-167.382553,4.62176323,-1.3434341,-167.868134,4.48956108,-1.27084148,-167.913879,4.06305695,-1.03803587,-167.973038,4.03164244,-1.27940738,-168.135406,4.24073505,-1.38683951,-167.631699,4.58229446,-1.38384032,-167.193863
357,5.03971672,-1.95816422,-167.355301,4.92078638,-1.77500665,-167.076584,4.94881201,-1.76007223,-167.08783,5.17356491,-2.07149529,-167.570953,5.06672478,-1.96731734,-167.969803,5.02094126,-1.54140282,-168.358582,4.62936068,-1.34925973,-168.841156,4.49208736,-1.27749515,-168.889191,4.06159639,-1.04336619,-168.94812,4.03038502,-1.27970219,-169.108398,4.24636412,-1.38952339,-168.60527,4.58846331,-1.3887099,-168.16481
358,5.05477476,-1.96142137,-168.337769,4.93241882,-1.77829325,-168.058716,4.95846319,-1.76637185,-168.070526,5.18254185,-2.07678103,-168.554977,5.07833099,-1.97380841,-168.950943,5.03150225,-1.5463928,-169.337326,4.63695288,-1.35509455,-169.816849,4.49457693,-1.28416944,-169.867233,4.06017303,-1.04869592,-169.925919,4.02918816,-1.2799859,-170.084,4.25198221,-1.39219081,-169.581635,4.59461832,-1.39359784,-169.13855
359,5.06981802,-1.96466887,-169.322937,4.94403887,-1.7815721,-169.043564,4.96811485,-1.77268505,-169.055954,5.19149065,-2.08207655,-169.541733,5.08994389,-1.98028302,-169.934814,5.04205465,-1.55136788,-170.318787,4.64453936,-1.36093843,-170.795212,4.49702835,-1.29086328,-170.848007,4.05878687,-1.05402327,-170.906433,4.02805567,-1.28026009,-171.06221,4.25758982,-1.3948431,-170.560791,4.60075855,-1.39850366,-170.115097
360,5.08484554,-1.96790695,-170.310791,4.95564604,-1.78484297,-170.031143,4.97776747,-1.77901101,-170.044128,5.20041227,-2.08738303,-170.531235,5.1015625,-1.98674107,-170.921417,5.05259752,-1.5563277,-171.302979,4.65211916,-1.36679113,-171.776245,4.49943924,-1.29757559,-171.831528,4.05743742,-1.05934656,-171.889664,4.02699041,-1.28052616,-172.04303,4.26318645,-1.39748216,-171.542725,4.60688448,-1.40342712,-171.094452
361,5.09985781,-1.97113574,-171.301346,4.96724081,-1.78810632,-171.021439,4.98742104,-1.78534949,-171.035049,5.20930672,-2.09270072,-171.523453,5.11318731,-1.99318242,-171.910751,5.06313086,-1.56127203,-172.289886,4.6596899,-1.37265205,-172.759964,4.50180817,-1.30430532,-172.81778,4.05612564,-1.06466436,-172.87561,4.02599669,-1.28078604,-173.026443,4.26877308,-1.40010929,-172.527451,4.61299467,-1.40836775,-172.076599
362,5.11485481,-1.9743551,-172.294601,4.97882318,-1.79136205,-172.01445,4.99707556,-1.79169953,-172.028717,5.21817446,-2.09802938,-172.518417,5.12481546,-1.99960601,-172.902832,5.07365322,-1.56620121,-173.279526,4.66725111,-1.3785218,-173.746353,4.50413275,-1.31105125,-173.806778,4.05485106,-1.06997466,-173.864273,4.02507782,-1.28104138,-174.012466,4.27435017,-1.40272677,-173.514969,4.61908913,-1.41332507,-173.061554
363,5.12983608,-1.97756541,-173.290558,4.99039316,-1.79461026,-173.010193,5.00673103,-1.79806077,-173.025131,5.22701645,-2.10336995,-173.516098,5.13644743,-2.00601196,-173.897644,5.08416414,-1.57111478,-174.271896,4.67480183,-1.38440001,-174.735413,4.5064106,-1.31781209,-174.798508,4.05361366,-1.07527602,-174.855652,4.02423811,-1.28129411,-175.001083,4.27991819,-1.40533602,-174.50528,4.62516689,-1.41829848,-174.049301
364,5.14480114,-1.98076653,-174.2892,5.00195074,-1.79785097,-174.008652,5.01638746,-1.80443275,-174.024277,5.23583269,-2.10872269,-174.516525,5.14808178,-2.01239967,-174.895203,5.09466314,-1.57601273,-175.266983,4.68234015,-1.39028645,-175.727142,4.50864029,-1.32458663,-175.792969,4.05241394,-1.08056653,-175.849762,4.02348089,-1.28154564,-175.992294,4.28547859,-1.40793943,-175.498367,4.63122702,-1.42328751,-175.039856
365,5.15975046,-1.98395884,-175.290543,5.01349592,-1.80108452,-175.009827,5.02604485,-1.8108151,-175.026169,5.24462366,-2.11408782,-175.519669,5.15971851,-2.01876879,-175.895508,5.10514927,-1.58089459,-176.264801,4.68986464,-1.39618075,-176.721542,4.51081896,-1.33137333,-176.790176,4.05125141,-1.08584476,-176.846588,4.02280998,-1.2817986,-176.986115,4.29103136,-1.41053832,-176.494247,4.6372695,-1.42829156,-176.033218
366,5.17468357,-1.98714232,-176.294586,5.02502823,-1.80431068,-176.013718,5.03570318,-1.8172071,-176.030807,5.25339031,-2.11946583,-176.525558,5.1713562,-2.0251193,-176.898544,5.11562204,-1.58576047,-177.265335,4.69737387,-1.4020828,-177.718628,4.51294327,-1.33817041,-177.790115,4.05012608,-1.09110844,-177.84613,4.02222872,-1.2820549,-177.982529,4.29657841,-1.41313517,-177.492905,4.64329433,-1.43331015,-177.029388
367,5.18960094,-1.99031734,-177.301315,5.03654861,-1.80752993,-177.02034,5.04536247,-1.8236084,-177.038193,5.26213264,-2.12485719,-177.534164,5.18299389,-2.03145051,-177.904327,5.12608051,-1.59060979,-178.2686,4.70486593,-1.40799212,-178.718384,4.51501179,-1.34497643,-178.792801,4.04903793,-1.09635627,-178.848404,4.02174139,-1.28231668,-178.981537,4.30212069,-1.41573203,-178.494339,4.64930058,-1.43834245,-178.028366
368,5.20450163,-1.99348354,-178.310745,5.04805613,-1.8107419,-178.029678,5.05502272,-1.83001816,-178.048309,5.27085114,-2.13026214,-178.545502,5.19463062,-2.03776217,-178.912842,5.13652372,-1.59544277,-179.274597,4.71233988,-1.41390896,-179.72081,4.51702261,-1.35179019,-179.798218,4.04798746,-1.10158646,-179.853394,4.02135134,-1.28258622,-179.983154,4.30765867,-1.41833031,-179.49855,4.65528774,-1.44338775,-179.030151
369,5.2193861,-1.99664152,-179.322876,5.05955172,-1.81394732,-179.041748,5.06468391,-1.83643639,-179.061188,5.27954626,-2.13567948,-179.55957,5.20626497,-2.04405284,-179.924103,5.14695072,-1.60025966,-180.283325,4.7197938,-1.4198333,-180.725906,4.5189724,-1.35860932,-180.806366,4.04697418,-1.1067971,-180.861115,4.02106285,-1.28286612,-180.987366,4.31319427,-1.42093277,-180.505539,4.66125584,-1.44844556,-180.034744
370,5.23425341,-1.99979103,-180.337692,5.07103443,-1.81714571,-180.056534,5.07434654,-1.84286213,-180.076797,5.28821898,-2.1411109,-180.57637,5.21789646,-2.05032301,-180.93811,5.15736055,-1.60505986,-181.294769,4.72722483,-1.42576444,-181.733673,4.52085781,-1.3654319,-181.817261,4.04599857,-1.1119864,-181.871552,4.02087927,-1.2831589,-181.994186,4.3187294,-1.42354143,-181.515305,4.66720486,-1.45351517,-181.042145
371,5.24910402,-2.00293231,-181.355209,5.08250475,-1.8203373,-181.074036,5.08401012,-1.84929478,-181.095154,5.29686928,-2.14655662,-181.595901,5.22952414,-2.05657244,-181.954849,5.16775227,-1.60984302,-182.308945,4.73463154,-1.43170214,-182.74411,4.52267694,-1.37225592,-182.830887,4.04506016,-1.11715245,-182.88472,4.02080488,-1.28346694,-183.003601,4.324265,-1.42615855,-182.527847,4.67313433,-1.45859599,-182.052353
372,5.26393747,-2.00606537,-182.375427,5.09396267,-1.82352233,-182.094254,5.09367514,-1.85573387,-182.116257,5.30549765,-2.1520164,-182.618164,5.24114656,-2.06280041,-182.974335,5.17812443,-1.61460912,-183.325851,4.74201202,-1.43764639,-183.757217,4.52442646,-1.37907934,-183.84726,4.04415989,-1.12229359,-183.900604,4.02084303,-1.28379297,-184.015625,4.32980299,-1.4287864,-183.543152,4.67904377,-1.46368718,-183.065369
373,5.27875423,-2.00919032,-183.398331,5.10540771,-1.82670057,-183.117203,5.1033411,-1.86217868,-183.140106,5.31410456,-2.15749097,-183.643143,5.25276327,-2.06900692,-183.996567,5.18847656,-1.61935794,-184.34549,4.74936438,-1.4435966,-184.772995,4.52610302,-1.3858999,-184.866364,4.04329729,-1.12740791,-184.91922,4.02099705,-1.28413999,-185.030243,4.33534527,-1.43142712,-184.561234,4.68493366,-1.46878827,-184.081192
374,5.29355335,-2.01230741,-184.423935,5.11684036,-1.82987249,-184.142868,5.1130085,-1.86862886,-184.166702,5.32269096,-2.1629796,-184.670853,5.26437235,-2.07519078,-185.021545,5.19880724,-1.6240896,-185.367859,4.75668573,-1.44955289,-185.791428,4.52770519,-1.39271569,-185.888214,4.04247284,-1.13249362,-185.940552,4.02127075,-1.28451025,-186.04747,4.34089375,-1.43408322,-185.582077,4.690804,-1.47389853,-185.099823
375,5.3083353,-2.01541686,-185.45224,5.12826061,-1.83303809,-185.171265,5.12267685,-1.87508416,-185.196045,5.33125687,-2.16848254,-185.701294,5.27597332,-2.08135176,-186.049271,5.20911551,-1.62880373,-186.39296,4.76397419,-1.45551467,-186.812531,4.52922916,-1.39952385,-186.912796,4.04168653,-1.1375488,-186.964615,4.02166748,-1.2849071,-187.067307,4.34645033,-1.43675685,-186.605682,4.69665527,-1.4790175,-186.121246
376,5.32309961,-2.01851845,-186.483246,5.13966846,-1.83619761,-186.202377,5.13234615,-1.88154376,-186.228134,5.33980274,-2.17399955,-186.734467,5.28756475,-2.08748937,-187.079727,5.21939945,-1.63350046,-187.420807,4.77122784,-1.46148205,-187.836304,4.53067207,-1.40632224,-187.940109,4.04093885,-1.14257169,-187.991394,4.02219057,-1.28533328,-188.089752,4.35201645,-1.43945014,-187.632065,4.70248699,-1.48414445,-187.145477
377,5.33784628,-2.02161241,-187.516937,5.15106344,-1.83935082,-187.236206,5.14201689,-1.88800693,-187.26297,5.34832954,-2.17953157,-187.77037,5.2991457,-2.09360361,-188.11293,5.2296586,-1.63817918,-188.451385,4.77844334,-1.46745431,-188.862747,4.53203058,-1.41310811,-188.970154,4.0402298,-1.14756036,-189.020905,4.02284431,-1.28579164,-189.114807,4.35759544,-1.44216597,-188.661209,4.70829916,-1.48927891,-188.172516
378,5.35257483,-2.02469897,-188.553329,5.16244602,-1.84249818,-188.272766,5.15168905,-1.8944732,-188.300552,5.35683727,-2.18507767,-188.80899,5.31071377,-2.09969306,-189.148895,5.23989105,-1.64284039,-189.484695,4.78561831,-1.47343171,-189.891861,4.53330278,-1.41987896,-190.00293,4.03956032,-1.15251303,-190.053146,4.02363157,-1.2862854,-190.142487,4.36318874,-1.44490635,-189.6931,4.71409225,-1.49442029,-189.202362
379,5.36728525,-2.02777791,-189.592422,5.1738162,-1.84563959,-189.312042,5.16136217,-1.90094209,-189.340881,5.3653264,-2.19063902,-189.850342,5.32226944,-2.10575843,-190.187607,5.25009537,-1.64748299,-190.520752,4.7927494,-1.47941315,-190.923645,4.53448486,-1.42663181,-191.038437,4.03893042,-1.15742791,-191.088104,4.02455568,-1.28681767,-191.172775,4.36879873,-1.44767356,-190.727753,4.71986675,-1.49956822,-190.235016
380,5.38197803,-2.0308497,-190.634201,5.18517351,-1.84877539,-190.354034,5.17103672,-1.90741313,-190.383957,5.37379742,-2.19621372,-190.894424,5.33380985,-2.11179781,-191.229065,5.26026964,-1.65210807,-191.55954,4.79983568,-1.48539937,-191.958084,4.53557444,-1.4333638,-192.076675,4.03834057,-1.16230321,-192.125793,4.02561951,-1.28739166,-192.205688,4.3744278,-1.45047009,-191.765167,4.72562313,-1.50472224,-191.270462
381,5.39665222,-2.03391433,-191.67868,5.19651842,-1.85190558,-191.398758,5.18071222,-1.91388571,-191.429779,5.38225079,-2.20180249,-191.941238,5.34533453,-2.11781096,-192.27327,5.27041245,-1.65671504,-192.601074,4.80687332,-1.49138963,-192.995193,4.53656864,-1.44007218,-193.117645,4.03779173,-1.16713715,-193.166214,4.02682638,-1.28801036,-193.241226,4.38007832,-1.45329833,-192.805344,4.73136187,-1.50988209,-192.308716
382,5.41130781,-2.03697181,-192.725861,5.20785046,-1.8550303,-192.446198,5.19038916,-1.92035902,-192.478348,5.39068699,-2.20740557,-192.990768,5.35684156,-2.12379789,-193.320221,5.28052235,-1.66130352,-193.64534,4.81385994,-1.49738371,-194.034973,4.5374651,-1.44675422,-194.161346,4.03728437,-1.17192805,-194.209351,4.02817917,-1.28867686,-194.279388,4.3857522,-1.45616031,-193.848267,4.73708344,-1.51504743,-193.349762
383,5.42594481,-2.04002213,-193.775726,5.21916962,-1.85814965,-193.496368,5.20006752,-1.9268328,-193.529678,5.3991065,-2.21302199,-194.04303,5.36832952,-2.1297574,-194.369919,5.29059744,-1.66587389,-194.692352,4.82079315,-1.50338173,-195.077423,4.53826189,-1.45340693,-195.207764,4.03681898,-1.17667425,-195.255219,4.02968025,-1.28939414,-195.32019,4.39145184,-1.4590584,-194.893951,4.74278879,-1.5202179,-194.3936
384,5.44056273,-2.04306555,-194.828293,5.2304759,-1.86126351,-194.549255,5.20974684,-1.93330598,-194.583755,5.4075098,-2.21865225,-195.098022,5.37979698,-2.1356895,-195.422379,5.30063534,-1.67042577,-195.742111,4.8276701,-1.5093832,-196.122528,4.53895617,-1.46002722,-196.256912,4.0363965,-1.18137419,-196.303802,4.03133249,-1.29016519,-196.363632,4.39718008,-1.46199477,-195.942383,4.74847794,-1.52539337,-195.440231
385,5.45516205,-2.04610205,-195.88356,5.24176979,-1.86437225,-195.604874,5.21942759,-1.93977833,-195.640579,5.41589737,-2.22429585,-196.155731,5.3912425,-2.14159322,-196.477585,5.31063461,-1.67495894,-196.794617,4.83448744,-1.51538789,-197.170303,4.53954601,-1.46661234,-197.308777,4.03601789,-1.18602633,-197.355118,4.03313828,-1.29099298,-197.409714,4.40293884,-1.46497154,-196.993561,4.75415182,-1.53057361,-196.48967
386,5.46974182,-2.04913163,-196.941528,5.2530508,-1.86747599,-196.663208,5.22910976,-1.94624937,-196.70015,5.42426968,-2.22995234,-197.216171,5.40266418,-2.14746761,-197.535538,5.32059288,-1.67947376,-197.849869,4.84124327,-1.5213958,-198.220749,4.54002953,-1.47315907,-198.363358,4.03568411,-1.19062924,-198.409149,4.03509998,-1.29188049,-198.458435,4.40873051,-1.46799088,-198.047501,4.7598114,-1.53575873,-197.541901
387,5.48430252,-2.05215478,-198.002182,5.26431894,-1.87057483,-197.724258,5.2387929,-1.9527185,-197.762466,5.4326272,-2.23562121,-198.279343,5.41406059,-2.15331221,-198.596252,5.33050776,-1.68397021,-198.907883,4.84793425,-1.52740693,-199.273849,4.54040527,-1.47966456,-199.420654,4.0353961,-1.19518149,-199.465912,4.03721952,-1.29283059,-199.509796,4.41455746,-1.47105467,-199.104187,4.76545763,-1.54094863,-198.596909
388,5.49884367,-2.05517125,-199.065536,5.27557421,-1.87366903,-198.78804,5.24847746,-1.959185,-198.82753,5.44096994,-2.24130225,-199.345245,5.4254303,-2.15912652,-199.659714,5.34037733,-1.68844807,-199.968643,4.85455847,-1.53342104,-200.32962,4.54067183,-1.4861263,-200.480652,4.0351553,-1.199682,-200.525391,4.03949785,-1.29384565,-200.563812,4.42042112,-1.47416461,-200.16362,4.77109146,-1.54614329,-199.654709
389,5.51336527,-2.05818129,-200.131592,5.2868166,-1.87675858,-199.854538,5.25816345,-1.96564841,-199.89534,5.44929838,-2.24699521,-200.413864,5.43677139,-2.16490984,-200.725937,5.35019922,-1.69290721,-201.032166,4.86111307,-1.53943801,-201.388062,4.54082823,-1.49254143,-201.543365,4.03496313,-1.2041297,-201.587585,4.04193735,-1.29492831,-201.620499,4.42632437,-1.4773227,-201.2258,4.77671242,-1.55134261,-200.715302
390,5.52786684,-2.06118488,-201.200333,5.29804611,-1.87984347,-200.923767,5.26785088,-1.97210813,-200.965912,5.45761347,-2.25269961,-201.485214,5.44808197,-2.17066145,-201.794907,5.35997105,-1.69734788,-202.098434,4.8675952,-1.54545796,-202.449173,4.540874,-1.49890733,-202.60878,4.03482056,-1.20852363,-202.652496,4.04453897,-1.29608107,-202.67984,4.43226814,-1.48053014,-202.290726,4.78232241,-1.55654681,-201.778671
391,5.54234838,-2.06418204,-202.271774,5.30926275,-1.88292396,-201.995712,5.27753973,-1.97856331,-202.03923,5.46591473,-2.25841475,-202.559296,5.45935965,-2.1763804,-202.866638,5.36968994,-1.70177042,-203.167465,4.87400341,-1.55148101,-203.512955,4.54080868,-1.50522137,-203.676895,4.03472948,-1.21286285,-203.720123,4.04730415,-1.29730594,-203.741852,4.43825531,-1.48378897,-203.358398,4.78792238,-1.56175613,-202.844818
392,5.5568099,-2.067173,-203.345917,5.32046604,-1.88600039,-203.070389,5.28722954,-1.98501372,-203.115295,5.47420311,-2.26414013,-203.636093,5.47060347,-2.18206596,-203.941132,5.37935305,-1.70617449,-204.239258,4.88033438,-1.55750704,-204.579391,4.54063272,-1.51148117,-204.747696,4.03469133,-1.21714675,-204.790466,4.05023336,-1.29860508,-204.806534,4.44428682,-1.4871006,-204.428802,4.79351234,-1.56697047,-203.913757
393,5.57125092,-2.07015777,-204.422745,5.33165646,-1.88907254,-204.147781,5.29692078,-1.99145854,-204.194122,5.4824791,-2.26987576,-204.715622,5.48181152,-2.18771768,-205.018372,5.38895845,-1.71056008,-205.313828,4.88658619,-1.56353593,-205.648514,4.54034567,-1.51768458,-205.821182,4.03470802,-1.22137487,-205.863525,4.05332756,-1.29998028,-205.873901,4.45036459,-1.49046612,-205.501953,4.79909325,-1.57219005,-204.985474
394,5.58567142,-2.07313633,-205.502274,5.34283352,-1.89214075,-205.227905,5.30661345,-1.99789715,-205.275696,5.49074268,-2.2756207,-205.797882,5.49298191,-2.19333458,-206.098373,5.39850235,-1.71492755,-206.391159,4.89275694,-1.56956816,-206.720291,4.53994894,-1.52382934,-206.897354,4.03478193,-1.22554672,-206.939301,4.05658627,-1.30143309,-206.943954,4.45649004,-1.49388683,-206.57785,4.80466652,-1.57741535,-206.059952
395,5.60007095,-2.07610893,-206.584503,5.35399771,-1.89520514,-206.310745,5.31630754,-2.0043292,-206.360016,5.49899435,-2.28137422,-206.882858,5.50411224,-2.1989162,-207.181137,5.40798187,-1.71927714,-207.471252,4.89884472,-1.57560372,-207.794754,4.53944349,-1.5299139,-207.976212,4.03491449,-1.22966254,-208.017776,4.06001043,-1.30296469,-208.016693,4.46266413,-1.49736369,-207.656479,4.81023216,-1.58264613,-207.137207
396,5.6144495,-2.07907557,-207.669434,5.36514854,-1.89826572,-207.396317,5.32600307,-2.01075387,-207.447083,5.5072341,-2.28713608,-207.970566,5.51520061,-2.20446157,-208.266663,5.41739416,-1.72360873,-208.554123,4.90484762,-1.58164299,-208.871887,4.53883123,-1.53593636,-209.057739,4.03510809,-1.23372209,-209.098969,4.06359959,-1.3045764,-209.092133,4.46888781,-1.50089741,-208.737854,4.81579113,-1.587883,-208.217239
397,5.62880707,-2.08203626,-208.75705,5.37628651,-1.90132284,-208.484604,5.33569956,-2.01717067,-208.536911,5.5154624,-2.29290557,-209.061005,5.52624559,-2.20997,-209.35495,5.42673588,-1.72792256,-209.639771,4.91076374,-1.58768594,-209.951691,4.53811407,-1.54189527,-210.141937,4.03536463,-1.23772573,-210.182861,4.06735277,-1.30626893,-210.170258,4.47516251,-1.50448883,-209.821976,4.8213439,-1.59312606,-209.300049
398,5.64314365,-2.08499122,-209.847366,5.38741112,-1.90437651,-209.575623,5.34539747,-2.02357912,-209.629486,5.52367973,-2.29868197,-210.15416,5.5372448,-2.21544075,-210.445999,5.43600321,-1.73221886,-210.728195,4.91659117,-1.59373295,-211.03418,4.53729486,-1.54778945,-211.228806,4.03568697,-1.24167359,-211.269455,4.07126904,-1.30804265,-211.251099,4.4814887,-1.50813866,-210.908829,4.8268919,-1.59837604,-210.38562
399,5.65745831,-2.08794069,-210.940384,5.39852238,-1.90742695,-210.669357,5.35509682,-2.02997851,-210.724823,5.53188658,-2.30446458,-211.250046,5.54819584,-2.22087288,-211.53981,5.44519281,-1.73649788,-211.819397,4.92232847,-1.59978437,-212.119339,4.53637648,-1.55361795,-212.318329,4.0360775,-1.24556649,-212.358749,4.0753479,-1.30989802,-212.334641,4.48786736,-1.51184738,-211.998428,4.83243513,-1.60363269,-211.473953
400,5.6717515,-2.09088445,-212.036102,5.40962029,-1.91047442,-211.765823,5.36479759,-2.03636837,-211.822906,5.54008245,-2.31025267,-212.348663,5.55909681,-2.22626543,-212.636383,5.45430136,-1.74075997,-212.913391,4.92797422,-1.60584056,-213.207184,4.53536224,-1.55937994,-213.410507,4.0365386,-1.24940503,-213.450729,4.07958794,-1.31183493,-213.420898,4.49429893,-1.51561522,-213.090759,4.83797503,-1.60889673,-212.565063
401,5.68602276,-2.09382248,-213.134506,5.42070436,-1.91351867,-212.865005,5.3744998,-2.04274797,-212.923737,5.54826832,-2.316046,-213.450012,5.56994581,-2.23161817,-213.735733,5.46332455,-1.74500513,-214.010162,4.93352699,-1.61190188,-214.297714,4.53425646,-1.56507504,-214.505341,4.03707314,-1.25319028,-214.54541,4.08398724,-1.31385314,-214.509872,4.50078344,-1.51944244,-214.185837,4.8435111,-1.61416805,-213.658936
402,5.70027208,-2.09675527,-214.235611,5.43177509,-1.91656053,-213.966919,5.38420343,-2.04911709,-214.027328,5.55644369,-2.32184315,-214.554077,5.58073997,-2.23692966,-214.837845,5.47225857,-1.74923384,-215.109726,4.93898582,-1.61796868,-215.39093,4.53306293,-1.57070279,-215.602814,4.03768444,-1.2569232,-215.642776,4.08854437,-1.31595194,-215.601578,4.50732136,-1.52332914,-215.283646,4.8490448,-1.61944747,-214.755569
403,5.714499,-2.09968257,-215.339417,5.44283247,-1.91959965,-215.071548,5.3939085,-2.05547476,-215.133682,5.56460953,-2.32764339,-215.660873,5.59147739,-2.24219942,-215.942719,5.48109961,-1.7534467,-216.212082,4.94434929,-1.62404168,-216.486847,4.53178692,-1.57626343,-216.702927,4.03837538,-1.26060522,-216.742844,4.09325743,-1.31813085,-216.695999,4.51391268,-1.52727509,-216.384201,4.85457516,-1.62473464,-215.854965
404,5.7287035,-2.10260463,-216.445908,5.45387602,-1.92263615,-216.178909,5.403615,-2.06182051,-216.242783,5.57276583,-2.33344626,-216.770401,5.60215521,-2.24742651,-217.050369,5.48984241,-1.75764394,-217.31723,4.94961596,-1.63012135,-217.585449,4.53043365,-1.58175683,-217.805679,4.03914881,-1.26423776,-217.845596,4.09812355,-1.32038844,-217.793152,4.5205574,-1.53128016,-217.487488,4.86010408,-1.63003051,-216.957108
405,5.74288559,-2.10552144,-217.555099,5.46490669,-1.92567039,-217.288986,5.41332293,-2.06815386,-217.35463,5.58091259,-2.3392508,-217.88266,5.61277151,-2.25260997,-218.160782,5.49848318,-1.76182592,-218.425171,4.95478487,-1.63620818,-218.686752,4.52900839,-1.58718359,-218.911057,4.04000854,-1.26782227,-218.951035,4.10314131,-1.32272387,-218.893051,4.52725554,-1.53534424,-218.593506,4.8656311,-1.63533485,-218.062012
406,5.75704479,-2.10843325,-218.666992,5.47592354,-1.92870271,-218.401794,5.42303228,-2.07447457,-218.469238,5.58904934,-2.34505558,-218.997635,5.62332344,-2.2577486,-219.273956,5.50701714,-1.76599336,-219.535919,4.95985556,-1.64230287,-219.790741,4.5275178,-1.5925442,-220.019058,4.04095793,-1.27136075,-220.059143,4.10830784,-1.32513523,-219.995682,4.53400707,-1.53946674,-219.702255,4.87115717,-1.64064825,-219.169678
407,5.77118111,-2.11134005,-219.781586,5.48692656,-1.93173289,-219.517319,5.43274307,-2.08078122,-219.586594,5.59717751,-2.35086083,-220.115341,5.63380909,-2.26284242,-220.389908,5.51543951,-1.77014625,-220.64946,4.96482611,-1.64840579,-220.897446,4.5259676,-1.59783971,-221.129684,4.04200029,-1.27485514,-221.169937,4.11362076,-1.32762098,-221.101059,4.54081106,-1.54364729,-220.813751,4.8766818,-1.64597058,-220.28009
408,5.78529406,-2.11424184,-220.89888,5.49791574,-1.9347614,-220.635574,5.44245577,-2.0870738,-220.706711,5.60529613,-2.3566649,-221.235779,5.64422512,-2.26788998,-221.508621,5.52374554,-1.77428555,-221.765808,4.96969604,-1.65451777,-222.006851,4.52436495,-1.60307133,-222.24292,4.04313946,-1.27830756,-222.283401,4.11907721,-1.3301791,-222.209167,4.54766703,-1.54788506,-221.927979,4.88220549,-1.6513021,-221.393265
409,5.79938364,-2.11713862,-222.01886,5.50889111,-1.93778813,-221.756561,5.4521699,-2.09335136,-221.82959,5.6134057,-2.36246681,-222.358948,5.65456915,-2.27289033,-222.630112,5.53192997,-1.77841187,-222.884964,4.97446394,-1.66063952,-223.118958,4.52271748,-1.60824001,-223.358765,4.04437971,-1.28172016,-223.399536,4.12467432,-1.33280706,-223.320023,4.55457449,-1.55217957,-223.044937,4.88772869,-1.65664315,-222.509186
410,5.81344938,-2.1200304,-223.141541,5.51985264,-1.9408133,-222.880264,5.46188545,-2.09961343,-222.955215,5.62150621,-2.36826611,-223.484848,5.66483831,-2.27784276,-223.754379,5.53998756,-1.78252554,-224.006927,4.97912884,-1.66677153,-224.23378,4.52103186,-1.61334729,-224.477219,4.04572439,-1.2850951,-224.518341,4.13040876,-1.33550286,-224.433624,4.56153297,-1.55652976,-224.164627,4.89325142,-1.6619941,-223.627869
411,5.82749128,-2.12291741,-224.266922,5.53080034,-1.94383705,-224.006699,5.47160244,-2.10585952,-224.083603,5.62959814,-2.37406158,-224.61348,5.67503023,-2.28274632,-224.881409,5.54791307,-1.78662729,-225.131699,4.98369026,-1.67291451,-225.351318,4.51931667,-1.61839473,-225.598267,4.04717731,-1.28843486,-225.639816,4.13627768,-1.33826375,-225.549988,4.56854153,-1.56093514,-225.287048,4.89877462,-1.66735518,-224.749298
412,5.84150887,-2.12579966,-225.395004,5.54173422,-1.94685984,-225.135864,5.48132086,-2.11208892,-225.214752,5.63768053,-2.37985182,-225.744827,5.68514156,-2.2875998,-226.011215,5.5557003,-1.79071772,-226.259277,4.98814631,-1.67906916,-226.471588,4.51757956,-1.62338412,-226.721924,4.04874325,-1.29174209,-226.763962,4.14227819,-1.34108722,-226.669098,4.57559919,-1.56539464,-226.412216,4.90429783,-1.67272651,-225.873474
413,5.85550213,-2.12867713,-226.525787,5.55265379,-1.94988132,-226.267746,5.49104118,-2.11830091,-226.348648,5.64575434,-2.38563609,-226.878906,5.69516897,-2.29240251,-227.143799,5.56334352,-1.7947979,-227.389679,4.99249649,-1.68523645,-227.594574,4.51582956,-1.62831724,-227.848175,4.05042648,-1.29501951,-227.890762,4.14840698,-1.34397054,-227.79097,4.5827055,-1.56990719,-227.5401,4.90982056,-1.67810786,-227.000397
414,5.8694706,-2.13155007,-227.659256,5.56355906,-1.95290172,-227.402359,5.50076294,-2.12449479,-227.485306,5.65381908,-2.39141345,-228.015717,5.70511055,-2.29715371,-228.27916,5.5708375,-1.79886818,-228.522888,4.99673939,-1.69141686,-228.720291,4.51407528,-1.63319612,-228.97702,4.05223083,-1.29826951,-229.020218,4.1546607,-1.34691072,-228.915604,4.58985949,-1.57447183,-228.670715,4.91534376,-1.68349993,-228.130066
415,5.88341475,-2.13441849,-228.795425,5.57445002,-1.95592153,-228.539703,5.51048613,-2.13067031,-228.62471,5.66187477,-2.39718246,-229.155258,5.71496296,-2.30185199,-229.417282,5.57817602,-1.80292952,-229.65892,5.00087357,-1.69761109,-229.84874,4.51232529,-1.63802302,-230.108444,4.05416059,-1.30149508,-230.152328,4.16103697,-1.34990489,-230.042984,4.5970602,-1.5790875,-229.804062,4.92086697,-1.68890238,-229.262497
416,5.89733315,-2.13728213,-229.934296,5.58532667,-1.95894039,-229.679764,5.52021074,-2.13682628,-229.766876,5.6699214,-2.40294266,-230.297531,5.72472239,-2.30649686,-230.558182,5.5853529,-1.80698264,-230.797775,5.00489855,-1.70381987,-230.979935,4.51058912,-1.64280009,-231.242462,4.05621958,-1.30469906,-231.287094,4.16753149,-1.35294962,-231.173126,4.6043067,-1.58375299,-230.94014,4.92639112,-1.69431579,-230.397659
417,5.91122675,-2.14014149,-231.075867,5.59618902,-1.961959,-230.822556,5.52993727,-2.14296269,-230.911804,5.67795849,-2.40869164,-231.442535,5.73438597,-2.31108594,-231.701859,5.59236193,-1.81102884,-231.939438,5.00881243,-1.71004403,-232.113876,4.5088768,-1.64752972,-232.379059,4.05841303,-1.30788469,-232.4245,4.17414188,-1.35604203,-232.30603,4.61159754,-1.58846712,-232.078949,4.93191481,-1.69973981,-231.535583
418,5.9250946,-2.14299655,-232.220139,5.60703659,-1.96497715,-231.968063,5.53966522,-2.14907861,-232.059494,5.68598604,-2.41442871,-232.590271,5.74395037,-2.31561923,-232.848312,5.59919643,-1.81506896,-233.083923,5.01261425,-1.71628428,-233.250565,4.50719786,-1.65221417,-233.51825,4.06074524,-1.31105471,-233.56456,4.18086386,-1.35917854,-233.441696,4.61893177,-1.5932287,-233.22049,4.93743992,-1.70517516,-232.676239
419,5.93893671,-2.14584732,-233.367111,5.61786985,-1.96799505,-233.116302,5.54939461,-2.1551733,-233.20993,5.69400406,-2.42015243,-233.740738,5.75341225,-2.3200953,-233.997543,5.60585117,-1.81910384,-234.231232,5.01630306,-1.72254133,-234.389999,4.50556183,-1.65685594,-234.660019,4.06322002,-1.31421208,-234.70726,4.18769503,-1.36235619,-234.580109,4.62630844,-1.59803653,-234.364746,4.94296503,-1.71062148,-233.819641
420,5.95275259,-2.14869356,-234.516769,5.62868786,-1.97101283,-234.267273,5.5591259,-2.16124606,-234.363129,5.70201206,-2.4258616,-234.893936,5.76276827,-2.32451344,-235.149551,5.61231899,-1.82313454,-235.381363,5.01987743,-1.72881567,-235.532196,4.50397873,-1.66145754,-235.804367,4.06584167,-1.31735992,-235.8526,4.19463253,-1.36557186,-235.721283,4.63372612,-1.6028893,-235.511734,4.94849062,-1.716079,-234.96579
421,5.96654224,-2.15153575,-235.669128,5.63949156,-1.97403073,-235.420975,5.56885862,-2.16729665,-235.519089,5.71001005,-2.43155479,-236.049881,5.77201509,-2.32887197,-236.304321,5.61859417,-1.82716203,-236.534317,5.02333641,-1.73510814,-236.677155,4.50245905,-1.6660217,-236.951294,4.06861401,-1.32050133,-237.00058,4.20167208,-1.3688215,-236.865219,4.64118338,-1.60778558,-236.661453,4.95401716,-1.72154832,-236.114685
422,5.98030519,-2.15437341,-236.824188,5.65028,-1.97704864,-236.577393,5.57859278,-2.17332363,-236.677811,5.71799803,-2.4372313,-237.208542,5.78115034,-2.33317113,-237.461868,5.62467098,-1.83118713,-237.690079,5.02667856,-1.74141896,-237.82489,4.50101185,-1.67055082,-238.1008,4.07154083,-1.32363915,-238.151184,4.20881128,-1.37210262,-238.011917,4.64867926,-1.61272418,-237.813889,4.95954418,-1.72702885,-237.266327
423,5.99404144,-2.15720701,-237.981949,5.66105318,-1.98006678,-237.736542,5.58832884,-2.17932677,-237.839279,5.72597551,-2.44288898,-238.369949,5.79017019,-2.33740902,-238.622192,5.63054371,-1.83521116,-238.848663,5.02990389,-1.74774909,-238.975403,4.49964762,-1.67504776,-239.252899,4.07462549,-1.32677662,-239.304428,4.21604681,-1.37541163,-239.161377,4.65621233,-1.61770368,-238.969055,4.96507215,-1.73252094,-238.4207
424,6.00775051,-2.16003656,-239.14241,5.67181158,-1.98308527,-238.898422,5.59806633,-2.18530512,-239.00351,5.73394251,-2.44852662,-239.534088,5.79907036,-2.34158468,-239.785294,5.63620663,-1.83923566,-240.010071,5.03301096,-1.75409913,-240.128693,4.49837685,-1.679515,-240.407578,4.0778718,-1.32991683,-240.460297,4.2233758,-1.37874544,-240.313599,4.66378164,-1.62272251,-240.126938,4.97060061,-1.73802459,-239.57782
425,6.02143192,-2.16286206,-240.305573,5.68255472,-1.98610449,-240.063034,5.60780525,-2.19125819,-240.170502,5.74189806,-2.45414281,-240.700958,5.80784893,-2.34569716,-240.951172,5.64165449,-1.84326148,-241.174286,5.0359993,-1.76046944,-241.28476,4.49720907,-1.68395531,-241.564835,4.08128262,-1.33306265,-241.61879,4.23079538,-1.38210118,-241.468582,4.67138577,-1.62777948,-241.287537,4.97612906,-1.74353969,-240.737686
426,6.03508615,-2.16568351,-241.471436,5.6932826,-1.98912442,-241.230377,5.61754608,-2.19718552,-241.340256,5.74984264,-2.45973611,-241.87056,5.81650305,-2.34974575,-242.119827,5.64688253,-1.84728968,-242.341324,5.0388689,-1.76686049,-242.443619,4.49615383,-1.68837166,-242.724686,4.0848608,-1.33621728,-242.779907,4.23830175,-1.38547528,-242.626312,4.67902279,-1.63287294,-242.450851,4.98165798,-1.74906611,-241.900284
427,6.04871225,-2.16850114,-242.639999,5.70399523,-1.99214518,-242.400436,5.62728834,-2.20308614,-242.512772,5.75777626,-2.46530509,-243.042892,5.82502937,-2.35372972,-243.29126,5.65188646,-1.85132146,-243.511169,5.0416193,-1.77327263,-243.605286,4.49522018,-1.69276643,-243.887115,4.08860826,-1.33938324,-243.943649,4.24589252,-1.38886523,-243.786804,4.68669176,-1.63800168,-243.616898,4.98718739,-1.75460398,-243.065628
428,6.06231022,-2.17131472,-243.811264,5.71469259,-1.99516702,-243.573227,5.63703203,-2.20895958,-243.688049,5.76569796,-2.47084808,-244.217957,5.83342505,-2.35764766,-244.465469,5.65666199,-1.85535836,-244.683823,5.04425049,-1.77970648,-244.769745,4.49441767,-1.69714248,-245.052139,4.09252739,-1.34256363,-245.110016,4.25356436,-1.39226758,-244.950043,4.69439077,-1.64316392,-244.78566,4.99271727,-1.76015365,-244.233704
429,6.07587957,-2.17412448,-244.985229,5.72537422,-1.99818993,-244.748749,5.64677763,-2.21480489,-244.866089,5.77360821,-2.47636437,-245.395752,5.84168863,-2.36149979,-245.642456,5.6612072,-1.85940123,-245.859283,5.04676342,-1.78616202,-245.937012,4.49375343,-1.7015022,-246.219772,4.09661818,-1.34576058,-246.278992,4.26131487,-1.39568007,-246.116043,4.70211887,-1.64835846,-245.957138,4.99824715,-1.76571465,-245.404526
430,6.08942032,-2.17693043,-246.161896,5.73604012,-2.00121403,-245.927002,5.65652514,-2.22062135,-246.04689,5.78150702,-2.48185253,-246.576294,5.84981728,-2.36528563,-246.822205,5.66551828,-1.86345124,-247.037537,5.04915857,-1.79263961,-247.107086,4.49323654,-1.70584846,-247.389999,4.10088253,-1.34897709,-247.450592,4.26914072,-1.39909995,-247.28479,4.70987415,-1.65358377,-247.131332,5.00377703,-1.77128685,-246.578094
431,6.10293245,-2.17973256,-247.341263,5.74669027,-2.00423932,-247.107986,5.66627455,-2.22640824,-247.230453,5.7893939,-2.48731089,-247.759567,5.85780907,-2.36900425,-248.00473,5.66959381,-1.86750984,-248.218597,5.05143642,-1.79913938,-248.279984,4.49287415,-1.71018338,-248.562836,4.10532045,-1.35221505,-248.624802,4.27703905,-1.40252483,-248.456284,4.71765518,-1.65883851,-248.308243,5.00930738,-1.77687073,-247.754395
432,6.1164155,-2.18253112,-248.523331,5.7573247,-2.00726652,-248.291702,5.67602587,-2.23216534,-248.416779,5.79726887,-2.49273801,-248.945572,5.8656621,-2.37265539,-249.190018,5.67343235,-1.87157822,-249.402451,5.05359936,-1.80566156,-249.455704,4.49267292,-1.71450973,-249.738266,4.10993147,-1.35547686,-249.80162,4.28500748,-1.40595257,-249.630524,4.72546053,-1.66412115,-249.487854,5.01483679,-1.78246558,-248.933441
433,6.12986898,-2.1853261,-249.708099,5.76794338,-2.01029515,-249.478134,5.68577957,-2.23789167,-249.60585,5.80513239,-2.49813294,-250.134323,5.87337494,-2.37623906,-250.378082,5.67703295,-1.87565756,-250.589081,5.05564833,-1.81220639,-250.634247,4.49263906,-1.71882987,-250.916321,4.11471462,-1.35876441,-250.981064,4.29304218,-1.40938032,-250.807526,4.73328829,-1.66943014,-250.670181,5.02036667,-1.78807211,-250.115219
434,6.1432929,-2.18811727,-250.895554,5.77854633,-2.01332569,-250.667297,5.69553518,-2.2435863,-250.797684,5.81298399,-2.50349474,-251.325806,5.88094711,-2.3797555,-251.568924,5.68039703,-1.87974894,-251.778503,5.05758572,-1.81877375,-251.815613,4.49277782,-1.72314632,-252.097,4.11966896,-1.36207974,-252.163116,4.30114126,-1.41280627,-251.987274,4.74113703,-1.67476404,-251.855225,5.02589607,-1.79368961,-251.299728
435,6.15668678,-2.19090509,-252.085724,5.78913307,-2.01635861,-251.859192,5.70529318,-2.24924922,-251.992279,5.82082415,-2.50882196,-252.52002,5.88837814,-2.38320422,-252.762527,5.68352556,-1.88385332,-252.970703,5.05941439,-1.82536364,-252.999802,4.49309301,-1.72746098,-253.280304,4.1247921,-1.36542416,-253.347778,4.30930185,-1.41622925,-253.169754,4.74900532,-1.68012154,-253.042984,5.031425,-1.79931772,-252.486984
436,6.1700511,-2.19368982,-253.278595,5.79970407,-2.01939416,-253.053818,5.71505308,-2.25487995,-253.189651,5.82865238,-2.51411343,-253.71698,5.8956666,-2.38658524,-253.958893,5.68641996,-1.88797212,-254.165665,5.06113625,-1.83197606,-254.186829,4.49358892,-1.73177612,-254.466232,4.13008213,-1.36879909,-254.535049,4.31752157,-1.41964698,-254.35498,4.75689125,-1.68550134,-254.233444,5.03695345,-1.80495703,-253.676971
437,6.1833849,-2.19647098,-254.474167,5.81025934,-2.02243185,-254.251175,5.72481585,-2.2604773,-254.389771,5.83646965,-2.51936865,-254.916672,5.90281343,-2.38989997,-255.15802,5.6890831,-1.89210606,-255.363403,5.06275511,-1.83861089,-255.376694,4.49426842,-1.73609388,-255.6548,4.13553572,-1.37220597,-255.72493,4.32579708,-1.42305803,-255.542953,4.7647934,-1.69090188,-255.42662,5.04248095,-1.81060684,-254.86969
438,6.19668865,-2.19924927,-255.67244,5.82079887,-2.0254724,-255.451263,5.73458099,-2.26604104,-255.592651,5.84427595,-2.5245862,-256.11911,5.90981817,-2.39314795,-256.359924,5.69151878,-1.89625669,-256.563904,5.06427431,-1.84526825,-256.569397,4.4951334,-1.74041617,-256.846008,4.14114952,-1.3756454,-256.917419,4.33412647,-1.42646146,-256.733673,4.77271032,-1.69632196,-256.622498,5.04800701,-1.81626689,-256.065155
439,6.20996189,-2.20202446,-256.873413,5.83132219,-2.02851605,-256.654083,5.744349,-2.27157068,-256.798309,5.85207176,-2.52976584,-257.32428,5.91668177,-2.39633036,-257.564575,5.69373131,-1.90042448,-257.767151,5.06569815,-1.8519479,-257.764923,4.49618483,-1.7447449,-258.039856,4.14691973,-1.3791182,-258.112549,4.34250641,-1.42985523,-257.927124,4.78064013,-1.70175982,-257.821075,5.0535326,-1.82193792,-257.263367
440,6.22320414,-2.20479655,-258.077087,5.84182978,-2.03156281,-257.85965,5.75411987,-2.27706528,-258.006714,5.85985708,-2.53490639,-258.532196,5.92340517,-2.39944792,-258.772003,5.69572544,-1.90461099,-258.973145,5.06702948,-1.85864961,-258.963287,4.49742365,-1.74908173,-259.236389,4.15284204,-1.3826251,-259.310272,4.35093498,-1.43323874,-259.123322,4.78858137,-1.70721459,-259.022369,5.05905676,-1.82761908,-258.464294
441,6.23641539,-2.20756555,-259.283478,5.85232162,-2.03461313,-259.067932,5.7638936,-2.28252459,-259.217896,5.86763239,-2.54000759,-259.742828,5.92998934,-2.40250134,-259.982178,5.69750595,-1.90881658,-260.181885,5.06827211,-1.86537302,-260.16449,4.49884987,-1.75342774,-260.435577,4.15891218,-1.3861661,-260.51062,4.35940981,-1.43661189,-260.322266,4.79653311,-1.71268523,-260.226349,5.06457996,-1.83331025,-259.667969
442,6.24959564,-2.21033216,-260.492554,5.86279821,-2.03766751,-260.278961,5.7736702,-2.28794885,-260.431824,5.87539816,-2.54506803,-260.956207,5.93643522,-2.40549088,-261.195099,5.69907856,-1.91304255,-261.393372,5.0694313,-1.87211835,-261.3685,4.50046206,-1.75778461,-261.637421,4.16512585,-1.38974142,-261.713593,4.3679285,-1.43997407,-261.523926,4.8044939,-1.71817064,-261.433044,5.07010126,-1.83901083,-260.87439
443,6.2627449,-2.2130959,-261.704346,5.87325859,-2.04072571,-261.492706,5.7834506,-2.29333639,-261.648529,5.88315487,-2.55008793,-262.172333,5.94274426,-2.40841866,-262.410797,5.70044947,-1.91728973,-262.607574,5.07051039,-1.87888491,-262.575348,4.50225925,-1.76215398,-262.841949,4.17147827,-1.39335155,-262.919189,4.37648916,-1.44332385,-262.728333,4.81246185,-1.72366905,-262.642456,5.07562113,-1.84472144,-262.083527
444,6.27586269,-2.21585703,-262.918823,5.88370275,-2.04378819,-262.709198,5.79323435,-2.29868722,-262.867981,5.89090347,-2.55506659,-263.391205,5.94891882,-2.4112854,-263.629242,5.70162439,-1.9215585,-263.824524,5.07151318,-1.88567245,-263.785034,4.50424004,-1.76653659,-264.049164,4.17796516,-1.39699602,-264.127411,4.38508892,-1.446661,-263.935486,4.820436,-1.7291801,-263.854553,5.08113956,-1.85044193,-263.29541
445,6.28894901,-2.21861601,-264.136017,5.89413166,-2.04685569,-263.928406,5.80302143,-2.30400181,-264.09021,5.89864302,-2.56000304,-264.612793,5.95496035,-2.41409135,-264.850433,5.70261097,-1.92584991,-265.044189,5.07244444,-1.89248085,-264.997559,4.50640106,-1.77093399,-265.259064,4.18458128,-1.4006747,-265.338257,4.39372635,-1.44998538,-265.145386,4.82841492,-1.73470223,-265.069366,5.08665609,-1.85617173,-264.51004
446,6.30200386,-2.22137284,-265.355927,5.90454483,-2.04992771,-265.15036,5.81281233,-2.30927849,-265.315186,5.90637541,-2.56489754,-265.837128,5.96087074,-2.41683888,-266.074371,5.70341587,-1.93016481,-266.266571,5.07330894,-1.89930999,-266.212891,4.50873995,-1.7753464,-266.471649,4.1913209,-1.40438664,-266.551727,4.40239906,-1.4532975,-266.358002,4.83639812,-1.74023485,-266.286865,5.09217119,-1.8619107,-265.727386
447,6.31502676,-2.22412777,-266.578522,5.91494274,-2.05300546,-266.375031,5.82260704,-2.31451774,-266.542938,5.91410017,-2.56974959,-267.064209,5.96665192,-2.41952801,-267.301056,5.7040453,-1.93450379,-267.491669,5.07411003,-1.90615916,-267.431061,4.51125383,-1.77977538,-267.68692,4.19818115,-1.4081322,-267.767853,4.41110563,-1.45659709,-267.573364,4.84438372,-1.74577677,-267.50705,5.09768343,-1.86765838,-266.947479
448,6.32801723,-2.22688055,-267.803833,5.92532492,-2.05608869,-267.602448,5.83240604,-2.3197186,-267.773438,5.92181826,-2.5745585,-268.294037,5.97230577,-2.42216086,-268.530487,5.70450783,-1.93886769,-268.719482,5.07485342,-1.91302872,-268.652039,4.51393843,-1.78422081,-268.904877,4.20515442,-1.41190946,-268.986603,4.4198432,-1.45988405,-268.791473,4.85237169,-1.75132751,-268.72995,5.10319471,-1.87341535,-268.170319
449,6.34097576,-2.22963142,-269.03183,5.93569183,-2.05917788,-268.832581,5.84220886,-2.32488108,-269.006714,5.92953062,-2.57932448,-269.526581,5.97783518,-2.42473888,-269.762665,5.70480967,-1.94325697,-269.949982,5.07554245,-1.91991794,-269.875854,4.51679039,-1.78868425,-270.125549,4.21223688,-1.41571867,-270.207977,4.42860985,-1.46315801,-270.012329,4.86035967,-1.75688565,-269.955536,5.10870457,-1.87918139,-269.395874
450,6.35390186,-2.23238087,-270.262543,5.94604349,-2.0622735,-270.06546,5.85201645,-2.33000469,-270.242767,5.93723679,-2.58404708,-270.761871,5.98324156,-2.42726254,-270.997589,5.70495844,-1.94767237,-271.183197,5.07618189,-1.92682695,-271.102478,4.51980591,-1.7931664,-271.348938,4.21942425,-1.41955912,-271.432007,4.43740463,-1.46641946,-271.235901,4.86834717,-1.7624501,-271.183838,5.11421251,-1.884956,-270.624176
451,6.36679506,-2.23512864,-271.495972,5.95637989,-2.06537557,-271.301086,5.86182833,-2.33508897,-271.481567,5.94493771,-2.58872604,-271.999908,5.9885273,-2.42973375,-272.23526,5.70496082,-1.95211434,-272.419098,5.0767746,-1.93375504,-272.331909,4.52298069,-1.79766691,-272.575043,4.22671175,-1.42342937,-272.658661,4.44622564,-1.46966922,-272.462219,4.87633371,-1.76802099,-272.414825,5.11971855,-1.8907392,-271.855194
452,6.37965584,-2.23787498,-272.732086,5.96670055,-2.06848454,-272.539429,5.8716445,-2.34013391,-272.723145,5.95263386,-2.59336138,-273.240692,5.99369478,-2.43215346,-273.475677,5.70482397,-1.95658338,-273.657715,5.07732487,-1.94070208,-273.564148,4.52631044,-1.80218661,-273.803864,4.23409557,-1.42732894,-273.88797,4.45507145,-1.47290754,-273.691284,4.88431787,-1.773597,-273.648499,5.12522268,-1.89653063,-273.088959
453,6.39248323,-2.24062014,-273.970917,5.97700596,-2.07160068,-273.780518,5.88146591,-2.34513879,-273.967468,5.96032572,-2.59795284,-274.484192,5.99874544,-2.43452334,-274.718842,5.70455408,-1.96108019,-274.899017,5.07783508,-1.9476676,-274.799194,4.52979231,-1.80672646,-275.0354,4.2415719,-1.43125749,-275.119934,4.46394014,-1.47613394,-274.923096,4.8922987,-1.77917719,-274.884888,5.13072538,-1.90233064,-274.32547
454,6.40527773,-2.2433641,-275.212463,5.9872961,-2.07472444,-275.024323,5.89129162,-2.35010386,-275.214569,5.96801329,-2.6025002,-275.730438,6.00368214,-2.43684411,-275.964722,5.70415831,-1.96560502,-276.143005,5.07831097,-1.95465183,-276.037048,4.53342056,-1.81128561,-276.269653,4.24913549,-1.43521285,-276.354553,4.4728303,-1.47935033,-276.157623,4.90027666,-1.78476143,-276.123962,5.13622665,-1.90813863,-275.564697
455,6.41803885,-2.24610734,-276.456696,5.99757147,-2.07785606,-276.270874,5.90112209,-2.35502863,-276.464417,5.97569704,-2.60700321,-276.979431,6.00850582,-2.43911695,-277.213348,5.70364285,-1.9701587,-277.389679,5.07875443,-1.96165419,-277.277679,4.53719187,-1.81586516,-277.506653,4.25678301,-1.43919492,-277.591827,4.48174095,-1.48255646,-277.394897,4.90825033,-1.79034877,-277.365723,5.14172649,-1.91395462,-276.806671
456,6.43076658,-2.24884963,-277.703644,6.00783157,-2.08099627,-277.520172,5.91095734,-2.35991287,-277.717041,5.98337746,-2.61146212,-278.231171,6.01321983,-2.44134331,-278.464691,5.70301437,-1.9747411,-278.639069,5.0791688,-1.96867394,-278.521118,4.54110146,-1.82046449,-278.746368,4.26451063,-1.44320238,-278.831757,4.49067068,-1.48575342,-278.634918,4.91621923,-1.79593897,-278.610199,5.1472249,-1.91977847,-278.051361
457,6.44346046,-2.25159121,-278.953308,6.01807594,-2.08414459,-278.772217,5.92079782,-2.36475563,-278.972412,5.99105549,-2.61587691,-279.485657,6.0178256,-2.44352531,-279.718781,5.70227909,-1.97935307,-279.891113,5.07955742,-1.97571135,-279.767365,4.54514551,-1.82508421,-279.9888,4.2723155,-1.44723439,-280.074341,4.49961805,-1.48894191,-279.877686,4.92418337,-1.80153108,-279.857361,5.15272093,-1.92560959,-279.298798
458,6.45612049,-2.2543323,-280.205688,6.02830505,-2.08730173,-280.026978,5.93064308,-2.3695569,-280.23056,5.99873066,-2.6202476,-280.742889,6.02232504,-2.44566369,-280.975616,5.70144272,-1.98399472,-281.145844,5.07992315,-1.98276591,-281.016388,4.54932022,-1.82972479,-281.233978,4.28019381,-1.45129013,-281.319611,4.50858164,-1.49212182,-281.123199,4.9321413,-1.8071245,-281.107208,5.15821552,-1.93144834,-280.548981
459,6.46874666,-2.25707293,-281.460754,6.03851938,-2.09046817,-281.284485,5.94049311,-2.37431693,-281.491486,6.00640345,-2.62457371,-282.002838,6.02672005,-2.44775939,-282.235168,5.70051098,-1.9886663,-282.403259,5.08026934,-1.98983753,-282.268188,4.55362082,-1.8343854,-282.481903,4.28814173,-1.45536804,-282.567535,4.51756048,-1.49529469,-282.371429,4.94009352,-1.81271935,-282.359741,5.16370869,-1.93729424,-281.80188
460,6.4813385,-2.25981355,-282.718536,6.04871893,-2.09364438,-282.544739,5.9503479,-2.37903547,-282.755157,6.01407385,-2.62885547,-283.265533,6.03101254,-2.44981337,-283.497437,5.69948912,-1.99336791,-283.663361,5.08059835,-1.99692559,-283.522766,4.55804396,-1.83906662,-283.732544,4.29615688,-1.45946777,-283.818146,4.52655268,-1.49846017,-283.622437,4.94803905,-1.81831431,-283.61496,5.16920137,-1.94314814,-283.057526
461,6.49389553,-2.26255441,-283.979034,6.05890274,-2.09683013,-283.807709,5.96020794,-2.38371181,-284.021606,6.02174282,-2.63309264,-284.530975,6.03520346,-2.45182705,-284.762451,5.69838333,-1.99810028,-284.926147,5.08091211,-2.00402951,-284.780151,4.56258535,-1.8437686,-284.985931,4.30423737,-1.4635886,-285.071411,4.53555775,-1.50161922,-284.87616,4.95597744,-1.82390904,-284.872894,5.17469358,-1.9490093,-284.315887
462,6.50641775,-2.26529527,-285.242249,6.06907177,-2.10002637,-285.073425,5.97007275,-2.38834596,-285.290802,6.02940941,-2.63728547,-285.799164,6.0392952,-2.45380139,-286.030182,5.69719791,-2.00286341,-286.191589,5.08121347,-2.01114964,-286.040314,4.56724215,-1.84849131,-286.242065,4.31237936,-1.46772945,-286.327362,4.54457474,-1.50477266,-286.132629,4.96390867,-1.82950306,-286.133514,5.18018484,-1.95487761,-285.576996
463,6.51890469,-2.26803613,-286.508148,6.07922554,-2.10323286,-286.341888,5.97994232,-2.39293742,-286.562775,6.03707504,-2.64143395,-287.070099,6.04328918,-2.45573831,-287.300659,5.69593811,-2.00765753,-287.459717,5.08150434,-2.01828504,-287.303253,4.57201004,-1.85323429,-287.500946,4.32058048,-1.47188914,-287.585968,4.55360222,-1.50792181,-287.391846,4.97183275,-1.83509624,-287.39682,5.18567467,-1.96075249,-286.840851
464,6.53135681,-2.27077794,-287.776764,6.08936453,-2.1064508,-287.613098,5.98981619,-2.39748645,-287.837494,6.04473925,-2.64553809,-288.343781,6.04718733,-2.45763803,-288.573853,5.69460869,-2.01248217,-288.73053,5.08178759,-2.02543592,-288.568939,4.57688522,-1.85799706,-288.762573,4.32883787,-1.47606587,-288.84726,4.56263876,-1.51106715,-288.653839,4.9797492,-1.84068811,-288.662811,5.19116497,-1.96663511,-288.107422
465,6.54377317,-2.27352023,-289.048096,6.09948826,-2.10967946,-288.887024,5.99969482,-2.40199256,-289.11499,6.0524025,-2.64959764,-289.620209,6.05099106,-2.45950222,-289.849762,5.69321394,-2.01733804,-290.004028,5.08206415,-2.03260159,-289.837402,4.58186483,-1.86278105,-290.026947,4.33715105,-1.48026061,-290.111237,4.57168388,-1.51420856,-289.918549,4.98765707,-1.84627736,-289.931488,5.1966548,-1.9725244,-289.37674
466,6.55615377,-2.27626371,-290.322144,6.10959721,-2.11292052,-290.163696,6.00957775,-2.40645599,-290.395233,6.06006432,-2.65361285,-290.899384,6.05470181,-2.46133113,-291.128387,5.69175863,-2.0222249,-291.280182,5.0823369,-2.03978181,-291.108643,4.58694553,-1.86758554,-291.294067,4.34551716,-1.48447192,-291.377899,4.58073664,-1.51734722,-291.186035,4.99555683,-1.85186386,-291.20285,5.2021451,-1.97842062,-290.648773
467,6.56849861,-2.27900815,-291.598877,6.11969137,-2.11617374,-291.443115,6.01946497,-2.41087627,-291.678253,6.0677247,-2.65758371,-292.181305,6.05832148,-2.46312642,-292.409729,5.69024658,-2.027143,-292.559021,5.08260679,-2.04697609,-292.382629,4.59212399,-1.87241006,-292.563934,4.35393333,-1.48869848,-292.647217,4.58979607,-1.52048433,-292.456268,5.00344849,-1.85744798,-292.476898,5.20763493,-1.98432314,-291.923553
468,6.58080673,-2.28175378,-292.878326,6.12977028,-2.11943913,-292.725281,6.02935648,-2.41525269,-292.96405,6.07538462,-2.66151023,-293.465973,6.06185102,-2.46488953,-293.693817,5.68868256,-2.03209233,-293.840515,5.08287621,-2.0541842,-293.659393,4.59739685,-1.87725508,-293.836548,4.3623991,-1.49294007,-293.91925,4.59886169,-1.52362096,-293.729218,5.01133156,-1.86302853,-293.753632,5.21312428,-1.99023128,-293.20108
469,6.59307861,-2.28450131,-294.160492,6.1398344,-2.12271762,-294.010193,6.0392518,-2.41958594,-294.252594,6.0830431,-2.6653924,-294.753357,6.06529236,-2.46662068,-294.980591,5.68706989,-2.03707266,-295.124695,5.08314657,-2.0614059,-294.938904,4.60276079,-1.88211989,-295.111908,4.3709116,-1.49719501,-295.19397,4.60793161,-1.526757,-295.004944,5.01920605,-1.86860561,-295.033051,5.21861506,-1.99614644,-294.481323
470,6.60531378,-2.28725028,-295.445374,6.14988279,-2.12600899,-295.297852,6.04915142,-2.42387509,-295.543915,6.0907011,-2.66923046,-296.043488,6.06864595,-2.4683218,-296.270111,5.68541288,-2.04208422,-296.41153,5.08341885,-2.06864047,-296.221191,4.6082139,-1.88700545,-296.390015,4.37947035,-1.50146401,-296.471375,4.61700535,-1.5298934,-296.283417,5.02707148,-1.87417793,-296.315155,5.22410631,-2.00206757,-295.764313
471,6.61751175,-2.29000115,-296.732971,6.15991592,-2.12931371,-296.588257,6.05905485,-2.42812014,-296.837982,6.09835863,-2.67302442,-297.336365,6.07191372,-2.46999359,-297.562317,5.68371439,-2.04712653,-297.70105,5.08369493,-2.07588792,-297.506226,4.61375332,-1.89191139,-297.670868,4.38807297,-1.50574577,-297.751465,4.62608194,-1.53303051,-297.564636,5.03492785,-1.8797456,-297.599976,5.22959805,-2.00799465,-297.050018
472,6.62967205,-2.29275393,-298.023285,6.16993427,-2.13263202,-297.881378,6.06896162,-2.43232083,-298.134827,6.10601568,-2.67677426,-298.631989,6.07509661,-2.47163677,-298.857239,5.68197823,-2.05219984,-298.993256,5.08397675,-2.083148,-298.794006,4.61937571,-1.89683723,-298.954468,4.3967185,-1.51003921,-299.034241,4.63516092,-1.53617013,-298.848602,5.04277563,-1.88530803,-298.887482,5.23509073,-2.01392746,-298.33847
473,6.64179468,-2.29550886,-299.316315,6.17993689,-2.13596416,-299.177246,6.07887173,-2.43647718,-299.434448,6.11367226,-2.68048024,-299.930359,6.07819605,-2.47325301,-300.154877,5.68020725,-2.05730414,-300.288116,5.08426523,-2.09042025,-300.084564,4.62507915,-1.90178299,-300.240814,4.40540504,-1.51434374,-300.319702,4.64424133,-1.53931224,-300.135315,5.05061436,-1.89086497,-300.177673,5.24058485,-2.01986623,-299.629639
474,6.65387917,-2.29826593,-300.612061,6.18992424,-2.1393106,-300.475861,6.08878517,-2.44058847,-300.736816,6.12132835,-2.68414211,-301.231506,6.081213,-2.47484326,-301.455231,5.67840528,-2.06243944,-301.585663,5.08456182,-2.09770441,-301.377869,4.63086081,-1.90674877,-301.529907,4.41413164,-1.51865888,-301.60788,4.65332222,-1.54245794,-301.424774,5.05844355,-1.89641583,-301.470551,5.24607992,-2.02581048,-300.923553
475,6.6659255,-2.30102587,-301.910522,6.19989681,-2.1426723,-301.777222,6.098701,-2.44465518,-302.041962,6.12898302,-2.68775988,-302.53537,6.08414936,-2.476408,-302.758301,5.67657518,-2.06760478,-302.885864,5.08486748,-2.10500026,-302.673889,4.63671827,-1.9117347,-302.821777,4.42289734,-1.52298403,-302.898743,4.66240311,-1.54560781,-302.71698,5.0662632,-1.90196013,-302.766083,5.25157642,-2.03175998,-302.220184
476,6.67793322,-2.30378842,-303.2117,6.20985365,-2.14604878,-303.081329,6.10861969,-2.44867659,-303.349854,6.13663769,-2.69133353,-303.84198,6.08700609,-2.47794914,-304.064056,5.67471933,-2.07280087,-304.188751,5.08518314,-2.11230707,-303.972687,4.64264965,-1.91674042,-304.116394,4.43170071,-1.52731848,-304.192291,4.67148304,-1.54876244,-304.011963,5.07407427,-1.90749764,-304.064331,5.25707483,-2.03771496,-303.519562
477,6.68990231,-2.30655408,-304.515594,6.21979523,-2.149441,-304.388184,6.11854029,-2.45265293,-304.660522,6.1442914,-2.69486332,-305.151337,6.08978415,-2.47946668,-305.372528,5.67284155,-2.07802677,-305.494293,5.08551025,-2.11962485,-305.2742,4.64865208,-1.92176604,-305.413757,4.44054079,-1.53166175,-305.488556,4.68056107,-1.55192268,-305.309692,5.0818758,-1.91302764,-305.365265,5.26257515,-2.04367542,-304.821655
478,6.70183229,-2.30932283,-305.822205,6.22972155,-2.1528492,-305.697784,6.12846327,-2.45658374,-305.973938,6.15194416,-2.698349,-306.46347,6.09248543,-2.48096251,-306.683716,5.67094326,-2.08328271,-306.802521,5.08584976,-2.12695312,-306.578461,4.65472412,-1.92681122,-306.713867,4.44941664,-1.53601301,-306.787506,4.68963718,-1.55509007,-306.610168,5.08966827,-1.91855049,-306.668854,5.26807642,-2.0496397,-306.126495
479,6.71372271,-2.31209469,-307.131531,6.23963213,-2.15627337,-307.010132,6.1383872,-2.46046901,-307.290131,6.15959597,-2.70179081,-307.778351,6.09511089,-2.48243737,-307.997589,5.66902781,-2.08856845,-308.113434,5.08620214,-2.13429117,-307.885468,4.6608634,-1.9318763,-308.016724,4.45832729,-1.54037213,-308.089172,4.69870949,-1.55826437,-307.913391,5.09745169,-1.92406499,-307.975128,5.27358055,-2.05560923,-307.434052
480,6.72557354,-2.3148706,-308.443573,6.24952745,-2.15971422,-308.325256,6.14831257,-2.4643085,-308.60907,6.16724634,-2.70518851,-309.095947,6.0976615,-2.48389196,-309.314178,5.66709757,-2.09388351,-309.427002,5.08656883,-2.14163899,-309.195221,4.66706753,-1.9369601,-309.322327,4.46727133,-1.54473758,-309.393524,4.70777798,-1.56144702,-309.21936,5.10522652,-1.92957211,-309.284119,5.27908707,-2.06158352,-308.744354
481,6.73738432,-2.31765008,-309.758331,6.25940704,-2.16317177,-309.643127,6.15823841,-2.46810222,-309.930786,6.17489529,-2.70854235,-310.416321,6.10013866,-2.48532748,-310.633453,5.66515493,-2.09922767,-310.743256,5.08695126,-2.14899635,-310.507721,4.67333555,-1.94206417,-310.630707,4.47624874,-1.54911005,-310.700592,4.7168417,-1.56463826,-310.528107,5.11299229,-1.93506992,-310.595764,5.28459597,-2.06756163,-310.057373
482,6.74915457,-2.32043338,-311.075806,6.2692709,-2.166646,-310.963715,6.16816473,-2.47184968,-311.25528,6.18254328,-2.71185231,-311.739441,6.10254288,-2.48674512,-311.955444,5.66320229,-2.10460091,-312.062164,5.08734941,-2.15636277,-311.822968,4.67966509,-1.94718802,-311.941833,4.48525906,-1.55348885,-312.010376,4.72590017,-1.56783891,-311.8396,5.120749,-1.94055855,-311.910095,5.29010725,-2.07354379,-311.373138
483,6.76088381,-2.32322121,-312.395996,6.27911901,-2.17013788,-312.287079,6.17809105,-2.47555089,-312.58252,6.19018984,-2.71511817,-313.065308,6.104877,-2.48814583,-313.280121,5.66124296,-2.11000228,-313.383759,5.08776331,-2.1637373,-313.14093,4.68605375,-1.9523319,-313.255707,4.49430084,-1.55787408,-313.322845,4.73495197,-1.57104945,-313.153839,5.12849665,-1.94603729,-313.227112,5.2956214,-2.07953,-312.69162
484,6.77257156,-2.32601309,-313.718903,6.2889514,-2.17364717,-313.61319,6.18801737,-2.47920561,-313.912537,6.19783497,-2.71833992,-314.393921,6.10714102,-2.48953128,-314.607483,5.65927744,-2.11543226,-314.708038,5.08819485,-2.17112017,-314.461639,4.69250059,-1.95749533,-314.572357,4.50337362,-1.56226456,-314.638031,4.74399757,-1.57427096,-314.470825,5.13623524,-1.9515059,-314.546814,5.30113888,-2.08552003,-314.012848
485,6.78421783,-2.32880974,-315.044525,6.29876757,-2.17717457,-314.942047,6.19794321,-2.48281336,-315.2453,6.20547819,-2.7215178,-315.725281,6.1093359,-2.49090147,-315.937561,5.65730858,-2.12089014,-316.034973,5.0886445,-2.17851114,-315.785095,4.69900322,-1.96267736,-315.891754,4.51247597,-1.56665921,-315.955933,4.75303555,-1.5775044,-315.790588,5.14396572,-1.95696509,-315.869202,5.3066597,-2.09151387,-315.336792
486,6.79582262,-2.33161139,-316.372864,6.308568,-2.18072033,-316.273651,6.20786762,-2.48637438,-316.580841,6.21311951,-2.72465134,-317.059387,6.11146402,-2.49225783,-317.270325,5.65533876,-2.12637544,-317.364594,5.08911276,-2.18590951,-317.111267,4.70556068,-1.96787977,-317.213898,4.52160835,-1.57105911,-317.27655,4.76206589,-1.58075011,-317.113098,5.15168715,-1.96241319,-317.194275,5.3121829,-2.09751034,-316.663483
487,6.80738497,-2.33441806,-317.703949,6.31835175,-2.18428445,-317.608002,6.2177906,-2.48988819,-317.919128,6.22075939,-2.72774053,-318.39624,6.11352587,-2.49360156,-318.605774,5.6533699,-2.13188791,-318.696899,5.08960009,-2.19331455,-318.440186,4.71217108,-1.97310197,-318.538818,4.53076982,-1.57546365,-318.599854,4.77108717,-1.58400857,-318.438354,5.15939999,-1.96784997,-318.522034,5.31770992,-2.10351014,-317.992889
488,6.81890488,-2.33722997,-319.03775,6.32811975,-2.18786764,-318.945099,6.2277112,-2.4933548,-319.260193,6.22839689,-2.73078561,-319.73584,6.11552286,-2.49493361,-319.943939,5.65140343,-2.13742733,-320.03186,5.09010744,-2.20072675,-319.77182,4.71883297,-1.97834313,-319.866486,4.53995991,-1.57987142,-319.925873,4.78009892,-1.58728099,-319.766357,5.16710472,-1.97327566,-319.852478,5.32324076,-2.10951304,-319.325043
489,6.83038187,-2.34004736,-320.374268,6.33787155,-2.19147015,-320.284943,6.23762894,-2.4967742,-320.604004,6.23603153,-2.73378634,-321.078186,6.11745644,-2.49625492,-321.28479,5.64944172,-2.14299321,-321.369507,5.0906353,-2.20814514,-321.106201,4.72554445,-1.98360288,-321.196899,4.54917717,-1.5842824,-321.254608,4.78910065,-1.59056854,-321.097107,5.17480183,-1.97869027,-321.185608,5.32877541,-2.11551857,-320.659912
490,6.84181547,-2.34287047,-321.713501,6.34760714,-2.1950922,-321.627563,6.24754333,-2.50014639,-321.950592,6.24366331,-2.73674273,-322.423309,6.1193285,-2.49756646,-322.628326,5.64748621,-2.14858508,-322.709839,5.09118414,-2.21556926,-322.443298,4.73230457,-1.98888278,-322.53006,4.55842209,-1.58869708,-322.58606,4.79809141,-1.59387088,-322.430634,5.18249035,-1.984092,-322.521423,5.33431387,-2.12152672,-321.997528
491,6.8532052,-2.34569955,-323.05545,6.35732603,-2.19873428,-322.972931,6.25745392,-2.50347066,-323.299927,6.25129223,-2.73965454,-323.771179,6.12113953,-2.49886942,-323.974548,5.64553881,-2.1542027,-324.052826,5.09175444,-2.2229991,-323.783142,4.7391119,-1.99418211,-323.865997,4.56769419,-1.59311473,-323.920227,4.80707121,-1.59718919,-323.766907,5.19017076,-1.98948133,-323.859924,5.33985662,-2.12753701,-323.337891
492,6.86455059,-2.34853482,-324.400146,6.36702824,-2.20239615,-324.321045,6.26736069,-2.50674725,-324.652039,6.25891781,-2.74252129,-325.121796,6.12289095,-2.50016499,-325.323456,5.64360094,-2.15984607,-325.398499,5.09234715,-2.23043418,-325.125702,4.74596453,-1.99950004,-325.204681,4.57699203,-1.59753406,-325.257111,4.81603861,-1.60052407,-325.105927,5.19784403,-1.99485826,-325.201111,5.34540415,-2.13355017,-324.680969
493,6.87585163,-2.35137677,-325.747559,6.37671423,-2.20607901,-325.671906,6.27726221,-2.50997615,-326.006897,6.2665391,-2.74534297,-326.475159,6.12458467,-2.50145364,-326.675049,5.64167452,-2.16551399,-326.746857,5.09296227,-2.23787403,-326.471008,4.75286198,-2.00483727,-326.546112,4.58631563,-1.60195601,-326.59671,4.82499313,-1.60387623,-326.447723,5.20550919,-2.00022173,-326.544952,5.35095644,-2.13956547,-326.026764
494,6.88710785,-2.35422516,-327.097687,6.38638353,-2.2097826,-327.025543,6.28715801,-2.51315689,-327.364532,6.27415705,-2.74811935,-327.831268,6.12622166,-2.50273681,-328.029327,5.63976145,-2.17120647,-328.09787,5.09360027,-2.24531817,-327.819031,4.75980282,-2.01019454,-327.890289,4.59566498,-1.60638058,-327.939026,4.83393478,-1.60724616,-327.792267,5.21316671,-2.00557184,-327.891479,5.35651302,-2.14558196,-327.375305
495,6.89831924,-2.35707998,-328.450531,6.39603567,-2.21350646,-328.381927,6.29704809,-2.516289,-328.724915,6.28177071,-2.75085044,-329.190125,6.12780333,-2.50401616,-329.386292,5.63786221,-2.17692351,-329.451569,5.09426212,-2.25276637,-329.1698,4.7667861,-2.01557136,-329.237244,4.60503912,-1.61080694,-329.284058,4.84286213,-1.61063421,-329.139557,5.22081709,-2.01090813,-329.240692,5.36207438,-2.15159988,-328.726562
496,6.90948486,-2.3599422,-329.806122,6.40567112,-2.21725225,-329.741058,6.30693054,-2.51937318,-330.088074,6.2893796,-2.75353622,-330.551758,6.12933159,-2.50529122,-330.745911,5.63597965,-2.18266392,-330.807953,5.09494829,-2.26021838,-330.523285,4.77380991,-2.02096725,-330.586945,4.61443758,-1.61523473,-330.631805,4.85177517,-1.61404157,-330.489594,5.22846031,-2.01623034,-330.59259,5.36764097,-2.15761948,-330.080566
497,6.92060423,-2.3628118,-331.164429,6.4152894,-2.22101927,-331.102936,6.31680679,-2.52240825,-331.453979,6.29698372,-2.75617576,-331.916138,6.13080692,-2.50656462,-332.108215,5.63411427,-2.18842816,-332.167023,5.09565878,-2.26767325,-331.879486,4.7808733,-2.02638245,-331.939392,4.62385988,-1.61966407,-331.982269,4.86067295,-1.61746871,-331.842407,5.23609638,-2.02153826,-331.947174,5.37321281,-2.16364002,-331.437286
498,6.93167734,-2.3656888,-332.525452,6.42489052,-2.22480798,-332.46759,6.32667494,-2.52539444,-332.822632,6.3045826,-2.75876904,-333.283264,6.13223124,-2.50783682,-333.473206,5.63226748,-2.19421577,-333.528778,5.09639454,-2.2751317,-333.238434,4.78797579,-2.03181696,-333.294617,4.63330603,-1.62409425,-333.335449,4.869555,-1.62091613,-333.197968,5.24372625,-2.02683163,-333.304443,5.37878942,-2.16966152,-332.796753
499,6.94270325,-2.36857367,-333.889221,6.43447399,-2.22861886,-333.834991,6.33653402,-2.528332,-334.194061,6.31217527,-2.76131582,-334.653137,6.13360596,-2.50910854,-334.840881,5.63044119,-2.2000258,-334.893188,5.09715557,-2.28259277,-334.600098,4.79511595,-2.03727102,-334.652588,4.64277506,-1.62852573,-334.691345,4.87842035,-1.62438464,-334.556274,5.25134897,-2.0321095,-334.664398,5.38437176,-2.17568374,-334.158936
500,6.95368195,-2.37146664,-335.255707,6.4440403,-2.23245215,-335.20517,6.34638405,-2.53122067,-335.568237,6.31976175,-2.76381588,-336.025757,6.13493347,-2.51038098,-336.211243,5.62863731,-2.20585799,-336.260284,5.09794188,-2.29005527,-335.964478,4.80229235,-2.04274464,-336.013306,4.65226746,-1.63295877,-336.049957,4.88726902,-1.62787473,-335.917328,5.25896502,-2.03737211,-336.027039,5.38995981,-2.18170619,-335.523865
501,6.96461296,-2.37436771,-336.624939,6.45358896,-2.23630786,-336.578094,6.35622406,-2.53406,-336.94519,6.32734156,-2.76626897,-337.401154,6.13621473,-2.51165533,-337.584259,5.62685633,-2.21171236,-337.630066,5.09875488,-2.29751992,-337.331604,4.80950403,-2.04823732,-337.37677,4.66178179,-1.63739228,-337.411285,4.89610052,-1.63138711,-337.281128,5.26657486,-2.04261923,-337.392365,5.39555359,-2.18772888,-336.891541
502,6.97549582,-2.37727737,-337.996887,6.46311998,-2.24018645,-337.953766,6.3660531,-2.53685021,-338.32489,6.33491421,-2.76867437,-338.779297,6.1374507,-2.51293278,-338.959961,5.62510014,-2.21758819,-339.002533,5.09959459,-2.304986,-338.701447,4.81675053,-2.05375004,-338.742981,4.67131853,-1.64182675,-338.77533,4.9049139,-1.63492191,-338.647705,5.27417803,-2.04784966,-338.760345,5.40115356,-2.19375181,-338.261932
503,6.98633003,-2.38019562,-339.371552,6.47263336,-2.24408817,-339.332214,6.37587023,-2.53959084,-339.707336,6.34247923,-2.77103186,-340.160187,6.13864374,-2.51421404,-340.338348,5.62336874,-2.22348571,-340.377686,5.10046148,-2.31245327,-340.074005,4.82403135,-2.05928278,-340.111969,4.68087721,-1.64626217,-340.14209,4.91370869,-1.63847995,-340.017029,5.281775,-2.05306315,-340.131012,5.40675974,-2.19977427,-339.63504
504,6.99711561,-2.38312268,-340.748962,6.48212814,-2.24801278,-340.713409,6.38567543,-2.5422821,-341.09256,6.35003614,-2.77334118,-341.543823,6.13979483,-2.51550055,-341.719421,5.62166405,-2.22940421,-341.755524,5.10135603,-2.31992173,-341.44928,4.83134508,-2.06483483,-341.483704,4.69045734,-1.65069795,-341.511566,4.92248487,-1.64206183,-341.389099,5.28936577,-2.05826044,-341.504364,5.41237164,-2.20579576,-341.010895
505,7.0078516,-2.38605905,-342.129089,6.4916048,-2.25196123,-342.097382,6.39546728,-2.54492378,-342.48053,6.357584,-2.77560186,-342.930206,6.14090586,-2.51679301,-343.103149,5.61998701,-2.23534322,-343.136047,5.10227871,-2.32739115,-342.827301,4.83869123,-2.07040596,-342.858185,4.70005846,-1.65513361,-342.883789,4.93124104,-1.64566827,-342.763916,5.29695129,-2.06344056,-342.880402,5.41799021,-2.21181703,-342.389465
506,7.01853752,-2.38900447,-343.511963,6.50106335,-2.25593305,-343.4841,6.40524578,-2.54751563,-343.871246,6.36512327,-2.77781367,-344.319366,6.14197826,-2.51809263,-344.489563,5.61833858,-2.24130273,-344.519257,5.10322952,-2.33486056,-344.208038,4.84606838,-2.0759964,-344.235413,4.70968008,-1.65956926,-344.258728,4.93997717,-1.64929962,-344.141479,5.30453157,-2.06860399,-344.259125,5.42361546,-2.21783757,-343.770782
507,7.02917337,-2.39195967,-344.897583,6.51050329,-2.25992894,-344.873596,6.4150095,-2.55005765,-345.264709,6.37265205,-2.77997589,-345.711273,6.14301348,-2.51940036,-345.878632,5.6167202,-2.24728203,-345.905151,5.10420942,-2.34232998,-345.591492,4.85347605,-2.08160567,-345.615417,4.71932125,-1.66400456,-345.636383,4.94869232,-1.65295672,-345.52179,5.31210709,-2.07375073,-345.640533,5.42924738,-2.22385693,-345.154846
508,7.03975868,-2.3949244,-346.285919,6.51992464,-2.26394868,-346.265839,6.42475796,-2.55255008,-346.660919,6.38017035,-2.78208804,-347.105927,6.14401388,-2.52071738,-347.270386,5.61513329,-2.25328135,-347.293732,5.10521841,-2.3497982,-346.977661,4.86091328,-2.08723497,-346.998169,4.72898293,-1.66844106,-347.016754,4.95738602,-1.65663946,-346.904877,5.31967688,-2.07887864,-347.024628,5.43488598,-2.22987509,-346.541626
509,7.05029297,-2.39789915,-347.677002,6.52932739,-2.26799297,-347.660858,6.43448925,-2.55499291,-348.059906,6.38767719,-2.78414989,-348.503326,6.14498138,-2.52204418,-348.664795,5.61357832,-2.25929976,-348.684998,5.10625696,-2.35726523,-348.366577,4.86837912,-2.09288335,-348.383667,4.73866415,-1.67287719,-348.399872,4.96605778,-1.66034877,-348.29071,5.3272419,-2.0839889,-348.411407,5.44053173,-2.23589206,-347.931122
510,7.06077576,-2.40088391,-349.070801,6.53871107,-2.27206159,-349.058655,6.44420385,-2.55738568,-349.461639,6.3951726,-2.78616095,-349.903503,6.14591694,-2.52338219,-350.06189,5.61205721,-2.26533723,-350.078949,5.10732555,-2.36473131,-349.758209,4.87587357,-2.09855151,-349.771912,4.74836445,-1.67731392,-349.785706,4.9747076,-1.66408491,-349.679291,5.33480167,-2.08908105,-349.800842,5.44618464,-2.24190688,-349.323364
511,7.07120657,-2.4038794,-350.467346,6.5480752,-2.27615452,-350.459198,6.45390034,-2.55972838,-350.866119,6.40265512,-2.78812027,-351.306427,6.14682293,-2.52473259,-351.461639,5.61057091,-2.27139354,-351.475586,5.10842419,-2.37219477,-351.152557,4.8833952,-2.10423899,-351.162903,4.75808287,-1.68175089,-351.174255,4.98333406,-1.66784847,-351.070618,5.34235764,-2.09415531,-351.192993,5.45184469,-2.2479198,-350.718323
512,7.08158445,-2.40688539,-351.866638,6.55742025,-2.28027225,-351.862518,6.4635787,-2.56202102,-352.273346,6.4101243,-2.79002738,-352.712097,6.14769983,-2.52609611,-352.864075,5.60911942,-2.27746868,-352.874908,5.10955381,-2.37965679,-352.549652,4.89094448,-2.10994625,-352.556641,4.76782036,-1.68618798,-352.565552,4.99193764,-1.67163944,-352.464691,5.34990883,-2.0992105,-352.587799,5.4575119,-2.25393057,-352.116028
513,7.09190989,-2.4099021,-353.268646,6.56674576,-2.28441477,-353.268585,6.47323656,-2.56426358,-353.683319,6.41757965,-2.79188204,-354.120514,6.14855051,-2.52747369,-354.269165,5.60770512,-2.28356147,-354.276917,5.11071444,-2.38711572,-353.949463,4.89851999,-2.1156733,-353.953156,4.77757549,-1.69062543,-353.959564,5.00051641,-1.67545879,-353.861511,5.35745621,-2.10424733,-353.985291,5.46318674,-2.25993896,-353.516449
514,7.10218191,-2.41293001,-354.673401,6.57605171,-2.28858256,-354.677429,6.48287439,-2.56645608,-355.096039,6.42501974,-2.79368353,-355.531677,6.14937639,-2.52886629,-355.676941,5.60632849,-2.28967237,-355.68161,5.11190701,-2.39457202,-355.35199,4.9061203,-2.12141895,-355.352417,4.78734779,-1.69506228,-355.356293,5.00907087,-1.67930686,-355.261078,5.36500025,-2.1092658,-355.385498,5.46886969,-2.2659452,-354.919617
515,7.11240005,-2.41596889,-356.080902,6.58533764,-2.29277539,-356.08902,6.49249077,-2.56859851,-356.511536,6.4324441,-2.79543114,-356.945618,6.15017891,-2.53027511,-357.087372,5.60499001,-2.29580116,-357.088989,5.11313152,-2.40202546,-356.757233,4.91374588,-2.12718368,-356.754425,4.79713726,-1.69949913,-356.755768,5.01760006,-1.68318427,-356.663391,5.37254047,-2.1142652,-356.788361,5.47456121,-2.27194905,-356.3255
516,7.12256384,-2.41901946,-357.491119,6.59460354,-2.29699373,-357.503387,6.50208473,-2.57069087,-357.929749,6.43985128,-2.79712391,-358.362305,6.15095997,-2.53170085,-358.500488,5.60369158,-2.30194759,-358.499054,5.11438847,-2.40947485,-358.165192,4.92139578,-2.13296795,-358.15918,4.80694342,-1.70393658,-358.157959,5.02610397,-1.68709087,-358.068451,5.38007736,-2.11924553,-358.193909,5.48026037,-2.27794981,-357.734131
517,7.13267326,-2.42208147,-358.904083,6.60384941,-2.30123758,-358.920532,6.51165485,-2.57273316,-359.350739,6.44724083,-2.79876161,-359.781738,6.15172291,-2.53314471,-359.91626,5.60243416,-2.30811095,-359.911835,5.11567783,-2.41691947,-359.575897,4.92906904,-2.13877225,-359.566681,4.81676579,-1.70837533,-359.562866,5.03458214,-1.69102716,-359.476257,5.38761044,-2.12420607,-359.602142,5.48596811,-2.28394747,-359.145477
518,7.14272738,-2.4251554,-360.319794,6.61307478,-2.30550694,-360.340454,6.52120161,-2.57472539,-360.774475,6.45461226,-2.80034351,-361.203918,6.15246773,-2.53460741,-361.334686,5.60121775,-2.31429172,-361.327301,5.11700106,-2.42436075,-360.989319,4.93676615,-2.14459515,-360.976929,4.82660389,-1.71281338,-360.97052,5.0430336,-1.69499397,-360.88681,5.39514112,-2.12914729,-361.013062,5.49168444,-2.28994226,-360.55957
519,7.1527257,-2.42824125,-361.738251,6.62227964,-2.30980182,-361.763123,6.53072357,-2.57666779,-362.200928,6.46196461,-2.80186939,-362.628845,6.15319633,-2.5360899,-362.755798,5.60004473,-2.32048869,-362.745453,5.11835766,-2.43179607,-362.405457,4.94448566,-2.15043831,-362.389923,4.83645773,-1.71725297,-362.38089,5.05145788,-1.69899106,-362.30011,5.40266848,-2.13406873,-362.426666,5.49740934,-2.29593372,-361.976379
520,7.16266775,-2.43133974,-363.159454,6.63146353,-2.31412268,-363.188568,6.54021883,-2.57856035,-363.630127,6.46929598,-2.80333829,-364.056549,6.15391159,-2.53759289,-364.179565,5.5989151,-2.32670212,-364.16629,5.11974859,-2.43922639,-363.82431,4.95222712,-2.15629911,-363.805664,4.84632587,-1.72169185,-363.793976,5.05985451,-1.7030195,-363.716156,5.4101944,-2.13897181,-363.842957,5.50314331,-2.30192208,-363.395935
521,7.17255354,-2.43445063,-364.583405,6.64062643,-2.31846952,-364.616791,6.54968739,-2.58040309,-365.062073,6.47660589,-2.80474901,-365.487,6.15461445,-2.53911734,-365.606018,5.59782887,-2.33293223,-365.589844,5.12117434,-2.44665194,-365.24588,4.95999098,-2.16217923,-365.224182,4.8562088,-1.7261312,-365.209808,5.06822348,-1.70707893,-365.134949,5.41771746,-2.14385462,-365.261932,5.50888634,-2.30790687,-364.818207
522,7.18238211,-2.43757391,-366.010071,6.64976835,-2.32284236,-366.047791,6.55912781,-2.58219624,-366.496765,6.48389292,-2.80610156,-366.920197,6.15530729,-2.54066443,-367.035126,5.59678793,-2.3391788,-367.016083,5.12263536,-2.45407176,-366.670197,4.9677763,-2.16807842,-366.645447,4.86610603,-1.73057115,-366.628357,5.07656384,-1.71116984,-366.556458,5.42523861,-2.1487174,-366.683594,5.51463842,-2.3138876,-366.243225
523,7.19215345,-2.44071007,-367.439484,6.65888882,-2.32724118,-367.481537,6.56853914,-2.58393979,-367.934204,6.49115658,-2.80739546,-368.35614,6.15599203,-2.54223466,-368.466888,5.59579372,-2.3454411,-368.445007,5.12413168,-2.46148443,-368.097229,4.97558165,-2.17399621,-368.069458,4.87601662,-1.73501205,-368.049652,5.08487511,-1.71529281,-367.980713,5.43275785,-2.15356088,-368.107941,5.52040052,-2.31986499,-367.670959
524,7.2018671,-2.44385886,-368.871643,6.66798782,-2.33166599,-368.91806,6.57792139,-2.58563399,-369.37439,6.49839544,-2.80862904,-369.79483,6.15666914,-2.5438292,-369.901337,5.59484673,-2.35171962,-369.876617,5.12566423,-2.46889067,-369.526978,4.9834075,-2.17993212,-369.496216,4.88594007,-1.73945332,-369.473663,5.09315729,-1.71944809,-369.407715,5.44027615,-2.1583848,-369.535004,5.52617216,-2.3258388,-369.10141
525,7.2115221,-2.44702101,-370.306549,6.6770649,-2.33611679,-370.357361,6.5872736,-2.58727884,-370.817291,6.50560856,-2.80980182,-371.236267,6.15734148,-2.54544878,-371.33844,5.59394789,-2.35801387,-371.310944,5.12723351,-2.47628927,-370.959473,4.9912529,-2.18588638,-370.92569,4.89587641,-1.74389553,-370.900421,5.10140944,-1.72363615,-370.837463,5.44779301,-2.16318917,-370.964722,5.53195429,-2.33180833,-370.534607
526,7.22111845,-2.45019603,-371.744202,6.68611956,-2.34059358,-371.799438,6.59659433,-2.58887434,-372.262939,6.51279449,-2.81091356,-372.68045,6.15801096,-2.54709411,-372.778229,5.59309769,-2.36432385,-372.747955,5.12883949,-2.48368096,-372.394684,4.99911833,-2.19185901,-372.357941,4.90582466,-1.74833846,-372.329895,5.10963154,-1.72785687,-372.269958,5.45530891,-2.16797352,-372.397125,5.53774643,-2.33777404,-371.97052
527,7.23065519,-2.45338511,-373.184601,6.69515228,-2.34509683,-373.244293,6.60588217,-2.59042096,-373.711334,6.5199523,-2.81196332,-374.12738,6.15867949,-2.54876566,-374.220673,5.59229803,-2.37064886,-374.187683,5.13048363,-2.49106407,-373.832611,5.00700283,-2.19785142,-373.792938,4.91578484,-1.75278366,-373.762115,5.11782312,-1.7321099,-373.7052,5.46282291,-2.1727376,-373.832245,5.54354906,-2.34373522,-373.40918
528,7.24013233,-2.45658779,-374.627747,6.70416212,-2.34962606,-374.691925,6.6151371,-2.59191871,-375.162445,6.52708054,-2.81295037,-375.577057,6.15934849,-2.55046463,-375.665802,5.59154892,-2.37698913,-375.630096,5.13216591,-2.49843931,-375.273254,5.01490641,-2.20386147,-375.230652,4.92575645,-1.75722969,-375.197052,5.12598372,-1.73639631,-375.143188,5.47033644,-2.17748213,-375.27005,5.54936218,-2.34969187,-374.850555
529,7.24954891,-2.45980406,-376.073669,6.71314955,-2.35418153,-376.142303,6.62435675,-2.59336805,-376.616302,6.53417778,-2.81387424,-377.02948,6.16002083,-2.55219173,-377.113586,5.59085131,-2.38334465,-377.075226,5.13388681,-2.50580549,-376.716644,5.02282858,-2.20988965,-376.671112,4.93573856,-1.76167703,-376.634735,5.13411236,-1.7407161,-376.583893,5.47784901,-2.18220711,-376.710541,5.55518627,-2.35564399,-376.294678
530,7.25890493,-2.46303415,-377.522339,6.72211409,-2.35876322,-377.595459,6.63354158,-2.59476924,-378.072906,6.54124308,-2.81473398,-378.48465,6.16069698,-2.55394769,-378.564026,5.59020567,-2.38971519,-378.523041,5.1356473,-2.51316285,-378.16275,5.03076935,-2.2159369,-378.114349,4.94573116,-1.76612639,-378.075134,5.14220905,-1.74506891,-378.027344,5.48536062,-2.18691182,-378.153717,5.5610218,-2.36159134,-377.741547
531,7.2682004,-2.46627808,-378.973755,6.73105526,-2.36337113,-379.051392,6.6426897,-2.59612226,-379.532227,6.54827547,-2.81552935,-379.942535,6.16137934,-2.55573297,-380.017151,5.58961391,-2.39610028,-379.973541,5.13744736,-2.52051067,-379.611572,5.03872776,-2.22200084,-379.560303,4.95573282,-1.77057683,-379.51828,5.15027332,-1.74945593,-379.473541,5.49287271,-2.1915977,-379.599579,5.56686878,-2.36753464,-379.191132
532,7.27743387,-2.46953607,-380.427917,6.73997307,-2.36800504,-380.510101,6.65180111,-2.59742761,-380.994293,6.55527306,-2.81625915,-381.403168,6.16206932,-2.55754852,-381.472931,5.58907604,-2.40250015,-381.426758,5.13928795,-2.52784848,-381.06311,5.04670382,-2.22808266,-381.009003,4.96574402,-1.77502894,-380.964142,5.15830469,-1.75387692,-380.922485,5.50038481,-2.19626403,-381.048126,5.57272768,-2.37347341,-380.643433
533,7.28660536,-2.47280788,-381.884827,6.74886703,-2.37266493,-381.971588,6.66087437,-2.5986855,-382.459076,6.56223488,-2.81692266,-382.866547,6.16276884,-2.55939531,-382.931396,5.58859348,-2.4089148,-382.88269,5.14117002,-2.5351758,-382.517395,5.05469751,-2.23418355,-382.460449,4.97576427,-1.77948427,-382.41275,5.16630363,-1.75833118,-382.374146,5.50789642,-2.20091009,-382.499359,5.57859755,-2.37940693,-382.09848
534,7.29571486,-2.47609377,-383.344482,6.75773668,-2.37735033,-383.435852,6.669909,-2.59989643,-383.926575,6.56915998,-2.81751966,-384.332672,6.1634798,-2.56127357,-384.392548,5.58816719,-2.41534352,-384.341309,5.14309311,-2.54249191,-383.974396,5.0627079,-2.24030113,-383.914642,4.98579168,-1.78394139,-383.864075,5.17426872,-1.76282012,-383.828552,5.51540899,-2.20553756,-383.953278,5.58447981,-2.38533592,-383.556244
535,7.30476141,-2.4793942,-384.806885,6.76658249,-2.38206172,-384.902893,6.6789031,-2.60106039,-385.39682,6.57604551,-2.81804919,-385.801544,6.1642046,-2.56318378,-385.856354,5.58779716,-2.42178726,-385.802643,5.14505911,-2.54979801,-385.434113,5.07073545,-2.24643493,-385.371582,4.99582672,-1.78839922,-385.318146,5.18219995,-1.76734352,-385.285675,5.52292252,-2.2101469,-385.409912,5.59037447,-2.39126015,-385.016754
536,7.31374407,-2.48270941,-386.272034,6.77540398,-2.3867991,-386.372711,6.6878562,-2.6021781,-386.869781,6.58289051,-2.81851053,-387.273132,6.16494513,-2.56512666,-387.322815,5.58748484,-2.42824507,-387.266663,5.14706802,-2.55709267,-386.896545,5.0787797,-2.25258636,-386.831268,5.00586891,-1.79286027,-386.774933,5.19009733,-1.77190089,-386.745544,5.53043604,-2.21473622,-386.869232,5.59628201,-2.39717937,-386.47998
537,7.32266283,-2.48603892,-387.73996,6.78420019,-2.39156222,-387.845306,6.69676733,-2.60324979,-388.345459,6.5896945,-2.81890345,-388.747467,6.16570187,-2.56710291,-388.791962,5.58723164,-2.4347167,-388.733398,5.14912033,-2.56437421,-388.361725,5.08683968,-2.25875497,-388.293701,5.01591778,-1.79732454,-388.234467,5.1979599,-1.77649283,-388.20813,5.53795052,-2.21930695,-388.331238,5.60220242,-2.40309381,-387.945953
538,7.3315177,-2.48938298,-389.210632,6.79297161,-2.39635086,-389.320679,6.70563602,-2.60427594,-389.823883,6.5964551,-2.81922698,-390.224548,6.1664772,-2.56911302,-390.263794,5.58703804,-2.4412024,-390.20285,5.15121651,-2.57164335,-389.82962,5.09491587,-2.26494026,-389.758881,5.02597189,-1.80179179,-389.696747,5.20578766,-1.78111947,-389.673462,5.54546595,-2.22385883,-389.795929,5.60813618,-2.40900326,-389.414642
539,7.34030724,-2.4927423,-390.684082,6.80171776,-2.40116501,-390.798828,6.71446085,-2.6052568,-391.305023,6.60317087,-2.81948066,-391.704346,6.16727352,-2.57115722,-391.738281,5.58690453,-2.44770193,-391.675018,5.15335751,-2.57889962,-391.300232,5.10300779,-2.27114105,-391.226776,5.03603077,-1.80626142,-391.161743,5.21358013,-1.78578103,-391.14151,5.55298281,-2.22839308,-391.263336,5.61408377,-2.41490793,-390.886078
540,7.34903145,-2.49611616,-392.160278,6.81043863,-2.40600443,-392.279755,6.72324085,-2.60619307,-392.788879,6.60984087,-2.819664,-393.18689,6.1680913,-2.57323623,-393.215454,5.58683252,-2.45421505,-393.149872,5.15554428,-2.58614206,-392.77359,5.11111546,-2.27735853,-392.697418,5.04609442,-1.81073534,-392.629486,5.22133684,-1.79047728,-392.612305,5.56050062,-2.23290849,-392.733429,5.62004519,-2.42080784,-392.360229
541,7.35769033,-2.4995048,-393.639221,6.81913328,-2.41086888,-393.763458,6.73197556,-2.60708499,-394.275452,6.61646271,-2.81977582,-394.67215,6.16893291,-2.57535076,-394.695312,5.58682251,-2.46074224,-394.627441,5.15777731,-2.59337091,-394.249664,5.11923885,-2.28359175,-394.170807,5.05616236,-1.81521225,-394.099945,5.22905779,-1.79520833,-394.085815,5.56801939,-2.23740625,-394.206207,5.62602091,-2.4267025,-393.837097
542,7.36628342,-2.50290823,-395.120941,6.8278017,-2.41575837,-395.249939,6.74066353,-2.60793328,-395.76474,6.62303543,-2.81981635,-396.160126,6.1697998,-2.57750106,-396.177856,5.58687544,-2.46728301,-396.107727,5.16005754,-2.60058546,-395.728455,5.12737703,-2.28983927,-395.646942,5.06623316,-1.8196919,-395.573151,5.2367425,-1.79997492,-395.562073,5.57554054,-2.24188709,-395.681702,5.63201189,-2.43259263,-395.316711
543,7.37480927,-2.50632668,-396.605408,6.8364439,-2.42067266,-396.739197,6.74930334,-2.60873842,-397.256744,6.62955713,-2.81978512,-397.650848,6.17069483,-2.57968736,-397.663055,5.58699226,-2.4738369,-397.590729,5.16238499,-2.60778475,-397.209991,5.13553047,-2.29610229,-397.125793,5.07630682,-1.82417583,-397.049103,5.24439096,-1.80477643,-397.041046,5.58306313,-2.24635029,-397.159882,5.63801765,-2.43847775,-396.799042
544,7.38326836,-2.50976014,-398.092651,6.84505939,-2.4256115,-398.231232,6.75789499,-2.60950089,-398.751465,6.63602638,-2.81968117,-399.144287,6.17161798,-2.58191013,-399.15094,5.58717394,-2.48040438,-399.076447,5.16476107,-2.61496902,-398.694244,5.14369917,-2.30238032,-398.607391,5.08638239,-1.82866359,-398.527771,5.25200224,-1.80961311,-398.522766,5.59058762,-2.25079656,-398.640747,5.64403915,-2.44435787,-398.284119
545,7.39166021,-2.51320839,-399.582642,6.85364771,-2.43057489,-399.726044,6.76643753,-2.61022139,-400.248901,6.64244175,-2.81950426,-400.640442,6.17257118,-2.58416986,-400.64151,5.58742094,-2.48698473,-400.56485,5.16718626,-2.62213755,-400.181213,5.15188313,-2.3086741,-400.091736,5.09645987,-1.83315647,-400.009186,5.2595768,-1.814484,-400.007202,5.59811306,-2.25522518,-400.124329,5.65007591,-2.45023298,-399.771912
546,7.39998388,-2.51667166,-401.075409,6.86220884,-2.43556237,-401.223633,6.77493,-2.6109004,-401.749054,6.64880085,-2.81925392,-402.139343,6.17355633,-2.58646703,-402.134766,5.58773422,-2.49357843,-402.055969,5.16966152,-2.6292901,-401.670898,5.16008091,-2.31498051,-401.578796,5.10653734,-1.83765233,-401.493347,5.26711464,-1.81939089,-401.494385,5.60564089,-2.25963855,-401.610596,5.65612888,-2.45610332,-401.262451
547,7.40823984,-2.52014971,-402.570923,6.87074232,-2.44057369,-402.723999,6.78337097,-2.61153865,-403.251923,6.65510273,-2.81892967,-403.640961,6.17457533,-2.58880162,-403.630707,5.58811522,-2.50018477,-403.549805,5.17218781,-2.63642502,-403.16333,5.16829348,-2.32130194,-403.068604,5.1166153,-1.84215403,-402.980225,5.27461481,-1.82433236,-402.984283,5.61317062,-2.26403546,-403.099579,5.66219807,-2.46196866,-402.755707
548,7.41642618,-2.52364326,-404.069214,6.87924814,-2.44560909,-404.227173,6.79175949,-2.61213636,-404.757507,6.66134501,-2.81853104,-405.145294,6.17562962,-2.59117389,-405.129333,5.58856487,-2.50680399,-405.046356,5.17476606,-2.64354253,-404.658478,5.17652082,-2.32763767,-404.561157,5.12669277,-1.84666109,-404.469849,5.28207731,-1.82930875,-404.476898,5.62070227,-2.26841617,-404.591248,5.66828394,-2.46782899,-404.251709
549,7.42454338,-2.52715182,-405.570251,6.88772535,-2.45066786,-405.733124,6.80009556,-2.61269474,-406.265808,6.66752625,-2.81805801,-406.652344,6.17672014,-2.5935843,-406.630646,5.58908415,-2.51343584,-406.545654,5.1773963,-2.65064168,-406.156372,5.184762,-2.33398533,-406.056427,5.13676834,-1.85117304,-405.962219,5.28950167,-1.83432102,-405.972229,5.62823677,-2.27278209,-406.085632,5.67438745,-2.47368503,-405.750427
550,7.43259096,-2.53067517,-407.074066,6.89617395,-2.45574999,-407.241852,6.80837774,-2.61321425,-407.776794,6.6736455,-2.81751013,-408.162109,6.17784882,-2.5960331,-408.134644,5.58967257,-2.52008009,-408.047638,5.18007994,-2.65772343,-407.656982,5.19301796,-2.3403461,-407.554443,5.14684248,-1.85569036,-407.457336,5.29688835,-1.83936787,-407.470306,5.63577271,-2.27713227,-407.582703,5.68050814,-2.47953629,-407.251892
551,7.44056797,-2.53421354,-408.580658,6.90459347,-2.46085501,-408.753357,6.81660557,-2.61369562,-409.290497,6.67970085,-2.81688738,-409.674591,6.17901707,-2.59852004,-409.641327,5.59033251,-2.52673626,-409.552368,5.18281746,-2.66478515,-409.160309,5.20128775,-2.3467195,-409.055206,5.15691376,-1.86021376,-408.95517,5.30423641,-1.84445012,-408.9711,5.64331102,-2.28146839,-409.082489,5.68664694,-2.4853828,-408.756073
552,7.44847488,-2.5377667,-410.089996,6.91298389,-2.46598244,-410.267639,6.8247776,-2.6141398,-410.806915,6.6856904,-2.81618929,-411.189758,6.18022585,-2.60104585,-411.150696,5.59106398,-2.53340459,-411.059814,5.18561029,-2.67182755,-410.666382,5.20957232,-2.35310555,-410.558685,5.1669817,-1.86474359,-410.45575,5.31154633,-1.84956706,-410.474609,5.65085125,-2.28578973,-410.584961,5.69280386,-2.49122453,-410.263
553,7.45631027,-2.54133511,-411.602112,6.92134476,-2.47113228,-411.784698,6.83289433,-2.61454725,-412.326019,6.69161367,-2.8154161,-412.707642,6.18147707,-2.60361028,-412.66275,5.5918684,-2.54008412,-412.569977,5.18845844,-2.67884898,-412.175171,5.21786976,-2.35950208,-412.064911,5.17704487,-1.86927903,-411.959076,5.31881762,-1.85472012,-411.980835,5.65839434,-2.29009843,-412.090149,5.69898033,-2.49706173,-411.772644
554,7.46407413,-2.5449183,-413.117004,6.92967558,-2.47630429,-413.304535,6.84095383,-2.61491871,-413.847839,6.69746828,-2.8145678,-414.228241,6.18277216,-2.60621333,-414.17749,5.59274626,-2.54677486,-414.082855,5.19136333,-2.68584919,-413.686707,5.22618103,-2.36591053,-413.573853,5.18710327,-1.87382197,-413.465118,5.32605076,-1.85990787,-413.489807,5.66593933,-2.29439306,-413.598022,5.7051754,-2.5028944,-413.285004
555,7.47176647,-2.54851604,-414.634674,6.93797588,-2.48149776,-414.827148,6.84895563,-2.61525536,-415.372345,6.70325232,-2.81364393,-415.751526,6.1841116,-2.60885525,-415.694946,5.5936985,-2.55347705,-415.59845,5.19432545,-2.69282842,-415.200958,5.23450613,-2.37232971,-415.085541,5.19715643,-1.87837148,-414.973907,5.3332448,-1.86513078,-415.001495,5.67348671,-2.29867506,-415.108612,5.7113905,-2.50872254,-414.80011
556,7.47938681,-2.55212831,-416.155121,6.94624567,-2.48671269,-416.35257,6.85689878,-2.61555791,-416.899567,6.70896482,-2.81264496,-417.277527,6.18549728,-2.61153603,-417.215088,5.59472561,-2.56018996,-417.11676,5.19734573,-2.69978595,-416.717926,5.24284506,-2.37875938,-416.599945,5.20720339,-1.88292813,-416.485443,5.34039974,-1.87038851,-416.5159,5.681036,-2.30294466,-416.621918,5.71762562,-2.51454592,-416.317932
557,7.48693466,-2.5557549,-417.678314,6.95448446,-2.49194837,-417.880768,6.86478233,-2.61582732,-418.429474,6.71460342,-2.81157064,-418.806213,6.18693018,-2.61425591,-418.737915,5.59582949,-2.56691337,-418.637787,5.20042515,-2.70672035,-418.23764,5.25119734,-2.38519835,-418.117096,5.21724319,-1.88749254,-417.999725,5.34751558,-1.87568176,-418.03302,5.68858767,-2.30720234,-418.137909,5.72388124,-2.52036524,-417.838501
558,7.49440908,-2.55939603,-419.204285,6.96269178,-2.49720478,-419.411743,6.87260628,-2.61606407,-419.962097,6.72016668,-2.81042075,-420.337616,6.18841171,-2.61701465,-420.263458,5.59701061,-2.57364726,-420.16156,5.20356512,-2.71363139,-419.760071,5.25956345,-2.39164758,-419.636963,5.22727537,-1.89206553,-419.516754,5.3545928,-1.88100958,-419.552856,5.69614124,-2.3114481,-419.656616,5.73015738,-2.52617979,-419.361786
559,7.5018096,-2.56305194,-420.733032,6.97086716,-2.50248122,-420.945496,6.88036919,-2.61626911,-421.497406,6.72565365,-2.809196,-421.871704,6.18994284,-2.61981201,-421.791687,5.59826946,-2.58039069,-421.688049,5.20676613,-2.7205174,-421.285248,5.26794291,-2.39810514,-421.159546,5.23729849,-1.89664662,-421.036499,5.36163092,-1.88637304,-421.075409,5.7036972,-2.3156836,-421.17804,5.73645496,-2.53199053,-420.887817
560,7.50913572,-2.56672215,-422.264557,6.97901058,-2.50777745,-422.482025,6.88807106,-2.61644387,-423.0354,6.73106194,-2.80789661,-423.408478,6.19152451,-2.622648,-423.322601,5.59960699,-2.5871439,-423.217255,5.21002865,-2.7273798,-422.813141,5.27633572,-2.40457129,-422.684875,5.24731255,-1.9012363,-422.55899,5.36862993,-1.89177108,-422.600677,5.7112546,-2.31990814,-422.702179,5.74277401,-2.53779674,-422.416565
561,7.51638746,-2.57040668,-423.798859,6.98712158,-2.51309299,-424.021332,6.89571142,-2.61658883,-424.57608,6.73639107,-2.80652285,-424.947937,6.19315767,-2.62552238,-424.856232,5.60102415,-2.59390569,-424.749207,5.21335411,-2.73421597,-424.343781,5.2847414,-2.41104579,-424.212921,5.25731659,-1.90583551,-424.084229,5.37559032,-1.89720428,-424.128662,5.7188139,-2.32412291,-424.229004,5.74911547,-2.54359865,-423.948059
562,7.52356482,-2.57410502,-425.335938,6.99519968,-2.51842761,-425.563416,6.90328884,-2.61670518,-426.119476,6.74163914,-2.80507469,-426.490112,6.19484329,-2.62843513,-426.392578,5.60252142,-2.60067701,-426.283875,5.21674347,-2.74102688,-425.877136,5.29316044,-2.41752648,-425.743713,5.26730967,-1.91044354,-425.612213,5.38251162,-1.90267277,-425.659363,5.7263751,-2.32832837,-425.758545,5.75547934,-2.54939675,-425.482269
563,7.53066683,-2.57781744,-426.875824,7.0032444,-2.52378058,-427.108276,6.91080332,-2.61679387,-427.665558,6.74680471,-2.80355287,-428.034973,6.19658279,-2.63138604,-427.93161,5.60409975,-2.60745621,-427.821259,5.2201972,-2.74781036,-427.413208,5.30159283,-2.42401433,-427.277222,5.2772913,-1.91506171,-427.142944,5.38939333,-1.90817618,-427.19278,5.73393822,-2.33252501,-427.290802,5.76186705,-2.55519056,-427.019226
564,7.53769398,-2.58154345,-428.418457,7.01125574,-2.52915144,-428.655945,6.9182539,-2.6168561,-429.214325,6.75188637,-2.80195785,-429.582489,6.19837666,-2.63437486,-429.473358,5.6057601,-2.61424279,-429.361389,5.22371626,-2.75456595,-428.952026,5.31003761,-2.43050766,-428.813446,5.28726006,-1.91969001,-428.676422,5.39623642,-1.91371512,-428.728912,5.74150276,-2.33671403,-428.825775,5.76827812,-2.56098056,-428.558899
565,7.54464483,-2.58528304,-429.963898,7.01923323,-2.5345397,-430.20639,6.92564011,-2.61689281,-430.765778,6.75688267,-2.80029011,-431.13269,6.20022535,-2.63740134,-431.017822,5.60750341,-2.62103724,-430.904236,5.22730207,-2.76129365,-430.493561,5.31849623,-2.43700719,-430.352417,5.29721594,-1.9243294,-430.212646,5.40304089,-1.9192884,-430.267761,5.74906874,-2.34089446,-430.363464,5.77471304,-2.5667665,-430.101288
566,7.55151987,-2.58903575,-431.512115,7.02717638,-2.53994536,-431.759613,6.93296099,-2.61690497,-432.319916,6.76179314,-2.79855061,-432.685577,6.20213032,-2.64046502,-432.565002,5.6093297,-2.6278379,-432.449829,5.23095512,-2.76799107,-432.037842,5.32696724,-2.44351125,-431.894104,5.30715704,-1.92897987,-431.751587,5.40980625,-1.92489755,-431.809326,5.75663614,-2.34506822,-431.90387,5.78117275,-2.57254863,-431.646423
567,7.55831909,-2.59280157,-433.06311,7.03508425,-2.54536724,-433.315613,6.94021654,-2.61689401,-433.87674,6.76661587,-2.79673958,-434.24115,6.20409155,-2.64356565,-434.114868,5.61123991,-2.63464499,-433.998138,5.23467636,-2.77465844,-433.584839,5.33545113,-2.45001936,-433.438507,5.31708336,-1.93364167,-433.293274,5.41653252,-1.93054187,-433.353607,5.7642045,-2.34923601,-433.44696,5.78765774,-2.5783267,-433.194275
568,7.56504154,-2.59658051,-434.616882,7.04295731,-2.55080509,-434.87439,6.94740629,-2.61686063,-435.436249,6.77134943,-2.79485798,-435.799377,6.20611,-2.646703,-435.66745,5.61323547,-2.64145827,-435.549194,5.23846722,-2.78129601,-435.134583,5.34394789,-2.45653081,-434.985657,5.32699442,-1.93831515,-434.837708,5.42322063,-1.93622112,-434.900574,5.77177429,-2.35339785,-434.992767,5.79416752,-2.58410096,-434.744873
569,7.57168674,-2.60037231,-436.173431,7.0507946,-2.55625844,-436.435974,6.95453024,-2.61680603,-436.998444,6.77599382,-2.79290676,-437.360291,6.20818663,-2.64987659,-437.222748,5.61531591,-2.64827657,-437.102966,5.24232769,-2.78790188,-436.687042,5.35245705,-2.46304488,-436.535522,5.33688879,-1.94300115,-436.384888,5.42987061,-1.94193578,-436.450256,5.77934504,-2.35755444,-436.54129,5.80070305,-2.58987164,-436.298187
570,7.57825518,-2.60417652,-437.732758,7.05859613,-2.56172681,-438.000336,6.96158743,-2.61673164,-438.563324,6.7805481,-2.79088688,-438.923859,6.21032095,-2.65308595,-438.780762,5.61748219,-2.65509892,-438.659485,5.24625874,-2.79447484,-438.242249,5.36097908,-2.4695611,-438.088104,5.34676552,-1.94770062,-437.934814,5.43648243,-1.94768572,-438.002655,5.78691626,-2.36170626,-438.092529,5.8072648,-2.59563851,-437.854248
571,7.58474541,-2.60799313,-439.294891,7.06636095,-2.56720972,-439.567474,6.96857834,-2.61663842,-440.13089,6.78500986,-2.78879881,-440.490112,6.2125144,-2.65633059,-440.341492,5.61973476,-2.66192555,-440.21875,5.25026131,-2.80101514,-439.800171,5.36951303,-2.47607756,-439.643402,5.35662413,-1.95241272,-439.487488,5.44305658,-1.95347142,-439.55777,5.79448843,-2.3658545,-439.646484,5.81385374,-2.60140181,-439.413025
572,7.59115744,-2.61182189,-440.859802,7.07408953,-2.57270622,-441.13739,6.97550297,-2.6165278,-441.701141,6.78938007,-2.78664398,-442.059021,6.2147665,-2.65961003,-441.904968,5.62207413,-2.66875482,-441.780731,5.25433588,-2.80752134,-441.36084,5.37805986,-2.48259544,-441.201416,5.36646366,-1.95713937,-441.042908,5.44959307,-1.95929217,-441.115601,5.80206108,-2.36999893,-441.203186,5.82046938,-2.60716128,-440.974518
573,7.59749126,-2.61566257,-442.42749,7.08178091,-2.57821584,-442.710083,6.98236036,-2.61640048,-443.274078,6.7936573,-2.78442359,-443.630585,6.21707821,-2.66292381,-443.471161,5.62450123,-2.6755867,-443.345459,5.25848389,-2.8139925,-442.924225,5.38661861,-2.48911285,-442.762146,5.37628365,-1.96188009,-442.601074,5.4560914,-1.96514845,-442.676147,5.80963326,-2.37414122,-442.762573,5.82711315,-2.61291718,-442.538757
574,7.60374546,-2.61951542,-443.997986,7.0894351,-2.58373785,-444.285553,6.989151,-2.61625743,-444.84967,6.79784107,-2.78213906,-445.204803,6.21944952,-2.66627145,-445.04007,5.62701607,-2.68242073,-444.912903,5.26270628,-2.82042837,-444.490356,5.39519024,-2.49562979,-444.325623,5.38608313,-1.96663547,-444.161987,5.46255255,-1.97103965,-444.23938,5.81720543,-2.37828135,-444.324707,5.83378458,-2.61866927,-444.105713
575,7.60992098,-2.62337947,-445.571259,7.09705114,-2.58927202,-445.8638,6.9958744,-2.61610079,-446.427948,6.80193043,-2.77979112,-446.781677,6.22188044,-2.66965199,-446.611694,5.62961912,-2.68925548,-446.483093,5.26700354,-2.82682776,-446.059204,5.40377426,-2.50214553,-445.891815,5.39586115,-1.97140658,-445.725647,5.4689765,-1.97696602,-445.805328,5.82477713,-2.38242006,-445.889557,5.84048462,-2.62441778,-445.675415
576,7.61601734,-2.62725496,-447.147339,7.10462952,-2.5948174,-447.444824,7.00253105,-2.6159308,-448.008911,6.80592585,-2.77738166,-448.361206,6.22437096,-2.67306519,-448.186066,5.63231039,-2.69608998,-448.05603,5.27137613,-2.83318901,-447.630798,5.4123702,-2.50865889,-447.460724,5.40561676,-1.97619426,-447.292053,5.47536373,-1.98292828,-447.373993,5.83234835,-2.38655829,-447.457123,5.84721375,-2.63016272,-447.247864
577,7.62203455,-2.63114142,-448.726196,7.11216927,-2.60037303,-449.028656,7.00912094,-2.61574936,-449.59256,6.8098259,-2.77491188,-449.94339,6.22692108,-2.67651033,-449.763153,5.63509035,-2.70292425,-449.631714,5.27582502,-2.83951235,-449.205139,5.42097807,-2.51516914,-449.032349,5.41534948,-1.98099852,-448.861206,5.48171473,-1.98892581,-448.945374,5.83991909,-2.39069629,-449.027405,5.85397148,-2.63590407,-448.823029
578,7.62797213,-2.63503861,-450.307861,7.11966991,-2.60593891,-450.615265,7.01564503,-2.61555767,-451.178864,6.81363153,-2.77238274,-451.528229,6.22953129,-2.67998672,-451.342957,5.637959,-2.70975661,-451.210114,5.28035021,-2.84579611,-450.782196,5.42959785,-2.52167559,-450.606689,5.42505836,-1.98582029,-450.433105,5.48802948,-1.99495912,-450.51944,5.84748888,-2.39483476,-450.600403,5.86075878,-2.64164186,-450.400909
579,7.63382959,-2.63894629,-451.892303,7.12713194,-2.61151409,-452.204651,7.02210188,-2.61535645,-452.767853,6.81734133,-2.76979613,-453.115723,6.2322011,-2.68349385,-452.925507,5.6409173,-2.71658707,-452.79126,5.28495312,-2.85204029,-452.361969,5.43822908,-2.52817631,-452.183746,5.43474245,-1.99065971,-452.007751,5.49430895,-2.0010283,-452.096222,5.85505724,-2.39897466,-452.176117,5.86757612,-2.6473763,-451.981537
580,7.63960648,-2.64286423,-453.479553,7.13455439,-2.61709785,-453.796814,7.0284934,-2.61514711,-454.359497,6.82095671,-2.76715374,-454.705872,6.23493004,-2.68703103,-454.510773,5.64396381,-2.72341394,-454.375153,5.28963375,-2.85824323,-453.944489,5.44687223,-2.53467202,-453.763519,5.44440126,-1.99551749,-453.585144,5.50055313,-2.00713348,-453.67572,5.86262465,-2.40311646,-453.754547,5.87442303,-2.65310693,-453.56488
581,7.6453042,-2.64679193,-455.069611,7.14193726,-2.62268925,-455.391754,7.03481865,-2.61493111,-455.953827,6.82447767,-2.76445723,-456.298645,6.23771811,-2.69059777,-456.098785,5.64709949,-2.73023677,-455.961792,5.29439306,-2.86440444,-455.529755,5.45552635,-2.54116106,-455.346008,5.45403385,-2.00039411,-455.165283,5.50676203,-2.01327467,-455.257904,5.87019014,-2.40726137,-455.335724,5.8813014,-2.65883398,-455.15097
582,7.65092182,-2.65072894,-456.662445,7.14927959,-2.62828803,-456.989471,7.04107809,-2.61470985,-457.550842,6.82790279,-2.76170802,-457.894073,6.24056482,-2.69419265,-457.689514,5.65032482,-2.73705506,-457.551147,5.29923201,-2.87052345,-457.117737,5.46419191,-2.54764175,-456.931213,5.46363926,-2.00529003,-456.748169,5.51293659,-2.01945186,-456.842804,5.87775326,-2.41140985,-456.919617,5.88821077,-2.66455746,-456.739777
583,7.65645838,-2.65467548,-458.258087,7.15658188,-2.63389301,-458.589966,7.04727316,-2.61448407,-459.150513,6.83123398,-2.75890803,-459.492126,6.24347019,-2.69781566,-459.28299,5.65363932,-2.7438674,-459.14325,5.3041501,-2.8765986,-458.708466,5.47286892,-2.55411458,-458.519135,5.47321653,-2.0102067,-458.333801,5.5190773,-2.02566528,-458.43042,5.88531446,-2.41556215,-458.506226,5.89515114,-2.67027736,-458.331329
584,7.66191435,-2.65863085,-459.856537,7.16384363,-2.63950324,-460.193237,7.05340433,-2.61425495,-460.752869,6.83447123,-2.75605941,-461.092834,6.24643326,-2.70146585,-460.879211,5.6570425,-2.75067282,-460.738098,5.30914879,-2.88262939,-460.30191,5.48155737,-2.56057954,-460.109772,5.48276567,-2.01514482,-459.92218,5.52518415,-2.03191423,-460.020721,5.89287281,-2.4197185,-460.095551,5.9021225,-2.67599344,-459.925598
585,7.66728973,-2.6625948,-461.457764,7.17106438,-2.64511847,-461.799286,7.05947208,-2.61402392,-462.35788,6.83761549,-2.75316381,-462.696167,6.24945354,-2.70514226,-462.478149,5.66053391,-2.75747061,-462.335693,5.31422758,-2.88861489,-461.898102,5.49025679,-2.56703424,-461.703125,5.49228525,-2.02010441,-461.513306,5.53125858,-2.03819942,-461.613739,5.9004283,-2.42388034,-461.687622,5.90912533,-2.68170595,-461.522583
586,7.67258453,-2.66656709,-463.061798,7.17824411,-2.65073752,-463.408112,7.06547737,-2.61379194,-463.965576,6.8406682,-2.75022292,-464.302124,6.25253105,-2.70884442,-464.079834,5.66411304,-2.76425958,-463.936005,5.31938696,-2.89455414,-463.497009,5.49896669,-2.57347751,-463.299194,5.50177479,-2.0250864,-463.107178,5.53730011,-2.04452109,-463.209473,5.90798092,-2.42804837,-463.28241,5.91616058,-2.68741465,-463.122314
587,7.67779875,-2.67054701,-464.66864,7.18538189,-2.65635991,-465.019714,7.07141972,-2.61356044,-465.575928,6.84362936,-2.74723911,-465.910736,6.25566435,-2.71257138,-465.684265,5.6677804,-2.77103877,-465.539062,5.3246274,-2.90044594,-465.098663,5.50768757,-2.57990909,-464.897949,5.51123333,-2.03009152,-464.703827,5.54330921,-2.05087948,-464.807892,5.9155302,-2.43222332,-464.879913,5.92322826,-2.69311976,-464.724762
588,7.68293238,-2.67453456,-466.27829,7.19247818,-2.66198421,-466.634094,7.0773015,-2.61333036,-467.188965,6.84649992,-2.7442143,-467.521973,6.25885296,-2.71632242,-467.291443,5.67153502,-2.77780724,-467.144867,5.3299489,-2.90628958,-466.703033,5.51641846,-2.58632803,-466.49942,5.5206604,-2.03511977,-466.303223,5.54928684,-2.05727458,-466.409027,5.92307568,-2.43640614,-466.480164,5.93032885,-2.69882107,-466.329956
589,7.68798494,-2.67852926,-467.890717,7.19953251,-2.66760945,-468.251282,7.08312321,-2.61310291,-468.804657,6.84928179,-2.74115062,-469.135834,6.26209641,-2.72009706,-468.901367,5.67537642,-2.78456426,-468.753418,5.33535242,-2.91208434,-468.31012,5.52515984,-2.59273362,-468.103607,5.53005457,-2.04017258,-467.905365,5.55523348,-2.06370616,-468.012878,5.93061686,-2.44059706,-468.08313,5.93746233,-2.70451832,-467.937866
590,7.69295597,-2.68253088,-469.505951,7.2065444,-2.67323542,-469.871216,7.08888578,-2.61287904,-470.423035,6.85197544,-2.73804975,-470.752319,6.26539326,-2.72389436,-470.514038,5.67930365,-2.79130888,-470.364716,5.34083796,-2.91782928,-469.919952,5.53391123,-2.59912467,-469.71051,5.53941584,-2.04524994,-469.510254,5.5611496,-2.07017469,-469.619415,5.93815374,-2.44479728,-469.688843,5.94462919,-2.71021175,-469.548523
591,7.69784641,-2.68653893,-471.123993,7.21351385,-2.67886114,-471.493927,7.09459019,-2.61265993,-472.044067,6.85458326,-2.7349143,-472.371429,6.26874304,-2.72771335,-472.129425,5.68331623,-2.79804015,-471.978729,5.34640503,-2.92352414,-471.532532,5.54267263,-2.6055007,-471.320129,5.54874325,-2.05035353,-471.117889,5.56703615,-2.07667947,-471.228668,5.94568586,-2.44900632,-471.297272,5.95182896,-2.71590114,-471.161896
592,7.70265579,-2.69055319,-472.744843,7.22044039,-2.68448544,-473.119415,7.10023737,-2.61244678,-473.667786,6.85710573,-2.73174596,-473.993164,6.27214527,-2.73155355,-473.747559,5.68741417,-2.80475688,-473.59549,5.35205412,-2.92916751,-473.147827,5.55144405,-2.61186123,-472.932465,5.55803585,-2.05548406,-472.728302,5.57289314,-2.08322072,-472.840607,5.95321321,-2.45322537,-472.908447,5.9590621,-2.72158647,-472.777985
593,7.70738363,-2.6945734,-474.3685,7.22732401,-2.69010711,-474.747681,7.10582924,-2.61224031,-475.294159,6.85954475,-2.72854757,-475.617523,6.27559853,-2.73541379,-475.368439,5.69159603,-2.81145811,-475.214996,5.35778522,-2.93475842,-474.765839,5.56022453,-2.61820364,-474.547516,5.56729317,-2.06064129,-474.341461,5.57872152,-2.08979964,-474.455261,5.96073532,-2.45745564,-474.522339,5.9663291,-2.72726774,-474.39682
594,7.71203089,-2.69859862,-475.994965,7.23416471,-2.6957252,-476.378723,7.11136675,-2.61204123,-476.923218,6.86190367,-2.72532105,-477.244507,6.27910137,-2.73929405,-476.992065,5.69585991,-2.81814313,-476.83725,5.36359787,-2.94029617,-476.386597,5.56901407,-2.62452793,-476.165283,5.57651424,-2.06582665,-475.957367,5.58452177,-2.096416,-476.072601,5.96825218,-2.46169758,-476.138977,5.97362995,-2.73294473,-476.018372
595,7.71659756,-2.70262885,-477.624237,7.24096155,-2.70133924,-478.012543,7.11685133,-2.61185098,-478.554932,6.86418295,-2.72206807,-478.874115,6.28265381,-2.74319315,-478.618439,5.7002058,-2.82481098,-478.462219,5.36949205,-2.9457798,-478.010071,5.57781267,-2.63083291,-477.785767,5.5856986,-2.07104039,-477.576019,5.59029484,-2.10307002,-477.692657,5.97576284,-2.46595216,-477.758331,5.98096514,-2.73861742,-477.64267
596,7.72108269,-2.70666385,-479.256317,7.247715,-2.70694804,-479.649139,7.12228394,-2.61167026,-480.189301,6.86638451,-2.71879148,-480.506348,6.28625393,-2.74711013,-480.247559,5.70463276,-2.83146048,-480.089935,5.37546825,-2.95120835,-479.636292,5.58662033,-2.6371181,-479.408936,5.59484577,-2.07628417,-479.197449,5.5960412,-2.10976148,-479.31543,5.98326731,-2.47021937,-479.380402,5.9883337,-2.74428582,-479.269684
597,7.72548771,-2.71070266,-480.891235,7.25442457,-2.7125504,-481.288513,7.12766552,-2.61150002,-481.826355,6.8685112,-2.71549344,-482.141205,6.28990078,-2.75104451,-481.879425,5.70913935,-2.8380909,-481.720398,5.38152552,-2.95658159,-481.265228,5.5954361,-2.64338255,-481.034821,5.60395479,-2.08155727,-480.821625,5.60176182,-2.11649036,-480.940887,5.99076557,-2.47450042,-481.005219,5.9957366,-2.74994969,-480.899414
598,7.72981215,-2.71474528,-482.528961,7.26109028,-2.71814561,-482.930664,7.13299799,-2.61134148,-483.466095,6.87056446,-2.71217608,-483.778687,6.29359341,-2.75499558,-483.514038,5.71372509,-2.84470153,-483.353577,5.38766432,-2.9618988,-482.896912,5.60426044,-2.64962506,-482.663422,5.61302519,-2.08686113,-482.448547,5.60745716,-2.12325668,-482.569061,5.99825668,-2.47879577,-482.632782,6.00317383,-2.75560904,-482.531891
599,7.73405647,-2.71879125,-484.169495,7.26771116,-2.72373271,-484.575592,7.13828182,-2.61119533,-485.10849,6.87254572,-2.70884132,-485.418793,6.29733133,-2.75896239,-485.151428,5.71838951,-2.85129142,-484.989502,5.39388418,-2.96715879,-484.531311,5.61309242,-2.65584421,-484.294739,5.62205648,-2.09219646,-484.078247,5.61312771,-2.13006139,-484.199921,6.00574064,-2.48310614,-484.263062,6.01064587,-2.76126385,-484.167084
600,7.73822021,-2.72284007,-485.812836,7.27428722,-2.72931004,-486.223267,7.1435194,-2.61106205,-486.753571,6.87445831,-2.70549226,-487.061523,6.30111217,-2.7629447,-486.791534,5.7231307,-2.85785961,-486.628174,5.40018511,-2.97236085,-486.168427,5.62193203,-2.66203952,-485.928741,5.63104773,-2.09756422,-485.710693,5.61877441,-2.136904,-485.833496,6.01321745,-2.48743224,-485.896088,6.01815224,-2.76691389,-485.804993
601,7.74230433,-2.72689128,-487.458984,7.28081894,-2.73487663,-487.873718,7.14871168,-2.61094213,-488.401306,6.87630463,-2.70213079,-488.706848,6.30493546,-2.76694202,-488.434387,5.72794676,-2.86440587,-488.269562,5.40656662,-2.97750497,-487.808289,5.63077927,-2.66821098,-487.56546,5.63999891,-2.10296416,-487.345917,5.62439775,-2.14378405,-487.469788,6.02068615,-2.49177456,-487.53183,6.02569342,-2.77255893,-487.445648
602,7.74630785,-2.7309444,-489.107941,7.28730536,-2.74043131,-489.526947,7.15386057,-2.61083651,-490.051727,6.87808752,-2.69875979,-490.354797,6.30880022,-2.77095318,-490.080017,5.73283768,-2.87092876,-489.913696,5.41302824,-2.98258996,-489.450867,5.63963366,-2.67435694,-489.204895,5.64890862,-2.10839772,-488.983887,5.62999916,-2.15070248,-489.108765,6.02814722,-2.4961338,-489.170319,6.03326893,-2.77819896,-489.08902
603,7.75023222,-2.73499918,-490.759735,7.29374695,-2.74597383,-491.182953,7.15896702,-2.61074567,-491.704803,6.87980986,-2.69538045,-492.005371,6.31270504,-2.77497792,-491.728363,5.73780012,-2.87742782,-491.560577,5.41956902,-2.98761582,-491.096161,5.6484952,-2.6804781,-490.847046,5.65777731,-2.11386514,-490.624603,5.63557911,-2.15765834,-490.750458,6.03559971,-2.5005095,-490.811554,6.04087782,-2.78383398,-490.735107
604,7.75407743,-2.73905516,-492.414337,7.30014324,-2.75150251,-492.841736,7.16403246,-2.61067057,-493.360565,6.88147306,-2.69199538,-493.658569,6.31664848,-2.77901554,-493.379486,5.74283457,-2.88390255,-493.210175,5.42618942,-2.99258161,-492.744202,5.65736389,-2.68657207,-492.491913,5.66660404,-2.11936784,-492.268097,5.64113808,-2.16465187,-492.394836,6.04304361,-2.50490355,-492.455505,6.04852152,-2.78946376,-492.383942
605,7.75784302,-2.74311185,-494.071747,7.30649376,-2.75701642,-494.503265,7.1690588,-2.61061168,-495.019012,6.88308096,-2.68860698,-495.314392,6.3206296,-2.78306508,-495.033356,5.74793959,-2.89035177,-494.862518,5.43288851,-2.99748588,-494.394958,5.66623831,-2.69263673,-494.139465,5.67538786,-2.12490559,-493.914337,5.64667654,-2.17168498,-494.041931,6.05047846,-2.50931692,-494.102203,6.05620003,-2.79508829,-494.035492
606,7.76152945,-2.74716902,-495.731995,7.3127985,-2.76251411,-496.167572,7.17404747,-2.61056924,-496.680115,6.88463545,-2.68521762,-496.972809,6.32464695,-2.78712654,-496.689972,5.75311327,-2.89677525,-496.517578,5.43966579,-3.00232959,-496.048431,5.6751194,-2.6986742,-495.789734,5.68412876,-2.13047957,-495.563354,5.65219593,-2.17875504,-495.691711,6.05790377,-2.51374888,-495.751648,6.06391239,-2.8007071,-495.689789
607,7.76513767,-2.75122619,-497.39505,7.31905699,-2.76799583,-497.834625,7.17899799,-2.61054492,-498.343903,6.88613796,-2.68182874,-498.63385,6.32870007,-2.79119825,-498.349335,5.75835562,-2.90317202,-498.175385,5.44652128,-3.00711179,-497.704651,5.68400621,-2.70468235,-497.442719,5.69282675,-2.1360898,-497.215118,5.65769768,-2.18586302,-497.344208,6.06531954,-2.51820016,-497.403839,6.07165813,-2.80632043,-497.346802
608,7.7686677,-2.75528264,-499.060913,7.32526922,-2.77345848,-499.504456,7.18391466,-2.61053753,-500.010376,6.88759518,-2.67844343,-500.297516,6.33278704,-2.79528117,-500.011414,5.76366282,-2.90954185,-499.835907,5.45345306,-3.01183176,-499.363586,5.69289827,-2.71066093,-499.098419,5.70148087,-2.14173746,-498.869659,5.6631813,-2.1930089,-498.99942,6.0727253,-2.52267146,-499.058746,6.07943869,-2.81192803,-499.006531
609,7.77211952,-2.75933814,-500.729584,7.33143473,-2.77890253,-501.177063,7.18879652,-2.61054873,-501.679504,6.88900661,-2.67506361,-501.963806,6.33690739,-2.79937363,-501.67627,5.76903534,-2.91588378,-501.499176,5.46046209,-3.01648998,-501.025238,5.70179653,-2.71660995,-500.756836,5.71009111,-2.14742374,-500.526947,5.66864824,-2.2001915,-500.657318,6.08012104,-2.52716255,-500.7164,6.08725166,-2.81752944,-500.668976
610,7.77549314,-2.76339245,-502.401093,7.33755302,-2.78432655,-502.852417,7.19364595,-2.61057854,-503.351318,6.89037514,-2.67169118,-503.63269,6.34105968,-2.80347538,-503.343842,5.77447176,-2.92219758,-503.165161,5.46754694,-3.02108574,-502.689606,5.71070004,-2.72252822,-502.417969,5.71865702,-2.15314794,-502.187012,5.67409897,-2.20741153,-502.317932,6.08750582,-2.53167486,-502.376801,6.09509897,-2.82312489,-502.334167
611,7.77879,-2.76744485,-504.075409,7.34362459,-2.7897296,-504.530548,7.19846439,-2.61062717,-505.025818,6.89170551,-2.66832829,-505.304199,6.34524298,-2.80758595,-505.014191,5.77996922,-2.92848277,-504.833862,5.47470617,-3.02561855,-504.356689,5.71960831,-2.72841501,-504.081818,5.7271781,-2.15891099,-503.849823,5.67953444,-2.21466899,-503.981232,6.09487963,-2.53620887,-504.039917,6.10297966,-2.82871389,-504.002075
612,7.78200912,-2.77149534,-505.752563,7.34964895,-2.79511094,-506.211426,7.20325232,-2.61069536,-506.703003,6.89299917,-2.66497707,-506.978333,6.34945583,-2.8117044,-506.687256,5.78552771,-2.9347384,-506.50531,5.48194075,-3.03008747,-506.02652,5.72852135,-2.73426867,-505.748352,5.73565388,-2.16471314,-505.515411,5.68495655,-2.22196507,-505.647247,6.10224247,-2.54076481,-505.70578,6.11089325,-2.83429694,-505.672699
613,7.78515196,-2.77554321,-507.432526,7.35562563,-2.80046916,-507.895081,7.20801115,-2.61078358,-508.382843,6.89425898,-2.66163945,-508.65509,6.35369825,-2.81583047,-508.363068,5.7911458,-2.94096446,-508.179474,5.48924875,-3.03449297,-507.699066,5.73743916,-2.74008989,-507.417603,5.74408436,-2.17055559,-507.183746,5.69036531,-2.22929788,-507.315979,6.10959387,-2.54534268,-507.37439,6.11883974,-2.83987331,-507.346039
614,7.7882185,-2.77958798,-509.115326,7.36155415,-2.80580306,-509.581482,7.21274233,-2.61089158,-510.065369,6.89548826,-2.65831804,-510.334473,6.35796833,-2.81996346,-510.041626,5.79682159,-2.94716024,-509.856354,5.49662971,-3.03883505,-509.374329,5.74636126,-2.74587822,-509.089569,5.75246954,-2.17643809,-508.854858,5.6957612,-2.23666739,-508.987396,6.11693335,-2.54994345,-509.045746,6.12681913,-2.84544301,-509.022125
615,7.7912097,-2.78362966,-510.800934,7.3674345,-2.81111217,-511.27066,7.21744633,-2.61102033,-511.75058,6.89668894,-2.65501404,-512.016479,6.36226511,-2.82410288,-511.722931,5.80255508,-2.95332527,-511.53595,5.50408363,-3.04311299,-511.052307,5.75528669,-2.75163245,-510.764252,5.76080847,-2.18236113,-510.528748,5.70114517,-2.24407411,-510.66153,6.12426043,-2.55456758,-510.719818,6.13483095,-2.85100603,-510.700928
616,7.79412556,-2.78766775,-512.48938,7.37326622,-2.816396,-512.962585,7.22212362,-2.61117005,-513.438477,6.89786291,-2.65173006,-513.701111,6.36658764,-2.82824779,-513.406982,5.80834484,-2.95945883,-513.218262,5.51160955,-3.04732704,-512.732971,5.76421642,-2.75735307,-512.44165,5.76910162,-2.18832493,-512.205383,5.70651817,-2.25151753,-512.338379,6.13157511,-2.55921531,-512.396667,6.14287519,-2.8565619,-512.382446
617,7.79696608,-2.79170156,-514.180664,7.37904882,-2.82165289,-514.657288,7.22677612,-2.611341,-515.129089,6.89901352,-2.64846849,-515.388367,6.37093496,-2.83239818,-515.093811,5.81418848,-2.96556091,-514.90332,5.519207,-3.05147791,-514.416382,5.77315044,-2.76304054,-514.121765,5.777349,-2.19432974,-513.884766,5.71188116,-2.25899625,-514.017944,6.13887691,-2.5638864,-514.076233,6.15095139,-2.86211061,-514.066711
618,7.79973459,-2.79573154,-515.874756,7.38478231,-2.82688403,-516.354736,7.23140144,-2.61153436,-516.822388,6.90014076,-2.64523029,-517.078247,6.37530565,-2.83655238,-516.783325,5.82008696,-2.97163105,-516.591125,5.52687597,-3.05556536,-516.102539,5.78208876,-2.76869392,-515.804565,5.78555012,-2.20037723,-515.566956,5.71723557,-2.26650953,-515.700195,6.14616585,-2.56858087,-515.758545,6.15905857,-2.86765194,-515.753662
619,7.8024292,-2.79975677,-517.571655,7.39046669,-2.83208704,-518.054932,7.23600388,-2.61174893,-518.518372,6.90125132,-2.64201713,-518.770752,6.37970066,-2.84071088,-518.475647,5.82603741,-2.977669,-518.281616,5.53461313,-3.05958915,-517.791382,5.79102993,-2.77431321,-517.490112,5.79370546,-2.20646644,-517.251892,5.72258139,-2.2740581,-517.385132,6.15344191,-2.57329941,-517.443604,6.1671958,-2.87318587,-517.443359
620,7.80504847,-2.80377674,-519.271362,7.39610147,-2.83725977,-519.757874,7.24058485,-2.61198449,-520.217041,6.90234756,-2.63883233,-520.465881,6.38411713,-2.84487391,-520.170654,5.8320384,-2.983675,-519.974854,5.54241943,-3.0635488,-519.482971,5.79997396,-2.77989626,-519.178345,5.8018136,-2.21259737,-518.939575,5.72791958,-2.28164268,-519.072754,6.16070366,-2.57804322,-519.131409,6.17536545,-2.87871218,-519.135803
621,7.80759382,-2.80779123,-520.973938,7.40168619,-2.84240127,-521.463562,7.2451458,-2.61224127,-521.918335,6.90343332,-2.63567686,-522.163635,6.38855553,-2.84904099,-521.868408,5.83808804,-2.98964882,-521.670776,5.55029249,-3.06744576,-521.177246,5.80892134,-2.78544521,-520.869324,5.80987549,-2.21877217,-520.630066,5.73325205,-2.28926039,-520.763123,6.16795206,-2.58281088,-520.82196,6.18356371,-2.88423061,-520.830933
622,7.81006908,-2.81180024,-522.679321,7.40722084,-2.84751391,-523.171997,7.24968433,-2.61252141,-523.622375,6.90450716,-2.63255167,-523.864014,6.39301443,-2.8532095,-523.568909,5.84418631,-2.99558926,-523.369446,5.55823326,-3.07127929,-522.874268,5.81787205,-2.79095912,-522.563049,5.81789064,-2.22498918,-522.323303,5.73857927,-2.29691267,-522.456177,6.17518616,-2.58760333,-522.515259,6.19179201,-2.88974118,-522.528809
623,7.81247377,-2.81580353,-524.387512,7.41270494,-2.85259628,-524.883179,7.25420094,-2.6128242,-525.329102,6.90557289,-2.62945914,-525.567017,6.39749289,-2.85737944,-525.272156,5.85033226,-3.00149608,-525.070801,5.56624079,-3.07504892,-524.573975,5.82682514,-2.79643631,-524.25946,5.82585955,-2.23124933,-524.019348,5.74390173,-2.30459976,-524.151978,6.18240595,-2.59242153,-524.211304,6.20004988,-2.89524364,-524.22937
624,7.81480789,-2.81980085,-526.098511,7.41813803,-2.8576479,-526.597107,7.2586956,-2.61315084,-527.038513,6.90663099,-2.6264019,-527.272644,6.40198994,-2.86154938,-526.978149,5.8565259,-3.00736856,-526.774902,5.57431507,-3.07875633,-526.276428,5.83578157,-2.80187917,-525.958618,5.83378172,-2.23755074,-525.71814,5.74921989,-2.31231976,-525.850464,6.18961048,-2.59726524,-525.910034,6.20833826,-2.900738,-525.932678
625,7.81707048,-2.82379127,-527.812317,7.42352057,-2.86266565,-528.313843,7.26317263,-2.61349893,-528.75061,6.90768862,-2.6233809,-528.980896,6.40650558,-2.86572146,-528.68689,5.8627634,-3.01320815,-528.481689,5.58245182,-3.08240247,-527.981567,5.84474087,-2.80728769,-527.660461,5.84165812,-2.24389505,-527.419678,5.75453615,-2.32007194,-527.551636,6.19680071,-2.60213351,-527.611511,6.21665335,-2.90622401,-527.638672
626,7.81926346,-2.82777572,-529.528992,7.4288516,-2.86765242,-530.033264,7.26762962,-2.61387157,-530.465393,6.9087429,-2.62039733,-530.691772,6.41103888,-2.86989236,-530.398376,5.86904669,-3.01901293,-530.191223,5.5906539,-3.08598614,-529.689453,5.85370302,-2.81266069,-529.365051,5.84948778,-2.25028276,-529.124023,5.7598505,-2.32785606,-529.255554,6.20397568,-2.60702729,-529.315735,6.22499704,-2.91170144,-529.347412
627,7.82138538,-2.83175278,-531.248474,7.43413067,-2.87260389,-531.755432,7.2720685,-2.6142664,-532.182861,6.90980148,-2.61745477,-532.405273,6.41558838,-2.87406373,-532.112549,5.87537193,-3.02478409,-531.903442,5.59891891,-3.0895083,-531.400024,5.86266708,-2.81799793,-531.072327,5.85727119,-2.25671268,-530.831116,5.76516342,-2.33567262,-530.962158,6.21113539,-2.61194754,-531.022705,6.23336887,-2.91717005,-531.058838
628,7.82344151,-2.83572292,-532.970764,7.43935871,-2.87752438,-533.480347,7.27648735,-2.61468601,-533.903015,6.91086102,-2.61455178,-534.12146,6.42015505,-2.87823272,-533.829468,5.88174009,-3.0305202,-533.618347,5.60724592,-3.09296942,-533.113342,5.87163353,-2.82330036,-532.782349,5.86500835,-2.26318479,-532.540955,5.77047586,-2.3435204,-532.671448,6.21827888,-2.61689353,-532.732422,6.24176884,-2.92262983,-532.77301
629,7.82542896,-2.83968639,-534.695862,7.4445343,-2.88241148,-535.208008,7.28088665,-2.61513066,-535.625854,6.91192341,-2.61169219,-535.840271,6.42473698,-2.88239861,-535.549133,5.88815212,-3.03622055,-535.335999,5.61563587,-3.0963707,-534.829346,5.88060331,-2.82856989,-534.495056,5.87269974,-2.26970005,-534.253601,5.77578878,-2.3513968,-534.383484,6.22540617,-2.6218648,-534.444885,6.2501955,-2.92808056,-534.489868
630,7.82734966,-2.843642,-536.423767,7.44965792,-2.88726473,-536.938416,7.28526735,-2.61559892,-537.35144,6.91299438,-2.60887623,-537.561707,6.42933416,-2.88656211,-537.271545,5.89460421,-3.04188633,-537.056335,5.6240859,-3.09971261,-536.548035,5.88957548,-2.8338058,-536.21051,5.88034534,-2.27625656,-535.968994,5.78110313,-2.35930276,-536.098206,6.23251772,-2.62686229,-536.160095,6.2586484,-2.93352199,-536.209473
631,7.8292017,-2.84759021,-538.154541,7.45472908,-2.89208317,-538.67157,7.28962994,-2.61609149,-539.079712,6.91407394,-2.60610723,-539.285767,6.43394566,-2.89072204,-538.996704,5.9010973,-3.04751635,-538.779419,5.63259697,-3.10299444,-538.26947,5.89855003,-2.8390069,-537.928711,5.88794518,-2.28285646,-537.687134,5.78642035,-2.36723781,-537.815613,6.23961258,-2.63188553,-537.878052,6.26712656,-2.93895411,-537.931763
632,7.83098698,-2.85153031,-539.888123,7.45974731,-2.89686632,-540.407471,7.29397583,-2.61660838,-540.810669,6.9151659,-2.60338521,-541.012512,6.43857145,-2.89487839,-540.724609,5.90762758,-3.05311155,-540.505188,5.64116573,-3.10621905,-539.993591,5.90752745,-2.84417558,-539.649597,5.89549971,-2.28949785,-539.408081,5.79173946,-2.37519979,-539.535767,6.24669075,-2.63693476,-539.598755,6.27563095,-2.94437647,-539.656799
633,7.83270836,-2.8554635,-541.624512,7.46471262,-2.90161705,-542.146057,7.29829979,-2.61715245,-542.544312,6.91626596,-2.60071301,-542.741882,6.44321012,-2.89902735,-542.4552,5.91420031,-3.05866909,-542.233704,5.64979553,-3.10938382,-541.720459,5.91650677,-2.84930873,-541.37323,5.90300846,-2.29618144,-541.131775,5.79706287,-2.38319111,-541.258606,6.25375175,-2.64201045,-541.322205,6.28416061,-2.94978952,-541.384583
634,7.83436489,-2.85938811,-543.363708,7.469625,-2.90633225,-543.88739,7.30260611,-2.61772084,-544.28064,6.91738176,-2.5980916,-544.473877,6.44786167,-2.9031713,-544.188538,5.9208107,-3.06419134,-543.964905,5.65848255,-3.11249256,-543.450012,5.92548895,-2.85441089,-543.099609,5.91047239,-2.30290747,-542.858215,5.80239153,-2.3912065,-542.984192,6.26079559,-2.64711118,-543.048401,6.29271412,-2.95519257,-543.115051
635,7.83595896,-2.86330509,-545.105774,7.47448444,-2.9110136,-545.63147,7.3068924,-2.61831546,-546.019714,6.91851187,-2.59552145,-546.208496,6.45252562,-2.90730786,-545.924622,5.92745829,-3.06967688,-545.698792,5.66722679,-3.11554456,-545.182312,5.93447399,-2.85948038,-544.828674,5.9178915,-2.30967426,-544.587463,5.80772543,-2.39924836,-544.712463,6.26782179,-2.65223813,-544.777344,6.30129194,-2.96058559,-544.848206
636,7.8374896,-2.86721373,-546.850647,7.47929001,-2.91565967,-547.378296,7.31116056,-2.61893582,-547.761475,6.91966057,-2.5930047,-547.945801,6.45720196,-2.91143703,-547.663452,5.93414259,-3.07512617,-547.435425,5.67602682,-3.11854076,-546.917297,5.94346094,-2.86451817,-546.560486,5.92526579,-2.31648254,-546.319458,5.81306601,-2.40731502,-546.44342,6.27483082,-2.65739059,-546.509033,6.30989313,-2.96596861,-546.584106
637,7.83895922,-2.87111402,-548.598328,7.48404217,-2.9202714,-549.127808,7.31540871,-2.61958218,-549.50592,6.92082834,-2.59054255,-549.68573,6.46188974,-2.91555786,-549.404968,5.94086266,-3.08053875,-549.174744,5.68488264,-3.12148166,-548.655029,5.95245075,-2.869524,-548.295044,5.93259573,-2.32333136,-548.054199,5.81841326,-2.41540599,-548.177124,6.28182173,-2.66256952,-548.243469,6.31851768,-2.97134137,-548.322693
638,7.84036875,-2.87500596,-550.348816,7.48874044,-2.92484856,-550.880066,7.3196373,-2.62025499,-551.253052,6.92201614,-2.58813643,-551.428284,6.46658897,-2.91966891,-551.149231,5.94761801,-3.0859139,-550.916809,5.69379282,-3.12436843,-550.395447,5.96144295,-2.87449956,-550.032288,5.9398818,-2.33022046,-549.791748,5.82376862,-2.42352009,-549.913513,6.28879452,-2.6677742,-549.980652,6.32716465,-2.97670388,-550.064026
639,7.84171772,-2.87888932,-552.102112,7.49338531,-2.92939138,-552.635071,7.32384634,-2.62095428,-553.00293,6.92322636,-2.58578658,-553.173523,6.47129965,-2.92377043,-552.89624,5.95440817,-3.0912528,-552.66156,5.70275593,-3.12720227,-552.138611,5.97043753,-2.87944555,-551.772278,5.947124,-2.33715057,-551.532043,5.82913303,-2.43165517,-551.652649,6.29574966,-2.67300391,-551.720581,6.33583212,-2.9820559,-551.808044
640,7.84300709,-2.88276434,-553.858215,7.49797583,-2.93390059,-554.392761,7.32803392,-2.62168241,-554.755493,6.9244566,-2.58349681,-554.921387,6.47602081,-2.92785931,-554.645996,5.961236,-3.09655261,-554.408997,5.71177387,-3.12998056,-553.88446,5.97943401,-2.88435864,-553.515015,5.95432138,-2.34412217,-553.275085,5.83450651,-2.43981314,-553.39447,6.30268621,-2.67826056,-553.463257,6.344522,-2.98739743,-553.55481
641,7.8442378,-2.88663077,-555.617126,7.50251245,-2.93837547,-556.153198,7.33220148,-2.62243748,-556.510742,6.92571211,-2.58126664,-556.671936,6.48075247,-2.93193674,-556.398438,5.96809673,-3.10181522,-556.159119,5.72084379,-3.13270807,-555.633057,5.98843336,-2.88924408,-555.260437,5.96147633,-2.35113311,-555.020935,5.83989096,-2.44799089,-555.139038,6.30960464,-2.68354154,-555.208679,6.35323143,-2.99272847,-555.30426
642,7.84541082,-2.89048886,-557.378845,7.50699568,-2.94281697,-557.916382,7.33634806,-2.62322044,-558.268738,6.92699289,-2.57909775,-558.42511,6.48549461,-2.93600082,-558.153625,5.97499037,-3.10703921,-557.911987,5.72996473,-3.13538504,-557.384338,5.99743557,-2.89410138,-557.008606,5.96858835,-2.35818172,-556.769531,5.84528637,-2.45618844,-556.886292,6.31650352,-2.6888485,-556.956787,6.36196232,-2.99804854,-557.056458
643,7.84652472,-2.89433861,-559.143433,7.51142406,-2.94722438,-559.682251,7.34047365,-2.62403202,-560.029419,6.92829943,-2.5769918,-560.180969,6.49024677,-2.9400506,-559.91156,5.98191786,-3.11222482,-559.667542,5.73913717,-3.13801146,-559.138306,6.00644064,-2.89893031,-558.759521,5.97565746,-2.36526942,-558.520874,5.85069418,-2.46440482,-558.636292,6.32338333,-2.69418073,-558.707642,6.37071228,-3.00335765,-558.81134
644,7.84758329,-2.89818025,-560.910828,7.51579857,-2.95160007,-561.450867,7.34457541,-2.62487292,-561.792786,6.92963171,-2.57495046,-561.939514,6.49500847,-2.94408441,-561.672241,5.98887968,-3.11737061,-561.425781,5.74836063,-3.14058828,-560.89502,6.01544809,-2.90373158,-560.513184,5.98268366,-2.37239504,-560.275024,5.85611439,-2.47264004,-560.388977,6.33024406,-2.69953823,-560.461304,6.37948227,-3.00865579,-560.56897
645,7.84858608,-2.90201283,-562.68103,7.52011824,-2.95594192,-563.222168,7.34865522,-2.6257422,-563.558899,6.93099308,-2.57297444,-563.700684,6.49977875,-2.94810319,-563.435608,5.99587393,-3.12247753,-563.186768,5.75763369,-3.14311624,-562.654419,6.02445841,-2.90850616,-562.269531,5.98966837,-2.37955856,-562.031921,5.86154795,-2.48089218,-562.144409,6.33708572,-2.70492077,-562.217651,6.38827038,-3.01394296,-562.329285
646,7.84953451,-2.90583706,-564.454041,7.52438307,-2.96025276,-564.996216,7.35270977,-2.62664294,-565.327698,6.93237972,-2.57106686,-565.464539,6.50455761,-2.9521029,-565.201721,6.00290298,-3.12754321,-564.950439,5.76695871,-3.14559579,-564.416565,6.03347158,-2.91325378,-564.028625,5.99661064,-2.38675857,-563.791565,5.86699581,-2.48916173,-563.902527,6.34390783,-2.71032882,-563.976807,6.39707708,-3.01921868,-564.092285
647,7.85042906,-2.90965271,-566.229858,7.52859354,-2.96453047,-566.772949,7.35674143,-2.6275723,-567.099182,6.93379831,-2.56922698,-567.231018,6.50934601,-2.95608544,-566.97052,6.00996256,-3.13256955,-566.716797,5.77633095,-3.14802814,-566.181396,6.04248762,-2.9179759,-565.790466,6.00351143,-2.39399576,-565.554016,5.87245798,-2.49744654,-565.663391,6.35071039,-2.7157619,-565.738647,6.40590239,-3.0244832,-565.858032
648,7.85127211,-2.91346025,-568.008484,7.53275061,-2.96877813,-568.552429,7.36074781,-2.62853241,-568.873413,6.93524694,-2.56745481,-569.000183,6.51414347,-2.9600482,-568.742065,6.01705313,-3.13755584,-568.485901,5.78575039,-3.15041542,-567.948975,6.05150652,-2.92267346,-567.555054,6.01037073,-2.40126801,-567.319214,5.87793541,-2.50574613,-567.426941,6.35749292,-2.72122025,-567.503235,6.41474581,-3.0297358,-567.626465
649,7.85206175,-2.91725945,-569.789917,7.53685236,-2.97299433,-570.334595,7.36472893,-2.62952352,-570.65033,6.93672562,-2.56575465,-570.772034,6.51894951,-2.96399045,-570.516357,6.0241766,-3.14250064,-570.25769,5.79521799,-3.15275693,-569.719238,6.06052876,-2.92734671,-569.322388,6.01718903,-2.40857697,-569.087158,5.88342953,-2.51405907,-569.193237,6.36425638,-2.72670317,-569.270569,6.42360497,-3.0349772,-569.397583
650,7.85280037,-2.92105007,-571.574158,7.54090023,-2.97717977,-572.119507,7.36868477,-2.63054514,-572.429932,6.93823719,-2.56412554,-572.546509,6.52376366,-2.96791172,-572.293335,6.03133106,-3.14740491,-572.032166,5.80473232,-3.1550529,-571.492249,6.06955338,-2.93199515,-571.092407,6.02396631,-2.41592097,-570.857849,5.88893986,-2.52238655,-570.962219,6.37099934,-2.73221159,-571.04071,6.43248177,-3.04020667,-571.171448
651,7.85348988,-2.92483282,-573.361206,7.54489422,-2.98133588,-573.907104,7.37261391,-2.63159823,-574.21228,6.93978071,-2.56256914,-574.323669,6.52858734,-2.97181034,-574.073059,6.03851604,-3.15226746,-573.809326,5.81429148,-3.15730572,-573.267944,6.07858086,-2.93662143,-572.865173,6.03070354,-2.42329907,-572.631348,5.89446735,-2.53072548,-572.733948,6.37772226,-2.73774457,-572.813538,6.44137478,-3.0454247,-572.947998
652,7.85413027,-2.92860723,-575.151062,7.54883385,-2.98546338,-575.697449,7.37651443,-2.63268375,-575.997314,6.94135666,-2.56108737,-576.103516,6.53341913,-2.97568488,-575.85553,6.04573298,-3.15708756,-575.589233,5.82389688,-3.15951538,-575.046387,6.08761168,-2.94122458,-574.640686,6.03740025,-2.43071175,-574.407593,5.90001345,-2.53907561,-574.508362,6.38442469,-2.74330258,-574.589111,6.45028305,-3.05063081,-574.727295
653,7.85472202,-2.93237329,-576.943726,7.55271912,-2.98956132,-577.490479,7.38038778,-2.63380098,-577.785095,6.94296741,-2.55967999,-577.886047,6.53825951,-2.97953534,-577.640686,6.05297947,-3.16186619,-577.371826,5.83354664,-3.16168332,-576.827515,6.09664488,-2.94580698,-576.418945,6.04405785,-2.43815804,-576.186584,5.90557814,-2.547436,-576.285522,6.39110708,-2.74888444,-576.367432,6.4592061,-3.05582523,-576.509277
654,7.85526562,-2.936131,-578.739197,7.5565505,-2.99363041,-579.286255,7.384233,-2.63494992,-579.575562,6.94461346,-2.55834913,-579.671204,6.54310799,-2.98336101,-579.428589,6.06025553,-3.16660261,-579.157104,5.84324026,-3.16381001,-578.611389,6.10568142,-2.9503684,-578.199951,6.05067587,-2.44563746,-577.968323,5.91116285,-2.55580616,-578.06543,6.39776945,-2.75449061,-578.148499,6.46814299,-3.06100774,-578.293945
655,7.855762,-2.93988085,-580.537476,7.56032801,-2.99767256,-581.084717,7.38804913,-2.63613224,-581.368713,6.94629288,-2.55709577,-581.459045,6.54796505,-2.98715949,-581.219177,6.0675621,-3.17129564,-580.945068,5.85297775,-3.16589642,-580.397949,6.11472082,-2.95490932,-579.983704,6.05725527,-2.45314837,-579.752869,5.91676712,-2.56418562,-579.848022,6.40441084,-2.76012135,-579.932312,6.47709465,-3.06617808,-580.08136
656,7.85621214,-2.94362259,-582.338562,7.56405115,-3.00168705,-582.885864,7.39183521,-2.63734746,-583.164612,6.94800901,-2.55592132,-583.249573,6.55283022,-2.99093056,-583.012512,6.07489777,-3.17594552,-582.735779,5.86275816,-3.16794372,-582.187256,6.12376356,-2.95943069,-581.770203,6.06379604,-2.46069145,-581.540161,5.92239189,-2.57257318,-581.633362,6.41103172,-2.7657764,-581.718872,6.48606014,-3.07133603,-581.87146
657,7.85661793,-2.9473567,-584.142395,7.56772137,-3.00567627,-584.689697,7.39559031,-2.63859653,-584.963196,6.94975948,-2.55482602,-585.042786,6.55770445,-2.99467206,-584.808594,6.08226299,-3.18055153,-584.529175,5.87258053,-3.16995263,-583.979248,6.13281012,-2.96393299,-583.559387,6.07029819,-2.46826577,-583.3302,5.92803717,-2.58096766,-583.421387,6.4176321,-2.77145553,-583.508179,6.49503899,-3.07648182,-583.664246
658,7.85697842,-2.95108271,-585.949036,7.57133722,-3.00963902,-586.496277,7.39931488,-2.6398797,-586.764526,6.95154667,-2.55381179,-586.838684,6.56258631,-2.99838424,-586.607361,6.08965683,-3.18511367,-586.325256,5.88244486,-3.17192364,-585.773926,6.14185953,-2.96841669,-585.351318,6.0767622,-2.47587013,-585.122986,5.9337039,-2.58936906,-585.212158,6.4242115,-2.77715921,-585.300232,6.50403118,-3.08161545,-585.459778
659,7.85729504,-2.95480132,-587.758484,7.57489967,-3.01357675,-588.305542,7.40300655,-2.64119744,-588.568542,6.95336914,-2.55288029,-588.637268,6.5674758,-3.00206494,-588.408813,6.09708023,-3.18963051,-588.124084,5.8923521,-3.17385817,-587.57135,6.15091276,-2.97288322,-587.145996,6.08318853,-2.48350501,-586.918518,5.93939304,-2.59777522,-587.005676,6.43076992,-2.78288627,-587.095032,6.5130353,-3.08673692,-587.257996
660,7.85756779,-2.95851183,-589.57074,7.57840872,-3.01748991,-590.117554,7.4066658,-2.64254928,-590.375305,6.95522976,-2.55203176,-590.438538,6.57237387,-3.00571442,-590.213013,6.10453176,-3.19410276,-589.925598,5.90229988,-3.17575645,-589.371521,6.15996933,-2.97733283,-588.94342,6.08957815,-2.49116921,-588.716797,5.94510508,-2.60618663,-588.80188,6.43730783,-2.78863716,-588.892578,6.52205086,-3.09184599,-589.058899
661,7.85779715,-2.96221423,-591.385803,7.58186436,-3.02137828,-591.932251,7.41029358,-2.64393497,-592.184753,6.957129,-2.55126667,-592.242493,6.57728148,-3.0093317,-592.019958,6.11201096,-3.19853091,-591.729797,5.91228628,-3.17761922,-591.174377,6.16902876,-2.98176622,-590.743591,6.09593058,-2.49886346,-590.517883,5.95084,-2.61460137,-590.60083,6.44382477,-2.79441166,-590.692871,6.53107786,-3.09694266,-590.862549
662,7.85798645,-2.96590996,-593.203674,7.58526754,-3.02524447,-593.749634,7.41388559,-2.64535689,-593.996948,6.95906305,-2.55058789,-594.049072,6.58219671,-3.01291418,-593.82959,6.11952162,-3.20291185,-593.536682,5.92231464,-3.17944527,-592.97998,6.1780901,-2.98618245,-592.546509,6.10224581,-2.50658727,-592.321716,5.95659876,-2.62302089,-592.402466,6.45032072,-2.80021048,-592.495911,6.54011679,-3.1020267,-592.668884
663,7.85813427,-2.96959782,-595.024353,7.5886178,-3.02908731,-595.569702,7.41744423,-2.64681387,-595.811829,6.96103621,-2.54999471,-595.858398,6.58712101,-3.01646209,-595.641907,6.12705946,-3.20724773,-595.346313,5.93238115,-3.18123698,-594.788269,6.18715477,-2.99058366,-594.352173,6.10852432,-2.51433921,-594.128296,5.96238136,-2.63144326,-594.206848,6.45679617,-2.8060329,-594.301697,6.5491662,-3.10709834,-594.477905
664,7.85824347,-2.97327828,-596.847778,7.59191561,-3.03290796,-597.392517,7.42096806,-2.64830565,-597.629395,6.96304798,-2.54948807,-597.67041,6.59205484,-3.01997447,-597.45697,6.13462305,-3.21153831,-597.15863,5.94248486,-3.1829977,-596.599304,6.19622326,-2.99497199,-596.160583,6.11476803,-2.52211738,-595.937622,5.96818924,-2.63986588,-596.013977,6.46325064,-2.8118782,-596.110229,6.55822468,-3.11215758,-596.289673
665,7.85831404,-2.97695112,-598.674011,7.59516096,-3.03670716,-599.218018,7.42445564,-2.64983273,-599.449707,6.96509886,-2.54906869,-599.485107,6.59699774,-3.02345061,-599.27478,6.14221382,-3.21578288,-598.973633,5.95262671,-3.18472576,-598.413025,6.20529461,-2.99934626,-597.97168,6.12097645,-2.52992272,-597.749695,5.97402287,-2.64829016,-597.823853,6.46968412,-2.81774688,-597.921509,6.56729269,-3.11720419,-598.104126
666,7.85834551,-2.98061681,-600.503052,7.59835386,-3.0404861,-601.046204,7.42790651,-2.65139723,-601.272705,6.96718597,-2.54873919,-601.30249,6.60194826,-3.02688837,-601.095276,6.14983416,-3.21997929,-600.791382,5.96280813,-3.18642044,-600.229492,6.21436882,-3.00370622,-599.785583,6.12714863,-2.53775573,-599.564514,5.97988224,-2.65671515,-599.636414,6.47609663,-2.82363939,-599.735535,6.57637024,-3.1222384,-599.921265
667,7.85833931,-2.9842751,-602.3349,7.60149479,-3.04424429,-602.877075,7.43132114,-2.65299678,-603.09845,6.96931362,-2.54849887,-603.122559,6.6069088,-3.03028822,-602.918457,6.15748072,-3.22412968,-602.611816,5.97302532,-3.18808365,-602.048645,6.22344589,-3.00805354,-601.602173,6.133286,-2.54561496,-601.382141,5.98576689,-2.66514039,-601.451721,6.48248816,-2.82955503,-601.552307,6.58545685,-3.12725973,-601.741089
668,7.85829735,-2.98792577,-604.169495,7.60458422,-3.04798293,-604.710693,7.43469763,-2.65463209,-604.926941,6.97147989,-2.5483489,-604.945312,6.61187792,-3.03364921,-604.744385,6.16515303,-3.2282331,-604.434937,5.98327971,-3.18971896,-603.870544,6.23252678,-3.01238966,-603.421509,6.13938951,-2.55349803,-603.202454,5.99167728,-2.6735642,-603.269775,6.4888587,-2.8354938,-603.371826,6.59455252,-3.13226819,-603.56366
669,7.85821819,-2.99156928,-606.006897,7.60762215,-3.05170178,-606.546997,7.4380374,-2.65630317,-606.758118,6.9736867,-2.54828978,-606.770752,6.61685705,-3.03697062,-606.572998,6.17285109,-3.23229027,-606.260742,5.99356937,-3.19132423,-605.695129,6.24161005,-3.01671433,-605.243591,6.14545918,-2.56140614,-605.025574,5.99761438,-2.68198633,-605.090515,6.49520826,-2.84145546,-605.194092,6.60365629,-3.13726401,-605.388916
670,7.85810471,-2.9952054,-607.847107,7.61060858,-3.05540156,-608.385986,7.44133854,-2.65800977,-608.592041,6.97593355,-2.54832196,-608.598877,6.62184525,-3.04025197,-608.404297,6.18057489,-3.23630071,-608.089294,6.00389433,-3.19290137,-607.522461,6.25069618,-3.02102804,-607.06842,6.15149546,-2.56933808,-606.85144,6.00357866,-2.69040632,-606.914001,6.50153685,-2.84744048,-607.019104,6.61276722,-3.1422472,-607.216858
671,7.85795593,-2.99883389,-609.690125,7.61354446,-3.05908275,-610.227661,7.44460106,-2.65975237,-610.42865,6.97822094,-2.54844642,-610.429749,6.62684345,-3.04349208,-610.238342,6.18832397,-3.24026418,-609.920532,6.01425409,-3.19445038,-609.352478,6.25978518,-3.0253315,-608.895996,6.15749788,-2.57729411,-608.680054,6.0095706,-2.69882345,-608.740234,6.50784492,-2.85344815,-608.846863,6.6218853,-3.14721775,-609.047485
672,7.85777426,-3.00245523,-611.535889,7.61642933,-3.06274652,-612.072083,7.44782305,-2.66153121,-612.267944,6.9805479,-2.54866529,-612.263306,6.6318512,-3.04668975,-612.075073,6.1960988,-3.24417973,-611.754456,6.02464867,-3.19597197,-611.185242,6.26887703,-3.02962589,-610.726318,6.16346741,-2.58527255,-610.511414,6.01559067,-2.70723701,-610.569214,6.51413202,-2.85947871,-610.677368,6.63101006,-3.15217566,-610.880859
673,7.85755873,-3.00606894,-613.38446,7.61926365,-3.06639266,-613.919189,7.45100641,-2.66334581,-614.109985,6.9829154,-2.5489769,-614.099548,6.63686943,-3.0498457,-613.914551,6.20389748,-3.24804854,-613.591064,6.03507614,-3.19746804,-613.020691,6.27797222,-3.03391123,-612.559387,6.16940451,-2.59327388,-612.34552,6.02163887,-2.71564579,-612.40094,6.52039862,-2.86553168,-612.51062,6.64014101,-3.1571207,-612.716919
674,7.8573103,-3.0096755,-615.235779,7.62204742,-3.07002234,-615.768982,7.45414925,-2.66519713,-615.954773,6.98532248,-2.54938388,-615.938477,6.64189625,-3.05295801,-615.756714,6.21172047,-3.25186896,-615.43042,6.0455389,-3.19893885,-614.858887,6.28707075,-3.03818846,-614.395203,6.17530966,-2.60129619,-614.182373,6.02771425,-2.72404981,-614.235352,6.52664423,-2.87160778,-614.346619,6.64927912,-3.16205239,-614.555664
675,7.85703039,-3.01327491,-617.089905,7.62478113,-3.07363534,-617.62146,7.45725155,-2.66708469,-617.802246,6.98777008,-2.54988599,-617.780151,6.64693356,-3.05602622,-617.601562,6.21956873,-3.2556417,-617.272461,6.05603361,-3.2003839,-616.699768,6.29617119,-3.0424571,-616.233765,6.18118238,-2.60934162,-616.021973,6.0338192,-2.73244834,-616.07251,6.53286934,-2.87770629,-616.185364,6.65842247,-3.16697145,-616.397095
676,7.85671949,-3.01686692,-618.946838,7.62746525,-3.07723236,-619.476624,7.46031284,-2.66900826,-619.652466,6.99025774,-2.5504837,-619.624512,6.65198088,-3.05905056,-619.449158,6.22744036,-3.25936627,-619.117188,6.0665617,-3.20180464,-618.543396,6.30527449,-3.04671931,-618.075073,6.18702459,-2.61740732,-617.864319,6.03995323,-2.74084091,-617.912415,6.53907394,-2.88382721,-618.026855,6.66757107,-3.17187762,-618.241272
677,7.8563776,-3.02045107,-620.806519,7.6300993,-3.08081365,-621.334534,7.46333361,-2.67096758,-621.505371,6.99278688,-2.55117774,-621.471619,6.65703821,-3.06203032,-621.299438,6.23533583,-3.2630434,-620.9646,6.07712173,-3.20320177,-620.389771,6.31438017,-3.05097461,-619.919128,6.19283581,-2.62549376,-619.709412,6.04611635,-2.74922681,-619.755066,6.54525852,-2.88997054,-619.871094,6.67672396,-3.17677116,-620.088135
678,7.85600567,-3.02402806,-622.669006,7.63268423,-3.08437991,-623.195129,7.46631241,-2.67296267,-623.361023,6.99535608,-2.5519681,-623.321411,6.66210556,-3.06496525,-623.152405,6.24325418,-3.26667237,-622.814758,6.0877142,-3.20457554,-622.238831,6.32348919,-3.05522323,-621.76593,6.1986165,-2.63360047,-621.55719,6.05230856,-2.75760603,-621.600464,6.5514226,-2.89613605,-621.718079,6.68588161,-3.18165183,-621.937683
679,7.85560513,-3.02759814,-624.534241,7.63522053,-3.08793116,-625.058411,7.46924877,-2.67499256,-625.21936,6.99796677,-2.55285525,-625.173889,6.66718388,-3.06785488,-625.008118,6.25119591,-3.27025414,-624.667603,6.09833717,-3.20592594,-624.090637,6.33259964,-3.05946612,-623.615479,6.20436716,-2.64172721,-623.407776,6.05853033,-2.76597786,-623.448608,6.55756664,-2.9023242,-623.56781,6.69504309,-3.18651938,-623.789917
680,7.85517502,-3.03116012,-626.402283,7.63770819,-3.09146738,-626.924377,7.4721446,-2.67705774,-627.080444,7.00061941,-2.55383968,-627.029114,6.67227268,-3.07069898,-626.866516,6.259161,-3.27378869,-626.523132,6.10899067,-3.20725322,-625.945129,6.34171152,-3.0637033,-625.467773,6.21008778,-2.64987421,-625.261108,6.06478214,-2.77434158,-625.299438,6.56369066,-2.90853524,-625.420288,6.70420885,-3.19137406,-625.644897
681,7.85471678,-3.03471422,-628.273071,7.64014721,-3.09498978,-628.793091,7.474998,-2.67915797,-628.944214,7.00331354,-2.55492139,-628.887024,6.67737198,-3.07349706,-628.7276,6.26714659,-3.27727604,-628.381409,6.11967468,-3.20856071,-627.802368,6.35082626,-3.06793642,-627.322815,6.21577978,-2.65803862,-627.117188,6.07106447,-2.78269625,-627.153015,6.56979465,-2.91476798,-627.275513,6.713377,-3.19621587,-627.502563
682,7.85423136,-3.03826118,-630.146667,7.64253855,-3.09849787,-630.66449,7.47780895,-2.68129253,-630.81073,7.00604868,-2.55610108,-630.747681,6.68248177,-3.07624888,-630.59137,6.27515411,-3.28071642,-630.242371,6.13038874,-3.20984745,-629.662292,6.35994339,-3.07216549,-629.180603,6.22144318,-2.66622114,-628.975952,6.07737732,-2.79104185,-629.009338,6.5758791,-2.92102265,-629.133423,6.72254753,-3.2010448,-629.362915
683,7.85371923,-3.04180026,-632.023071,7.6448822,-3.10199165,-632.538574,7.48057795,-2.68346167,-632.679932,7.0088253,-2.55737782,-632.611023,6.68760204,-3.0789547,-632.457825,6.28318405,-3.28411007,-632.106018,6.14113188,-3.21111321,-631.524963,6.36906195,-3.0763905,-631.041138,6.22707796,-2.67442203,-630.837463,6.08371925,-2.7993784,-630.868408,6.58194351,-2.92730021,-630.994141,6.73172188,-3.20586038,-631.225952
684,7.85318136,-3.045331,-633.902222,7.64717865,-3.10547209,-634.415344,7.4833045,-2.68566418,-634.55188,7.01164436,-2.55875254,-634.477112,6.69273376,-3.08161402,-634.327026,6.29123354,-3.2874577,-633.972351,6.15190363,-3.21236038,-633.39032,6.37818289,-3.08061314,-632.904358,6.23268509,-2.68263984,-632.701721,6.09009218,-2.80770421,-632.730225,6.58798838,-2.933599,-632.857544,6.74089766,-3.21066308,-633.091675
685,7.85261774,-3.04885411,-635.784119,7.64942741,-3.10893941,-636.2948,7.48598766,-2.6879015,-636.426514,7.01450348,-2.56022596,-636.345947,6.69787502,-3.08422661,-636.198914,6.29930449,-3.29075742,-635.841431,6.16270542,-3.21358895,-635.258423,6.38730526,-3.08483267,-634.770325,6.23826456,-2.69087481,-634.568726,6.09649515,-2.81601954,-634.594788,6.59401369,-2.93991995,-634.723694,6.75007629,-3.21545243,-634.960083
686,7.85202837,-3.05236912,-637.668823,7.65162945,-3.11239362,-638.176941,7.48862934,-2.69017124,-638.303894,7.01740599,-2.56179595,-638.217468,6.7030282,-3.08679295,-638.073486,6.30739546,-3.29401255,-637.713196,6.17353344,-3.21479869,-637.129211,6.39642859,-3.08904958,-636.639038,6.24381733,-2.69912624,-636.438477,6.10292816,-2.82432413,-636.462097,6.60001993,-2.94626331,-636.59259,6.75925636,-3.22022867,-636.831238
687,7.85141611,-3.05587626,-639.556274,7.65378618,-3.11583519,-640.061829,7.49122667,-2.69247341,-640.184021,7.0203495,-2.56346321,-640.091736,6.70819187,-3.08931303,-639.950745,6.31550741,-3.29722166,-639.587646,6.18439007,-3.21599007,-639.002747,6.40555239,-3.09326482,-638.510498,6.2493434,-2.70739436,-638.310974,6.10939217,-2.83261776,-638.332153,6.60600758,-2.95262885,-638.464233,6.76843786,-3.22499132,-638.705078
688,7.85077906,-3.05937505,-641.446533,7.65589619,-3.11926413,-641.949402,7.49378157,-2.69480944,-642.066833,7.02333403,-2.56522965,-641.968689,6.71336603,-3.09178615,-641.83075,6.32363892,-3.30038404,-641.464783,6.19527435,-3.21716452,-640.878967,6.4146781,-3.09747863,-640.384705,6.25484324,-2.71567774,-640.186218,6.11588573,-2.84089947,-640.204956,6.61197615,-2.95901632,-640.338684,6.77762127,-3.22974038,-640.581604
689,7.85011768,-3.06286502,-643.339539,7.65795994,-3.12267995,-643.839661,7.49629545,-2.69717693,-643.952393,7.02636147,-2.5670917,-643.848389,6.71855164,-3.09421372,-643.71344,6.33178806,-3.30350327,-643.344604,6.20618486,-3.21832323,-642.757935,6.42380476,-3.10169148,-642.261658,6.2603178,-2.72397614,-642.064209,6.1224103,-2.84916878,-642.080505,6.6179266,-2.96542525,-642.21582,6.7868042,-3.23447657,-642.460815
690,7.8494339,-3.06634665,-645.235352,7.65997839,-3.12608385,-645.732605,7.49876499,-2.69957662,-645.840637,7.02942991,-2.56905246,-645.730835,6.72374678,-3.09659481,-645.598816,6.33995581,-3.30657673,-645.227173,6.21712303,-3.21946645,-644.639648,6.43293285,-3.10590363,-644.141357,6.26576757,-2.7322886,-643.944946,6.12896585,-2.85742521,-643.958801,6.62385893,-2.97185588,-644.095703,6.79598713,-3.23919988,-644.342712
691,7.84872913,-3.06981993,-647.133911,7.66195202,-3.12947512,-647.628235,7.50119162,-2.70200801,-647.731628,7.03253937,-2.57111073,-647.616028,6.72895241,-3.09892988,-647.486877,6.34814453,-3.30960536,-647.112427,6.22808743,-3.2205925,-646.524048,6.44206047,-3.11011553,-646.023865,6.27119255,-2.74061632,-645.828369,6.1355505,-2.86566925,-645.839844,6.62977314,-2.97830844,-645.978333,6.80517101,-3.2439096,-646.227295
692,7.84800339,-3.07328439,-649.035217,7.6638813,-3.13285422,-649.526611,7.5035758,-2.70446897,-649.625305,7.03569126,-2.5732646,-649.503906,6.73416853,-3.10121942,-649.377625,6.35634995,-3.31259131,-649.000366,6.23907661,-3.22170448,-648.411194,6.45118904,-3.11432791,-647.909058,6.27659369,-2.74895787,-647.714539,6.14216566,-2.8738997,-647.723633,6.63566923,-2.9847827,-647.863708,6.8143549,-3.24860597,-648.114563
693,7.84725523,-3.07673955,-650.939331,7.66576576,-3.13622093,-651.427673,7.50591898,-2.70696068,-651.521729,7.03888559,-2.57551432,-651.394531,6.7393961,-3.10346365,-651.271057,6.36457205,-3.31553459,-650.891052,6.2500906,-3.22280264,-650.301025,6.46031857,-3.11854124,-649.796997,6.28197145,-2.75731254,-649.603455,6.14880991,-2.88211656,-649.610168,6.64154768,-2.99127841,-649.751831,6.82353878,-3.25328898,-650.004578
694,7.84648752,-3.08018613,-652.846191,7.66760683,-3.139575,-653.331421,7.50821877,-2.70948219,-653.420898,7.04212093,-2.57786036,-653.287903,6.74463367,-3.10566306,-653.167175,6.37281275,-3.31843424,-652.784424,6.26113033,-3.22388673,-652.193604,6.46944714,-3.12275553,-651.687744,6.28732634,-2.76568079,-651.495117,6.15548563,-2.89031982,-651.499451,6.64740896,-2.99779582,-651.6427,6.83272076,-3.25795865,-651.897278
695,7.84569836,-3.08362269,-654.755798,7.66940355,-3.14291692,-655.237854,7.51047754,-2.71203303,-655.322754,7.04539871,-2.58030033,-655.184021,6.7498827,-3.10781813,-655.065979,6.38107061,-3.32129264,-654.680481,6.27219343,-3.22495723,-654.088867,6.47857571,-3.12697172,-653.581177,6.29265881,-2.77406168,-653.389526,6.16219091,-2.89850855,-653.391479,6.65325308,-3.00433469,-653.536316,6.8419013,-3.2626152,-653.792664
696,7.84488869,-3.08704948,-656.668213,7.67115688,-3.14624691,-657.146973,7.51269579,-2.7146132,-657.227356,7.04871845,-2.58283472,-657.082886,6.75514221,-3.10992861,-656.967468,6.38934374,-3.32410955,-656.579224,6.28328085,-3.22601604,-655.986877,6.48770475,-3.1311903,-655.477356,6.29796934,-2.78245425,-655.286682,6.16892624,-2.90668201,-655.286255,6.65908051,-3.01089478,-655.432678,6.85108042,-3.26725841,-655.690735
697,7.84406042,-3.09046698,-658.583374,7.67286777,-3.14956498,-659.058777,7.51487112,-2.7172215,-659.134644,7.0520792,-2.58546352,-658.984497,6.76041174,-3.1119957,-658.871643,6.39763355,-3.32688498,-658.480713,6.29439163,-3.2270627,-657.887573,6.49683428,-3.13541102,-657.376282,6.3032589,-2.79085875,-657.186523,6.17569113,-2.91484046,-657.183777,6.66489124,-3.01747608,-657.331787,6.86025715,-3.27188826,-657.591492
698,7.84321404,-3.09387493,-660.501282,7.67453575,-3.15287113,-660.973328,7.51700497,-2.71985841,-661.044678,7.05548048,-2.58818626,-660.888794,6.7656908,-3.11401939,-660.778564,6.40594053,-3.32961869,-660.384888,6.30552626,-3.2280972,-659.791016,6.50596237,-3.13963485,-659.277954,6.30852747,-2.79927492,-659.089111,6.18248558,-2.92298388,-659.084045,6.67068624,-3.02407837,-659.233643,6.8694315,-3.27650476,-659.494934
699,7.8423481,-3.0972724,-662.421997,7.67616177,-3.15616512,-662.890564,7.51909876,-2.72252178,-662.957397,7.05892467,-2.59100008,-662.795898,6.77098131,-3.11600041,-662.68811,6.41426229,-3.33231449,-662.291748,6.31668234,-3.22912049,-661.697144,6.51508951,-3.14386201,-661.182373,6.31377602,-2.80770183,-660.994446,6.1893096,-2.93111157,-660.987061,6.67646503,-3.03070188,-661.138245,6.87860346,-3.28110814,-661.401062
700,7.84146595,-3.10066009,-664.345459,7.6777463,-3.15944672,-664.810486,7.52115154,-2.72521162,-664.872864,7.0624094,-2.5939064,-664.705688,6.77628136,-3.11793947,-664.600403,6.42259789,-3.33497071,-664.201294,6.32786131,-3.23013449,-663.606018,6.52421665,-3.14809275,-663.089539,6.31900501,-2.81613898,-662.902527,6.19616222,-2.93922329,-662.892822,6.68222857,-3.03734589,-663.045593,6.88777304,-3.28569818,-663.309937
701,7.84056568,-3.10403728,-666.271667,7.67928886,-3.16271591,-666.733093,7.52316475,-2.72792816,-666.791016,7.06593561,-2.59690237,-666.618286,6.78159189,-3.11983728,-666.515381,6.43094826,-3.33758926,-666.113586,6.33906221,-3.23113871,-665.517578,6.53334284,-3.15232778,-664.999451,6.32421541,-2.82458615,-664.813293,6.20304441,-2.94731855,-664.801392,6.68797684,-3.04401064,-664.955688,6.89693785,-3.2902751,-665.221497
702,7.83964825,-3.10740376,-668.200623,7.68079042,-3.16597366,-668.658447,7.52513742,-2.73067093,-668.711914,7.0695014,-2.59998965,-668.53363,6.78691053,-3.12169361,-668.433044,6.43931532,-3.34016776,-668.028564,6.35028601,-3.23213315,-667.431885,6.54246664,-3.15656734,-666.91217,6.32940769,-2.83304358,-666.726807,6.20995522,-2.95539784,-666.712708,6.69371033,-3.05069637,-666.86853,6.90609932,-3.29483843,-667.135742
703,7.83871508,-3.11076021,-670.132324,7.68225193,-3.16921878,-670.586487,7.52707052,-2.73343825,-670.635498,7.0731082,-2.60316467,-670.451721,6.79223967,-3.12351012,-670.353394,6.4476943,-3.34271049,-669.946228,6.3615303,-3.23311973,-669.348877,6.55159044,-3.16081142,-668.827576,6.33458233,-2.84150982,-668.643066,6.2168951,-2.96346045,-668.62677,6.69942951,-3.05740237,-668.784119,6.9152565,-3.29938865,-669.052673
704,7.83776522,-3.1141057,-672.066833,7.6836729,-3.1724515,-672.517212,7.528965,-2.73623061,-672.561829,7.07675505,-2.60642838,-672.372559,6.79757738,-3.12528658,-672.276428,6.45608759,-3.3452158,-671.866577,6.37279654,-3.23409796,-671.268616,6.56071234,-3.16506076,-670.745728,6.3397398,-2.84998536,-670.562073,6.22386312,-2.97150636,-670.543579,6.70513391,-3.06412911,-670.702454,6.92440987,-3.30392528,-670.97229
705,7.8368001,-3.11744022,-674.004089,7.6850543,-3.17567158,-674.450623,7.53082037,-2.73904705,-674.490906,7.08044147,-2.6097796,-674.296143,6.80292368,-3.12702489,-674.202148,6.46449423,-3.3476851,-673.789673,6.38408375,-3.23506832,-673.19104,6.5698328,-3.16931558,-672.666626,6.34488106,-2.85846925,-672.483826,6.23085928,-2.97953486,-672.463135,6.71082497,-3.07087612,-672.623535,6.93355799,-3.30844879,-672.894592
706,7.83581877,-3.1207633,-675.944092,7.68639565,-3.17887998,-676.386719,7.53263712,-2.74188781,-676.422668,7.08416796,-2.61321712,-676.222473,6.80827856,-3.12872434,-676.130554,6.4729147,-3.3501184,-675.715454,6.39539194,-3.23603177,-675.116211,6.57895136,-3.17357659,-674.590271,6.35000658,-2.86696124,-674.408264,6.23788309,-2.98754597,-674.385437,6.71650267,-3.07764339,-674.547363,6.94270086,-3.31295896,-674.81958
707,7.83482313,-3.12407541,-677.886841,7.68769789,-3.18207574,-678.3255,7.53441572,-2.74475169,-678.357178,7.08793402,-2.61673951,-678.15155,6.8136425,-3.13038683,-678.061646,6.48134899,-3.35251713,-677.643921,6.40671968,-3.23698807,-677.044067,6.58806658,-3.17784381,-676.516724,6.35511684,-2.8754611,-676.335449,6.24493408,-2.9955399,-676.310486,6.72216702,-3.08443046,-676.473938,6.95183897,-3.31745601,-676.747253
708,7.83381319,-3.1273756,-679.832336,7.68896198,-3.18525887,-680.266968,7.53615713,-2.74763775,-680.294373,7.09173918,-2.62034512,-680.083374,6.81901455,-3.13201284,-679.995361,6.48979521,-3.35488272,-679.575073,6.41806698,-3.23793888,-678.97467,6.59718037,-3.18211794,-678.445862,6.3602128,-2.88396788,-678.265381,6.25201273,-3.00351596,-678.238342,6.72781897,-3.09123707,-678.403259,6.9609704,-3.32193995,-678.677612
709,7.83278847,-3.13066363,-681.78064,7.69018745,-3.18842936,-682.211182,7.53786278,-2.75054526,-682.234314,7.09558439,-2.62403083,-682.018005,6.82439756,-3.13360333,-681.931824,6.49825144,-3.35721803,-681.508911,6.42943192,-3.23888516,-680.907959,6.60629177,-3.18639827,-680.377747,6.36529541,-2.89248133,-680.198059,6.2591176,-3.01147437,-680.168945,6.73345852,-3.09806347,-680.335327,6.97009659,-3.32641053,-680.610718
710,7.83175182,-3.13394022,-683.731628,7.69137573,-3.19158649,-684.158081,7.53953028,-2.75347447,-684.176941,7.09946728,-2.62780046,-683.955383,6.82978678,-3.13515973,-683.870911,6.50672054,-3.359519,-683.445496,6.44081736,-3.23982596,-682.843994,6.61540127,-3.19068599,-682.312378,6.37036467,-2.90100145,-682.133423,6.26624823,-3.01941442,-682.102295,6.73908567,-3.10491014,-682.270081,6.97921705,-3.33086753,-682.546509
711,7.83070135,-3.13720465,-685.685425,7.69252634,-3.194731,-686.107666,7.54116154,-2.75642538,-686.122314,7.10338831,-2.63165021,-685.895508,6.83518362,-3.13668203,-685.812683,6.51520348,-3.36178756,-685.384766,6.45222139,-3.24076152,-684.782715,6.624506,-3.1949811,-684.249817,6.37542152,-2.90952802,-684.071533,6.27340603,-3.0273366,-684.038391,6.74470186,-3.11177659,-684.207581,6.98832941,-3.33531117,-684.484985
712,7.82963848,-3.14045668,-687.641968,7.69364023,-3.19786191,-688.059937,7.54275799,-2.75939631,-688.070374,7.10734797,-2.63557816,-687.83844,6.84058905,-3.13817143,-687.757202,6.52369499,-3.36402702,-687.326721,6.4636426,-3.24169445,-686.724182,6.63360977,-3.19928479,-686.189941,6.38046741,-2.91805959,-686.01239,6.2805891,-3.0352397,-685.977295,6.75030708,-3.1186626,-686.147888,6.99743509,-3.33974123,-686.426147
713,7.82856321,-3.14369655,-689.601257,7.69471788,-3.20098066,-690.014893,7.5443182,-2.76238775,-690.021179,7.11134434,-2.6395843,-689.784119,6.84600115,-3.13962841,-689.704346,6.53219891,-3.36623526,-689.271362,6.4750824,-3.24262333,-688.668335,6.64270926,-3.20359635,-688.132812,6.38550234,-2.92659664,-687.955933,6.28779697,-3.04312491,-687.918945,6.75590181,-3.12556791,-688.090881,7.00653362,-3.34415793,-688.369995
714,7.82747555,-3.14692354,-691.563293,7.6957593,-3.20408678,-691.972595,7.54584408,-2.76539922,-691.97467,7.1153779,-2.64366651,-691.732544,6.85142136,-3.14105415,-691.654175,6.54071426,-3.36841416,-691.21875,6.48653984,-3.24354911,-690.615173,6.65180492,-3.20791626,-690.07843,6.39052725,-2.93513846,-689.902222,6.29502916,-3.05099177,-689.863342,6.76148605,-3.13249278,-690.036621,7.01562548,-3.34856105,-690.316528
715,7.82637691,-3.15013766,-693.528076,7.69676542,-3.20717883,-693.932983,7.5473361,-2.76842928,-693.930908,7.11944818,-2.64782357,-693.683777,6.85684872,-3.14245009,-693.606689,6.54923916,-3.37056494,-693.168823,6.4980135,-3.24447346,-692.564758,6.66089678,-3.21224451,-692.026794,6.39554262,-2.94368482,-691.851257,6.30228567,-3.05884027,-691.810486,6.76706076,-3.13943648,-691.985107,7.0247097,-3.35295057,-692.265747
716,7.82526731,-3.15333915,-695.495605,7.69773579,-3.21025801,-695.896057,7.54879427,-2.77147818,-695.889832,7.12355471,-2.65205503,-695.637756,6.86228323,-3.14381647,-695.56189,6.55777597,-3.37268686,-695.121582,6.50950384,-3.24539518,-694.517029,6.66998386,-3.2165823,-693.977905,6.40054941,-2.95223522,-693.802979,6.30956602,-3.0666697,-693.760376,6.7726264,-3.1463995,-693.93634,7.03378534,-3.35732651,-694.217651
717,7.82414675,-3.156528,-697.465881,7.69867134,-3.21332383,-697.861816,7.55021906,-2.77454591,-697.851501,7.12769651,-2.65635824,-697.594482,6.86772442,-3.14515424,-697.519775,6.56632233,-3.37478185,-697.077026,6.52101135,-3.24631596,-696.472046,6.67906713,-3.22092915,-695.931763,6.40554857,-2.9607892,-695.757446,6.31687069,-3.0744803,-695.713074,6.77818346,-3.15338135,-695.89032,7.04285192,-3.36168909,-696.172241
718,7.82301617,-3.15970325,-699.438904,7.69957256,-3.21637583,-699.830261,7.55161142,-2.77763104,-699.815857,7.13187313,-2.66073179,-699.554016,6.87317181,-3.14646482,-699.480347,6.57487917,-3.37685037,-699.035156,6.53253508,-3.24723601,-698.429749,6.68814516,-3.22528553,-697.888428,6.41054058,-2.96934628,-697.714661,6.32419825,-3.08227229,-697.668518,6.78373241,-3.16038203,-697.847046,7.05190945,-3.36603832,-698.129517
719,7.82187462,-3.16286492,-701.414673,7.70044041,-3.21941519,-701.801392,7.55297136,-2.7807343,-701.782959,7.13608456,-2.66517615,-701.516296,6.87862539,-3.14774895,-701.443604,6.58344507,-3.37889218,-700.996033,6.54407501,-3.24815583,-700.390198,6.69721937,-3.22965217,-699.847778,6.41552687,-2.97790575,-699.674561,6.33154726,-3.09004498,-699.626709,6.78927326,-3.16740084,-699.806519,7.06095886,-3.37037396,-700.089478
720,7.82072353,-3.16601324,-703.393188,7.70127392,-3.22244072,-703.775208,7.55430031,-2.78385472,-703.752747,7.14032984,-2.66968656,-703.481384,6.88408613,-3.14900756,-703.409546,6.59202194,-3.38091063,-702.959595,6.55562878,-3.24907565,-702.353333,6.70628786,-3.23402905,-701.809875,6.42050791,-2.98646736,-701.637207,6.33891916,-3.09779882,-701.587708,6.79480696,-3.17443824,-701.768738,7.06999826,-3.37469673,-702.052185
721,7.81956339,-3.16914773,-705.374451,7.702075,-3.2254529,-705.75177,7.55559826,-2.78699183,-705.72522,7.14460802,-2.67426372,-705.449219,6.88955212,-3.15024185,-705.378174,6.60060978,-3.38290381,-704.925842,6.5671978,-3.24999571,-704.319214,6.7153492,-3.23841572,-703.77478,6.42548418,-2.99503136,-703.6026,6.346313,-3.10553455,-703.551453,6.80033398,-3.18149352,-703.733704,7.07902765,-3.37900591,-704.017578
722,7.81839466,-3.17226863,-707.358459,7.70284367,-3.22845101,-707.731018,7.55686522,-2.79014516,-707.700439,7.14891911,-2.67890692,-707.419861,6.89502335,-3.15145302,-707.349487,6.60920572,-3.38487339,-706.894775,6.5787816,-3.25091672,-706.287781,6.72440529,-3.2428124,-705.742371,6.43045616,-3.00359678,-705.57074,6.35372877,-3.11325145,-705.517944,6.8058548,-3.18856692,-705.701416,7.08804703,-3.3833015,-705.985657
723,7.81721687,-3.17537546,-709.345215,7.7035799,-3.23143554,-709.712952,7.55810308,-2.7933147,-709.678345,7.15326214,-2.68361306,-709.39325,6.9005003,-3.1526413,-709.323486,6.61781168,-3.38682032,-708.866394,6.59038019,-3.25183964,-708.259094,6.7334547,-3.2472198,-707.712769,6.43542528,-3.01216316,-707.541565,6.36116552,-3.12094903,-707.487244,6.81136942,-3.19565845,-707.671875,7.09705639,-3.38758397,-707.956421
724,7.81603098,-3.17846847,-711.334717,7.70428419,-3.23440647,-711.697571,7.55931139,-2.79649997,-711.658997,7.15763664,-2.68838143,-711.369446,6.90598297,-3.15380812,-711.30011,6.62642574,-3.38874555,-710.840759,6.60199213,-3.25276446,-710.233093,6.74249887,-3.25163817,-709.685913,6.44039297,-3.02072954,-709.515137,6.3686223,-3.12862778,-709.45929,6.81687927,-3.20276713,-709.645081,7.10605431,-3.39185309,-709.929871
725,7.81483746,-3.1815474,-713.326965,7.70495749,-3.23736382,-713.684875,7.56049109,-2.79970074,-713.642334,7.16204214,-2.69320989,-713.348389,6.91147089,-3.15495443,-713.279419,6.63504839,-3.39064908,-712.81781,6.61361742,-3.25369239,-712.209778,6.75153637,-3.25606751,-711.661743,6.44535923,-3.02929616,-711.491455,6.37609816,-3.13628793,-711.434082,6.82238388,-3.20989347,-711.621033,7.11504173,-3.39610863,-711.906006
726,7.81363678,-3.18461204,-715.321899,7.70560074,-3.24030685,-715.674866,7.56164265,-2.80291581,-715.628418,7.1664772,-2.69809723,-715.330139,6.91696358,-3.15608168,-715.261414,6.64368105,-3.39253283,-714.797546,6.62525511,-3.25462317,-714.189209,6.76056623,-3.26050782,-713.640381,6.45032454,-3.03786254,-713.470459,6.38359404,-3.14392924,-713.411682,6.8278842,-3.21703696,-713.59967,7.12401772,-3.40035129,-713.884827
727,7.81242943,-3.1876626,-717.31958,7.70621347,-3.24323583,-717.667542,7.56276608,-2.80614543,-717.617188,7.17094183,-2.70304203,-717.314697,6.92246103,-3.15719032,-717.246094,6.65232229,-3.39439607,-716.779968,6.63690567,-3.25555801,-716.171326,6.76958847,-3.26495981,-715.621765,6.45529079,-3.04642773,-715.452209,6.39110851,-3.15155149,-715.392029,6.83338118,-3.22419786,-715.581055,7.13298225,-3.40458035,-715.866333
728,7.8112154,-3.19069839,-719.320007,7.70679665,-3.24615073,-719.662964,7.56386328,-2.80938959,-719.608704,7.17543554,-2.70804214,-719.302002,6.92796373,-3.1582818,-719.233459,6.66097116,-3.39624095,-718.765076,6.64856768,-3.25649714,-718.156189,6.77860355,-3.26942348,-717.605896,6.46025848,-3.05499148,-717.436707,6.39864016,-3.15915489,-717.375122,6.83887482,-3.23137593,-717.565186,7.14193535,-3.4087956,-717.850525
729,7.80999374,-3.19371939,-721.323181,7.7073493,-3.24905205,-721.661072,7.56493425,-2.81264877,-721.602905,7.17995739,-2.71309638,-721.292114,6.9334712,-3.15935707,-721.223511,6.66962767,-3.39806628,-720.75293,6.66024256,-3.25744104,-720.143738,6.78761148,-3.27389836,-719.592712,6.4652276,-3.06355357,-719.423889,6.4061904,-3.16673946,-719.360962,6.8443656,-3.23857093,-719.552063,7.15087605,-3.41299772,-719.837402
730,7.80876589,-3.19672561,-723.329102,7.70787287,-3.25193906,-723.661865,7.56597948,-2.81592202,-723.599854,7.18450642,-2.71820402,-723.284973,6.93898249,-3.16041732,-723.216248,6.67829418,-3.3998735,-722.743469,6.67192841,-3.25838971,-722.133972,6.79661036,-3.27838588,-721.582336,6.47020054,-3.0721128,-721.413818,6.4137578,-3.17430472,-721.349609,6.84985447,-3.24578261,-721.541687,7.15980387,-3.41718698,-721.826965
731,7.80753279,-3.19971704,-725.337769,7.7083683,-3.25481129,-725.665344,7.56699944,-2.81920838,-725.599487,7.18908167,-2.72336268,-725.28064,6.94449759,-3.16146326,-725.21167,6.6869688,-3.40166354,-724.736694,6.6836257,-3.25934434,-724.126953,6.80560017,-3.28288531,-723.574707,6.47517729,-3.08066964,-723.406494,6.4213419,-3.1818521,-723.341003,6.85534191,-3.25301027,-723.534058,7.16871929,-3.42136288,-723.819214
732,7.80629396,-3.20269346,-727.349182,7.70883608,-3.25766921,-727.671509,7.56799507,-2.82250834,-727.601807,7.19368315,-2.72857213,-727.279114,6.95001602,-3.16249609,-727.209778,6.6956501,-3.4034369,-726.732605,6.69533443,-3.26030469,-726.12262,6.81458092,-3.28739548,-725.569824,6.48015833,-3.08922338,-725.401917,6.42894316,-3.18938184,-725.335205,6.86082888,-3.26025367,-725.529175,7.17762136,-3.4255259,-725.814148
733,7.80505133,-3.20565534,-729.363342,7.70927668,-3.26051235,-729.680359,7.56896639,-2.82582116,-729.606873,7.19830942,-2.73382998,-729.280396,6.95553827,-3.163517,-729.21051,6.7043395,-3.40519452,-728.731262,6.70705318,-3.26127172,-728.121033,6.82355165,-3.29191804,-727.567688,6.48514509,-3.09777331,-727.400024,6.43655968,-3.19689322,-727.332153,6.86631489,-3.26751328,-727.527039,7.18651104,-3.42967558,-727.811829
734,7.80380344,-3.20860147,-731.380188,7.70968962,-3.26334167,-731.691895,7.56991482,-2.82914758,-731.614624,7.20296049,-2.73913383,-731.284424,6.96106434,-3.1645267,-731.213928,6.71303749,-3.40693593,-730.732605,6.71878147,-3.26224566,-730.122131,6.8325119,-3.296453,-729.568298,6.49013901,-3.10631871,-729.400879,6.44419241,-3.20438671,-729.331848,6.87180185,-3.27478862,-729.527649,7.19538593,-3.43381262,-729.812195
735,7.80255032,-3.21153259,-733.39978,7.7100749,-3.26615739,-733.706177,7.57084036,-2.83248687,-733.625122,7.20763493,-2.7444818,-733.29126,6.9665947,-3.16552639,-733.220032,6.72174311,-3.40866327,-732.736633,6.73051882,-3.26322746,-732.125977,6.84146166,-3.30099964,-731.571655,6.49514008,-3.1148591,-731.40448,6.45184088,-3.21186209,-731.334351,6.87728977,-3.2820797,-731.531006,7.20424604,-3.43793654,-731.815247
736,7.80129385,-3.21444845,-735.422119,7.71043491,-3.26895761,-735.723145,7.57174444,-2.83583784,-735.638306,7.21233225,-2.74987197,-735.300903,6.97212982,-3.16651678,-735.228821,6.7304554,-3.41037917,-734.743347,6.74226332,-3.26421785,-734.132507,6.85040092,-3.30555892,-733.577759,6.5001502,-3.12339401,-733.410767,6.4595027,-3.21931958,-733.3396,6.88277912,-3.2893858,-733.537109,7.21309233,-3.4420476,-733.820984
737,7.80003405,-3.21734905,-737.447205,7.71076918,-3.2717433,-737.742798,7.57262659,-2.83920097,-737.654236,7.21705151,-2.75530577,-737.313293,6.97766733,-3.16749978,-737.240295,6.7391758,-3.41208029,-736.752747,6.75401688,-3.26521635,-736.141724,6.85932875,-3.31013012,-735.586609,6.50516939,-3.13192296,-735.4198,6.4671793,-3.22675943,-735.347595,6.88827038,-3.29670668,-735.545898,7.22192335,-3.44614625,-735.829407
738,7.79877043,-3.22023368,-739.474976,7.71107817,-3.2745142,-739.765137,7.57348776,-2.84257627,-739.672852,7.22179174,-2.76077962,-739.328491,6.98320818,-3.1684761,-739.254456,6.74790478,-3.41376925,-738.764832,6.76577759,-3.26622438,-738.153625,6.86824369,-3.31471372,-737.598206,6.51019955,-3.14044523,-737.43158,6.4748702,-3.23418164,-737.358398,6.8937645,-3.30404258,-737.557434,7.23073864,-3.45023203,-737.840515
739,7.79750347,-3.22310281,-741.505493,7.71136141,-3.27727103,-741.790161,7.57432842,-2.84596443,-741.694153,7.22655296,-2.76629281,-741.346497,6.98875189,-3.16944647,-741.271301,6.75663996,-3.41544509,-740.779663,6.77754688,-3.26724172,-740.168274,6.8771472,-3.31930947,-739.612549,6.51524067,-3.14896059,-739.446045,6.48257399,-3.24158645,-739.371948,6.89926147,-3.3113935,-739.571716,7.23953915,-3.45430493,-739.854309
740,7.79623413,-3.22595668,-743.538757,7.71162033,-3.28001332,-743.817871,7.57515001,-2.8493638,-743.718201,7.23133326,-2.77184296,-743.367249,6.99429893,-3.17041183,-743.290833,6.76538229,-3.41711044,-742.79718,6.78932285,-3.26826882,-742.185608,6.88603783,-3.32391691,-741.629639,6.52029371,-3.1574688,-741.463257,6.49029016,-3.24897432,-741.388245,6.90476179,-3.31875896,-741.588745,7.24832487,-3.45836496,-741.870789
741,7.79496288,-3.22879481,-745.574768,7.71185541,-3.28274059,-745.848267,7.57595205,-2.85277462,-745.744934,7.23613167,-2.77742887,-745.390808,6.99984837,-3.17137361,-745.313049,6.77413225,-3.41876507,-744.817383,6.8011055,-3.26930714,-744.205627,6.8949151,-3.32853746,-743.649475,6.52536058,-3.16596866,-743.483215,6.49801826,-3.25634503,-743.407349,6.91026688,-3.32613873,-743.608521,7.25709438,-3.46241236,-743.889954
742,7.79368925,-3.23161674,-747.613525,7.71206713,-3.28545308,-747.881348,7.57673597,-2.85619688,-747.774414,7.24094725,-2.78304887,-747.417175,7.00540066,-3.172333,-747.337891,6.78288841,-3.42040944,-746.840271,6.81289577,-3.27035594,-746.228394,6.90377903,-3.33316994,-745.672058,6.53044081,-3.17446017,-745.505859,6.50575876,-3.26369953,-745.429199,6.91577721,-3.33353233,-745.631042,7.26584721,-3.46644759,-745.911804
743,7.79241323,-3.23442268,-749.654968,7.712255,-3.28815174,-749.917175,7.57750177,-2.8596313,-749.80658,7.24578047,-2.78870153,-749.44635,7.01095581,-3.17329049,-749.365417,6.79165173,-3.42204404,-748.865906,6.8246913,-3.27141619,-748.253845,6.91262865,-3.33781385,-747.697449,6.53553629,-3.18294239,-747.53125,6.51351166,-3.27103806,-747.453857,6.92129326,-3.34093928,-747.656311,7.27458334,-3.47047043,-747.93634
744,7.79113626,-3.2372129,-751.699158,7.71242046,-3.29083538,-751.955627,7.57825041,-2.86307669,-751.841431,7.2506299,-2.79438543,-751.478333,7.01651335,-3.17424703,-751.39563,6.80042219,-3.42366982,-750.894226,6.83649063,-3.27248931,-750.281982,6.92146349,-3.34247041,-749.725586,6.54064846,-3.19141412,-749.559387,6.52127504,-3.27836037,-749.481262,6.92681503,-3.34835982,-749.684326,7.28330326,-3.47448111,-749.963562
745,7.78985834,-3.23998737,-753.746094,7.71256351,-3.29350471,-753.996826,7.57898188,-2.86653328,-753.879028,7.25549412,-2.8000989,-753.513062,7.02207422,-3.17520404,-753.428528,6.8091979,-3.42528677,-752.925232,6.84829521,-3.27357531,-752.312866,6.93028355,-3.34713888,-751.75647,6.54577732,-3.19987535,-751.590271,6.52904892,-3.28566694,-751.511414,6.93234301,-3.35579324,-751.715088,7.29200697,-3.47847939,-751.99353
746,7.78857946,-3.24274588,-755.795715,7.71268415,-3.29615927,-756.04071,7.57969809,-2.87000132,-755.919312,7.26037264,-2.80583954,-755.550598,7.02763796,-3.17616224,-755.464111,6.81798029,-3.4268961,-754.958923,6.86010408,-3.27467442,-754.346436,6.93908834,-3.35181975,-753.7901,6.55092382,-3.20832562,-753.62384,6.53683329,-3.29295778,-753.544373,6.93787861,-3.36323953,-753.748535,7.30069256,-3.48246598,-754.026184
747,7.78730059,-3.24548864,-757.848083,7.71278381,-3.2987988,-758.08728,7.58039808,-2.87347984,-757.96228,7.26526451,-2.81160879,-757.590942,7.03320265,-3.17712331,-757.50238,6.82676935,-3.42849684,-756.9953,6.87191629,-3.27578759,-756.382751,6.94787645,-3.35651278,-755.826477,6.55608988,-3.21676373,-755.660156,6.54462814,-3.30023336,-755.580078,6.94342279,-3.37069869,-755.784729,7.3093605,-3.48644042,-756.061523
748,7.78602219,-3.2482152,-759.903198,7.71286345,-3.30142331,-760.136536,7.58108377,-2.87696862,-760.007996,7.2701683,-2.81740236,-759.634094,7.0387702,-3.17808771,-759.543335,6.83556366,-3.43009281,-759.034424,6.88373089,-3.27691507,-758.421753,6.95664787,-3.36121726,-757.865601,6.56127596,-3.22518921,-757.699219,6.55243301,-3.30749393,-757.618591,6.94897604,-3.37817001,-757.823669,7.31800938,-3.49040341,-758.099548
749,7.78474426,-3.25092578,-761.960999,7.7129221,-3.30403304,-762.188477,7.58175516,-2.88046861,-762.056396,7.27508354,-2.8232193,-761.680054,7.04434061,-3.17905641,-761.586975,6.84436464,-3.43168235,-761.076233,6.89554834,-3.27805734,-760.46344,6.96540117,-3.3659327,-759.907471,6.56648302,-3.23360229,-759.741028,6.56024742,-3.31474018,-759.659851,6.95453787,-3.38565373,-759.865356,7.32664108,-3.49435425,-760.140259
750,7.78346682,-3.25362015,-764.021545,7.71295977,-3.30662894,-764.243103,7.58241272,-2.8839798,-764.107544,7.28001022,-2.82906008,-763.72876,7.04991245,-3.18003058,-763.63324,6.8531723,-3.43326449,-763.120728,6.90736818,-3.27921462,-762.507812,6.97413683,-3.37066031,-761.952087,6.57171202,-3.2420013,-761.785522,6.56806993,-3.32197142,-761.703857,6.96010971,-3.39314985,-761.90979,7.33525467,-3.4982934,-762.183655
751,7.78219032,-3.2562983,-766.084839,7.71297836,-3.30920982,-766.300415,7.5830574,-2.88750124,-766.161377,7.28494692,-2.83492112,-765.780273,7.05548716,-3.1810112,-765.68219,6.86198521,-3.43484259,-765.167908,6.9191885,-3.28038812,-764.554932,6.98285437,-3.37539887,-763.999451,6.5769639,-3.250386,-763.832764,6.57590151,-3.32918835,-763.750671,6.96569204,-3.40065742,-763.95697,7.34384918,-3.50222111,-764.229736
752,7.78091478,-3.25895977,-768.150818,7.71297789,-3.31177568,-768.360474,7.58368969,-2.89103365,-768.217896,7.28989267,-2.84080195,-767.834595,7.06106377,-3.18199921,-767.733826,6.87080431,-3.43641591,-767.217834,6.93100882,-3.2815783,-766.604736,6.99155188,-3.38014889,-766.049561,6.58224058,-3.25875521,-765.882751,6.58374119,-3.33639169,-765.800232,6.97128487,-3.40817618,-766.006897,7.3524251,-3.50613785,-766.278503
753,7.77964258,-3.2616055,-770.219543,7.71295834,-3.31432605,-770.423218,7.58431005,-2.89457631,-770.277161,7.29484653,-2.84670067,-769.891724,7.06664276,-3.18299532,-769.788147,6.87962914,-3.4379859,-769.270447,6.94282818,-3.28278613,-768.657227,7.00022936,-3.38490939,-768.102478,6.58754158,-3.26710868,-767.935486,6.59158945,-3.34358168,-767.852539,6.97688913,-3.41570616,-768.05957,7.36098194,-3.51004314,-768.329956
754,7.77837133,-3.26423478,-772.290955,7.71292019,-3.31686187,-772.488647,7.58491993,-2.89812899,-772.339111,7.29980755,-2.85261536,-771.95166,7.07222414,-3.18400097,-771.845154,6.88845873,-3.43955302,-771.325745,6.95464802,-3.28401089,-770.712402,7.00888681,-3.38968062,-770.158142,6.59286833,-3.27544641,-769.990906,6.59944582,-3.35075831,-769.907654,6.98250532,-3.42324686,-770.114929,7.36951923,-3.51393795,-770.384094
755,7.77710247,-3.26684761,-774.365112,7.71286345,-3.31938338,-774.556763,7.58551884,-2.90169239,-774.403748,7.30477476,-2.8585453,-774.014343,7.07780886,-3.18501687,-773.904846,6.89729214,-3.44111705,-773.383728,6.9664669,-3.28525376,-772.770325,7.01752472,-3.39446259,-772.216492,6.59822178,-3.28376651,-772.049072,6.60730886,-3.35792232,-771.965515,6.98813486,-3.43079805,-772.173035,7.3780365,-3.51782179,-772.440979
756,7.77583694,-3.26944423,-776.442017,7.71278954,-3.3218894,-776.627563,7.58610773,-2.90526581,-776.47113,7.3097477,-2.86449051,-776.079834,7.083395,-3.18604422,-775.967224,6.90613174,-3.44267797,-775.444397,6.97828293,-3.28651571,-774.830933,7.02613974,-3.3992548,-774.277649,6.60360336,-3.29206872,-774.109985,6.61518049,-3.36507344,-774.026123,6.99377728,-3.43835974,-774.233887,7.38653374,-3.5216949,-774.500549
757,7.77457476,-3.27202439,-778.521606,7.71269894,-3.32438016,-778.70105,7.58668709,-2.90884948,-778.541199,7.3147254,-2.87044859,-778.148132,7.08898306,-3.18708372,-778.032288,6.91497564,-3.44423723,-777.507812,6.99009705,-3.28779674,-776.894226,7.0347333,-3.40405703,-776.341553,6.60901356,-3.30035305,-776.173645,6.6230588,-3.37221217,-776.089539,6.99943447,-3.44593167,-776.297485,7.39500999,-3.52555776,-776.562805
758,7.77331591,-3.27458835,-780.603943,7.71259165,-3.32685614,-780.777222,7.58725739,-2.91244364,-780.614014,7.31970596,-2.87641859,-780.219238,7.09457254,-3.18813682,-780.100037,6.92382574,-3.44579458,-779.573914,7.00190783,-3.28909779,-778.960266,7.04330301,-3.40886927,-778.408203,6.61445379,-3.30861759,-778.23999,6.63094378,-3.37933922,-778.155701,7.00510597,-3.45351338,-778.363831,7.40346622,-3.52940989,-778.627747
759,7.77206039,-3.27713561,-782.688965,7.71246719,-3.32931781,-782.856079,7.58781958,-2.91604829,-782.689514,7.32468939,-2.88239789,-782.293152,7.10016537,-3.18920398,-782.170471,6.93268061,-3.44735098,-781.6427,7.01371479,-3.2904191,-781.028992,7.05184889,-3.41369104,-780.4776,6.61992502,-3.31686234,-780.309082,6.63883638,-3.38645506,-780.224609,7.01079273,-3.46110439,-780.432922,7.41190147,-3.533252,-780.695374
760,7.77080822,-3.27966666,-784.776733,7.71232557,-3.33176589,-784.937622,7.58837461,-2.91966319,-784.7677,7.3296752,-2.88838434,-784.369812,7.10576153,-3.19028568,-784.243591,6.94153881,-3.44890809,-783.714233,7.02551746,-3.2917614,-783.100403,7.06037092,-3.41852164,-782.549744,6.62542772,-3.32508659,-782.38092,6.64673662,-3.39355946,-782.296326,7.0164957,-3.46870399,-782.504761,7.42031431,-3.53708506,-782.765686
761,7.76956034,-3.2821815,-786.867188,7.71216869,-3.33419895,-787.021912,7.58892202,-2.92328811,-786.848633,7.33466196,-2.89437914,-786.44928,7.1113596,-3.19138312,-786.319397,6.95040226,-3.45046496,-785.788452,7.03731394,-3.29312587,-785.1745,7.06886768,-3.42336154,-784.624634,6.63096428,-3.33328867,-784.455505,6.65464258,-3.40065312,-784.370789,7.02221489,-3.47631288,-784.579285,7.42870665,-3.5409081,-784.838684
762,7.7683177,-3.28467989,-788.960388,7.71199656,-3.33661699,-789.108887,7.58946371,-2.92692327,-788.932251,7.33964872,-2.90037966,-788.531555,7.11696005,-3.19249773,-788.397827,6.95927048,-3.45202208,-787.865356,7.04910564,-3.29451203,-787.251282,7.07733822,-3.4282105,-786.702332,6.63653421,-3.34146929,-786.532837,6.66255426,-3.40773654,-786.447998,7.02795076,-3.48393035,-786.656555,7.43707848,-3.54472113,-786.914368
763,7.76707983,-3.28716159,-791.056335,7.71180964,-3.33902025,-791.198547,7.58999825,-2.93056941,-791.018555,7.34463596,-2.90638733,-790.616638,7.12256241,-3.19363022,-790.478943,6.96814203,-3.45357776,-789.944946,7.06089211,-3.29591966,-789.330811,7.08578253,-3.43306828,-788.782776,6.64213753,-3.34962797,-788.612854,6.67047215,-3.41480994,-788.528015,7.0337038,-3.49155641,-788.736572,7.44542837,-3.54852462,-788.992798
764,7.76584768,-3.28962684,-793.154968,7.71160793,-3.34140873,-793.290894,7.59052801,-2.93422508,-793.107605,7.3496213,-2.91239858,-792.704468,7.12816763,-3.19478178,-792.562744,6.9770174,-3.45513582,-792.027283,7.07266951,-3.29735184,-791.413025,7.09420013,-3.43793344,-790.865967,6.64777708,-3.35776186,-790.695618,6.6783967,-3.42187405,-790.610779,7.03947544,-3.49919009,-790.819336,7.45375586,-3.55231929,-791.073914
765,7.76462221,-3.29207563,-795.256348,7.7113924,-3.34378171,-795.385925,7.59105349,-2.93789029,-795.199341,7.35460424,-2.91841054,-794.795105,7.13377619,-3.19595218,-794.649292,6.98589468,-3.45669818,-794.112305,7.08443832,-3.2988081,-793.497925,7.10259104,-3.44280624,-792.951904,6.65345287,-3.36587214,-792.781128,6.68632746,-3.42892885,-792.696289,7.04526567,-3.50683165,-792.904846,7.46206141,-3.5561049,-793.157715
766,7.76340294,-3.29450822,-797.360413,7.71116304,-3.34613967,-797.483643,7.59157419,-2.94156599,-797.293762,7.35958433,-2.92442536,-796.88855,7.13938665,-3.19714332,-796.738525,6.99477577,-3.45826149,-796.200012,7.09619904,-3.30028844,-795.585571,7.11095333,-3.44768691,-795.040588,6.65916634,-3.37395716,-794.869385,6.69426489,-3.43597436,-794.784607,7.05107498,-3.51448083,-794.993103,7.47034407,-3.55988216,-795.244202
767,7.76218891,-3.29692388,-799.467224,7.71091986,-3.34848356,-799.584045,7.59209108,-2.94525218,-799.39093,7.3645606,-2.93044186,-798.984741,7.1449995,-3.19835615,-798.830383,7.00366163,-3.45982623,-798.290405,7.10795021,-3.30179429,-797.675903,7.11928511,-3.45257449,-797.132019,6.6649189,-3.38201594,-796.960388,6.70220804,-3.44301152,-796.875671,7.05690432,-3.52213717,-797.084045,7.47860384,-3.56365085,-797.333374
768,7.76098204,-3.29932284,-801.576721,7.71066427,-3.3508122,-801.687134,7.59260511,-2.94894814,-801.490784,7.36953163,-2.93645692,-801.08374,7.15061522,-3.1995914,-800.924927,7.01255035,-3.46139479,-800.383545,7.1196909,-3.30332565,-799.768921,7.12758684,-3.45746922,-799.226196,6.67071056,-3.39004827,-799.054138,6.71015739,-3.45004034,-798.969482,7.06275368,-3.52980018,-799.177734,7.4868412,-3.56741095,-799.425232
769,7.75978231,-3.30170512,-803.688904,7.71039581,-3.35312605,-803.792908,7.59311676,-2.95265412,-803.593323,7.37449741,-2.94247031,-803.185547,7.15623379,-3.20084977,-803.022156,7.02144194,-3.46296668,-802.47937,7.13142109,-3.30488276,-801.864624,7.13585758,-3.4623704,-801.32312,6.67654228,-3.39805365,-801.150635,6.71811247,-3.45706153,-801.06604,7.0686245,-3.53746963,-801.27417,7.4950552,-3.57116318,-801.519836
770,7.75858927,-3.30407071,-805.803833,7.71011448,-3.35542536,-805.901428,7.59362698,-2.95637083,-805.698608,7.37945747,-2.94848037,-805.290161,7.16185617,-3.20213151,-805.12207,7.0303359,-3.46454287,-804.577881,7.14313984,-3.30646634,-803.963013,7.14409733,-3.46727777,-803.422852,6.68241501,-3.40603137,-803.249817,6.72607279,-3.46407485,-803.165405,7.0745163,-3.54514623,-803.373352,7.50324631,-3.57490754,-803.617126
771,7.75740433,-3.30642009,-807.921448,7.70982027,-3.35770988,-808.012634,7.59413481,-2.96009851,-807.80658,7.38441181,-2.95448852,-807.397522,7.16748095,-3.20343876,-807.22467,7.03923273,-3.4661212,-806.679138,7.15484619,-3.30807734,-806.064148,7.15230465,-3.47219038,-805.52533,6.6883297,-3.41398001,-805.351746,6.73403978,-3.4710815,-805.267517,7.08043051,-3.55282831,-805.475281,7.51141357,-3.57864451,-805.717102
772,7.75622749,-3.30875278,-810.041809,7.70951509,-3.35997915,-810.126526,7.59464216,-2.96383548,-809.917236,7.38935804,-2.96049142,-809.50769,7.17310858,-3.20477128,-809.330017,7.04813147,-3.46770549,-808.783081,7.16653872,-3.30971622,-808.167969,7.16047907,-3.47710848,-807.630554,6.69428778,-3.42189956,-807.456421,6.74201345,-3.4780817,-807.372375,7.08636713,-3.56051493,-807.579895,7.51955652,-3.58237457,-807.819763
773,7.75505924,-3.31106877,-812.164856,7.70919847,-3.36223316,-812.243103,7.59514856,-2.9675827,-812.03064,7.39429569,-2.96648979,-811.620605,7.17873955,-3.20613098,-811.437988,7.05703306,-3.46929359,-810.889709,7.17821693,-3.31138396,-810.274475,7.16861963,-3.48203158,-809.738525,6.7002902,-3.42978787,-809.563843,6.74999285,-3.48507547,-809.480042,7.09232759,-3.56820774,-809.687256,7.52767515,-3.58609748,-809.92511
774,7.7538991,-3.31336784,-814.290649,7.70887089,-3.36447215,-814.362366,7.59565639,-2.97133994,-814.146729,7.3992238,-2.9724803,-813.736328,7.18437433,-3.20751762,-813.548645,7.06593561,-3.47088909,-812.999084,7.18988037,-3.31308079,-812.383667,7.17672682,-3.48695874,-811.849243,6.70633698,-3.43764567,-811.674011,6.75797844,-3.49206305,-811.590454,7.09831095,-3.5759058,-811.797363,7.53577042,-3.58981347,-812.033142
775,7.75274801,-3.31565022,-816.419128,7.70853233,-3.3666966,-816.484314,7.5961647,-2.97510743,-816.265503,7.40414286,-2.97846341,-815.854858,7.19001245,-3.20893216,-815.662048,7.07484007,-3.47248983,-815.111145,7.20152807,-3.31480718,-814.495605,7.18479872,-3.49189019,-813.962708,6.71242905,-3.44547176,-813.786926,6.76596928,-3.49904513,-813.703613,7.10431862,-3.58360887,-813.910217,7.54384136,-3.59352279,-814.143921
776,7.75160646,-3.31791568,-818.550293,7.70818329,-3.36890626,-818.608948,7.59667349,-2.97888565,-818.387024,7.4090519,-2.98443937,-817.976135,7.19565439,-3.21037579,-817.778137,7.08374643,-3.47409534,-817.225891,7.21315908,-3.31656408,-816.610229,7.1928339,-3.49682546,-816.078918,6.71856785,-3.45326447,-815.902588,6.77396631,-3.50602198,-815.819519,7.11035061,-3.5913167,-816.025818,7.55188894,-3.59722567,-816.257385
777,7.7504735,-3.32016444,-820.684204,7.70782375,-3.37110114,-820.736267,7.59718418,-2.9826746,-820.51123,7.41394997,-2.99040675,-820.10022,7.20129967,-3.21184945,-819.896912,7.09265518,-3.47570634,-819.343384,7.22477198,-3.31835175,-818.727539,7.20083189,-3.50176406,-818.197937,6.72475338,-3.46102428,-818.020996,6.7819705,-3.51299429,-817.938171,7.11640739,-3.59902835,-818.144165,7.55991173,-3.60092211,-818.373535
778,7.74935007,-3.32239628,-822.820801,7.7074542,-3.37328148,-822.866333,7.59769726,-2.98647332,-822.638184,7.41883612,-2.99636364,-822.227051,7.20694876,-3.2133534,-822.018372,7.10156345,-3.47732472,-821.463562,7.23636913,-3.32016897,-820.847534,7.20879364,-3.50670576,-820.319702,6.73098612,-3.46875167,-820.142151,6.78998089,-3.51996207,-820.059631,7.12248993,-3.60674334,-820.265198,7.56790924,-3.6046133,-820.492371
779,7.74823713,-3.32461119,-824.960144,7.70707512,-3.3754468,-824.999084,7.59821367,-2.99028182,-824.767822,7.42370892,-3.00230861,-824.356689,7.21260214,-3.21488881,-824.142517,7.11047411,-3.47895074,-823.586487,7.24794722,-3.32201862,-822.970276,7.21671724,-3.51165032,-822.444214,6.73726702,-3.47644424,-822.266052,6.79799747,-3.52692533,-822.183838,7.12859869,-3.61446214,-822.388977,7.57588196,-3.60829902,-822.613892
780,7.74713469,-3.32680917,-827.102173,7.70668745,-3.37759662,-827.134521,7.59873343,-2.99410033,-826.900146,7.42856884,-3.00824213,-826.489136,7.21825981,-3.21645594,-826.269348,7.11938477,-3.48058534,-825.712097,7.25950384,-3.32390189,-825.095703,7.22460222,-3.51659584,-824.571472,6.74359798,-3.4841001,-824.3927,6.80601978,-3.53388596,-824.310791,7.13473415,-3.62218451,-824.515503,7.58383083,-3.61197901,-824.738159
781,7.74604225,-3.32898998,-829.246887,7.70629025,-3.37973189,-829.272644,7.59925747,-2.9979291,-829.035217,7.43341541,-3.01416254,-828.624329,7.22392225,-3.21805573,-828.398865,7.12829638,-3.4822278,-827.840393,7.27104044,-3.32581758,-827.223816,7.23244762,-3.5215435,-826.701477,6.74997854,-3.49172044,-826.522034,6.81404924,-3.54084253,-826.440491,7.14089632,-3.62990975,-826.644775,7.59175444,-3.61565423,-826.865112
782,7.74496078,-3.33115387,-831.394348,7.70588446,-3.38185191,-831.413452,7.59978533,-3.00176883,-831.172974,7.43824816,-3.02007127,-830.762268,7.22958899,-3.21968961,-830.531067,7.13720798,-3.48387694,-829.971436,7.28255606,-3.32776642,-829.354614,7.24025345,-3.52649283,-828.834229,6.75641012,-3.49930453,-828.654114,6.82208633,-3.54779601,-828.572998,7.14708614,-3.63763642,-828.776733,7.59965181,-3.61932516,-828.994751
783,7.74389029,-3.33330083,-833.544495,7.70546913,-3.38395739,-833.556946,7.600317,-3.00561953,-833.313416,7.44306803,-3.02596879,-832.903015,7.23526049,-3.22135782,-832.665955,7.1461215,-3.48553157,-832.105164,7.29404831,-3.32975006,-831.488098,7.24801683,-3.53144264,-830.969727,6.76289368,-3.50684977,-830.789001,6.8301301,-3.55474734,-830.708252,7.1533041,-3.64536619,-830.911438,7.60752439,-3.62299109,-831.127075
784,7.74283028,-3.33543086,-835.697327,7.70504522,-3.38604832,-835.703125,7.60085344,-3.00948048,-835.456604,7.44787359,-3.03185201,-835.046509,7.24093771,-3.22306085,-834.803528,7.15503502,-3.48719406,-834.241638,7.3055191,-3.33176637,-833.624329,7.25573969,-3.53639412,-833.107971,6.76942825,-3.51435876,-832.926575,6.83818007,-3.56169581,-832.846252,7.15954971,-3.65309739,-833.048889,7.6153717,-3.62665272,-833.262146
785,7.74178171,-3.33754349,-837.852905,7.70461369,-3.38812423,-837.85199,7.60139561,-3.0133512,-837.602478,7.45266294,-3.03771901,-837.19281,7.24662066,-3.22479987,-836.943787,7.16394949,-3.48886609,-836.380798,7.31696463,-3.33381915,-835.763245,7.26341963,-3.5413456,-835.249023,6.77601576,-3.52182865,-835.066895,6.84623766,-3.56864214,-834.987,7.16582394,-3.66083026,-835.189087,7.62319326,-3.63031054,-835.399902
786,7.74074507,-3.33963895,-840.011169,7.70417404,-3.39018488,-840.003601,7.60194397,-3.01723242,-839.751038,7.45743656,-3.043571,-839.341858,7.25230885,-3.22657514,-839.086792,7.17286301,-3.49054718,-838.522644,7.32838583,-3.33590746,-837.904846,7.27105761,-3.5462966,-837.392822,6.78265715,-3.52925897,-837.209961,6.85430288,-3.57558656,-837.130493,7.17212772,-3.66856384,-837.332031,7.6309886,-3.63396525,-837.540344
787,7.73971939,-3.34171677,-842.172119,7.70372677,-3.39223075,-842.157898,7.60249901,-3.0211246,-841.902344,7.46219397,-3.04940748,-841.493652,7.25800323,-3.22838759,-841.232483,7.181777,-3.49223638,-840.667236,7.33978033,-3.33803177,-840.049194,7.27865171,-3.55124688,-839.539368,6.78935194,-3.53664899,-839.355835,6.86237574,-3.58253002,-839.276733,7.17846107,-3.67629838,-839.477661,7.63875818,-3.63761663,-839.683472
788,7.73870611,-3.34377742,-844.335815,7.70327187,-3.3942616,-844.31488,7.6030612,-3.02502632,-844.056335,7.4669342,-3.05522585,-843.648254,7.26370335,-3.23023748,-843.380859,7.19068956,-3.49393702,-842.814514,7.35114956,-3.34019256,-842.196228,7.28620291,-3.55619621,-841.68866,6.79610109,-3.54399896,-841.504395,6.8704567,-3.58947206,-841.425781,7.18482399,-3.68403316,-841.626038,7.64650202,-3.64126515,-841.829346
789,7.73770523,-3.3458209,-846.502197,7.70280933,-3.39627743,-846.474548,7.60363007,-3.02893949,-846.213013,7.47165823,-3.06102943,-845.805603,7.26941013,-3.23212647,-845.531921,7.19960213,-3.49564457,-844.964539,7.36249113,-3.34238982,-844.345947,7.29370975,-3.56114364,-843.840698,6.80290508,-3.55130744,-843.655762,6.87854528,-3.59641337,-843.577576,7.19121742,-3.69176841,-843.777161,7.65421963,-3.64491081,-843.977905
790,7.73671627,-3.34784627,-848.671265,7.70234013,-3.398278,-848.636902,7.60420609,-3.0328629,-848.372437,7.47636509,-3.06681728,-847.965698,7.27512312,-3.23405433,-847.685669,7.20851326,-3.49736094,-847.117249,7.373806,-3.34462309,-846.498413,7.30117178,-3.56609011,-845.995483,6.80976391,-3.55857491,-845.809814,6.88664103,-3.60335398,-845.732117,7.19764042,-3.69950366,-845.93103,7.66191196,-3.64855361,-846.12915
791,7.73573923,-3.34985423,-850.843018,7.70186377,-3.40026355,-850.801941,7.60479069,-3.03679633,-850.534546,7.48105383,-3.07258534,-850.12854,7.28084373,-3.23602176,-849.842102,7.21742296,-3.49908948,-849.272705,7.3850913,-3.34689474,-848.653564,7.30858946,-3.57103372,-848.153015,6.81667852,-3.56580043,-847.966614,6.89474392,-3.61029458,-847.889404,7.20409441,-3.70723844,-848.087646,7.66957903,-3.65219378,-848.283081
792,7.73477507,-3.35184455,-853.017517,7.70138073,-3.40223384,-852.969666,7.60538292,-3.04074073,-852.699341,7.4857254,-3.07833695,-852.294128,7.28657246,-3.23802972,-852.001282,7.22633266,-3.50082636,-851.430847,7.39634657,-3.3492043,-850.811401,7.31596088,-3.57597542,-850.313293,6.82364941,-3.5729835,-850.126221,6.9028554,-3.61723471,-850.049438,7.2105794,-3.71497107,-850.246948,7.67721939,-3.65583253,-850.439758
793,7.73382282,-3.35381675,-855.194702,7.70089054,-3.40418935,-855.140137,7.60598421,-3.04469538,-854.866882,7.49037886,-3.08407044,-854.462463,7.29230928,-3.24007964,-854.163147,7.23524237,-3.50257182,-853.591736,7.40757179,-3.35155153,-852.971924,7.3232851,-3.58091497,-852.476318,6.83067608,-3.58012319,-852.288574,6.91097498,-3.62417507,-852.212219,7.21709633,-3.72270298,-852.408997,7.68483353,-3.6594696,-852.599121
794,7.73288393,-3.35577106,-857.374573,7.70039415,-3.40612912,-857.313293,7.60659504,-3.04866004,-857.037109,7.49501276,-3.08978367,-856.633606,7.29805422,-3.24217057,-856.327698,7.24415064,-3.5043292,-855.75531,7.4187665,-3.35393739,-855.135193,7.33056355,-3.58585167,-854.64209,6.83775854,-3.58722043,-854.453674,6.91910267,-3.63111567,-854.377747,7.22364521,-3.73043275,-854.573792,7.69242096,-3.66310525,-854.761169
795,7.73195744,-3.3577075,-859.557129,7.69989109,-3.40805435,-859.489136,7.6072135,-3.05263638,-859.210022,7.49962997,-3.09548187,-858.807434,7.30380917,-3.24430466,-858.494934,7.25305891,-3.50609303,-857.921631,7.42992783,-3.3563621,-857.301147,7.33779335,-3.59078431,-856.810669,6.84489822,-3.59427214,-856.621521,6.92723894,-3.63805723,-856.546021,7.23022604,-3.73816109,-856.741333,7.69998217,-3.66674018,-856.925964
796,7.73104429,-3.35962582,-861.742371,7.69938231,-3.40996361,-861.667664,7.60784292,-3.05662203,-861.385681,7.50422668,-3.10115862,-860.98407,7.3095727,-3.24648142,-860.664917,7.26196575,-3.50786948,-860.090637,7.44105768,-3.35882568,-859.469788,7.3449769,-3.59571409,-858.981995,6.85209417,-3.60128117,-858.792114,6.9353838,-3.64499903,-858.717102,7.23683929,-3.74588609,-858.91156,7.70751619,-3.67037463,-859.093445
797,7.73014355,-3.3615253,-863.930359,7.6988678,-3.4118576,-863.848877,7.60848188,-3.06061888,-863.564026,7.50880432,-3.10681725,-863.163452,7.31534672,-3.24870205,-862.837585,7.27087116,-3.50965452,-862.26239,7.45215464,-3.36132717,-861.641174,7.35211277,-3.60064054,-861.156067,6.85934687,-3.60824561,-860.965454,6.94353676,-3.65194154,-860.89093,7.24348497,-3.7536087,-861.084534,7.71502399,-3.67400885,-861.263611
798,7.72925568,-3.3634069,-866.121033,7.69834614,-3.41373658,-866.032837,7.60913038,-3.06462622,-865.745117,7.51336384,-3.11245751,-865.34552,7.32113123,-3.25096679,-865.012939,7.27977562,-3.51144886,-864.43689,7.46321726,-3.363868,-863.815247,7.3592,-3.60556245,-863.332886,6.86665678,-3.61516428,-863.141541,6.95169735,-3.65888619,-863.067505,7.25016403,-3.7613287,-863.260254,7.72250605,-3.67764235,-863.436462
799,7.72838068,-3.36526966,-868.314392,7.69781876,-3.4156003,-868.219482,7.60978889,-3.06864429,-867.928894,7.5179038,-3.11807823,-867.530334,7.32692766,-3.25327659,-867.190979,7.2886796,-3.51325274,-866.614075,7.47424459,-3.36644912,-865.992065,7.36623859,-3.61047983,-865.512451,6.87402344,-3.62203765,-865.320374,6.959867,-3.66583276,-865.246826,7.25687551,-3.76904535,-865.438721,7.72996283,-3.68127513,-865.612061
800,7.72751951,-3.36711383,-870.510437,7.69728613,-3.41744781,-870.408813,7.61045837,-3.07267237,-870.115356,7.52242374,-3.12367868,-869.717957,7.33273458,-3.25563097,-869.371765,7.2975812,-3.51506901,-868.794006,7.48523664,-3.36907053,-868.17157,7.37322998,-3.61539292,-867.694763,6.88144779,-3.6288662,-867.501953,6.96804571,-3.67277956,-867.428894,7.26362038,-3.77675676,-867.619873,7.73739147,-3.68490934,-867.790344
801,7.72667074,-3.3689394,-872.709167,7.69674683,-3.41928053,-872.60083,7.61113739,-3.07671142,-872.304504,7.52692556,-3.12926245,-871.908264,7.33855534,-3.25803208,-871.555237,7.30648279,-3.51689172,-870.976624,7.49619246,-3.37173033,-870.353821,7.38017178,-3.62030196,-869.879822,6.88892841,-3.63564944,-869.686279,6.97623253,-3.67972803,-869.613708,7.27039862,-3.78446388,-869.803772,7.74479389,-3.6885438,-869.971313
802,7.72583532,-3.37074614,-874.910583,7.69620132,-3.42109728,-874.795532,7.61182785,-3.08076096,-874.496399,7.53140736,-3.13482547,-874.101318,7.34438848,-3.26047969,-873.741394,7.31538343,-3.51872516,-873.161987,7.50711155,-3.37442994,-872.538757,7.38706493,-3.62520647,-872.067627,6.89646626,-3.64238667,-871.873352,6.98442793,-3.68667865,-871.80127,7.27721024,-3.79216623,-871.990417,7.75217056,-3.69217944,-872.155029
803,7.7250123,-3.3725338,-877.114746,7.69564962,-3.42289925,-876.99292,7.6125288,-3.08482003,-876.690979,7.53587055,-3.14036846,-876.297119,7.35023594,-3.26297426,-875.930237,7.32428312,-3.52056932,-875.350037,7.5179925,-3.37717009,-874.72644,7.39390898,-3.63010573,-874.25824,6.90406179,-3.64907765,-874.063171,6.99263191,-3.69363093,-873.991577,7.28405571,-3.79986334,-874.17981,7.75952005,-3.69581628,-874.341431
804,7.7242012,-3.37430215,-879.321594,7.6950922,-3.42468524,-879.192993,7.61324072,-3.08889031,-878.888245,7.54031515,-3.14589381,-878.495605,7.35609865,-3.26551652,-878.121826,7.33318138,-3.52242184,-877.540833,7.52883434,-3.37994981,-876.916809,7.40070438,-3.63499975,-876.451599,6.9117136,-3.65572309,-876.255737,7.00084496,-3.70058537,-876.184631,7.29093504,-3.80755424,-876.371887,7.76684284,-3.69945455,-876.530579
805,7.7234025,-3.37605143,-881.531128,7.69452858,-3.4264555,-881.395813,7.61396408,-3.09297132,-881.088257,7.54474068,-3.15140033,-880.696838,7.36197662,-3.26810741,-880.316101,7.34207916,-3.52428341,-879.734375,7.53963709,-3.38276935,-879.109924,7.4074502,-3.63988781,-878.647705,6.91942215,-3.66232157,-878.45105,7.00906706,-3.70754218,-878.380432,7.29784822,-3.81523991,-878.566711,7.77413988,-3.70309472,-878.722412
806,7.7226162,-3.37778139,-883.743347,7.69395828,-3.42821002,-883.601318,7.61469746,-3.09706378,-883.290955,7.54914761,-3.15688896,-882.900757,7.36787271,-3.27074718,-882.513062,7.35097647,-3.52615285,-881.930603,7.5503993,-3.38562799,-881.305725,7.41414595,-3.64476991,-880.846558,6.92718744,-3.66887331,-880.64917,7.01729774,-3.71450162,-880.578979,7.30479622,-3.82291913,-880.764282,7.78140974,-3.70673728,-880.916931
807,7.72184277,-3.37949157,-885.958252,7.69338179,-3.42994881,-885.809509,7.61544228,-3.10116625,-885.496338,7.55353546,-3.16235805,-885.107422,7.37378502,-3.27343583,-884.712769,7.35987139,-3.52803302,-884.129578,7.56112194,-3.38852644,-883.504272,7.42079401,-3.64964676,-883.048157,6.93500805,-3.67537975,-882.850037,7.02553749,-3.72146273,-882.780273,7.31177807,-3.83059072,-882.9646,7.78865337,-3.71038222,-883.114197
808,7.72108078,-3.38118172,-888.175842,7.69279957,-3.43167162,-888.020386,7.61619854,-3.10527945,-887.704468,7.55790472,-3.16780996,-887.316833,7.3797164,-3.27617431,-886.915161,7.36876583,-3.52992153,-886.331299,7.57180309,-3.39146423,-885.705566,7.42739296,-3.65451741,-885.252502,6.94288397,-3.68183994,-885.05365,7.03378582,-3.72842669,-884.984314,7.31879425,-3.83825541,-885.167603,7.79587078,-3.71402931,-885.314148
809,7.72033119,-3.38285208,-890.396118,7.69221115,-3.43337846,-890.233948,7.61696529,-3.10940313,-889.915283,7.56225586,-3.17324376,-889.528931,7.38566685,-3.27896261,-889.1203,7.37765884,-3.53181934,-888.535767,7.58244371,-3.39444017,-887.909546,7.43394327,-3.6593821,-887.459595,6.95081472,-3.68825364,-887.26001,7.04204226,-3.73539305,-887.191101,7.32584476,-3.84591293,-887.373352,7.80306196,-3.71767974,-887.516785
810,7.71959352,-3.38450289,-892.61908,7.6916151,-3.4350698,-892.450256,7.61774254,-3.11353755,-892.128784,7.56658983,-3.17865992,-891.743713,7.39163923,-3.28180194,-891.328125,7.38655329,-3.53372359,-890.74292,7.59303999,-3.39745522,-890.116272,7.44044256,-3.66424036,-889.669434,6.95879936,-3.69462037,-889.469116,7.05030775,-3.74236321,-889.400635,7.33293056,-3.85356307,-889.581848,7.81022739,-3.72133327,-889.722168
811,7.71886683,-3.38613296,-894.844727,7.69101238,-3.43674493,-894.66925,7.61852932,-3.11768413,-894.344971,7.57090664,-3.184062,-893.961243,7.39763546,-3.284693,-893.538635,7.39544821,-3.53563285,-892.95282,7.60359287,-3.40050769,-892.325745,7.44689226,-3.66909361,-891.88208,6.96683836,-3.7009418,-891.680969,7.05858183,-3.74933457,-891.612915,7.34005117,-3.86120367,-891.793091,7.81736517,-3.72499108,-891.930237
812,7.71815062,-3.387743,-897.073059,7.69040251,-3.43840361,-896.89093,7.61932755,-3.12184024,-896.563843,7.57520676,-3.18944597,-896.181458,7.40365362,-3.28763509,-895.751892,7.40434217,-3.53755212,-895.165466,7.61410284,-3.40359902,-894.537964,7.45329523,-3.67394066,-894.097473,6.97493076,-3.70721841,-893.89563,7.06686449,-3.75630832,-893.827942,7.34720564,-3.86883497,-894.007019,7.8244772,-3.72865224,-894.141052
813,7.71744633,-3.38933229,-899.304077,7.68978596,-3.44004607,-899.115295,7.62013674,-3.12600708,-898.785461,7.57948923,-3.19481373,-898.404358,7.4096961,-3.29062986,-897.967834,7.41323614,-3.5394783,-897.380859,7.62456751,-3.40672731,-896.752869,7.45964766,-3.67878032,-896.315613,6.9830761,-3.71344805,-896.113037,7.07515574,-3.76328588,-896.045715,7.35439587,-3.87645841,-896.223694,7.831563,-3.73231769,-896.354553
814,7.71675205,-3.39090085,-901.537781,7.68916178,-3.44167233,-901.342346,7.62095594,-3.13018465,-901.009766,7.58375549,-3.20016527,-900.629944,7.41576481,-3.29367661,-900.186523,7.42213058,-3.54141188,-899.598999,7.63498735,-3.40989304,-898.97052,7.46595192,-3.6836133,-898.536499,6.99127293,-3.71963191,-898.333191,7.08345556,-3.77026629,-898.266235,7.3616209,-3.8840723,-898.443115,7.83862257,-3.7359879,-898.57074
815,7.71606779,-3.39244843,-903.774109,7.68852997,-3.44328189,-903.572083,7.62178469,-3.13437414,-903.236755,7.58800554,-3.20550346,-902.858215,7.4218626,-3.29677653,-902.407898,7.43102551,-3.54335022,-901.819885,7.64536142,-3.41309452,-901.190918,7.47220802,-3.68844056,-900.760132,6.9995203,-3.72577214,-900.556091,7.09176302,-3.7772491,-900.489502,7.36888075,-3.89167547,-900.665222,7.84565592,-3.73966265,-900.789673
816,7.71539402,-3.39397478,-906.013123,7.68789101,-3.44487524,-905.804504,7.62262344,-3.13857436,-905.466431,7.59224033,-3.21082687,-905.089172,7.42798901,-3.29992914,-904.631958,7.43992138,-3.54529476,-904.043457,7.65568924,-3.41633224,-903.414062,7.47841549,-3.69326162,-902.986572,7.00781775,-3.73186755,-902.781738,7.10007858,-3.78423524,-902.715454,7.3761754,-3.89926863,-902.890076,7.85266352,-3.74334216,-903.011292
817,7.71472931,-3.39548016,-908.254822,7.68724346,-3.44645214,-908.039673,7.62347126,-3.14278603,-907.698792,7.59646034,-3.21613622,-907.322815,7.43414736,-3.30313563,-906.858765,7.44881916,-3.54724407,-906.269775,7.66596937,-3.41960526,-905.639954,7.48457384,-3.69807649,-905.215759,7.01616478,-3.73791885,-905.010132,7.10840273,-3.79122376,-904.944153,7.38350534,-3.90685081,-905.117676,7.85964441,-3.7470274,-905.235657
818,7.71407413,-3.39696431,-910.499207,7.68658733,-3.44801235,-910.277527,7.62432909,-3.14700794,-909.933838,7.60066605,-3.22143078,-909.559143,7.44033575,-3.30639577,-909.088257,7.45771694,-3.54920053,-908.49884,7.67620325,-3.42291331,-907.868591,7.49068546,-3.7028842,-907.447693,7.02455997,-3.74392629,-907.241333,7.11673594,-3.79821467,-907.175598,7.39087009,-3.91442204,-907.348022,7.86659908,-3.75071883,-907.462708
819,7.71342707,-3.39842653,-912.746277,7.68592262,-3.4495554,-912.518066,7.62519455,-3.15124226,-912.17157,7.6048584,-3.22671485,-911.798096,7.44655991,-3.30971003,-911.320496,7.46661663,-3.5511601,-910.730652,7.68638802,-3.42625475,-910.099976,7.49674892,-3.70768476,-909.682373,7.03300238,-3.74989009,-909.475281,7.12507725,-3.80520916,-909.40979,7.39827013,-3.92198205,-909.581055,7.873528,-3.75441599,-909.692444
820,7.71278811,-3.39986682,-914.996033,7.68524933,-3.45108104,-914.761292,7.62606955,-3.15548778,-914.412048,7.60903645,-3.23198628,-914.039734,7.45281887,-3.31307864,-913.55542,7.47551727,-3.5531249,-912.96521,7.6965251,-3.42962933,-912.334106,7.50276661,-3.71248007,-911.9198,7.04149151,-3.75581193,-911.711975,7.13342524,-3.81220555,-911.646729,7.40570498,-3.92952943,-911.816833,7.8804307,-3.75811911,-911.924927
821,7.7121582,-3.40128541,-917.248474,7.68456697,-3.45258975,-917.007202,7.62695169,-3.15974426,-916.655212,7.61320162,-3.23724627,-916.284058,7.45911598,-3.31650186,-915.793091,7.48442078,-3.55509377,-915.202515,7.70661116,-3.43303752,-914.570984,7.50873661,-3.71726775,-914.160034,7.05002594,-3.76169086,-913.951416,7.14178181,-3.81920528,-913.886414,7.41317511,-3.93706489,-914.055359,7.88730812,-3.7618289,-914.160095
822,7.7115345,-3.40268159,-919.50354,7.68387413,-3.45408154,-919.255798,7.62784004,-3.1640141,-918.901001,7.61735535,-3.24249744,-918.531006,7.46545506,-3.31998014,-918.033447,7.49332666,-3.55706406,-917.442566,7.71664715,-3.43647623,-916.810669,7.5146594,-3.72204924,-916.403015,7.05860472,-3.7675283,-916.193604,7.15014553,-3.82620811,-916.128845,7.42068005,-3.94458795,-916.29657,7.89416027,-3.76554489,-916.39801
823,7.71091843,-3.40405583,-921.761292,7.6831708,-3.45555592,-921.50708,7.62873602,-3.16829515,-921.149536,7.62149811,-3.24773836,-920.780579,7.47183466,-3.32351351,-920.27655,7.50223398,-3.55903864,-919.685364,7.72663212,-3.43994641,-919.053101,7.5205369,-3.72682333,-918.648743,7.06722689,-3.77332377,-918.438599,7.15851641,-3.83321452,-918.374023,7.42821932,-3.95209837,-918.540527,7.90098763,-3.76926732,-918.638611
824,7.71030807,-3.40540791,-924.021729,7.68245697,-3.45701289,-923.761047,7.6296382,-3.17258859,-923.400696,7.62563086,-3.25297093,-923.032837,7.47825813,-3.32710171,-922.522339,7.51114368,-3.56101561,-921.930908,7.73656559,-3.44344664,-921.298279,7.52636862,-3.73159075,-920.897278,7.07589102,-3.77907848,-920.68634,7.16689491,-3.84022379,-920.621948,7.43579388,-3.95959544,-920.787231,7.90778923,-3.77299714,-920.881958
825,7.7097044,-3.40673757,-926.28479,7.6817317,-3.45845199,-926.0177,7.63054657,-3.17689371,-925.654541,7.62975311,-3.25819421,-925.28772,7.48472643,-3.33074522,-924.770874,7.52005625,-3.56299591,-924.179199,7.74644661,-3.4469769,-923.546204,7.53215551,-3.73635149,-923.14856,7.08459663,-3.7847929,-922.936829,7.17528009,-3.84723639,-922.872559,7.44340324,-3.96707892,-923.036621,7.91456604,-3.77673388,-923.127991
826,7.70910501,-3.40804434,-928.550537,7.68099499,-3.45987344,-928.2771,7.63146067,-3.18121219,-927.911072,7.63386726,-3.263412,-927.545227,7.49124289,-3.33444381,-927.022156,7.52897215,-3.56497693,-926.430237,7.75627422,-3.45053482,-925.796936,7.53789759,-3.74110508,-925.402588,7.09334183,-3.79046822,-925.190063,7.18367243,-3.85425138,-925.125916,7.45104742,-3.9745481,-925.288757,7.92131758,-3.78047895,-925.37677
827,7.7085104,-3.40932798,-930.818909,7.68024731,-3.46127653,-930.539124,7.63237906,-3.18554401,-930.170288,7.63797188,-3.26862431,-929.805359,7.49781036,-3.33819795,-929.276123,7.53789139,-3.5669589,-928.684021,7.766047,-3.4541204,-928.050415,7.54359531,-3.74585176,-927.659424,7.10212564,-3.79610515,-927.446106,7.19207191,-3.86126876,-927.382019,7.45872688,-3.9820025,-927.54364,7.92804384,-3.78423238,-927.628235
828,7.7079215,-3.41058874,-933.089966,7.67948675,-3.46266198,-932.803894,7.63330173,-3.189888,-932.43219,7.64207029,-3.27383065,-932.068115,7.50442839,-3.34200716,-931.532837,7.54681396,-3.56894255,-930.940552,7.77576542,-3.45773292,-930.306641,7.54924917,-3.7505908,-929.919006,7.11094618,-3.80170369,-929.704895,7.20047903,-3.86828971,-929.640869,7.46644068,-3.98944259,-929.801208,7.93474531,-3.78799367,-929.882446
829,7.70733595,-3.41182637,-935.363708,7.6787138,-3.4640286,-935.071289,7.63422775,-3.19424629,-934.696777,7.6461606,-3.27903318,-934.333496,7.51110125,-3.34587145,-933.792236,7.55573988,-3.57092667,-933.19989,7.78542948,-3.46137047,-932.565674,7.55486012,-3.75532365,-932.181396,7.11980295,-3.80726504,-931.966431,7.20889235,-3.87531281,-931.902466,7.4741888,-3.99686718,-932.061523,7.94142246,-3.79176378,-932.139343
830,7.70675373,-3.41304088,-937.640076,7.67792749,-3.46537662,-937.341431,7.63515663,-3.19861865,-936.963989,7.65024519,-3.28423238,-936.601501,7.51783133,-3.3497901,-936.054382,7.56467009,-3.57291102,-935.461975,7.79503679,-3.46503282,-934.827515,7.56042767,-3.76004887,-934.446533,7.12869501,-3.8127892,-934.230774,7.21731281,-3.88233876,-934.166809,7.48197174,-4.00427675,-934.324585,7.94807482,-3.79554343,-934.398987
831,7.7061739,-3.41423154,-939.919128,7.67712784,-3.46670556,-939.614258,7.63608789,-3.20300627,-939.233887,7.65432501,-3.28943062,-938.87207,7.52462053,-3.3537631,-938.319275,7.57360411,-3.57489443,-937.726807,7.80458736,-3.46871853,-937.092102,7.56595373,-3.7647686,-936.714417,7.13762045,-3.81827903,-936.497864,7.225739,-3.88936639,-936.433838,7.48978853,-4.01166916,-936.590393,7.95470333,-3.79933143,-936.661316
832,7.70559645,-3.4153986,-942.200806,7.67631435,-3.46801519,-941.889709,7.63701963,-3.20740986,-941.506409,7.65840006,-3.29462838,-941.145264,7.53147316,-3.35779047,-940.586914,7.5825429,-3.5768764,-939.994446,7.81407976,-3.47242618,-939.359497,7.57143784,-3.76948047,-938.985107,7.14657736,-3.82373381,-938.7677,7.23417187,-3.89639735,-938.703613,7.49764013,-4.01904583,-938.858887,7.96130753,-3.80312848,-938.926392
833,7.70501947,-3.41654181,-944.485107,7.67548656,-3.46930504,-944.167847,7.63795424,-3.21182823,-943.781616,7.66247177,-3.29982615,-943.421021,7.5383873,-3.36187148,-942.857239,7.59148645,-3.57885838,-942.264832,7.82351351,-3.47615552,-941.6297,7.57688141,-3.77418518,-941.258545,7.15556526,-3.82915449,-941.040344,7.24261141,-3.90343046,-940.976135,7.50552607,-4.02640581,-941.130127,7.9678874,-3.80693579,-941.194153
834,7.70444441,-3.41766095,-946.772095,7.67464447,-3.47057509,-946.448669,7.63889027,-3.21626115,-946.059509,7.66654015,-3.30502224,-945.699402,7.5453639,-3.3660059,-945.13031,7.60043383,-3.58084178,-944.537964,7.83288956,-3.47990656,-943.902649,7.5822854,-3.77888274,-943.53479,7.16458225,-3.8345418,-943.315735,7.25105667,-3.91046643,-943.251404,7.51344585,-4.0337491,-943.404114,7.97444391,-3.81075239,-943.464661
835,7.70386982,-3.41875625,-949.061707,7.67378664,-3.47182512,-948.732178,7.63982582,-3.22071028,-948.340027,7.67060757,-3.31022072,-947.980347,7.55240822,-3.37019324,-947.406128,7.60938597,-3.58282375,-946.813904,7.84220505,-3.48367739,-946.178406,7.58764935,-3.78357291,-945.813782,7.17362785,-3.83989644,-945.593872,7.25950861,-3.91750383,-945.529419,7.52139997,-4.04107475,-945.680786,7.9809761,-3.81457949,-945.737915
836,7.70329523,-3.4198277,-951.353943,7.67291307,-3.47305441,-951.018372,7.64076138,-3.22517681,-950.62323,7.67467451,-3.31542253,-950.263855,7.55952168,-3.37443209,-949.684692,7.61834335,-3.58480477,-949.09259,7.8514595,-3.48746681,-948.45697,7.59297466,-3.78825521,-948.095581,7.18270016,-3.84521914,-947.874817,7.26796579,-3.92454457,-947.81012,7.52938747,-4.04838324,-947.960205,7.98748541,-3.81841636,-948.013855
837,7.70272112,-3.4208746,-953.648865,7.67202425,-3.47426295,-953.307251,7.6416955,-3.22966099,-952.909058,7.67874002,-3.32062793,-952.549927,7.5667057,-3.37872219,-951.966003,7.62730551,-3.58678508,-951.374084,7.86065245,-3.49127412,-950.738342,7.59826136,-3.79292917,-950.380127,7.19179726,-3.85051036,-950.158508,7.27642965,-3.93158865,-950.093567,7.53740931,-4.05567455,-950.242371,7.99397135,-3.82226396,-950.292542
838,7.70214653,-3.42189693,-955.946411,7.67111921,-3.4754498,-955.598816,7.64262915,-3.23416305,-955.19751,7.68280602,-3.32583809,-954.838562,7.57396269,-3.38306332,-954.250061,7.63627338,-3.58876467,-953.658325,7.86978197,-3.49509859,-953.022522,7.60351086,-3.79759598,-952.66748,7.20091915,-3.85577202,-952.444946,7.28489971,-3.93863368,-952.379761,7.54546452,-4.0629468,-952.527222,8.00043392,-3.82612348,-952.573914
839,7.70157051,-3.42289472,-958.246582,7.67019796,-3.47661471,-957.893066,7.64356136,-3.23868322,-957.488647,7.68687391,-3.33105445,-957.1297,7.58129263,-3.38745403,-956.536865,7.64524651,-3.59074402,-955.945374,7.87884903,-3.49893951,-955.309509,7.60872364,-3.80225539,-954.957642,7.21006393,-3.86100435,-954.734192,7.29337502,-3.94568157,-954.668701,7.5535531,-4.07020044,-954.814819,8.00687408,-3.82999277,-954.858032
840,7.70099401,-3.42386723,-960.549377,7.66926098,-3.47775674,-960.190002,7.64449406,-3.24322104,-959.78241,7.69094276,-3.33627486,-959.423401,7.58869219,-3.39189363,-958.826416,7.65422392,-3.59272599,-958.235229,7.88785458,-3.50279713,-957.599304,7.61390209,-3.80690765,-957.250549,7.21923018,-3.86620855,-957.026184,7.30185652,-3.95273018,-956.960388,7.56167507,-4.07743454,-957.105164,8.01329136,-3.83387399,-957.144836
841,7.70041561,-3.4248147,-962.854797,7.66830826,-3.4788754,-962.489624,7.64542484,-3.24777961,-962.078796,7.695014,-3.34150386,-961.719666,7.59616852,-3.39637995,-961.118774,7.66320658,-3.59470797,-960.527832,7.89679575,-3.50666952,-959.891907,7.61904573,-3.81155157,-959.546204,7.22841692,-3.87138462,-959.320984,7.31034279,-3.95978284,-959.254761,7.56983042,-4.08464956,-959.398193,8.0196867,-3.83776522,-959.434387
842,7.69983578,-3.42573643,-965.162842,7.66734028,-3.47997046,-964.79187,7.6463542,-3.2523582,-964.377808,7.6990881,-3.34674144,-964.018433,7.60372162,-3.40091372,-963.413818,7.67219496,-3.59669042,-962.823242,7.9056716,-3.51055551,-962.187317,7.624156,-3.81618857,-961.844666,7.23762226,-3.87653494,-961.61853,7.3188343,-3.9668355,-961.55188,7.57801867,-4.09184456,-961.69397,8.02605915,-3.84166908,-961.726685
843,7.69925404,-3.42663264,-967.473511,7.66635656,-3.48104072,-967.096802,7.6472826,-3.25695658,-966.679443,7.70316648,-3.35198784,-966.319763,7.61134911,-3.40549278,-965.71167,7.68118811,-3.59867573,-965.12146,7.91448259,-3.5144558,-964.485535,7.62923336,-3.8208158,-964.145935,7.24684572,-3.88165784,-963.918823,7.32733154,-3.9738915,-963.851746,7.58623981,-4.09902,-963.992493,8.03241062,-3.84558511,-964.021667
844,7.69866991,-3.42750335,-969.786804,7.66535664,-3.4820857,-969.404419,7.64821148,-3.26157451,-968.983765,7.70724964,-3.35724354,-968.623596,7.6190505,-3.41011643,-968.012268,7.69018555,-3.60066462,-967.422485,7.92322826,-3.51836967,-966.786621,7.63427925,-3.82543564,-966.449951,7.25608635,-3.88675618,-966.221924,7.33583355,-3.98094845,-966.154358,7.59449387,-4.10617447,-966.293701,8.03874016,-3.84951282,-966.319397
845,7.69808483,-3.4283483,-972.102722,7.66434145,-3.48310423,-971.714661,7.64914036,-3.26621318,-971.29071,7.71133757,-3.36250901,-970.929993,7.62682676,-3.41478324,-970.315613,7.69918823,-3.60265779,-969.726257,7.93190813,-3.52229691,-969.090515,7.63929558,-3.83004761,-968.756775,7.26534224,-3.89183044,-968.527771,7.34434032,-3.98800683,-968.459656,7.60277987,-4.11330795,-968.597656,8.04504871,-3.85345244,-968.619812
846,7.69749689,-3.42916727,-974.421265,7.66331053,-3.48409653,-974.027588,7.65006733,-3.27087617,-973.60022,7.71543169,-3.36778784,-973.238892,7.6346817,-3.41949081,-972.621765,7.70819569,-3.6046536,-972.032837,7.94052076,-3.5262351,-971.397217,7.64428091,-3.83465028,-971.066345,7.2746129,-3.89687991,-970.836426,7.35285282,-3.99506688,-970.7677,7.61109829,-4.12042093,-970.904358,8.05133533,-3.85740542,-970.922974
847,7.69690657,-3.42995954,-976.742432,7.66226482,-3.48506117,-976.343201,7.65099669,-3.27555895,-975.912415,7.71953249,-3.37307763,-975.550354,7.64260674,-3.42423964,-974.930664,7.71720695,-3.60665655,-974.342224,7.94906807,-3.53018618,-973.706726,7.64923906,-3.83924603,-973.378723,7.28389692,-3.90190697,-973.147827,7.36137009,-4.00212765,-973.078491,7.61944914,-4.12751198,-973.213745,8.05760098,-3.86137056,-973.228882
848,7.69631433,-3.43072486,-979.066223,7.66120481,-3.48599744,-978.661438,7.65192652,-3.28026628,-978.227234,7.72363949,-3.37838125,-977.864319,7.65060806,-3.4290266,-977.242371,7.72622395,-3.60866451,-976.654419,7.95754766,-3.53414774,-976.019104,7.65416956,-3.84383297,-975.693848,7.29319286,-3.90691185,-975.462036,7.3698926,-4.00918961,-975.391968,7.62783194,-4.13458109,-975.525879,8.06384659,-3.86534905,-975.537476
849,7.6957202,-3.43146348,-981.392578,7.6601305,-3.48690462,-980.982361,7.6528573,-3.28499722,-980.544617,7.72775507,-3.38369966,-980.180786,7.65868378,-3.433851,-979.556824,7.73524523,-3.61067915,-978.969421,7.96595955,-3.53811979,-978.33429,7.65907335,-3.84841084,-978.01178,7.30249929,-3.91189504,-977.778992,7.37841988,-4.01625347,-977.708191,7.63624668,-4.14162827,-977.840759,8.07007217,-3.86934018,-977.848816
850,7.6951232,-3.43217516,-983.721558,7.65904188,-3.48778105,-983.305969,7.65379238,-3.28974915,-982.864685,7.73188019,-3.3890326,-982.499756,7.66682911,-3.43871284,-981.874084,7.74427032,-3.61270332,-981.287231,7.97430372,-3.54210329,-980.652283,7.66395283,-3.85298014,-980.33252,7.31181574,-3.91685772,-980.098755,7.3869524,-4.02331781,-980.027161,7.6446929,-4.14865255,-980.158325,8.07627678,-3.87334466,-980.162903
851,7.69452477,-3.43285894,-986.053162,7.65794134,-3.488626,-985.632202,7.65473032,-3.29452562,-985.187317,7.73601341,-3.39438128,-984.821228,7.67504358,-3.44360876,-984.194153,7.75329924,-3.61473656,-983.607849,7.98258162,-3.5460968,-982.973083,7.66880751,-3.85754156,-982.656006,7.32114172,-3.92179966,-982.421265,7.39548969,-4.03038359,-982.348877,7.65317059,-4.15565395,-982.478638,8.08246231,-3.87736249,-982.479675
852,7.69392443,-3.43351507,-988.387329,7.6568284,-3.4894383,-987.961121,7.65567398,-3.29932547,-987.512573,7.74015665,-3.39974618,-987.145203,7.68332434,-3.4485383,-986.517029,7.76233196,-3.616781,-985.931335,7.99079275,-3.55010152,-985.296753,7.67364025,-3.86209559,-984.982239,7.33047581,-3.92672253,-984.746582,7.4040308,-4.03744936,-984.673279,7.66167927,-4.16263151,-984.801697,8.08862782,-3.88139367,-984.799194
853,7.69332266,-3.43414259,-990.724121,7.6557045,-3.49021649,-990.292664,7.65662479,-3.30414748,-989.840515,7.74431133,-3.405128,-989.47168,7.69166756,-3.45350027,-988.842651,7.77136755,-3.61883831,-988.257568,7.99893665,-3.5541172,-987.62323,7.67845154,-3.86664128,-987.311279,7.33981705,-3.9316268,-987.074646,7.41257668,-4.04451466,-987.000427,7.67021894,-4.16958523,-987.127441,8.09477425,-3.88543916,-987.12146
854,7.69271946,-3.43474197,-993.063477,7.6545701,-3.49095988,-992.626892,7.65758181,-3.30899453,-992.171021,7.74847651,-3.41052866,-991.800659,7.7000742,-3.45849204,-991.171082,7.78040648,-3.6209085,-990.58667,8.00701332,-3.55814314,-989.952515,7.6832428,-3.8711791,-989.643066,7.34916449,-3.93651366,-989.405518,7.42112684,-4.051579,-989.330322,7.67878962,-4.17651415,-989.455933,8.1009016,-3.88949847,-989.446411
855,7.69211578,-3.43531203,-995.405396,7.65342569,-3.49166703,-994.963745,7.65854836,-3.31386328,-994.50415,7.75265503,-3.41594791,-994.132141,7.70853853,-3.46351409,-993.502319,7.78944778,-3.62299371,-992.918518,8.01502323,-3.56217957,-992.284668,7.68801451,-3.87571049,-991.977661,7.35851812,-3.94138265,-991.739136,7.4296813,-4.05864334,-991.662903,7.68739033,-4.18341827,-991.78717,8.10701084,-3.89357162,-991.774109
856,7.69151258,-3.43585229,-997.749939,7.6522727,-3.49233675,-997.303284,7.65952492,-3.31875372,-996.839905,7.75684643,-3.42138624,-996.466187,7.7170558,-3.46856546,-995.836365,7.79849052,-3.62509584,-995.253174,8.02296829,-3.56622744,-994.619629,7.69276905,-3.88023329,-994.315002,7.36787605,-3.94623494,-994.075562,7.43824053,-4.06570625,-993.99823,7.69602156,-4.1902976,-994.121094,8.11310101,-3.89765954,-994.104553
857,7.69090843,-3.4363625,-1000.09705,7.65111256,-3.49296808,-999.645447,7.66051292,-3.32366753,-999.178345,7.7610507,-3.42684555,-998.802734,7.72562647,-3.47364426,-998.173218,7.80753517,-3.62721515,-997.590698,8.0308466,-3.57028556,-996.957397,7.69750738,-3.8847487,-996.655151,7.37723732,-3.95107126,-996.414734,7.44680405,-4.07276917,-996.336304,7.70468283,-4.19715118,-996.457764,8.11917305,-3.90176129,-996.437683
858,7.69030476,-3.43684244,-1002.44678,7.64994621,-3.4935596,-1001.9903,7.66151333,-3.32860422,-1001.51935,7.7652688,-3.43232608,-1001.14178,7.73424578,-3.4787488,-1000.51288,7.81658125,-3.62935305,-999.93103,8.03866005,-3.57435465,-999.297974,7.70223045,-3.88925719,-998.998047,7.38660192,-3.95589256,-998.756714,7.45537138,-4.07982922,-998.677063,7.71337366,-4.20397854,-998.797119,8.12522697,-3.90587807,-998.77356
859,7.68970156,-3.43729186,-1004.79907,7.64877415,-3.49410963,-1004.33777,7.66252851,-3.33356237,-1003.86304,7.76950264,-3.43782878,-1003.4834,7.74290943,-3.48387837,-1002.85535,7.82562828,-3.63151073,-1002.27417,8.04640961,-3.57843494,-1001.64142,7.70693874,-3.89375949,-1001.34369,7.39596939,-3.96069884,-1001.10144,7.463943,-4.08688736,-1001.02057,7.72209358,-4.21077967,-1001.13922,8.13126373,-3.91000962,-1001.11218
860,7.68909931,-3.43770957,-1007.15393,7.64759684,-3.4946177,-1006.68793,7.66355991,-3.33853865,-1006.20935,7.7737546,-3.44335341,-1005.82751,7.75161028,-3.48903441,-1005.20062,7.83467484,-3.6336906,-1004.62006,8.05409718,-3.58252716,-1003.98767,7.71163464,-3.89825487,-1003.69208,7.40533781,-3.96549034,-1003.44891,7.47251892,-4.09394503,-1003.36682,7.73084307,-4.21755362,-1003.48407,8.13728333,-3.91415548,-1003.45349
861,7.6884985,-3.43809581,-1009.51135,7.64641762,-3.49508214,-1009.04071,7.664608,-3.34353757,-1008.55829,7.77802181,-3.44890332,-1008.17419,7.7603507,-3.49421287,-1007.54871,7.84372139,-3.63589239,-1006.96881,8.06171894,-3.58663058,-1006.33673,7.71632004,-3.90274549,-1006.04327,7.41470766,-3.97026992,-1005.79919,7.48109818,-4.10099745,-1005.71576,7.73962116,-4.22429943,-1005.8316,8.14328575,-3.91831636,-1005.79755
862,7.68789959,-3.43845034,-1011.87134,7.64523554,-3.495502,-1011.39612,7.66567516,-3.34855723,-1010.90985,7.78230762,-3.45447826,-1010.52338,7.76912498,-3.49941349,-1009.8996,7.85276699,-3.63811755,-1009.32037,8.06927681,-3.59074569,-1008.6886,7.72099495,-3.9072299,-1008.39722,7.42407751,-3.97503662,-1008.15222,7.48968172,-4.10804749,-1008.06744,7.74842787,-4.23101711,-1008.18188,8.14927197,-3.92249203,-1008.14435
863,7.68730307,-3.4387722,-1014.23389,7.64405203,-3.49587607,-1013.75421,7.66676188,-3.35359645,-1013.26404,7.78661299,-3.46007872,-1012.87512,7.77792978,-3.50463653,-1012.2533,7.86181164,-3.64036679,-1011.67468,8.07677269,-3.59487247,-1011.04333,7.72566032,-3.91170955,-1010.75391,7.43344736,-3.9797914,-1010.50806,7.4982686,-4.11509275,-1010.42181,7.75726318,-4.23770666,-1010.53491,8.15524197,-3.92668343,-1010.4939
864,7.68670845,-3.4390614,-1016.599,7.642869,-3.49620295,-1016.11493,7.66786957,-3.35865402,-1015.62091,7.7909379,-3.46570563,-1015.22943,7.78675842,-3.50988126,-1014.6098,7.87085342,-3.64264202,-1014.0318,8.08420753,-3.59901214,-1013.40082,7.73031902,-3.91618347,-1013.1134,7.44281626,-3.98453474,-1012.86664,7.50685978,-4.12213373,-1012.77893,7.76612616,-4.24436712,-1012.89062,8.16119576,-3.93089008,-1012.84613
865,7.6861167,-3.43931699,-1018.96674,7.64168739,-3.49648166,-1018.47827,7.66899967,-3.36372972,-1017.98041,7.79528332,-3.47136045,-1017.58624,7.79560852,-3.51514649,-1016.96912,7.87989378,-3.64494348,-1016.39178,8.0915823,-3.60316372,-1015.76117,7.73496962,-3.9206531,-1015.47565,7.45218325,-3.98926735,-1015.22803,7.51545429,-4.12917089,-1015.13879,7.77501726,-4.2509985,-1015.24908,8.16713428,-3.93511176,-1015.20111
866,7.68552637,-3.43953943,-1021.33698,7.64050817,-3.49671125,-1020.8443,7.67015457,-3.36882186,-1020.34253,7.79965115,-3.47704411,-1019.94562,7.80447578,-3.52043223,-1019.33124,7.88893032,-3.64727235,-1018.75452,8.09889793,-3.60732818,-1018.12433,7.73961544,-3.92511725,-1017.84064,7.46154737,-3.99398899,-1017.59222,7.5240531,-4.13620329,-1017.50134,7.78393555,-4.25760078,-1017.61023,8.17305756,-3.93934989,-1017.55884
867,7.68493891,-3.43972826,-1023.70978,7.63933182,-3.49688983,-1023.21295,7.67133522,-3.37392974,-1022.70734,7.80404186,-3.48275757,-1022.30762,7.81335592,-3.525738,-1021.69623,7.89796305,-3.64962912,-1021.12006,8.10615444,-3.61150599,-1020.49023,7.7442565,-3.92957854,-1020.20837,7.47090912,-3.99870133,-1019.95917,7.53265524,-4.14322948,-1019.86664,7.79288149,-4.26417255,-1019.97412,8.17896557,-3.94360352,-1019.91931
868,7.68435478,-3.43988276,-1026.08508,7.63815975,-3.49701691,-1025.58423,7.67254257,-3.37905312,-1025.07483,7.80845642,-3.48850179,-1024.67212,7.82224751,-3.53106356,-1024.06396,7.90699196,-3.65201449,-1023.4884,8.11335182,-3.61569571,-1022.85901,7.74889326,-3.93403482,-1022.57886,7.48026657,-4.00340366,-1022.32886,7.5412612,-4.15025282,-1022.23462,7.80185413,-4.27071381,-1022.34076,8.18486023,-3.94787264,-1022.28247
869,7.68377399,-3.44000268,-1028.46301,7.63699484,-3.49709129,-1027.95813,7.67377806,-3.38419151,-1027.44495,7.8128953,-3.49427867,-1027.03931,7.83114576,-3.53640771,-1026.43457,7.9160161,-3.65442896,-1025.85962,8.12049198,-3.61989903,-1025.23059,7.75352764,-3.93848944,-1024.95203,7.48962021,-4.0080986,-1024.70129,7.54987144,-4.15726662,-1024.60535,7.810853,-4.27722406,-1024.71008,8.19073963,-3.95215821,-1024.64844
870,7.68319654,-3.44008827,-1030.84351,7.63583422,-3.49711275,-1030.33472,7.67504168,-3.38933969,-1029.81775,7.81736279,-3.50008655,-1029.40906,7.84004498,-3.54177332,-1028.80798,7.92503405,-3.65687394,-1028.23352,8.12757587,-3.6241169,-1027.60498,7.75816107,-3.94294262,-1027.328,7.49897003,-4.01278591,-1027.07654,7.55848551,-4.1642704,-1026.97876,7.81987762,-4.28370285,-1027.08215,8.19660473,-3.95646095,-1027.01709
871,7.68262291,-3.44013834,-1033.22656,7.63468075,-3.49708009,-1032.71399,7.67633581,-3.39450169,-1032.19324,7.82185745,-3.50592756,-1031.78137,7.84894466,-3.547158,-1031.1842,7.93404579,-3.65934968,-1030.61023,8.13460255,-3.62834811,-1029.98218,7.76279402,-3.94739366,-1029.70679,7.50831461,-4.01746607,-1029.45459,7.56710339,-4.17126656,-1029.35486,7.82892847,-4.29014921,-1029.45691,8.20245647,-3.96077967,-1029.38843
872,7.68205166,-3.44015408,-1035.61206,7.63353729,-3.49699235,-1035.09583,7.67766142,-3.39967537,-1034.57129,7.8263793,-3.51180387,-1034.15625,7.85784101,-3.55256033,-1033.56323,7.94305038,-3.66185617,-1032.98975,8.14157391,-3.63259196,-1032.36218,7.76742792,-3.95183873,-1032.08826,7.51765108,-4.02213764,-1031.83545,7.57572508,-4.17826223,-1031.73376,7.83800554,-4.2965641,-1031.83447,8.20829582,-3.96511292,-1031.76257
873,7.68148422,-3.44013453,-1038.00012,7.63240242,-3.49684834,-1037.48035,7.67901897,-3.40485716,-1036.95203,7.83093262,-3.51771545,-1036.53381,7.86673117,-3.55798388,-1035.94507,7.95204639,-3.66439438,-1035.37207,8.148489,-3.63685155,-1034.74487,7.77206326,-3.95628548,-1034.47253,7.52698231,-4.0268054,-1034.21899,7.58435106,-4.18524313,-1034.11536,7.84710836,-4.30294514,-1034.21472,8.21412182,-3.96946335,-1034.1394
874,7.68091917,-3.44007945,-1040.39075,7.63127947,-3.4966476,-1039.86743,7.68041039,-3.41004777,-1039.33545,7.83551502,-3.52366328,-1038.91394,7.87561035,-3.56342602,-1038.32971,7.96103668,-3.66696334,-1037.7572,8.15534973,-3.64112496,-1037.13037,7.77669954,-3.96073222,-1036.8595,7.53630638,-4.03146839,-1036.60535,7.59298086,-4.19221592,-1036.49963,7.85623693,-4.30929279,-1036.59766,8.21993446,-3.97382951,-1036.51904
875,7.68035603,-3.43999052,-1042.78394,7.63016891,-3.49638987,-1042.2572,7.68183661,-3.4152472,-1041.72156,7.84012985,-3.52964854,-1041.29675,7.88447857,-3.56888556,-1040.71716,7.97001791,-3.66956472,-1040.14514,8.1621542,-3.64541316,-1039.51868,7.78133774,-3.96517944,-1039.24927,7.54562378,-4.03612661,-1038.99451,7.60161543,-4.19917631,-1038.8866,7.86538887,-4.31560707,-1038.98328,8.22573566,-3.97821307,-1038.90137
876,7.6797967,-3.43986726,-1045.17957,7.62906981,-3.49607396,-1044.64954,7.68329906,-3.42045212,-1044.11047,7.84477711,-3.53567123,-1043.68213,7.89333248,-3.5743649,-1043.10742,7.97898912,-3.67219877,-1042.53577,8.16890526,-3.64971447,-1041.90979,7.78598118,-3.9696207,-1041.64172,7.55493069,-4.04077816,-1041.38635,7.61025333,-4.20613432,-1041.27637,7.87456656,-4.32188845,-1041.3717,8.23152542,-3.98261285,-1041.28638
877,7.67924023,-3.43970823,-1047.57776,7.62798548,-3.49570012,-1047.04456,7.68479633,-3.42566586,-1046.50195,7.84945774,-3.54173255,-1046.07019,7.9021678,-3.57986164,-1045.50049,7.98795033,-3.67486453,-1044.9292,8.17560291,-3.65403128,-1044.30371,7.79062939,-3.97406459,-1044.03687,7.56422997,-4.0454278,-1043.78101,7.61889553,-4.21307755,-1043.66882,7.88376856,-4.32813454,-1043.76282,8.23730278,-3.98702955,-1043.67419
878,7.6786871,-3.43951511,-1049.97839,7.62691498,-3.49526763,-1049.44214,7.68632984,-3.43088174,-1048.89624,7.85417271,-3.54783297,-1048.46094,7.91098261,-3.58537912,-1047.89636,7.99690104,-3.67756319,-1047.32544,8.18224812,-3.65836358,-1046.70044,7.79528189,-3.97851086,-1046.43481,7.57352114,-4.0500741,-1046.17847,7.6275425,-4.2200079,-1046.06396,7.89299345,-4.33434582,-1046.15662,8.24306965,-3.99146318,-1046.0647
879,7.67813635,-3.43928719,-1052.38159,7.62585783,-3.49477768,-1051.84241,7.68789959,-3.43610001,-1051.29321,7.85892534,-3.55397224,-1050.85437,7.91977167,-3.59091687,-1050.29504,8.00584221,-3.68029284,-1049.72449,8.18884373,-3.66271091,-1049.09998,7.79993963,-3.98296094,-1048.83545,7.58280182,-4.05471897,-1048.57861,7.63619328,-4.2269268,-1048.46179,7.90224314,-4.34052086,-1048.55322,8.24882603,-3.99591255,-1048.45801
880,7.67759037,-3.43902445,-1054.78735,7.62481976,-3.49422812,-1054.24524,7.68950796,-3.44132519,-1053.69287,7.86371183,-3.56015182,-1053.25037,7.92853546,-3.59647107,-1052.69653,8.0147686,-3.68305755,-1052.12622,8.19538498,-3.66707373,-1051.50232,7.80460691,-3.98740959,-1051.23889,7.59207249,-4.05936241,-1050.98157,7.6448493,-4.23383331,-1050.86243,7.91151571,-4.34666014,-1050.95251,8.25457287,-4.00037909,-1050.854
881,7.67704535,-3.43872738,-1057.19556,7.62379885,-3.49361992,-1056.65076,7.69115448,-3.44655132,-1056.09521,7.86853647,-3.56637239,-1055.64917,7.93726921,-3.60204554,-1055.10083,8.02368355,-3.68585348,-1054.53076,8.20187759,-3.67145228,-1053.90735,7.80928087,-3.99186182,-1053.64502,7.60133314,-4.0640049,-1053.38733,7.65350962,-4.24072456,-1053.26575,7.92081165,-4.35276318,-1053.35449,8.26030922,-4.00486326,-1053.25281
882,7.67650318,-3.43839788,-1059.60632,7.62279606,-3.49295306,-1059.05884,7.69283962,-3.45177603,-1058.50024,7.87339735,-3.57263374,-1058.05054,7.94597483,-3.60764027,-1057.50793,8.03258705,-3.68868208,-1056.93811,8.20831776,-3.6758461,-1056.31519,7.81396103,-3.99631906,-1056.05396,7.61058331,-4.06864738,-1055.79578,7.6621747,-4.24760199,-1055.67175,7.93013,-4.35882902,-1055.75916,8.26603699,-4.00936317,-1055.6543
883,7.67596436,-3.43803477,-1062.01953,7.62181139,-3.49222732,-1061.4696,7.69456291,-3.45700169,-1060.90796,7.87829828,-3.57893515,-1060.45471,7.95464611,-3.61325455,-1059.91785,8.04147816,-3.69154215,-1059.34827,8.21471024,-3.68025565,-1058.72583,7.81864977,-4.00078106,-1058.46558,7.61982107,-4.07329035,-1058.20703,7.67084599,-4.25446081,-1058.08044,7.93946934,-4.3648591,-1058.16663,8.27175522,-4.01388216,-1058.05847
884,7.67542887,-3.43763971,-1064.4353,7.62084627,-3.49144268,-1063.88293,7.69632769,-3.46222663,-1063.31836,7.88323784,-3.5852778,-1062.86157,7.96328497,-3.6188879,-1062.33057,8.050354,-3.69443583,-1061.76111,8.22105217,-3.68467927,-1061.13928,7.82334948,-4.00524235,-1060.87988,7.62904501,-4.07793283,-1060.62109,7.67952156,-4.26130962,-1060.49194,7.94883108,-4.37085247,-1060.57678,8.27746487,-4.01841784,-1060.46545
885,7.67489433,-3.43721342,-1066.85352,7.61990166,-3.49060059,-1066.29895,7.69813204,-3.46744633,-1065.73157,7.8882184,-3.59166098,-1065.27112,7.97188663,-3.62454319,-1064.74609,8.05921364,-3.69736314,-1064.17676,8.22734356,-3.68912053,-1063.55554,7.82806063,-4.00970888,-1063.297,7.63825703,-4.08257818,-1063.03796,7.6882019,-4.26814079,-1062.90613,7.95821571,-4.37680674,-1062.98962,8.28316689,-4.02296972,-1062.87512
886,7.67436171,-3.43675661,-1069.27417,7.6189785,-3.48970103,-1068.71753,7.69997692,-3.47266316,-1068.14746,7.89323902,-3.59808517,-1067.68335,7.98045111,-3.63021827,-1067.16443,8.06805801,-3.70032191,-1066.59521,8.23358631,-3.69357729,-1065.97449,7.83278084,-4.01417923,-1065.71692,7.64745712,-4.08722401,-1065.45752,7.69688845,-4.27495718,-1065.323,7.96762085,-4.38272333,-1065.40527,8.28886223,-4.02753878,-1065.2876
887,7.67383337,-3.43627143,-1071.69739,7.61808109,-3.48874307,-1071.13867,7.70186472,-3.47787738,-1070.56604,7.89829588,-3.60455108,-1070.09839,7.98897696,-3.63591099,-1069.58557,8.07688713,-3.70331359,-1069.01636,8.23977852,-3.69805026,-1068.39624,7.83751059,-4.01865625,-1068.13953,7.65664387,-4.09187412,-1067.87988,7.70558071,-4.28175449,-1067.74255,7.97704792,-4.38860035,-1067.82361,8.29454994,-4.03212452,-1067.70276
888,7.67330551,-3.43575549,-1074.12305,7.61720228,-3.48772979,-1073.5625,7.7037921,-3.48308182,-1072.98743,7.90339851,-3.61105657,-1072.51611,7.99746323,-3.64162827,-1072.00952,8.08570194,-3.70633626,-1071.44031,8.245924,-3.70253897,-1070.8208,7.84225178,-4.02313852,-1070.56482,7.66581488,-4.09652805,-1070.30493,7.7142787,-4.28853512,-1070.16479,7.98649549,-4.39443874,-1070.24463,8.30023003,-4.03672791,-1070.12073
889,7.67278099,-3.43521309,-1076.55115,7.6163516,-3.48666024,-1075.98889,7.70576286,-3.48828268,-1075.4115,7.90853882,-3.61760259,-1074.93652,8.00590706,-3.64736295,-1074.43628,8.09449959,-3.70939136,-1073.86707,8.25201893,-3.70704341,-1073.24817,7.84700489,-4.02762556,-1072.99292,7.67497158,-4.10118532,-1072.73279,7.72298384,-4.29529428,-1072.58972,7.99596357,-4.40023947,-1072.66833,8.30590343,-4.04135036,-1072.54138
890,7.6722579,-3.43464351,-1078.98169,7.61552572,-3.48553562,-1078.41785,7.70777464,-3.49347639,-1077.83826,7.91372156,-3.62418866,-1077.35974,8.01430607,-3.65311885,-1076.86584,8.10328007,-3.71247673,-1076.29651,8.25806808,-3.71156383,-1075.67834,7.8517704,-4.0321188,-1075.42371,7.68411303,-4.10584641,-1075.16345,7.73169613,-4.30203629,-1075.01746,8.0054512,-4.40600061,-1075.09485,8.31157112,-4.04598951,-1074.96472
891,7.67173767,-3.43404865,-1081.41479,7.61472416,-3.4843576,-1080.84937,7.70982838,-3.49866128,-1080.26782,7.91894627,-3.63081264,-1079.78577,8.02265739,-3.65889597,-1079.29822,8.11204338,-3.71559262,-1078.72876,8.26407242,-3.71610069,-1078.11121,7.85654831,-4.03661871,-1077.8573,7.69323921,-4.11051321,-1077.5968,7.74041462,-4.30875921,-1077.44788,8.01495934,-4.41172171,-1077.52405,8.31723309,-4.05064583,-1077.39087
892,7.67122126,-3.43342829,-1083.85034,7.61394835,-3.48312688,-1083.28357,7.71192503,-3.50383759,-1082.70007,7.92421103,-3.63747406,-1082.21448,8.03096581,-3.66469383,-1081.7334,8.12078857,-3.71874094,-1081.16382,8.27002811,-3.72065306,-1080.54688,7.86134005,-4.04112339,-1080.29358,7.70234919,-4.11518478,-1080.03296,7.74913979,-4.31546259,-1079.88098,8.02448654,-4.41740417,-1079.95593,8.32288933,-4.05532074,-1079.8197
893,7.6707077,-3.43278599,-1086.28833,7.61320162,-3.48184443,-1085.72034,7.71406364,-3.50900412,-1085.13501,7.92951536,-3.64417338,-1084.646,8.03922939,-3.67051172,-1084.17126,8.12951565,-3.72192001,-1083.60156,8.27593517,-3.72522211,-1082.98535,7.8661437,-4.04563618,-1082.73254,7.7114439,-4.11986256,-1082.47192,7.75787258,-4.32214499,-1082.31677,8.03403378,-4.42304516,-1082.3905,8.32854176,-4.06001234,-1082.25134
894,7.67019749,-3.43212318,-1088.72876,7.61248255,-3.48051214,-1088.15967,7.71624565,-3.51415777,-1087.57275,7.93486023,-3.65090799,-1087.08032,8.04744434,-3.67635107,-1086.61194,8.13822174,-3.72513056,-1086.04211,8.2817955,-3.72980833,-1085.42664,7.87096262,-4.05015516,-1085.17432,7.72052145,-4.124547,-1084.91357,7.76661301,-4.32880592,-1084.75525,8.04360008,-4.42864561,-1084.82788,8.33418941,-4.06472158,-1084.68567
895,7.66969109,-3.43143964,-1091.17163,7.61179447,-3.47913098,-1090.60156,7.71847153,-3.51930237,-1090.01318,7.94024324,-3.65767694,-1089.51746,8.0556097,-3.68220973,-1089.05542,8.14690685,-3.72837305,-1088.48547,8.2876091,-3.73441124,-1087.87061,7.87579679,-4.05468082,-1087.61877,7.72958231,-4.12923908,-1087.35803,7.77536154,-4.33544588,-1087.19641,8.05318546,-4.43420458,-1087.26794,8.33983326,-4.06944799,-1087.1228
896,7.66918802,-3.43073821,-1093.61694,7.61113405,-3.47770381,-1093.04602,7.72073984,-3.52443314,-1092.45642,7.94566822,-3.66447735,-1091.9574,8.06372452,-3.68808961,-1091.50171,8.1555748,-3.73164463,-1090.93152,8.29337788,-3.73903012,-1090.31738,7.88064432,-4.05921459,-1090.06604,7.73862505,-4.13393736,-1089.80518,7.78411913,-4.34206152,-1089.64038,8.06278801,-4.43972445,-1089.71069,8.34547234,-4.07419443,-1089.56262
897,7.66868925,-3.4300189,-1096.0647,7.61050129,-3.47623205,-1095.49304,7.72305155,-3.52954984,-1094.90234,7.9511323,-3.67131019,-1094.40015,8.07178879,-3.69399095,-1093.95081,8.16422367,-3.73494482,-1093.38037,8.29910183,-3.74366617,-1092.76697,7.88550472,-4.06375837,-1092.51599,7.74765062,-4.13864565,-1092.25513,7.79288483,-4.34865427,-1092.08704,8.07240963,-4.4452014,-1092.15613,8.3511095,-4.07895708,-1092.00525
898,7.66819477,-3.429286,-1098.51489,7.60990191,-3.47471857,-1097.94263,7.72540903,-3.53465462,-1097.35095,7.95663214,-3.67816949,-1096.8457,8.07980442,-3.6999104,-1096.40271,8.17285061,-3.73827839,-1095.83203,8.30477715,-3.7483182,-1095.21924,7.89038277,-4.06830788,-1094.96863,7.75665712,-4.14336157,-1094.70789,7.80165911,-4.35522366,-1094.53638,8.08204842,-4.45063782,-1094.60437,8.35674381,-4.08373833,-1094.45056
899,7.66770554,-3.42853975,-1100.96753,7.60933113,-3.47316432,-1100.39478,7.72780752,-3.5397408,-1099.80237,7.9621706,-3.68505788,-1099.29407,8.08777142,-3.70585251,-1098.85742,8.18145561,-3.74164152,-1098.28638,8.31040668,-3.75298834,-1097.67432,7.89527416,-4.07286692,-1097.42407,7.76564741,-4.14808559,-1097.16333,7.81044436,-4.36176729,-1096.9884,8.09170437,-4.45603228,-1097.0553,8.36237621,-4.08853817,-1096.89868
